-- Generated SQL inserts for DOCKET_REVIEW database
-- NOTE: Populates tables `client`, `department`, and `users`.

INSERT INTO `users` (`uuid`, `first_name`, `last_name`, `full_name`, `email`, `address`, `contact`, `inactive`, `tenant_id`, `created_on`, `modified_on`) VALUES ('bf255bcc-e2db-4d47-8e3e-5b8b7b4f105d', 'Admin', 'Tekip', 'Admin Tekip', 'admin.tekip@example.com', NULL, NULL, 0, 'df234305-8a47-4b4d-8efb-716a6b695428', '2025-07-01 22:15:07', '2025-07-01 22:15:07');
INSERT INTO `users` (`uuid`, `first_name`, `last_name`, `full_name`, `email`, `address`, `contact`, `inactive`, `tenant_id`, `created_on`, `modified_on`) VALUES ('0bbd8d91-6c8f-40d9-a38d-4b5cb787f553', 'Henry', 'Anderson', 'Henry Anderson', 'henry.anderson@example.com', NULL, NULL, 0, 'df234305-8a47-4b4d-8efb-716a6b695428', '2025-07-01 22:15:07', '2025-07-01 22:15:07');
INSERT INTO `users` (`uuid`, `first_name`, `last_name`, `full_name`, `email`, `address`, `contact`, `inactive`, `tenant_id`, `created_on`, `modified_on`) VALUES ('ea9532aa-9280-4e72-87f6-5e6b072cb985', 'David', 'Richardson', 'David Richardson', 'david.richardson@example.com', NULL, NULL, 0, 'df234305-8a47-4b4d-8efb-716a6b695428', '2025-07-01 22:15:07', '2025-07-01 22:15:07');
INSERT INTO `users` (`uuid`, `first_name`, `last_name`, `full_name`, `email`, `address`, `contact`, `inactive`, `tenant_id`, `created_on`, `modified_on`) VALUES ('dee674a3-ef7a-4f4b-acdc-c7f8afb8216e', 'Mr.', 'Joseph Matthews MD', 'Mr. Joseph Matthews MD', 'mr..josephmatthewsmd@example.com', NULL, NULL, 0, 'df234305-8a47-4b4d-8efb-716a6b695428', '2025-07-01 22:15:07', '2025-07-01 22:15:07');
INSERT INTO `users` (`uuid`, `first_name`, `last_name`, `full_name`, `email`, `address`, `contact`, `inactive`, `tenant_id`, `created_on`, `modified_on`) VALUES ('bd967375-ee28-4e81-9bee-25a1a2db09de', 'Joshua', 'Richardson', 'Joshua Richardson', 'joshua.richardson@example.com', NULL, NULL, 0, 'df234305-8a47-4b4d-8efb-716a6b695428', '2025-07-01 22:15:07', '2025-07-01 22:15:07');
INSERT INTO `users` (`uuid`, `first_name`, `last_name`, `full_name`, `email`, `address`, `contact`, `inactive`, `tenant_id`, `created_on`, `modified_on`) VALUES ('a9387df2-9dd3-4f46-99b8-a10fcd0d1d0d', 'Nicholas', 'Scott', 'Nicholas Scott', 'nicholas.scott@example.com', NULL, NULL, 0, 'df234305-8a47-4b4d-8efb-716a6b695428', '2025-07-01 22:15:07', '2025-07-01 22:15:07');
INSERT INTO `users` (`uuid`, `first_name`, `last_name`, `full_name`, `email`, `address`, `contact`, `inactive`, `tenant_id`, `created_on`, `modified_on`) VALUES ('d2c8aefa-5e13-414b-99f1-c0e875f28b62', 'James', 'Cervantes', 'James Cervantes', 'james.cervantes@example.com', NULL, NULL, 0, 'df234305-8a47-4b4d-8efb-716a6b695428', '2025-07-01 22:15:07', '2025-07-01 22:15:07');
INSERT INTO `users` (`uuid`, `first_name`, `last_name`, `full_name`, `email`, `address`, `contact`, `inactive`, `tenant_id`, `created_on`, `modified_on`) VALUES ('fa38c942-8948-4f08-8405-8537a7ec2527', 'Kathy', 'Gay', 'Kathy Gay', 'kathy.gay@example.com', NULL, NULL, 0, 'df234305-8a47-4b4d-8efb-716a6b695428', '2025-07-01 22:15:07', '2025-07-01 22:15:07');
INSERT INTO `users` (`uuid`, `first_name`, `last_name`, `full_name`, `email`, `address`, `contact`, `inactive`, `tenant_id`, `created_on`, `modified_on`) VALUES ('75c041ea-b841-4148-8a43-7f64de1c0f4f', 'Joan', 'Turner', 'Joan Turner', 'joan.turner@example.com', NULL, NULL, 0, 'df234305-8a47-4b4d-8efb-716a6b695428', '2025-07-01 22:15:07', '2025-07-01 22:15:07');
INSERT INTO `users` (`uuid`, `first_name`, `last_name`, `full_name`, `email`, `address`, `contact`, `inactive`, `tenant_id`, `created_on`, `modified_on`) VALUES ('105508a6-5e3b-4a98-a4f5-a1db5cac873b', 'Susan', 'George', 'Susan George', 'susan.george@example.com', NULL, NULL, 0, 'df234305-8a47-4b4d-8efb-716a6b695428', '2025-07-01 22:15:07', '2025-07-01 22:15:07');
INSERT INTO `users` (`uuid`, `first_name`, `last_name`, `full_name`, `email`, `address`, `contact`, `inactive`, `tenant_id`, `created_on`, `modified_on`) VALUES ('0498d6cf-9000-4c12-9616-a2c62158a1d3', 'Jay', 'Santiago', 'Jay Santiago', 'jay.santiago@example.com', NULL, NULL, 0, 'df234305-8a47-4b4d-8efb-716a6b695428', '2025-07-01 22:15:07', '2025-07-01 22:15:07');
INSERT INTO `users` (`uuid`, `first_name`, `last_name`, `full_name`, `email`, `address`, `contact`, `inactive`, `tenant_id`, `created_on`, `modified_on`) VALUES ('255538e5-dfe7-4b54-badc-2240083de1cf', 'Kelsey', 'Brown', 'Kelsey Brown', 'kelsey.brown@example.com', NULL, NULL, 0, 'df234305-8a47-4b4d-8efb-716a6b695428', '2025-07-01 22:15:07', '2025-07-01 22:15:07');
INSERT INTO `users` (`uuid`, `first_name`, `last_name`, `full_name`, `email`, `address`, `contact`, `inactive`, `tenant_id`, `created_on`, `modified_on`) VALUES ('a9931178-ed94-4322-99e2-3193401fe653', 'Christopher', 'Cohen', 'Christopher Cohen', 'christopher.cohen@example.com', NULL, NULL, 0, 'df234305-8a47-4b4d-8efb-716a6b695428', '2025-07-01 22:15:07', '2025-07-01 22:15:07');
INSERT INTO `users` (`uuid`, `first_name`, `last_name`, `full_name`, `email`, `address`, `contact`, `inactive`, `tenant_id`, `created_on`, `modified_on`) VALUES ('c88e7384-3bd7-4f3e-8bae-30cf5eeb8c38', 'Sue', 'Baird', 'Sue Baird', 'sue.baird@example.com', NULL, NULL, 0, 'df234305-8a47-4b4d-8efb-716a6b695428', '2025-07-01 22:15:07', '2025-07-01 22:15:07');
INSERT INTO `users` (`uuid`, `first_name`, `last_name`, `full_name`, `email`, `address`, `contact`, `inactive`, `tenant_id`, `created_on`, `modified_on`) VALUES ('97c92fd7-f4ea-4d7c-b0e9-21cabf92e36a', 'Gregory', 'Lewis', 'Gregory Lewis', 'gregory.lewis@example.com', NULL, NULL, 0, 'df234305-8a47-4b4d-8efb-716a6b695428', '2025-07-01 22:15:07', '2025-07-01 22:15:07');
INSERT INTO `users` (`uuid`, `first_name`, `last_name`, `full_name`, `email`, `address`, `contact`, `inactive`, `tenant_id`, `created_on`, `modified_on`) VALUES ('616830ed-f780-43ab-8824-ce709676f2e3', 'Eric', 'Jackson', 'Eric Jackson', 'eric.jackson@example.com', NULL, NULL, 0, 'df234305-8a47-4b4d-8efb-716a6b695428', '2025-07-01 22:15:07', '2025-07-01 22:15:07');
INSERT INTO `users` (`uuid`, `first_name`, `last_name`, `full_name`, `email`, `address`, `contact`, `inactive`, `tenant_id`, `created_on`, `modified_on`) VALUES ('0270dc47-eda7-411a-834e-2786c4812fb4', 'James', 'Jackson', 'James Jackson', 'james.jackson@example.com', NULL, NULL, 0, 'df234305-8a47-4b4d-8efb-716a6b695428', '2025-07-01 22:15:07', '2025-07-01 22:15:07');
INSERT INTO `users` (`uuid`, `first_name`, `last_name`, `full_name`, `email`, `address`, `contact`, `inactive`, `tenant_id`, `created_on`, `modified_on`) VALUES ('c61c3789-508d-46c4-837a-1fdc4eb46395', 'Catherine', 'Smith', 'Catherine Smith', 'catherine.smith@example.com', NULL, NULL, 0, 'df234305-8a47-4b4d-8efb-716a6b695428', '2025-07-01 22:15:07', '2025-07-01 22:15:07');
INSERT INTO `users` (`uuid`, `first_name`, `last_name`, `full_name`, `email`, `address`, `contact`, `inactive`, `tenant_id`, `created_on`, `modified_on`) VALUES ('74ca8374-eae4-474d-af98-5ec00521ec79', 'Dr.', 'Jacqueline Watson', 'Dr. Jacqueline Watson', 'dr..jacquelinewatson@example.com', NULL, NULL, 0, 'df234305-8a47-4b4d-8efb-716a6b695428', '2025-07-01 22:15:07', '2025-07-01 22:15:07');
INSERT INTO `users` (`uuid`, `first_name`, `last_name`, `full_name`, `email`, `address`, `contact`, `inactive`, `tenant_id`, `created_on`, `modified_on`) VALUES ('2a0b1544-0f55-472c-b6d5-7874e090909e', 'Daniel', 'Miller', 'Daniel Miller', 'daniel.miller@example.com', NULL, NULL, 0, 'df234305-8a47-4b4d-8efb-716a6b695428', '2025-07-01 22:15:07', '2025-07-01 22:15:07');
INSERT INTO `users` (`uuid`, `first_name`, `last_name`, `full_name`, `email`, `address`, `contact`, `inactive`, `tenant_id`, `created_on`, `modified_on`) VALUES ('f1e5ea14-1cef-4fa9-a9e8-59111a56a67a', 'Heather', 'Hopkins', 'Heather Hopkins', 'heather.hopkins@example.com', NULL, NULL, 0, 'df234305-8a47-4b4d-8efb-716a6b695428', '2025-07-01 22:15:07', '2025-07-01 22:15:07');
INSERT INTO `users` (`uuid`, `first_name`, `last_name`, `full_name`, `email`, `address`, `contact`, `inactive`, `tenant_id`, `created_on`, `modified_on`) VALUES ('7bf80844-73d1-40c7-9b7c-273f9bfb0ee0', 'Tiffany', 'Walls', 'Tiffany Walls', 'tiffany.walls@example.com', NULL, NULL, 0, 'df234305-8a47-4b4d-8efb-716a6b695428', '2025-07-01 22:15:07', '2025-07-01 22:15:07');
INSERT INTO `users` (`uuid`, `first_name`, `last_name`, `full_name`, `email`, `address`, `contact`, `inactive`, `tenant_id`, `created_on`, `modified_on`) VALUES ('4531cc2e-a115-4bb7-bdce-b610b8874ec7', 'James', 'English', 'James English', 'james.english@example.com', NULL, NULL, 0, 'df234305-8a47-4b4d-8efb-716a6b695428', '2025-07-01 22:15:07', '2025-07-01 22:15:07');
INSERT INTO `users` (`uuid`, `first_name`, `last_name`, `full_name`, `email`, `address`, `contact`, `inactive`, `tenant_id`, `created_on`, `modified_on`) VALUES ('7b5dbc2f-d5f4-46eb-99a7-87692c553c6e', 'Elizabeth', 'Farrell', 'Elizabeth Farrell', 'elizabeth.farrell@example.com', NULL, NULL, 0, 'df234305-8a47-4b4d-8efb-716a6b695428', '2025-07-01 22:15:07', '2025-07-01 22:15:07');
INSERT INTO `users` (`uuid`, `first_name`, `last_name`, `full_name`, `email`, `address`, `contact`, `inactive`, `tenant_id`, `created_on`, `modified_on`) VALUES ('3afa560c-7554-4ece-8b15-3f6b3c916f47', 'Brenda', 'Collins', 'Brenda Collins', 'brenda.collins@example.com', NULL, NULL, 0, 'df234305-8a47-4b4d-8efb-716a6b695428', '2025-07-01 22:15:07', '2025-07-01 22:15:07');
INSERT INTO `users` (`uuid`, `first_name`, `last_name`, `full_name`, `email`, `address`, `contact`, `inactive`, `tenant_id`, `created_on`, `modified_on`) VALUES ('14f30acd-86ad-4266-828c-3dc9100c9d31', 'Yvonne', 'Davis', 'Yvonne Davis', 'yvonne.davis@example.com', NULL, NULL, 0, 'df234305-8a47-4b4d-8efb-716a6b695428', '2025-07-01 22:15:07', '2025-07-01 22:15:07');
INSERT INTO `users` (`uuid`, `first_name`, `last_name`, `full_name`, `email`, `address`, `contact`, `inactive`, `tenant_id`, `created_on`, `modified_on`) VALUES ('176c2ef2-9ed1-43f7-bff5-7d2af96fe07c', 'Michelle', 'Garcia', 'Michelle Garcia', 'michelle.garcia@example.com', NULL, NULL, 0, 'df234305-8a47-4b4d-8efb-716a6b695428', '2025-07-01 22:15:07', '2025-07-01 22:15:07');
INSERT INTO `users` (`uuid`, `first_name`, `last_name`, `full_name`, `email`, `address`, `contact`, `inactive`, `tenant_id`, `created_on`, `modified_on`) VALUES ('6aa13dcb-19b8-4f8a-bf5b-67536d19b205', 'Thomas', 'Whitehead', 'Thomas Whitehead', 'thomas.whitehead@example.com', NULL, NULL, 0, 'df234305-8a47-4b4d-8efb-716a6b695428', '2025-07-01 22:15:07', '2025-07-01 22:15:07');
INSERT INTO `users` (`uuid`, `first_name`, `last_name`, `full_name`, `email`, `address`, `contact`, `inactive`, `tenant_id`, `created_on`, `modified_on`) VALUES ('e849c0d5-69f3-4819-b325-2d9239a86821', 'Jennifer', 'Larson', 'Jennifer Larson', 'jennifer.larson@example.com', NULL, NULL, 0, 'df234305-8a47-4b4d-8efb-716a6b695428', '2025-07-01 22:15:07', '2025-07-01 22:15:07');
INSERT INTO `users` (`uuid`, `first_name`, `last_name`, `full_name`, `email`, `address`, `contact`, `inactive`, `tenant_id`, `created_on`, `modified_on`) VALUES ('11009859-2f33-4e21-9327-f7b44ed94a80', 'Brenda', 'Williams', 'Brenda Williams', 'brenda.williams@example.com', NULL, NULL, 0, 'df234305-8a47-4b4d-8efb-716a6b695428', '2025-07-01 22:15:07', '2025-07-01 22:15:07');
INSERT INTO `users` (`uuid`, `first_name`, `last_name`, `full_name`, `email`, `address`, `contact`, `inactive`, `tenant_id`, `created_on`, `modified_on`) VALUES ('bd3a225d-fb2b-454b-b4e3-32922ea311c7', 'Brandon', 'Wright PhD', 'Brandon Wright PhD', 'brandon.wrightphd@example.com', NULL, NULL, 0, 'df234305-8a47-4b4d-8efb-716a6b695428', '2025-07-01 22:15:07', '2025-07-01 22:15:07');
INSERT INTO `users` (`uuid`, `first_name`, `last_name`, `full_name`, `email`, `address`, `contact`, `inactive`, `tenant_id`, `created_on`, `modified_on`) VALUES ('a84ec7a4-7ba8-4e4f-b94c-8161249aaae7', 'Christina', 'Martinez', 'Christina Martinez', 'christina.martinez@example.com', NULL, NULL, 0, 'df234305-8a47-4b4d-8efb-716a6b695428', '2025-07-01 22:15:07', '2025-07-01 22:15:07');
INSERT INTO `users` (`uuid`, `first_name`, `last_name`, `full_name`, `email`, `address`, `contact`, `inactive`, `tenant_id`, `created_on`, `modified_on`) VALUES ('b973e601-10a0-4344-adbe-4c6b00d724f3', 'Kyle', 'Sandoval', 'Kyle Sandoval', 'kyle.sandoval@example.com', NULL, NULL, 0, 'df234305-8a47-4b4d-8efb-716a6b695428', '2025-07-01 22:15:07', '2025-07-01 22:15:07');
INSERT INTO `users` (`uuid`, `first_name`, `last_name`, `full_name`, `email`, `address`, `contact`, `inactive`, `tenant_id`, `created_on`, `modified_on`) VALUES ('f73cefa7-2413-49e0-ba62-be66f101bcca', 'Raymond', 'Simpson', 'Raymond Simpson', 'raymond.simpson@example.com', NULL, NULL, 0, 'df234305-8a47-4b4d-8efb-716a6b695428', '2025-07-01 22:15:07', '2025-07-01 22:15:07');
INSERT INTO `users` (`uuid`, `first_name`, `last_name`, `full_name`, `email`, `address`, `contact`, `inactive`, `tenant_id`, `created_on`, `modified_on`) VALUES ('bad53043-6669-4e61-9710-60bf592e7b6b', 'Ashley', 'Reyes', 'Ashley Reyes', 'ashley.reyes@example.com', NULL, NULL, 0, 'df234305-8a47-4b4d-8efb-716a6b695428', '2025-07-01 22:15:07', '2025-07-01 22:15:07');
INSERT INTO `users` (`uuid`, `first_name`, `last_name`, `full_name`, `email`, `address`, `contact`, `inactive`, `tenant_id`, `created_on`, `modified_on`) VALUES ('91dc6bbe-a078-457d-888c-59cf5f078caf', 'John', 'Garcia', 'John Garcia', 'john.garcia@example.com', NULL, NULL, 0, 'df234305-8a47-4b4d-8efb-716a6b695428', '2025-07-01 22:15:07', '2025-07-01 22:15:07');
INSERT INTO `users` (`uuid`, `first_name`, `last_name`, `full_name`, `email`, `address`, `contact`, `inactive`, `tenant_id`, `created_on`, `modified_on`) VALUES ('02f1d34d-1ec8-40e6-98b2-5255cc7c73b6', 'James', 'Wood', 'James Wood', 'james.wood@example.com', NULL, NULL, 0, 'df234305-8a47-4b4d-8efb-716a6b695428', '2025-07-01 22:15:07', '2025-07-01 22:15:07');
INSERT INTO `users` (`uuid`, `first_name`, `last_name`, `full_name`, `email`, `address`, `contact`, `inactive`, `tenant_id`, `created_on`, `modified_on`) VALUES ('84d14fb9-f844-4141-983e-083769190ac3', 'Yvonne', 'Jimenez', 'Yvonne Jimenez', 'yvonne.jimenez@example.com', NULL, NULL, 0, 'df234305-8a47-4b4d-8efb-716a6b695428', '2025-07-01 22:15:07', '2025-07-01 22:15:07');
INSERT INTO `users` (`uuid`, `first_name`, `last_name`, `full_name`, `email`, `address`, `contact`, `inactive`, `tenant_id`, `created_on`, `modified_on`) VALUES ('92a093b9-9bc1-4666-9992-7bd521df4275', 'Emma', 'Perez', 'Emma Perez', 'emma.perez@example.com', NULL, NULL, 0, 'df234305-8a47-4b4d-8efb-716a6b695428', '2025-07-01 22:15:07', '2025-07-01 22:15:07');
INSERT INTO `users` (`uuid`, `first_name`, `last_name`, `full_name`, `email`, `address`, `contact`, `inactive`, `tenant_id`, `created_on`, `modified_on`) VALUES ('3e176d63-f1c8-417b-931d-507be5c14f51', 'Stephanie', 'Fernandez', 'Stephanie Fernandez', 'stephanie.fernandez@example.com', NULL, NULL, 0, 'df234305-8a47-4b4d-8efb-716a6b695428', '2025-07-01 22:15:07', '2025-07-01 22:15:07');
INSERT INTO `users` (`uuid`, `first_name`, `last_name`, `full_name`, `email`, `address`, `contact`, `inactive`, `tenant_id`, `created_on`, `modified_on`) VALUES ('9194c652-1bed-4413-8aca-8c65c5fc66fa', 'James', 'Torres', 'James Torres', 'james.torres@example.com', NULL, NULL, 0, 'df234305-8a47-4b4d-8efb-716a6b695428', '2025-07-01 22:15:07', '2025-07-01 22:15:07');
INSERT INTO `users` (`uuid`, `first_name`, `last_name`, `full_name`, `email`, `address`, `contact`, `inactive`, `tenant_id`, `created_on`, `modified_on`) VALUES ('a323af0d-f132-42a5-8ed4-76b8530e8afd', 'John', 'Owens', 'John Owens', 'john.owens@example.com', NULL, NULL, 0, 'df234305-8a47-4b4d-8efb-716a6b695428', '2025-07-01 22:15:07', '2025-07-01 22:15:07');
INSERT INTO `users` (`uuid`, `first_name`, `last_name`, `full_name`, `email`, `address`, `contact`, `inactive`, `tenant_id`, `created_on`, `modified_on`) VALUES ('5cfaf1af-149e-4ef8-b949-d3bea75d28c4', 'Matthew', 'Hart', 'Matthew Hart', 'matthew.hart@example.com', NULL, NULL, 0, 'df234305-8a47-4b4d-8efb-716a6b695428', '2025-07-01 22:15:07', '2025-07-01 22:15:07');
INSERT INTO `users` (`uuid`, `first_name`, `last_name`, `full_name`, `email`, `address`, `contact`, `inactive`, `tenant_id`, `created_on`, `modified_on`) VALUES ('aefda202-4518-45f0-8743-0662ef0f344d', 'Ryan', 'Morgan', 'Ryan Morgan', 'ryan.morgan@example.com', NULL, NULL, 0, 'df234305-8a47-4b4d-8efb-716a6b695428', '2025-07-01 22:15:07', '2025-07-01 22:15:07');
INSERT INTO `users` (`uuid`, `first_name`, `last_name`, `full_name`, `email`, `address`, `contact`, `inactive`, `tenant_id`, `created_on`, `modified_on`) VALUES ('335dc0d3-0902-4666-b1ea-ba2ac65ec246', 'Diane', 'Sanders', 'Diane Sanders', 'diane.sanders@example.com', NULL, NULL, 0, 'df234305-8a47-4b4d-8efb-716a6b695428', '2025-07-01 22:15:07', '2025-07-01 22:15:07');
INSERT INTO `users` (`uuid`, `first_name`, `last_name`, `full_name`, `email`, `address`, `contact`, `inactive`, `tenant_id`, `created_on`, `modified_on`) VALUES ('caebcb5e-147b-4866-974c-04779db0dd5c', 'Julia', 'Burns', 'Julia Burns', 'julia.burns@example.com', NULL, NULL, 0, 'df234305-8a47-4b4d-8efb-716a6b695428', '2025-07-01 22:15:07', '2025-07-01 22:15:07');
INSERT INTO `users` (`uuid`, `first_name`, `last_name`, `full_name`, `email`, `address`, `contact`, `inactive`, `tenant_id`, `created_on`, `modified_on`) VALUES ('0fda2971-4444-4ce6-bf80-5c5991355bb9', 'Jeffrey', 'Walker', 'Jeffrey Walker', 'jeffrey.walker@example.com', NULL, NULL, 0, 'df234305-8a47-4b4d-8efb-716a6b695428', '2025-07-01 22:15:07', '2025-07-01 22:15:07');
INSERT INTO `users` (`uuid`, `first_name`, `last_name`, `full_name`, `email`, `address`, `contact`, `inactive`, `tenant_id`, `created_on`, `modified_on`) VALUES ('25ba2922-daf0-48da-b645-8967cfd1582d', 'Mrs.', 'Amy Lopez', 'Mrs. Amy Lopez', 'mrs..amylopez@example.com', NULL, NULL, 0, 'df234305-8a47-4b4d-8efb-716a6b695428', '2025-07-01 22:15:07', '2025-07-01 22:15:07');
INSERT INTO `users` (`uuid`, `first_name`, `last_name`, `full_name`, `email`, `address`, `contact`, `inactive`, `tenant_id`, `created_on`, `modified_on`) VALUES ('8c9ff380-c6bf-4a07-9578-d888360be16c', 'Martin', 'Hicks', 'Martin Hicks', 'martin.hicks@example.com', NULL, NULL, 0, 'df234305-8a47-4b4d-8efb-716a6b695428', '2025-07-01 22:15:07', '2025-07-01 22:15:07');
INSERT INTO `users` (`uuid`, `first_name`, `last_name`, `full_name`, `email`, `address`, `contact`, `inactive`, `tenant_id`, `created_on`, `modified_on`) VALUES ('962eefb0-098e-4aa3-844f-741875450f28', 'Alyssa', 'Kennedy', 'Alyssa Kennedy', 'alyssa.kennedy@example.com', NULL, NULL, 0, 'df234305-8a47-4b4d-8efb-716a6b695428', '2025-07-01 22:15:07', '2025-07-01 22:15:07');
INSERT INTO `users` (`uuid`, `first_name`, `last_name`, `full_name`, `email`, `address`, `contact`, `inactive`, `tenant_id`, `created_on`, `modified_on`) VALUES ('94ce0291-4572-4ca4-88e3-50db5d17a97c', 'Jennifer', 'Ryan', 'Jennifer Ryan', 'jennifer.ryan@example.com', NULL, NULL, 0, 'df234305-8a47-4b4d-8efb-716a6b695428', '2025-07-01 22:15:07', '2025-07-01 22:15:07');
INSERT INTO `users` (`uuid`, `first_name`, `last_name`, `full_name`, `email`, `address`, `contact`, `inactive`, `tenant_id`, `created_on`, `modified_on`) VALUES ('962edc4e-b718-4826-8ec6-5374e56c22e0', 'Blake', 'Williams', 'Blake Williams', 'blake.williams@example.com', NULL, NULL, 0, 'df234305-8a47-4b4d-8efb-716a6b695428', '2025-07-01 22:15:07', '2025-07-01 22:15:07');
INSERT INTO `users` (`uuid`, `first_name`, `last_name`, `full_name`, `email`, `address`, `contact`, `inactive`, `tenant_id`, `created_on`, `modified_on`) VALUES ('fb03aa2d-d959-4bc0-9f30-954e2a5c1f75', 'Anthony', 'Frank', 'Anthony Frank', 'anthony.frank@example.com', NULL, NULL, 0, 'df234305-8a47-4b4d-8efb-716a6b695428', '2025-07-01 22:15:07', '2025-07-01 22:15:07');
INSERT INTO `users` (`uuid`, `first_name`, `last_name`, `full_name`, `email`, `address`, `contact`, `inactive`, `tenant_id`, `created_on`, `modified_on`) VALUES ('1ffe1e3d-3381-49c2-9ce6-f68bc2f7d359', 'Jane', 'Kerr', 'Jane Kerr', 'jane.kerr@example.com', NULL, NULL, 0, 'df234305-8a47-4b4d-8efb-716a6b695428', '2025-07-01 22:15:07', '2025-07-01 22:15:07');
INSERT INTO `users` (`uuid`, `first_name`, `last_name`, `full_name`, `email`, `address`, `contact`, `inactive`, `tenant_id`, `created_on`, `modified_on`) VALUES ('b0887d9a-d61b-4bf0-9a20-41eab8515d1d', 'Edward', 'Gallagher', 'Edward Gallagher', 'edward.gallagher@example.com', NULL, NULL, 0, 'df234305-8a47-4b4d-8efb-716a6b695428', '2025-07-01 22:15:07', '2025-07-01 22:15:07');
INSERT INTO `users` (`uuid`, `first_name`, `last_name`, `full_name`, `email`, `address`, `contact`, `inactive`, `tenant_id`, `created_on`, `modified_on`) VALUES ('8c169691-3c82-4275-ba96-16639cb3364c', 'Jesus', 'Smith', 'Jesus Smith', 'jesus.smith@example.com', NULL, NULL, 0, 'df234305-8a47-4b4d-8efb-716a6b695428', '2025-07-01 22:15:07', '2025-07-01 22:15:07');
INSERT INTO `users` (`uuid`, `first_name`, `last_name`, `full_name`, `email`, `address`, `contact`, `inactive`, `tenant_id`, `created_on`, `modified_on`) VALUES ('9711810f-d2d7-4af9-ae07-ee0bb767e868', 'Thomas', 'Boyle', 'Thomas Boyle', 'thomas.boyle@example.com', NULL, NULL, 0, 'df234305-8a47-4b4d-8efb-716a6b695428', '2025-07-01 22:15:07', '2025-07-01 22:15:07');
INSERT INTO `users` (`uuid`, `first_name`, `last_name`, `full_name`, `email`, `address`, `contact`, `inactive`, `tenant_id`, `created_on`, `modified_on`) VALUES ('ce2eb93e-fcc5-496f-8931-e5af1bfddf89', 'Meghan', 'Martinez', 'Meghan Martinez', 'meghan.martinez@example.com', NULL, NULL, 0, 'df234305-8a47-4b4d-8efb-716a6b695428', '2025-07-01 22:15:07', '2025-07-01 22:15:07');
INSERT INTO `users` (`uuid`, `first_name`, `last_name`, `full_name`, `email`, `address`, `contact`, `inactive`, `tenant_id`, `created_on`, `modified_on`) VALUES ('f668a401-36ee-49b5-a3d7-4b3bc86f8729', 'Kayla', 'Dawson', 'Kayla Dawson', 'kayla.dawson@example.com', NULL, NULL, 0, 'df234305-8a47-4b4d-8efb-716a6b695428', '2025-07-01 22:15:07', '2025-07-01 22:15:07');
INSERT INTO `users` (`uuid`, `first_name`, `last_name`, `full_name`, `email`, `address`, `contact`, `inactive`, `tenant_id`, `created_on`, `modified_on`) VALUES ('36c73a3d-b846-4e60-a604-5605b2c59343', 'Denise', 'Bradley', 'Denise Bradley', 'denise.bradley@example.com', NULL, NULL, 0, 'df234305-8a47-4b4d-8efb-716a6b695428', '2025-07-01 22:15:07', '2025-07-01 22:15:07');
INSERT INTO `users` (`uuid`, `first_name`, `last_name`, `full_name`, `email`, `address`, `contact`, `inactive`, `tenant_id`, `created_on`, `modified_on`) VALUES ('f21b3aa0-e39f-48a5-94fb-a64ab2fc6fd7', 'Paul', 'Flores', 'Paul Flores', 'paul.flores@example.com', NULL, NULL, 0, 'df234305-8a47-4b4d-8efb-716a6b695428', '2025-07-01 22:15:07', '2025-07-01 22:15:07');
INSERT INTO `users` (`uuid`, `first_name`, `last_name`, `full_name`, `email`, `address`, `contact`, `inactive`, `tenant_id`, `created_on`, `modified_on`) VALUES ('31710912-4ff3-4092-b898-e1eea44d16fc', 'James', 'Higgins', 'James Higgins', 'james.higgins@example.com', NULL, NULL, 0, 'df234305-8a47-4b4d-8efb-716a6b695428', '2025-07-01 22:15:07', '2025-07-01 22:15:07');
INSERT INTO `users` (`uuid`, `first_name`, `last_name`, `full_name`, `email`, `address`, `contact`, `inactive`, `tenant_id`, `created_on`, `modified_on`) VALUES ('f419c353-284b-4638-926e-65332358a8ff', 'Michael', 'Long', 'Michael Long', 'michael.long@example.com', NULL, NULL, 0, 'df234305-8a47-4b4d-8efb-716a6b695428', '2025-07-01 22:15:07', '2025-07-01 22:15:07');
INSERT INTO `users` (`uuid`, `first_name`, `last_name`, `full_name`, `email`, `address`, `contact`, `inactive`, `tenant_id`, `created_on`, `modified_on`) VALUES ('a3493e65-02b0-4645-8223-010e1dfd7a8e', 'Michael', 'Santiago', 'Michael Santiago', 'michael.santiago@example.com', NULL, NULL, 0, 'df234305-8a47-4b4d-8efb-716a6b695428', '2025-07-01 22:15:07', '2025-07-01 22:15:07');
INSERT INTO `users` (`uuid`, `first_name`, `last_name`, `full_name`, `email`, `address`, `contact`, `inactive`, `tenant_id`, `created_on`, `modified_on`) VALUES ('8fa32dc9-2a4b-4ee0-a117-a195c150f528', 'Eric', 'Baker', 'Eric Baker', 'eric.baker@example.com', NULL, NULL, 0, 'df234305-8a47-4b4d-8efb-716a6b695428', '2025-07-01 22:15:07', '2025-07-01 22:15:07');
INSERT INTO `users` (`uuid`, `first_name`, `last_name`, `full_name`, `email`, `address`, `contact`, `inactive`, `tenant_id`, `created_on`, `modified_on`) VALUES ('34ee5733-1137-49a6-9936-166fdd774058', 'Mrs.', 'Debra Friedman', 'Mrs. Debra Friedman', 'mrs..debrafriedman@example.com', NULL, NULL, 0, 'df234305-8a47-4b4d-8efb-716a6b695428', '2025-07-01 22:15:07', '2025-07-01 22:15:07');
INSERT INTO `users` (`uuid`, `first_name`, `last_name`, `full_name`, `email`, `address`, `contact`, `inactive`, `tenant_id`, `created_on`, `modified_on`) VALUES ('544d57e4-d461-4f11-bfcd-d1cf88bc5f13', 'Tony', 'Green', 'Tony Green', 'tony.green@example.com', NULL, NULL, 0, 'df234305-8a47-4b4d-8efb-716a6b695428', '2025-07-01 22:15:07', '2025-07-01 22:15:07');
INSERT INTO `users` (`uuid`, `first_name`, `last_name`, `full_name`, `email`, `address`, `contact`, `inactive`, `tenant_id`, `created_on`, `modified_on`) VALUES ('4990eab7-0f45-4e0a-be63-8f6b060731a8', 'Kathleen', 'Hopkins', 'Kathleen Hopkins', 'kathleen.hopkins@example.com', NULL, NULL, 0, 'df234305-8a47-4b4d-8efb-716a6b695428', '2025-07-01 22:15:07', '2025-07-01 22:15:07');
INSERT INTO `users` (`uuid`, `first_name`, `last_name`, `full_name`, `email`, `address`, `contact`, `inactive`, `tenant_id`, `created_on`, `modified_on`) VALUES ('bb08c208-881e-4157-ac57-5e305f664d87', 'Mr.', 'Brandon Lewis', 'Mr. Brandon Lewis', 'mr..brandonlewis@example.com', NULL, NULL, 0, 'df234305-8a47-4b4d-8efb-716a6b695428', '2025-07-01 22:15:07', '2025-07-01 22:15:07');
INSERT INTO `users` (`uuid`, `first_name`, `last_name`, `full_name`, `email`, `address`, `contact`, `inactive`, `tenant_id`, `created_on`, `modified_on`) VALUES ('d6ca1426-aece-438c-adf4-8a77d486e675', 'Robert', 'Weaver', 'Robert Weaver', 'robert.weaver@example.com', NULL, NULL, 0, 'df234305-8a47-4b4d-8efb-716a6b695428', '2025-07-01 22:15:07', '2025-07-01 22:15:07');
INSERT INTO `users` (`uuid`, `first_name`, `last_name`, `full_name`, `email`, `address`, `contact`, `inactive`, `tenant_id`, `created_on`, `modified_on`) VALUES ('dff89848-ea27-4374-9394-5ff1bca2548d', 'Michael', 'Elliott', 'Michael Elliott', 'michael.elliott@example.com', NULL, NULL, 0, 'df234305-8a47-4b4d-8efb-716a6b695428', '2025-07-01 22:15:07', '2025-07-01 22:15:07');
INSERT INTO `users` (`uuid`, `first_name`, `last_name`, `full_name`, `email`, `address`, `contact`, `inactive`, `tenant_id`, `created_on`, `modified_on`) VALUES ('325beba5-999c-4f76-918a-4695d99262a4', 'Pamela', 'Garcia', 'Pamela Garcia', 'pamela.garcia@example.com', NULL, NULL, 0, 'df234305-8a47-4b4d-8efb-716a6b695428', '2025-07-01 22:15:07', '2025-07-01 22:15:07');
INSERT INTO `users` (`uuid`, `first_name`, `last_name`, `full_name`, `email`, `address`, `contact`, `inactive`, `tenant_id`, `created_on`, `modified_on`) VALUES ('62bed5b3-0c53-4be3-9c5f-76d2e28b1694', 'Brett', 'Thompson', 'Brett Thompson', 'brett.thompson@example.com', NULL, NULL, 0, 'df234305-8a47-4b4d-8efb-716a6b695428', '2025-07-01 22:15:07', '2025-07-01 22:15:07');
INSERT INTO `users` (`uuid`, `first_name`, `last_name`, `full_name`, `email`, `address`, `contact`, `inactive`, `tenant_id`, `created_on`, `modified_on`) VALUES ('b5e45670-a03b-4540-96e0-f4bb13703c04', 'Nicholas', 'Rivera', 'Nicholas Rivera', 'nicholas.rivera@example.com', NULL, NULL, 0, 'df234305-8a47-4b4d-8efb-716a6b695428', '2025-07-01 22:15:07', '2025-07-01 22:15:07');
INSERT INTO `users` (`uuid`, `first_name`, `last_name`, `full_name`, `email`, `address`, `contact`, `inactive`, `tenant_id`, `created_on`, `modified_on`) VALUES ('04dc3112-2e0e-4c15-b207-5f568dde1d5d', 'Shannon', 'Larson', 'Shannon Larson', 'shannon.larson@example.com', NULL, NULL, 0, 'df234305-8a47-4b4d-8efb-716a6b695428', '2025-07-01 22:15:07', '2025-07-01 22:15:07');
INSERT INTO `users` (`uuid`, `first_name`, `last_name`, `full_name`, `email`, `address`, `contact`, `inactive`, `tenant_id`, `created_on`, `modified_on`) VALUES ('6a8844de-da66-4c36-a4a9-9e269cebe36f', 'Jessica', 'Alvarez', 'Jessica Alvarez', 'jessica.alvarez@example.com', NULL, NULL, 0, 'df234305-8a47-4b4d-8efb-716a6b695428', '2025-07-01 22:15:07', '2025-07-01 22:15:07');
INSERT INTO `users` (`uuid`, `first_name`, `last_name`, `full_name`, `email`, `address`, `contact`, `inactive`, `tenant_id`, `created_on`, `modified_on`) VALUES ('d0c7ddc7-39e4-4fc2-8812-ee1e012b43c7', 'Sheri', 'Robbins', 'Sheri Robbins', 'sheri.robbins@example.com', NULL, NULL, 0, 'df234305-8a47-4b4d-8efb-716a6b695428', '2025-07-01 22:15:07', '2025-07-01 22:15:07');
INSERT INTO `users` (`uuid`, `first_name`, `last_name`, `full_name`, `email`, `address`, `contact`, `inactive`, `tenant_id`, `created_on`, `modified_on`) VALUES ('5cbc1ea5-4932-4241-8904-c8fddc4b89b5', 'Amanda', 'Cox', 'Amanda Cox', 'amanda.cox@example.com', NULL, NULL, 0, 'df234305-8a47-4b4d-8efb-716a6b695428', '2025-07-01 22:15:07', '2025-07-01 22:15:07');
INSERT INTO `users` (`uuid`, `first_name`, `last_name`, `full_name`, `email`, `address`, `contact`, `inactive`, `tenant_id`, `created_on`, `modified_on`) VALUES ('65249fa7-e01f-4b3f-ae4f-1e439bc1be7e', 'Mark', 'Smith Jr.', 'Mark Smith Jr.', 'mark.smithjr.@example.com', NULL, NULL, 0, 'df234305-8a47-4b4d-8efb-716a6b695428', '2025-07-01 22:15:07', '2025-07-01 22:15:07');
INSERT INTO `users` (`uuid`, `first_name`, `last_name`, `full_name`, `email`, `address`, `contact`, `inactive`, `tenant_id`, `created_on`, `modified_on`) VALUES ('6f8ad66f-a5fb-4459-95c3-025d21185cf6', 'Lori', 'Barton', 'Lori Barton', 'lori.barton@example.com', NULL, NULL, 0, 'df234305-8a47-4b4d-8efb-716a6b695428', '2025-07-01 22:15:07', '2025-07-01 22:15:07');
INSERT INTO `users` (`uuid`, `first_name`, `last_name`, `full_name`, `email`, `address`, `contact`, `inactive`, `tenant_id`, `created_on`, `modified_on`) VALUES ('6e895982-e38a-4d90-8676-47d65ba2a716', 'Emily', 'Diaz', 'Emily Diaz', 'emily.diaz@example.com', NULL, NULL, 0, 'df234305-8a47-4b4d-8efb-716a6b695428', '2025-07-01 22:15:07', '2025-07-01 22:15:07');
INSERT INTO `users` (`uuid`, `first_name`, `last_name`, `full_name`, `email`, `address`, `contact`, `inactive`, `tenant_id`, `created_on`, `modified_on`) VALUES ('4caa50b3-e0dc-487f-97a0-fe936545c5d5', 'Troy', 'Peterson', 'Troy Peterson', 'troy.peterson@example.com', NULL, NULL, 0, 'df234305-8a47-4b4d-8efb-716a6b695428', '2025-07-01 22:15:07', '2025-07-01 22:15:07');
INSERT INTO `users` (`uuid`, `first_name`, `last_name`, `full_name`, `email`, `address`, `contact`, `inactive`, `tenant_id`, `created_on`, `modified_on`) VALUES ('80049390-afed-4a06-b570-3886fee86240', 'Gerald', 'Long', 'Gerald Long', 'gerald.long@example.com', NULL, NULL, 0, 'df234305-8a47-4b4d-8efb-716a6b695428', '2025-07-01 22:15:07', '2025-07-01 22:15:07');
INSERT INTO `users` (`uuid`, `first_name`, `last_name`, `full_name`, `email`, `address`, `contact`, `inactive`, `tenant_id`, `created_on`, `modified_on`) VALUES ('229b3ed7-0b6b-496b-a661-46bfd750cf00', 'Kevin', 'Todd', 'Kevin Todd', 'kevin.todd@example.com', NULL, NULL, 0, 'df234305-8a47-4b4d-8efb-716a6b695428', '2025-07-01 22:15:07', '2025-07-01 22:15:07');
INSERT INTO `users` (`uuid`, `first_name`, `last_name`, `full_name`, `email`, `address`, `contact`, `inactive`, `tenant_id`, `created_on`, `modified_on`) VALUES ('86ff8fd3-e9a3-47b5-a5e8-f89db945c9ab', 'Anthony', 'Johnson', 'Anthony Johnson', 'anthony.johnson@example.com', NULL, NULL, 0, 'df234305-8a47-4b4d-8efb-716a6b695428', '2025-07-01 22:15:07', '2025-07-01 22:15:07');
INSERT INTO `users` (`uuid`, `first_name`, `last_name`, `full_name`, `email`, `address`, `contact`, `inactive`, `tenant_id`, `created_on`, `modified_on`) VALUES ('4fc572a2-6b16-46b0-8a51-619e2f8a1f90', 'Beth', 'Baker', 'Beth Baker', 'beth.baker@example.com', NULL, NULL, 0, 'df234305-8a47-4b4d-8efb-716a6b695428', '2025-07-01 22:15:07', '2025-07-01 22:15:07');
INSERT INTO `users` (`uuid`, `first_name`, `last_name`, `full_name`, `email`, `address`, `contact`, `inactive`, `tenant_id`, `created_on`, `modified_on`) VALUES ('63f8c0ce-5cce-4398-82da-28516b8c9283', 'Anthony', 'Mack', 'Anthony Mack', 'anthony.mack@example.com', NULL, NULL, 0, 'df234305-8a47-4b4d-8efb-716a6b695428', '2025-07-01 22:15:07', '2025-07-01 22:15:07');
INSERT INTO `users` (`uuid`, `first_name`, `last_name`, `full_name`, `email`, `address`, `contact`, `inactive`, `tenant_id`, `created_on`, `modified_on`) VALUES ('3daa0fda-f225-4d1b-be79-1788c6675ef8', 'Katherine', 'Robbins', 'Katherine Robbins', 'katherine.robbins@example.com', NULL, NULL, 0, 'df234305-8a47-4b4d-8efb-716a6b695428', '2025-07-01 22:15:07', '2025-07-01 22:15:07');
INSERT INTO `users` (`uuid`, `first_name`, `last_name`, `full_name`, `email`, `address`, `contact`, `inactive`, `tenant_id`, `created_on`, `modified_on`) VALUES ('78cc18b2-7a64-4443-9541-51829310fbc9', 'Catherine', 'Robertson', 'Catherine Robertson', 'catherine.robertson@example.com', NULL, NULL, 0, 'df234305-8a47-4b4d-8efb-716a6b695428', '2025-07-01 22:15:07', '2025-07-01 22:15:07');
INSERT INTO `users` (`uuid`, `first_name`, `last_name`, `full_name`, `email`, `address`, `contact`, `inactive`, `tenant_id`, `created_on`, `modified_on`) VALUES ('1a6b370a-23a8-4683-afcf-3a1cf4647a78', 'Jody', 'Tran', 'Jody Tran', 'jody.tran@example.com', NULL, NULL, 0, 'df234305-8a47-4b4d-8efb-716a6b695428', '2025-07-01 22:15:07', '2025-07-01 22:15:07');
INSERT INTO `users` (`uuid`, `first_name`, `last_name`, `full_name`, `email`, `address`, `contact`, `inactive`, `tenant_id`, `created_on`, `modified_on`) VALUES ('f061a661-7c08-4c02-9959-150320b87998', 'Kayla', 'Macias', 'Kayla Macias', 'kayla.macias@example.com', NULL, NULL, 0, 'df234305-8a47-4b4d-8efb-716a6b695428', '2025-07-01 22:15:07', '2025-07-01 22:15:07');
INSERT INTO `users` (`uuid`, `first_name`, `last_name`, `full_name`, `email`, `address`, `contact`, `inactive`, `tenant_id`, `created_on`, `modified_on`) VALUES ('3b301915-89fd-4ebb-9834-1fd5c15fba40', 'Stephen', 'Morgan', 'Stephen Morgan', 'stephen.morgan@example.com', NULL, NULL, 0, 'df234305-8a47-4b4d-8efb-716a6b695428', '2025-07-01 22:15:07', '2025-07-01 22:15:07');
INSERT INTO `users` (`uuid`, `first_name`, `last_name`, `full_name`, `email`, `address`, `contact`, `inactive`, `tenant_id`, `created_on`, `modified_on`) VALUES ('c613dab1-7b72-4c39-a868-0f0e5a926d17', 'Alicia', 'Thomas', 'Alicia Thomas', 'alicia.thomas@example.com', NULL, NULL, 0, 'df234305-8a47-4b4d-8efb-716a6b695428', '2025-07-01 22:15:07', '2025-07-01 22:15:07');
INSERT INTO `users` (`uuid`, `first_name`, `last_name`, `full_name`, `email`, `address`, `contact`, `inactive`, `tenant_id`, `created_on`, `modified_on`) VALUES ('4a9a4f21-3a84-4c28-a4cc-6f472a87698d', 'Hector', 'Matthews', 'Hector Matthews', 'hector.matthews@example.com', NULL, NULL, 0, 'df234305-8a47-4b4d-8efb-716a6b695428', '2025-07-01 22:15:07', '2025-07-01 22:15:07');
INSERT INTO `users` (`uuid`, `first_name`, `last_name`, `full_name`, `email`, `address`, `contact`, `inactive`, `tenant_id`, `created_on`, `modified_on`) VALUES ('fd61a1f7-47a8-4f01-b697-fc5478b3d2d4', 'Michael', 'Armstrong', 'Michael Armstrong', 'michael.armstrong@example.com', NULL, NULL, 0, 'df234305-8a47-4b4d-8efb-716a6b695428', '2025-07-01 22:15:07', '2025-07-01 22:15:07');
INSERT INTO `users` (`uuid`, `first_name`, `last_name`, `full_name`, `email`, `address`, `contact`, `inactive`, `tenant_id`, `created_on`, `modified_on`) VALUES ('48a8cb1b-cdeb-4aa7-830b-7a2fc61d0e2a', 'Mrs.', 'Misty Morris', 'Mrs. Misty Morris', 'mrs..mistymorris@example.com', NULL, NULL, 0, 'df234305-8a47-4b4d-8efb-716a6b695428', '2025-07-01 22:15:07', '2025-07-01 22:15:07');
INSERT INTO `users` (`uuid`, `first_name`, `last_name`, `full_name`, `email`, `address`, `contact`, `inactive`, `tenant_id`, `created_on`, `modified_on`) VALUES ('161a17ef-1a44-42a3-83fe-662bfbfc5106', 'Caroline', 'Trujillo', 'Caroline Trujillo', 'caroline.trujillo@example.com', NULL, NULL, 0, 'df234305-8a47-4b4d-8efb-716a6b695428', '2025-07-01 22:15:07', '2025-07-01 22:15:07');
INSERT INTO `users` (`uuid`, `first_name`, `last_name`, `full_name`, `email`, `address`, `contact`, `inactive`, `tenant_id`, `created_on`, `modified_on`) VALUES ('9dbf1519-ae44-4c52-bcbb-51a3f5e624c5', 'Ashley', 'Gonzalez', 'Ashley Gonzalez', 'ashley.gonzalez@example.com', NULL, NULL, 0, 'df234305-8a47-4b4d-8efb-716a6b695428', '2025-07-01 22:15:07', '2025-07-01 22:15:07');
INSERT INTO `users` (`uuid`, `first_name`, `last_name`, `full_name`, `email`, `address`, `contact`, `inactive`, `tenant_id`, `created_on`, `modified_on`) VALUES ('6cca8a63-20a4-41e9-b358-cdeddd655277', 'Jennifer', 'Lee', 'Jennifer Lee', 'jennifer.lee@example.com', NULL, NULL, 0, 'df234305-8a47-4b4d-8efb-716a6b695428', '2025-07-01 22:15:07', '2025-07-01 22:15:07');
INSERT INTO `users` (`uuid`, `first_name`, `last_name`, `full_name`, `email`, `address`, `contact`, `inactive`, `tenant_id`, `created_on`, `modified_on`) VALUES ('44ca841d-406c-4da4-867a-4ae6f544d22b', 'James', 'Fowler', 'James Fowler', 'james.fowler@example.com', NULL, NULL, 0, 'df234305-8a47-4b4d-8efb-716a6b695428', '2025-07-01 22:15:07', '2025-07-01 22:15:07');
INSERT INTO `users` (`uuid`, `first_name`, `last_name`, `full_name`, `email`, `address`, `contact`, `inactive`, `tenant_id`, `created_on`, `modified_on`) VALUES ('508433b9-e57e-4c1a-ad04-bafe3927e179', 'Alice', 'Raymond', 'Alice Raymond', 'alice.raymond@example.com', NULL, NULL, 0, 'df234305-8a47-4b4d-8efb-716a6b695428', '2025-07-01 22:15:07', '2025-07-01 22:15:07');
INSERT INTO `users` (`uuid`, `first_name`, `last_name`, `full_name`, `email`, `address`, `contact`, `inactive`, `tenant_id`, `created_on`, `modified_on`) VALUES ('98d9fdae-f9ca-46d1-a434-6cb61a46989b', 'Daniel', 'Williams', 'Daniel Williams', 'daniel.williams@example.com', NULL, NULL, 0, 'df234305-8a47-4b4d-8efb-716a6b695428', '2025-07-01 22:15:07', '2025-07-01 22:15:07');
INSERT INTO `users` (`uuid`, `first_name`, `last_name`, `full_name`, `email`, `address`, `contact`, `inactive`, `tenant_id`, `created_on`, `modified_on`) VALUES ('c071e19c-928a-4336-bbbb-891178d769e9', 'Thomas', 'Gray', 'Thomas Gray', 'thomas.gray@example.com', NULL, NULL, 0, 'df234305-8a47-4b4d-8efb-716a6b695428', '2025-07-01 22:15:07', '2025-07-01 22:15:07');
INSERT INTO `users` (`uuid`, `first_name`, `last_name`, `full_name`, `email`, `address`, `contact`, `inactive`, `tenant_id`, `created_on`, `modified_on`) VALUES ('014116e3-acbb-442f-88d2-600d06468c7f', 'Cameron', 'Hammond', 'Cameron Hammond', 'cameron.hammond@example.com', NULL, NULL, 0, 'df234305-8a47-4b4d-8efb-716a6b695428', '2025-07-01 22:15:07', '2025-07-01 22:15:07');
INSERT INTO `users` (`uuid`, `first_name`, `last_name`, `full_name`, `email`, `address`, `contact`, `inactive`, `tenant_id`, `created_on`, `modified_on`) VALUES ('90b8072d-e8dc-4067-b71a-838436e51f09', 'Linda', 'Henry', 'Linda Henry', 'linda.henry@example.com', NULL, NULL, 0, 'df234305-8a47-4b4d-8efb-716a6b695428', '2025-07-01 22:15:07', '2025-07-01 22:15:07');
INSERT INTO `users` (`uuid`, `first_name`, `last_name`, `full_name`, `email`, `address`, `contact`, `inactive`, `tenant_id`, `created_on`, `modified_on`) VALUES ('e11a2afb-1531-44f8-9ecb-f26d1fdf5142', 'Angel', 'Clark', 'Angel Clark', 'angel.clark@example.com', NULL, NULL, 0, 'df234305-8a47-4b4d-8efb-716a6b695428', '2025-07-01 22:15:07', '2025-07-01 22:15:07');
INSERT INTO `users` (`uuid`, `first_name`, `last_name`, `full_name`, `email`, `address`, `contact`, `inactive`, `tenant_id`, `created_on`, `modified_on`) VALUES ('e29b7dea-d5cb-4f06-af9b-aabc31fb5f26', 'Benjamin', 'Griffin', 'Benjamin Griffin', 'benjamin.griffin@example.com', NULL, NULL, 0, 'df234305-8a47-4b4d-8efb-716a6b695428', '2025-07-01 22:15:07', '2025-07-01 22:15:07');
INSERT INTO `users` (`uuid`, `first_name`, `last_name`, `full_name`, `email`, `address`, `contact`, `inactive`, `tenant_id`, `created_on`, `modified_on`) VALUES ('89ccdef6-434c-4999-a780-030512fdf1ee', 'Cheryl', 'Johnson', 'Cheryl Johnson', 'cheryl.johnson@example.com', NULL, NULL, 0, 'df234305-8a47-4b4d-8efb-716a6b695428', '2025-07-01 22:15:07', '2025-07-01 22:15:07');
INSERT INTO `users` (`uuid`, `first_name`, `last_name`, `full_name`, `email`, `address`, `contact`, `inactive`, `tenant_id`, `created_on`, `modified_on`) VALUES ('7bfcba6e-0087-4be2-9004-e5bb2c386398', 'Valerie', 'Ray', 'Valerie Ray', 'valerie.ray@example.com', NULL, NULL, 0, 'df234305-8a47-4b4d-8efb-716a6b695428', '2025-07-01 22:15:07', '2025-07-01 22:15:07');
INSERT INTO `users` (`uuid`, `first_name`, `last_name`, `full_name`, `email`, `address`, `contact`, `inactive`, `tenant_id`, `created_on`, `modified_on`) VALUES ('cb84444e-e1a7-4dc0-98fd-cdbe1705e44f', 'Ronald', 'Berry', 'Ronald Berry', 'ronald.berry@example.com', NULL, NULL, 0, 'df234305-8a47-4b4d-8efb-716a6b695428', '2025-07-01 22:15:07', '2025-07-01 22:15:07');
INSERT INTO `users` (`uuid`, `first_name`, `last_name`, `full_name`, `email`, `address`, `contact`, `inactive`, `tenant_id`, `created_on`, `modified_on`) VALUES ('2d825907-cff7-4a4a-992c-8b7a8af0ff52', 'Mrs.', 'Kathryn Peterson', 'Mrs. Kathryn Peterson', 'mrs..kathrynpeterson@example.com', NULL, NULL, 0, 'df234305-8a47-4b4d-8efb-716a6b695428', '2025-07-01 22:15:07', '2025-07-01 22:15:07');
INSERT INTO `users` (`uuid`, `first_name`, `last_name`, `full_name`, `email`, `address`, `contact`, `inactive`, `tenant_id`, `created_on`, `modified_on`) VALUES ('f8980fb2-1f64-4a4d-807e-1a4313ed1edd', 'Timothy', 'Cohen', 'Timothy Cohen', 'timothy.cohen@example.com', NULL, NULL, 0, 'df234305-8a47-4b4d-8efb-716a6b695428', '2025-07-01 22:15:07', '2025-07-01 22:15:07');
INSERT INTO `users` (`uuid`, `first_name`, `last_name`, `full_name`, `email`, `address`, `contact`, `inactive`, `tenant_id`, `created_on`, `modified_on`) VALUES ('f8a37207-de64-40c5-9273-91d97b346810', 'Katherine', 'Mooney', 'Katherine Mooney', 'katherine.mooney@example.com', NULL, NULL, 0, 'df234305-8a47-4b4d-8efb-716a6b695428', '2025-07-01 22:15:07', '2025-07-01 22:15:07');
INSERT INTO `users` (`uuid`, `first_name`, `last_name`, `full_name`, `email`, `address`, `contact`, `inactive`, `tenant_id`, `created_on`, `modified_on`) VALUES ('583e8c6f-fcaf-49eb-b356-e98a412b3efc', 'Kara', 'Mcfarland', 'Kara Mcfarland', 'kara.mcfarland@example.com', NULL, NULL, 0, 'df234305-8a47-4b4d-8efb-716a6b695428', '2025-07-01 22:15:07', '2025-07-01 22:15:07');
INSERT INTO `users` (`uuid`, `first_name`, `last_name`, `full_name`, `email`, `address`, `contact`, `inactive`, `tenant_id`, `created_on`, `modified_on`) VALUES ('9cb2138b-2c11-4f29-b1aa-23e397204fd4', 'Kim', 'Morrison', 'Kim Morrison', 'kim.morrison@example.com', NULL, NULL, 0, 'df234305-8a47-4b4d-8efb-716a6b695428', '2025-07-01 22:15:07', '2025-07-01 22:15:07');
INSERT INTO `users` (`uuid`, `first_name`, `last_name`, `full_name`, `email`, `address`, `contact`, `inactive`, `tenant_id`, `created_on`, `modified_on`) VALUES ('36552e77-b2bf-4e60-ae68-c3be5e153be7', 'Lisa', 'Hammond', 'Lisa Hammond', 'lisa.hammond@example.com', NULL, NULL, 0, 'df234305-8a47-4b4d-8efb-716a6b695428', '2025-07-01 22:15:07', '2025-07-01 22:15:07');
INSERT INTO `users` (`uuid`, `first_name`, `last_name`, `full_name`, `email`, `address`, `contact`, `inactive`, `tenant_id`, `created_on`, `modified_on`) VALUES ('0abb1756-582d-4fd0-9456-17691ba22b7e', 'John', 'Cisneros', 'John Cisneros', 'john.cisneros@example.com', NULL, NULL, 0, 'df234305-8a47-4b4d-8efb-716a6b695428', '2025-07-01 22:15:07', '2025-07-01 22:15:07');
INSERT INTO `users` (`uuid`, `first_name`, `last_name`, `full_name`, `email`, `address`, `contact`, `inactive`, `tenant_id`, `created_on`, `modified_on`) VALUES ('0f8a0604-4cb8-4198-9ee6-b0a0f169aa88', 'Scott', 'Johnson', 'Scott Johnson', 'scott.johnson@example.com', NULL, NULL, 0, 'df234305-8a47-4b4d-8efb-716a6b695428', '2025-07-01 22:15:07', '2025-07-01 22:15:07');
INSERT INTO `users` (`uuid`, `first_name`, `last_name`, `full_name`, `email`, `address`, `contact`, `inactive`, `tenant_id`, `created_on`, `modified_on`) VALUES ('7b479edb-5709-44d5-b8f1-e0dc2e31c2b2', 'Tyler', 'Wright', 'Tyler Wright', 'tyler.wright@example.com', NULL, NULL, 0, 'df234305-8a47-4b4d-8efb-716a6b695428', '2025-07-01 22:15:07', '2025-07-01 22:15:07');
INSERT INTO `users` (`uuid`, `first_name`, `last_name`, `full_name`, `email`, `address`, `contact`, `inactive`, `tenant_id`, `created_on`, `modified_on`) VALUES ('a17c9121-7082-43b6-8658-2660e5a0b843', 'Mr.', 'Jared Meyer', 'Mr. Jared Meyer', 'mr..jaredmeyer@example.com', NULL, NULL, 0, 'df234305-8a47-4b4d-8efb-716a6b695428', '2025-07-01 22:15:07', '2025-07-01 22:15:07');
INSERT INTO `users` (`uuid`, `first_name`, `last_name`, `full_name`, `email`, `address`, `contact`, `inactive`, `tenant_id`, `created_on`, `modified_on`) VALUES ('08923b0a-5ee3-4f46-b7ac-53d61510f543', 'Rhonda', 'Daniels', 'Rhonda Daniels', 'rhonda.daniels@example.com', NULL, NULL, 0, 'df234305-8a47-4b4d-8efb-716a6b695428', '2025-07-01 22:15:07', '2025-07-01 22:15:07');
INSERT INTO `users` (`uuid`, `first_name`, `last_name`, `full_name`, `email`, `address`, `contact`, `inactive`, `tenant_id`, `created_on`, `modified_on`) VALUES ('f521d1c5-68ea-4e32-aaa7-2a1d72373f2e', 'Jennifer', 'Patel MD', 'Jennifer Patel MD', 'jennifer.patelmd@example.com', NULL, NULL, 0, 'df234305-8a47-4b4d-8efb-716a6b695428', '2025-07-01 22:15:07', '2025-07-01 22:15:07');
INSERT INTO `users` (`uuid`, `first_name`, `last_name`, `full_name`, `email`, `address`, `contact`, `inactive`, `tenant_id`, `created_on`, `modified_on`) VALUES ('5d61d4a8-e3c8-43df-b209-6e5569b321ee', 'Lisa', 'Carter', 'Lisa Carter', 'lisa.carter@example.com', NULL, NULL, 0, 'df234305-8a47-4b4d-8efb-716a6b695428', '2025-07-01 22:15:07', '2025-07-01 22:15:07');
INSERT INTO `users` (`uuid`, `first_name`, `last_name`, `full_name`, `email`, `address`, `contact`, `inactive`, `tenant_id`, `created_on`, `modified_on`) VALUES ('4015e2a1-a58e-4934-bd0d-4d750e3926cc', 'Jason', 'Thomas', 'Jason Thomas', 'jason.thomas@example.com', NULL, NULL, 0, 'df234305-8a47-4b4d-8efb-716a6b695428', '2025-07-01 22:15:07', '2025-07-01 22:15:07');
INSERT INTO `users` (`uuid`, `first_name`, `last_name`, `full_name`, `email`, `address`, `contact`, `inactive`, `tenant_id`, `created_on`, `modified_on`) VALUES ('4a8bf08d-b841-4c99-9724-f456f460f683', 'Jonathon', 'Mckee', 'Jonathon Mckee', 'jonathon.mckee@example.com', NULL, NULL, 0, 'df234305-8a47-4b4d-8efb-716a6b695428', '2025-07-01 22:15:07', '2025-07-01 22:15:07');
INSERT INTO `users` (`uuid`, `first_name`, `last_name`, `full_name`, `email`, `address`, `contact`, `inactive`, `tenant_id`, `created_on`, `modified_on`) VALUES ('9f1327b9-3d28-496a-bdbc-9db0a0ae0f7d', 'Sue', 'Frazier', 'Sue Frazier', 'sue.frazier@example.com', NULL, NULL, 0, 'df234305-8a47-4b4d-8efb-716a6b695428', '2025-07-01 22:15:07', '2025-07-01 22:15:07');
INSERT INTO `users` (`uuid`, `first_name`, `last_name`, `full_name`, `email`, `address`, `contact`, `inactive`, `tenant_id`, `created_on`, `modified_on`) VALUES ('ba2b20b9-00ca-43b3-a0c0-10ac468a0951', 'John', 'Ryan', 'John Ryan', 'john.ryan@example.com', NULL, NULL, 0, 'df234305-8a47-4b4d-8efb-716a6b695428', '2025-07-01 22:15:07', '2025-07-01 22:15:07');
INSERT INTO `users` (`uuid`, `first_name`, `last_name`, `full_name`, `email`, `address`, `contact`, `inactive`, `tenant_id`, `created_on`, `modified_on`) VALUES ('b22959de-1953-4551-8a0f-d75d7fff9be2', 'Daniel', 'Hughes', 'Daniel Hughes', 'daniel.hughes@example.com', NULL, NULL, 0, 'df234305-8a47-4b4d-8efb-716a6b695428', '2025-07-01 22:15:07', '2025-07-01 22:15:07');
INSERT INTO `users` (`uuid`, `first_name`, `last_name`, `full_name`, `email`, `address`, `contact`, `inactive`, `tenant_id`, `created_on`, `modified_on`) VALUES ('781538d7-30ee-4522-b792-8f9359017880', 'Jasmine', 'Carter', 'Jasmine Carter', 'jasmine.carter@example.com', NULL, NULL, 0, 'df234305-8a47-4b4d-8efb-716a6b695428', '2025-07-01 22:15:07', '2025-07-01 22:15:07');
INSERT INTO `users` (`uuid`, `first_name`, `last_name`, `full_name`, `email`, `address`, `contact`, `inactive`, `tenant_id`, `created_on`, `modified_on`) VALUES ('1172026d-5e01-421b-a16e-266d98d58c77', 'Jerry', 'Ingram', 'Jerry Ingram', 'jerry.ingram@example.com', NULL, NULL, 0, 'df234305-8a47-4b4d-8efb-716a6b695428', '2025-07-01 22:15:07', '2025-07-01 22:15:07');
INSERT INTO `users` (`uuid`, `first_name`, `last_name`, `full_name`, `email`, `address`, `contact`, `inactive`, `tenant_id`, `created_on`, `modified_on`) VALUES ('48b0532b-5c9d-4432-a15d-bdac667c0ed8', 'Rhonda', 'Burnett', 'Rhonda Burnett', 'rhonda.burnett@example.com', NULL, NULL, 0, 'df234305-8a47-4b4d-8efb-716a6b695428', '2025-07-01 22:15:07', '2025-07-01 22:15:07');
INSERT INTO `users` (`uuid`, `first_name`, `last_name`, `full_name`, `email`, `address`, `contact`, `inactive`, `tenant_id`, `created_on`, `modified_on`) VALUES ('e24f7576-009a-448e-ab9c-9387cf9c3df2', 'Ryan', 'Mcdonald', 'Ryan Mcdonald', 'ryan.mcdonald@example.com', NULL, NULL, 0, 'df234305-8a47-4b4d-8efb-716a6b695428', '2025-07-01 22:15:07', '2025-07-01 22:15:07');
INSERT INTO `users` (`uuid`, `first_name`, `last_name`, `full_name`, `email`, `address`, `contact`, `inactive`, `tenant_id`, `created_on`, `modified_on`) VALUES ('496099b9-b4d9-4ec7-9464-f063031a6def', 'Mark', 'Gonzales', 'Mark Gonzales', 'mark.gonzales@example.com', NULL, NULL, 0, 'df234305-8a47-4b4d-8efb-716a6b695428', '2025-07-01 22:15:07', '2025-07-01 22:15:07');
INSERT INTO `users` (`uuid`, `first_name`, `last_name`, `full_name`, `email`, `address`, `contact`, `inactive`, `tenant_id`, `created_on`, `modified_on`) VALUES ('57cf7293-c105-4b3b-9d38-addc2108deb1', 'Elizabeth', 'Williams', 'Elizabeth Williams', 'elizabeth.williams@example.com', NULL, NULL, 0, 'df234305-8a47-4b4d-8efb-716a6b695428', '2025-07-01 22:15:07', '2025-07-01 22:15:07');
INSERT INTO `users` (`uuid`, `first_name`, `last_name`, `full_name`, `email`, `address`, `contact`, `inactive`, `tenant_id`, `created_on`, `modified_on`) VALUES ('d9ea77f3-30a2-47e3-b7c1-566f130dfef6', 'Jasmine', 'Thompson', 'Jasmine Thompson', 'jasmine.thompson@example.com', NULL, NULL, 0, 'df234305-8a47-4b4d-8efb-716a6b695428', '2025-07-01 22:15:07', '2025-07-01 22:15:07');
INSERT INTO `users` (`uuid`, `first_name`, `last_name`, `full_name`, `email`, `address`, `contact`, `inactive`, `tenant_id`, `created_on`, `modified_on`) VALUES ('e5729380-edef-4e87-bc52-f53e7431448f', 'Brandon', 'Trevino', 'Brandon Trevino', 'brandon.trevino@example.com', NULL, NULL, 0, 'df234305-8a47-4b4d-8efb-716a6b695428', '2025-07-01 22:15:07', '2025-07-01 22:15:07');
INSERT INTO `users` (`uuid`, `first_name`, `last_name`, `full_name`, `email`, `address`, `contact`, `inactive`, `tenant_id`, `created_on`, `modified_on`) VALUES ('d323b687-21b5-4b31-a844-807580852019', 'Deborah', 'Young', 'Deborah Young', 'deborah.young@example.com', NULL, NULL, 0, 'df234305-8a47-4b4d-8efb-716a6b695428', '2025-07-01 22:15:07', '2025-07-01 22:15:07');
INSERT INTO `users` (`uuid`, `first_name`, `last_name`, `full_name`, `email`, `address`, `contact`, `inactive`, `tenant_id`, `created_on`, `modified_on`) VALUES ('20d520af-f113-4b75-a12e-e9f4d4e27432', 'Timothy', 'Hale', 'Timothy Hale', 'timothy.hale@example.com', NULL, NULL, 0, 'df234305-8a47-4b4d-8efb-716a6b695428', '2025-07-01 22:15:07', '2025-07-01 22:15:07');
INSERT INTO `users` (`uuid`, `first_name`, `last_name`, `full_name`, `email`, `address`, `contact`, `inactive`, `tenant_id`, `created_on`, `modified_on`) VALUES ('1be0810e-0a4b-46d2-bb3f-ead28595aa41', 'Brandon', 'Phelps', 'Brandon Phelps', 'brandon.phelps@example.com', NULL, NULL, 0, 'df234305-8a47-4b4d-8efb-716a6b695428', '2025-07-01 22:15:07', '2025-07-01 22:15:07');
INSERT INTO `users` (`uuid`, `first_name`, `last_name`, `full_name`, `email`, `address`, `contact`, `inactive`, `tenant_id`, `created_on`, `modified_on`) VALUES ('5d835195-b2e4-43a7-874d-4f4a13ec63fc', 'Krista', 'Jones', 'Krista Jones', 'krista.jones@example.com', NULL, NULL, 0, 'df234305-8a47-4b4d-8efb-716a6b695428', '2025-07-01 22:15:07', '2025-07-01 22:15:07');
INSERT INTO `users` (`uuid`, `first_name`, `last_name`, `full_name`, `email`, `address`, `contact`, `inactive`, `tenant_id`, `created_on`, `modified_on`) VALUES ('32a7696c-2db2-451d-a574-da29806d839e', 'Erika', 'Davis', 'Erika Davis', 'erika.davis@example.com', NULL, NULL, 0, 'df234305-8a47-4b4d-8efb-716a6b695428', '2025-07-01 22:15:07', '2025-07-01 22:15:07');
INSERT INTO `users` (`uuid`, `first_name`, `last_name`, `full_name`, `email`, `address`, `contact`, `inactive`, `tenant_id`, `created_on`, `modified_on`) VALUES ('3e8a6427-cf83-4359-80ca-6898b8878d71', 'Brian', 'King', 'Brian King', 'brian.king@example.com', NULL, NULL, 0, 'df234305-8a47-4b4d-8efb-716a6b695428', '2025-07-01 22:15:07', '2025-07-01 22:15:07');
INSERT INTO `users` (`uuid`, `first_name`, `last_name`, `full_name`, `email`, `address`, `contact`, `inactive`, `tenant_id`, `created_on`, `modified_on`) VALUES ('8b8453db-87b3-46f3-9ffc-b01e6a7be56b', 'Eugene', 'Obrien', 'Eugene Obrien', 'eugene.obrien@example.com', NULL, NULL, 0, 'df234305-8a47-4b4d-8efb-716a6b695428', '2025-07-01 22:15:07', '2025-07-01 22:15:07');
INSERT INTO `users` (`uuid`, `first_name`, `last_name`, `full_name`, `email`, `address`, `contact`, `inactive`, `tenant_id`, `created_on`, `modified_on`) VALUES ('a6fa271b-6953-43e8-b194-7c847729699e', 'Gary', 'King', 'Gary King', 'gary.king@example.com', NULL, NULL, 0, 'df234305-8a47-4b4d-8efb-716a6b695428', '2025-07-01 22:15:07', '2025-07-01 22:15:07');
INSERT INTO `users` (`uuid`, `first_name`, `last_name`, `full_name`, `email`, `address`, `contact`, `inactive`, `tenant_id`, `created_on`, `modified_on`) VALUES ('5d23773e-8967-454b-9764-e13f41347042', 'Dr.', 'Danielle Mcclain', 'Dr. Danielle Mcclain', 'dr..daniellemcclain@example.com', NULL, NULL, 0, 'df234305-8a47-4b4d-8efb-716a6b695428', '2025-07-01 22:15:07', '2025-07-01 22:15:07');
INSERT INTO `users` (`uuid`, `first_name`, `last_name`, `full_name`, `email`, `address`, `contact`, `inactive`, `tenant_id`, `created_on`, `modified_on`) VALUES ('5a1dd935-d6c1-422d-8fff-1f9c33886748', 'Samantha', 'Collins', 'Samantha Collins', 'samantha.collins@example.com', NULL, NULL, 0, 'df234305-8a47-4b4d-8efb-716a6b695428', '2025-07-01 22:15:07', '2025-07-01 22:15:07');
INSERT INTO `users` (`uuid`, `first_name`, `last_name`, `full_name`, `email`, `address`, `contact`, `inactive`, `tenant_id`, `created_on`, `modified_on`) VALUES ('1e02036e-f11c-4970-8d35-0e5fe91d0da4', 'Andre', 'Hall', 'Andre Hall', 'andre.hall@example.com', NULL, NULL, 0, 'df234305-8a47-4b4d-8efb-716a6b695428', '2025-07-01 22:15:07', '2025-07-01 22:15:07');
INSERT INTO `users` (`uuid`, `first_name`, `last_name`, `full_name`, `email`, `address`, `contact`, `inactive`, `tenant_id`, `created_on`, `modified_on`) VALUES ('df32da01-c11f-404f-b25d-d9df70ff2bba', 'John', 'Bauer', 'John Bauer', 'john.bauer@example.com', NULL, NULL, 0, 'df234305-8a47-4b4d-8efb-716a6b695428', '2025-07-01 22:15:07', '2025-07-01 22:15:07');
INSERT INTO `users` (`uuid`, `first_name`, `last_name`, `full_name`, `email`, `address`, `contact`, `inactive`, `tenant_id`, `created_on`, `modified_on`) VALUES ('e954d3a7-be41-412b-b8d9-add732077f11', 'Elizabeth', 'Baker', 'Elizabeth Baker', 'elizabeth.baker@example.com', NULL, NULL, 0, 'df234305-8a47-4b4d-8efb-716a6b695428', '2025-07-01 22:15:07', '2025-07-01 22:15:07');
INSERT INTO `users` (`uuid`, `first_name`, `last_name`, `full_name`, `email`, `address`, `contact`, `inactive`, `tenant_id`, `created_on`, `modified_on`) VALUES ('853a4773-fbc3-452c-b895-9de797e56fe3', 'Laurie', 'Zamora', 'Laurie Zamora', 'laurie.zamora@example.com', NULL, NULL, 0, 'df234305-8a47-4b4d-8efb-716a6b695428', '2025-07-01 22:15:07', '2025-07-01 22:15:07');
INSERT INTO `users` (`uuid`, `first_name`, `last_name`, `full_name`, `email`, `address`, `contact`, `inactive`, `tenant_id`, `created_on`, `modified_on`) VALUES ('25eeeefe-2b0e-4024-a642-ecafe20597e1', 'Jason', 'Rojas', 'Jason Rojas', 'jason.rojas@example.com', NULL, NULL, 0, 'df234305-8a47-4b4d-8efb-716a6b695428', '2025-07-01 22:15:07', '2025-07-01 22:15:07');
INSERT INTO `users` (`uuid`, `first_name`, `last_name`, `full_name`, `email`, `address`, `contact`, `inactive`, `tenant_id`, `created_on`, `modified_on`) VALUES ('4e837f90-7de7-4bf6-a86b-9915048ec078', 'Tyler', 'Malone', 'Tyler Malone', 'tyler.malone@example.com', NULL, NULL, 0, 'df234305-8a47-4b4d-8efb-716a6b695428', '2025-07-01 22:15:07', '2025-07-01 22:15:07');
INSERT INTO `users` (`uuid`, `first_name`, `last_name`, `full_name`, `email`, `address`, `contact`, `inactive`, `tenant_id`, `created_on`, `modified_on`) VALUES ('cc239695-891c-4a54-85d4-5ecef39da8a1', 'Cindy', 'Gordon', 'Cindy Gordon', 'cindy.gordon@example.com', NULL, NULL, 0, 'df234305-8a47-4b4d-8efb-716a6b695428', '2025-07-01 22:15:07', '2025-07-01 22:15:07');
INSERT INTO `users` (`uuid`, `first_name`, `last_name`, `full_name`, `email`, `address`, `contact`, `inactive`, `tenant_id`, `created_on`, `modified_on`) VALUES ('f09e9f92-4e95-42ca-bc51-960c13cdbe15', 'Tyler', 'Foster', 'Tyler Foster', 'tyler.foster@example.com', NULL, NULL, 0, 'df234305-8a47-4b4d-8efb-716a6b695428', '2025-07-01 22:15:07', '2025-07-01 22:15:07');
INSERT INTO `users` (`uuid`, `first_name`, `last_name`, `full_name`, `email`, `address`, `contact`, `inactive`, `tenant_id`, `created_on`, `modified_on`) VALUES ('139b8e55-adb1-4b72-b3f4-eb9d20b9505c', 'Johnny', 'Beck', 'Johnny Beck', 'johnny.beck@example.com', NULL, NULL, 0, 'df234305-8a47-4b4d-8efb-716a6b695428', '2025-07-01 22:15:07', '2025-07-01 22:15:07');
INSERT INTO `users` (`uuid`, `first_name`, `last_name`, `full_name`, `email`, `address`, `contact`, `inactive`, `tenant_id`, `created_on`, `modified_on`) VALUES ('28a3ca93-426b-42ff-8402-f5d02d329093', 'Latoya', 'Gray', 'Latoya Gray', 'latoya.gray@example.com', NULL, NULL, 0, 'df234305-8a47-4b4d-8efb-716a6b695428', '2025-07-01 22:15:07', '2025-07-01 22:15:07');
INSERT INTO `users` (`uuid`, `first_name`, `last_name`, `full_name`, `email`, `address`, `contact`, `inactive`, `tenant_id`, `created_on`, `modified_on`) VALUES ('777ed714-85ee-47d4-aef0-ecadf69a7bbd', 'Austin', 'Sullivan', 'Austin Sullivan', 'austin.sullivan@example.com', NULL, NULL, 0, 'df234305-8a47-4b4d-8efb-716a6b695428', '2025-07-01 22:15:07', '2025-07-01 22:15:07');
INSERT INTO `users` (`uuid`, `first_name`, `last_name`, `full_name`, `email`, `address`, `contact`, `inactive`, `tenant_id`, `created_on`, `modified_on`) VALUES ('8948da37-e04e-44e6-9a68-e5f2e0b7acbc', 'Brandon', 'Miranda', 'Brandon Miranda', 'brandon.miranda@example.com', NULL, NULL, 0, 'df234305-8a47-4b4d-8efb-716a6b695428', '2025-07-01 22:15:07', '2025-07-01 22:15:07');
INSERT INTO `users` (`uuid`, `first_name`, `last_name`, `full_name`, `email`, `address`, `contact`, `inactive`, `tenant_id`, `created_on`, `modified_on`) VALUES ('38077e20-19b4-4e12-b2d4-658e697a3f81', 'David', 'Moore', 'David Moore', 'david.moore@example.com', NULL, NULL, 0, 'df234305-8a47-4b4d-8efb-716a6b695428', '2025-07-01 22:15:07', '2025-07-01 22:15:07');
INSERT INTO `users` (`uuid`, `first_name`, `last_name`, `full_name`, `email`, `address`, `contact`, `inactive`, `tenant_id`, `created_on`, `modified_on`) VALUES ('cdd5ac45-82ca-49c4-a671-68e45fff4071', 'Danny', 'Lawson', 'Danny Lawson', 'danny.lawson@example.com', NULL, NULL, 0, 'df234305-8a47-4b4d-8efb-716a6b695428', '2025-07-01 22:15:07', '2025-07-01 22:15:07');
INSERT INTO `users` (`uuid`, `first_name`, `last_name`, `full_name`, `email`, `address`, `contact`, `inactive`, `tenant_id`, `created_on`, `modified_on`) VALUES ('6d859924-97a8-440c-b7e2-ef1caf78258a', 'Dawn', 'Williamson', 'Dawn Williamson', 'dawn.williamson@example.com', NULL, NULL, 0, 'df234305-8a47-4b4d-8efb-716a6b695428', '2025-07-01 22:15:07', '2025-07-01 22:15:07');
INSERT INTO `users` (`uuid`, `first_name`, `last_name`, `full_name`, `email`, `address`, `contact`, `inactive`, `tenant_id`, `created_on`, `modified_on`) VALUES ('a2740d98-665a-4a7f-b175-9d07127c50ec', 'Brandon', 'Leonard', 'Brandon Leonard', 'brandon.leonard@example.com', NULL, NULL, 0, 'df234305-8a47-4b4d-8efb-716a6b695428', '2025-07-01 22:15:07', '2025-07-01 22:15:07');
INSERT INTO `users` (`uuid`, `first_name`, `last_name`, `full_name`, `email`, `address`, `contact`, `inactive`, `tenant_id`, `created_on`, `modified_on`) VALUES ('063028a7-f9be-4d35-a431-9138f050f4df', 'Jeff', 'Henry', 'Jeff Henry', 'jeff.henry@example.com', NULL, NULL, 0, 'df234305-8a47-4b4d-8efb-716a6b695428', '2025-07-01 22:15:07', '2025-07-01 22:15:07');
INSERT INTO `users` (`uuid`, `first_name`, `last_name`, `full_name`, `email`, `address`, `contact`, `inactive`, `tenant_id`, `created_on`, `modified_on`) VALUES ('315f7560-f5c7-493c-b08a-a58fa484127d', 'Lisa', 'Hughes', 'Lisa Hughes', 'lisa.hughes@example.com', NULL, NULL, 0, 'df234305-8a47-4b4d-8efb-716a6b695428', '2025-07-01 22:15:07', '2025-07-01 22:15:07');
INSERT INTO `users` (`uuid`, `first_name`, `last_name`, `full_name`, `email`, `address`, `contact`, `inactive`, `tenant_id`, `created_on`, `modified_on`) VALUES ('91ce653d-f473-4bdf-84cd-a8f809fa6a21', 'Brandon', 'Briggs', 'Brandon Briggs', 'brandon.briggs@example.com', NULL, NULL, 0, 'df234305-8a47-4b4d-8efb-716a6b695428', '2025-07-01 22:15:07', '2025-07-01 22:15:07');
INSERT INTO `users` (`uuid`, `first_name`, `last_name`, `full_name`, `email`, `address`, `contact`, `inactive`, `tenant_id`, `created_on`, `modified_on`) VALUES ('81c80328-7820-405d-8218-7e736fa12af4', 'Jennifer', 'Howard', 'Jennifer Howard', 'jennifer.howard@example.com', NULL, NULL, 0, 'df234305-8a47-4b4d-8efb-716a6b695428', '2025-07-01 22:15:07', '2025-07-01 22:15:07');
INSERT INTO `users` (`uuid`, `first_name`, `last_name`, `full_name`, `email`, `address`, `contact`, `inactive`, `tenant_id`, `created_on`, `modified_on`) VALUES ('4c4f9e3e-390b-4ffd-aab3-fd5e9caef62f', 'Jeffrey', 'Brock', 'Jeffrey Brock', 'jeffrey.brock@example.com', NULL, NULL, 0, 'df234305-8a47-4b4d-8efb-716a6b695428', '2025-07-01 22:15:07', '2025-07-01 22:15:07');
INSERT INTO `users` (`uuid`, `first_name`, `last_name`, `full_name`, `email`, `address`, `contact`, `inactive`, `tenant_id`, `created_on`, `modified_on`) VALUES ('959f38cd-a405-425a-8d5d-60610c34c215', 'Michael', 'Schroeder', 'Michael Schroeder', 'michael.schroeder@example.com', NULL, NULL, 0, 'df234305-8a47-4b4d-8efb-716a6b695428', '2025-07-01 22:15:07', '2025-07-01 22:15:07');
INSERT INTO `users` (`uuid`, `first_name`, `last_name`, `full_name`, `email`, `address`, `contact`, `inactive`, `tenant_id`, `created_on`, `modified_on`) VALUES ('c9c7d100-de57-4b6f-92e8-ed48fc9e7068', 'Jennifer', 'Trevino', 'Jennifer Trevino', 'jennifer.trevino@example.com', NULL, NULL, 0, 'df234305-8a47-4b4d-8efb-716a6b695428', '2025-07-01 22:15:07', '2025-07-01 22:15:07');
INSERT INTO `users` (`uuid`, `first_name`, `last_name`, `full_name`, `email`, `address`, `contact`, `inactive`, `tenant_id`, `created_on`, `modified_on`) VALUES ('5e55db68-fe53-466d-b472-c91e995c2dc4', 'Kevin', 'Peters', 'Kevin Peters', 'kevin.peters@example.com', NULL, NULL, 0, 'df234305-8a47-4b4d-8efb-716a6b695428', '2025-07-01 22:15:07', '2025-07-01 22:15:07');
INSERT INTO `users` (`uuid`, `first_name`, `last_name`, `full_name`, `email`, `address`, `contact`, `inactive`, `tenant_id`, `created_on`, `modified_on`) VALUES ('1ebffbde-3d44-4689-b3aa-691e8dce42a8', 'Virginia', 'Miller', 'Virginia Miller', 'virginia.miller@example.com', NULL, NULL, 0, 'df234305-8a47-4b4d-8efb-716a6b695428', '2025-07-01 22:15:07', '2025-07-01 22:15:07');
INSERT INTO `users` (`uuid`, `first_name`, `last_name`, `full_name`, `email`, `address`, `contact`, `inactive`, `tenant_id`, `created_on`, `modified_on`) VALUES ('d3f93d85-2434-46b3-8be2-c297984112f9', 'Marc', 'Ramos', 'Marc Ramos', 'marc.ramos@example.com', NULL, NULL, 0, 'df234305-8a47-4b4d-8efb-716a6b695428', '2025-07-01 22:15:07', '2025-07-01 22:15:07');
INSERT INTO `users` (`uuid`, `first_name`, `last_name`, `full_name`, `email`, `address`, `contact`, `inactive`, `tenant_id`, `created_on`, `modified_on`) VALUES ('e94d0d32-fa86-451b-a4b4-9687b8955cdb', 'Jonathan', 'Thomas Jr.', 'Jonathan Thomas Jr.', 'jonathan.thomasjr.@example.com', NULL, NULL, 0, 'df234305-8a47-4b4d-8efb-716a6b695428', '2025-07-01 22:15:07', '2025-07-01 22:15:07');
INSERT INTO `users` (`uuid`, `first_name`, `last_name`, `full_name`, `email`, `address`, `contact`, `inactive`, `tenant_id`, `created_on`, `modified_on`) VALUES ('5ac952eb-f878-4b0d-ad24-fb53dcdd8c14', 'Megan', 'Dalton', 'Megan Dalton', 'megan.dalton@example.com', NULL, NULL, 0, 'df234305-8a47-4b4d-8efb-716a6b695428', '2025-07-01 22:15:07', '2025-07-01 22:15:07');
INSERT INTO `users` (`uuid`, `first_name`, `last_name`, `full_name`, `email`, `address`, `contact`, `inactive`, `tenant_id`, `created_on`, `modified_on`) VALUES ('ab993e80-df11-44f3-8afe-b53babcbea2f', 'Dale', 'Herman', 'Dale Herman', 'dale.herman@example.com', NULL, NULL, 0, 'df234305-8a47-4b4d-8efb-716a6b695428', '2025-07-01 22:15:07', '2025-07-01 22:15:07');
INSERT INTO `users` (`uuid`, `first_name`, `last_name`, `full_name`, `email`, `address`, `contact`, `inactive`, `tenant_id`, `created_on`, `modified_on`) VALUES ('e0c17467-3e30-4742-8109-18447f97f114', 'Heather', 'Bennett', 'Heather Bennett', 'heather.bennett@example.com', NULL, NULL, 0, 'df234305-8a47-4b4d-8efb-716a6b695428', '2025-07-01 22:15:07', '2025-07-01 22:15:07');
INSERT INTO `users` (`uuid`, `first_name`, `last_name`, `full_name`, `email`, `address`, `contact`, `inactive`, `tenant_id`, `created_on`, `modified_on`) VALUES ('6dd7e225-56d4-4440-a28d-3ad181d31f8f', 'Matthew', 'Todd', 'Matthew Todd', 'matthew.todd@example.com', NULL, NULL, 0, 'df234305-8a47-4b4d-8efb-716a6b695428', '2025-07-01 22:15:07', '2025-07-01 22:15:07');
INSERT INTO `users` (`uuid`, `first_name`, `last_name`, `full_name`, `email`, `address`, `contact`, `inactive`, `tenant_id`, `created_on`, `modified_on`) VALUES ('7d18c858-9d81-4d91-b711-3baca0def003', 'Bryan', 'Martinez', 'Bryan Martinez', 'bryan.martinez@example.com', NULL, NULL, 0, 'df234305-8a47-4b4d-8efb-716a6b695428', '2025-07-01 22:15:07', '2025-07-01 22:15:07');
INSERT INTO `users` (`uuid`, `first_name`, `last_name`, `full_name`, `email`, `address`, `contact`, `inactive`, `tenant_id`, `created_on`, `modified_on`) VALUES ('b18f5b18-d42c-4c0f-a1c5-11fdf0e78f9e', 'Roger', 'Moreno', 'Roger Moreno', 'roger.moreno@example.com', NULL, NULL, 0, 'df234305-8a47-4b4d-8efb-716a6b695428', '2025-07-01 22:15:07', '2025-07-01 22:15:07');
INSERT INTO `users` (`uuid`, `first_name`, `last_name`, `full_name`, `email`, `address`, `contact`, `inactive`, `tenant_id`, `created_on`, `modified_on`) VALUES ('6c36445c-d854-4674-b335-bf08c0e7d16f', 'David', 'Henson', 'David Henson', 'david.henson@example.com', NULL, NULL, 0, 'df234305-8a47-4b4d-8efb-716a6b695428', '2025-07-01 22:15:07', '2025-07-01 22:15:07');
INSERT INTO `users` (`uuid`, `first_name`, `last_name`, `full_name`, `email`, `address`, `contact`, `inactive`, `tenant_id`, `created_on`, `modified_on`) VALUES ('b1834e51-4529-4672-bb41-2eb56e4d8eee', 'Patricia', 'Cooke', 'Patricia Cooke', 'patricia.cooke@example.com', NULL, NULL, 0, 'df234305-8a47-4b4d-8efb-716a6b695428', '2025-07-01 22:15:07', '2025-07-01 22:15:07');
INSERT INTO `users` (`uuid`, `first_name`, `last_name`, `full_name`, `email`, `address`, `contact`, `inactive`, `tenant_id`, `created_on`, `modified_on`) VALUES ('f1e9e7c6-fac3-4e81-9c33-956a6e6a8c65', 'John', 'Smith', 'John Smith', 'john.smith@example.com', NULL, NULL, 0, 'df234305-8a47-4b4d-8efb-716a6b695428', '2025-07-01 22:15:07', '2025-07-01 22:15:07');
INSERT INTO `users` (`uuid`, `first_name`, `last_name`, `full_name`, `email`, `address`, `contact`, `inactive`, `tenant_id`, `created_on`, `modified_on`) VALUES ('7af945cc-f992-4fd6-a21a-c3e9c4e55690', 'Randy', 'Patterson', 'Randy Patterson', 'randy.patterson@example.com', NULL, NULL, 0, 'df234305-8a47-4b4d-8efb-716a6b695428', '2025-07-01 22:15:07', '2025-07-01 22:15:07');
INSERT INTO `users` (`uuid`, `first_name`, `last_name`, `full_name`, `email`, `address`, `contact`, `inactive`, `tenant_id`, `created_on`, `modified_on`) VALUES ('bd661a21-b0ed-4ebc-bd48-b86879213ff6', 'Mr.', 'Brian Wiley', 'Mr. Brian Wiley', 'mr..brianwiley@example.com', NULL, NULL, 0, 'df234305-8a47-4b4d-8efb-716a6b695428', '2025-07-01 22:15:07', '2025-07-01 22:15:07');
INSERT INTO `users` (`uuid`, `first_name`, `last_name`, `full_name`, `email`, `address`, `contact`, `inactive`, `tenant_id`, `created_on`, `modified_on`) VALUES ('2bb748e8-8fc0-4345-a0ce-96059241fe39', 'David', 'Goodwin', 'David Goodwin', 'david.goodwin@example.com', NULL, NULL, 0, 'df234305-8a47-4b4d-8efb-716a6b695428', '2025-07-01 22:15:07', '2025-07-01 22:15:07');
INSERT INTO `users` (`uuid`, `first_name`, `last_name`, `full_name`, `email`, `address`, `contact`, `inactive`, `tenant_id`, `created_on`, `modified_on`) VALUES ('fcd2db2c-eafc-4a1f-871d-0dd7b38f6cf1', 'Heather', 'Horne', 'Heather Horne', 'heather.horne@example.com', NULL, NULL, 0, 'df234305-8a47-4b4d-8efb-716a6b695428', '2025-07-01 22:15:07', '2025-07-01 22:15:07');
INSERT INTO `users` (`uuid`, `first_name`, `last_name`, `full_name`, `email`, `address`, `contact`, `inactive`, `tenant_id`, `created_on`, `modified_on`) VALUES ('bbd2489e-06eb-421b-a8a3-93fbb6616c0b', 'Maria', 'Vargas', 'Maria Vargas', 'maria.vargas@example.com', NULL, NULL, 0, 'df234305-8a47-4b4d-8efb-716a6b695428', '2025-07-01 22:15:07', '2025-07-01 22:15:07');
INSERT INTO `users` (`uuid`, `first_name`, `last_name`, `full_name`, `email`, `address`, `contact`, `inactive`, `tenant_id`, `created_on`, `modified_on`) VALUES ('80c7ae58-ef24-48a4-992a-08d6f0c00820', 'Angela', 'Wells', 'Angela Wells', 'angela.wells@example.com', NULL, NULL, 0, 'df234305-8a47-4b4d-8efb-716a6b695428', '2025-07-01 22:15:07', '2025-07-01 22:15:07');
INSERT INTO `users` (`uuid`, `first_name`, `last_name`, `full_name`, `email`, `address`, `contact`, `inactive`, `tenant_id`, `created_on`, `modified_on`) VALUES ('7e62f987-1f02-46f5-b36f-2aed0d4740a9', 'Joseph', 'Ferguson', 'Joseph Ferguson', 'joseph.ferguson@example.com', NULL, NULL, 0, 'df234305-8a47-4b4d-8efb-716a6b695428', '2025-07-01 22:15:07', '2025-07-01 22:15:07');
INSERT INTO `users` (`uuid`, `first_name`, `last_name`, `full_name`, `email`, `address`, `contact`, `inactive`, `tenant_id`, `created_on`, `modified_on`) VALUES ('d7c012a3-ceb2-46f0-9890-8aa699fb5ac8', 'Randy', 'Taylor', 'Randy Taylor', 'randy.taylor@example.com', NULL, NULL, 0, 'df234305-8a47-4b4d-8efb-716a6b695428', '2025-07-01 22:15:07', '2025-07-01 22:15:07');
INSERT INTO `users` (`uuid`, `first_name`, `last_name`, `full_name`, `email`, `address`, `contact`, `inactive`, `tenant_id`, `created_on`, `modified_on`) VALUES ('abd06cff-069b-4cdb-8b74-b2f44a92eb29', 'John', 'Alvarado', 'John Alvarado', 'john.alvarado@example.com', NULL, NULL, 0, 'df234305-8a47-4b4d-8efb-716a6b695428', '2025-07-01 22:15:07', '2025-07-01 22:15:07');
INSERT INTO `users` (`uuid`, `first_name`, `last_name`, `full_name`, `email`, `address`, `contact`, `inactive`, `tenant_id`, `created_on`, `modified_on`) VALUES ('03357819-d8b6-4f20-9cfe-bb510ae0494f', 'Jeffrey', 'Evans', 'Jeffrey Evans', 'jeffrey.evans@example.com', NULL, NULL, 0, 'df234305-8a47-4b4d-8efb-716a6b695428', '2025-07-01 22:15:07', '2025-07-01 22:15:07');
INSERT INTO `users` (`uuid`, `first_name`, `last_name`, `full_name`, `email`, `address`, `contact`, `inactive`, `tenant_id`, `created_on`, `modified_on`) VALUES ('5ff9080c-af77-4fd2-87e3-90968a9fc581', 'Kelsey', 'Martinez', 'Kelsey Martinez', 'kelsey.martinez@example.com', NULL, NULL, 0, 'df234305-8a47-4b4d-8efb-716a6b695428', '2025-07-01 22:15:07', '2025-07-01 22:15:07');
INSERT INTO `users` (`uuid`, `first_name`, `last_name`, `full_name`, `email`, `address`, `contact`, `inactive`, `tenant_id`, `created_on`, `modified_on`) VALUES ('6d5b7474-4fb2-4886-9ed3-80489a6d02e8', 'Kristen', 'Jackson', 'Kristen Jackson', 'kristen.jackson@example.com', NULL, NULL, 0, 'df234305-8a47-4b4d-8efb-716a6b695428', '2025-07-01 22:15:07', '2025-07-01 22:15:07');
INSERT INTO `users` (`uuid`, `first_name`, `last_name`, `full_name`, `email`, `address`, `contact`, `inactive`, `tenant_id`, `created_on`, `modified_on`) VALUES ('a7296ac9-7d25-465b-a23c-4da0d8aad9b6', 'Tamara', 'Simmons', 'Tamara Simmons', 'tamara.simmons@example.com', NULL, NULL, 0, 'df234305-8a47-4b4d-8efb-716a6b695428', '2025-07-01 22:15:07', '2025-07-01 22:15:07');
INSERT INTO `users` (`uuid`, `first_name`, `last_name`, `full_name`, `email`, `address`, `contact`, `inactive`, `tenant_id`, `created_on`, `modified_on`) VALUES ('20da1ba0-349b-4481-95d5-7a6fd1ad2ea3', 'David', 'Johnson', 'David Johnson', 'david.johnson@example.com', NULL, NULL, 0, 'df234305-8a47-4b4d-8efb-716a6b695428', '2025-07-01 22:15:07', '2025-07-01 22:15:07');
INSERT INTO `users` (`uuid`, `first_name`, `last_name`, `full_name`, `email`, `address`, `contact`, `inactive`, `tenant_id`, `created_on`, `modified_on`) VALUES ('0a660921-904d-45fe-acfd-485e227f080c', 'Jose', 'James', 'Jose James', 'jose.james@example.com', NULL, NULL, 0, 'df234305-8a47-4b4d-8efb-716a6b695428', '2025-07-01 22:15:07', '2025-07-01 22:15:07');
INSERT INTO `users` (`uuid`, `first_name`, `last_name`, `full_name`, `email`, `address`, `contact`, `inactive`, `tenant_id`, `created_on`, `modified_on`) VALUES ('88f7e481-5fa1-49cb-8e27-341fb9bd841c', 'Michael', 'Randall', 'Michael Randall', 'michael.randall@example.com', NULL, NULL, 0, 'df234305-8a47-4b4d-8efb-716a6b695428', '2025-07-01 22:15:07', '2025-07-01 22:15:07');
INSERT INTO `users` (`uuid`, `first_name`, `last_name`, `full_name`, `email`, `address`, `contact`, `inactive`, `tenant_id`, `created_on`, `modified_on`) VALUES ('da5fd11c-2962-4ea9-9ca3-6e6288a87ce8', 'Edward', 'Weaver', 'Edward Weaver', 'edward.weaver@example.com', NULL, NULL, 0, 'df234305-8a47-4b4d-8efb-716a6b695428', '2025-07-01 22:15:07', '2025-07-01 22:15:07');
INSERT INTO `users` (`uuid`, `first_name`, `last_name`, `full_name`, `email`, `address`, `contact`, `inactive`, `tenant_id`, `created_on`, `modified_on`) VALUES ('1fa4e3a3-a735-4185-a233-b68e14309635', 'Amanda', 'Collins', 'Amanda Collins', 'amanda.collins@example.com', NULL, NULL, 0, 'df234305-8a47-4b4d-8efb-716a6b695428', '2025-07-01 22:15:07', '2025-07-01 22:15:07');
INSERT INTO `users` (`uuid`, `first_name`, `last_name`, `full_name`, `email`, `address`, `contact`, `inactive`, `tenant_id`, `created_on`, `modified_on`) VALUES ('ea3427f9-aa64-431e-a1b0-2db9b58cbbc6', 'Catherine', 'Harding', 'Catherine Harding', 'catherine.harding@example.com', NULL, NULL, 0, 'df234305-8a47-4b4d-8efb-716a6b695428', '2025-07-01 22:15:07', '2025-07-01 22:15:07');
INSERT INTO `client` (`uuid`, `client_name`, `client_code`, `is_active`, `tenant_id`, `created_on`, `modified_on`) VALUES ('875889b0-d554-4500-8f84-e2721baa2567', 'Watson-Carpenter', 1001, 1, 'df234305-8a47-4b4d-8efb-716a6b695428', '2025-07-01 22:15:07', '2025-07-01 22:15:07');
INSERT INTO `department` (`uuid`, `department`, `tenant_id`, `client_id`, `created_on`, `modified_on`) VALUES ('fce5bd30-5852-4b9d-8650-48cc4ad5ea5f', 'AI Solutions', 'df234305-8a47-4b4d-8efb-716a6b695428', '875889b0-d554-4500-8f84-e2721baa2567', '2025-07-01 22:15:07', '2025-07-01 22:15:07');
INSERT INTO `department` (`uuid`, `department`, `tenant_id`, `client_id`, `created_on`, `modified_on`) VALUES ('8fe8a0a4-004a-4813-a96e-2532b9a164d6', 'Robotics', 'df234305-8a47-4b4d-8efb-716a6b695428', '875889b0-d554-4500-8f84-e2721baa2567', '2025-07-01 22:15:07', '2025-07-01 22:15:07');
INSERT INTO `department` (`uuid`, `department`, `tenant_id`, `client_id`, `created_on`, `modified_on`) VALUES ('4bcc4373-ccaf-4de0-8c60-e8437d994697', 'Civil Systems', 'df234305-8a47-4b4d-8efb-716a6b695428', '875889b0-d554-4500-8f84-e2721baa2567', '2025-07-01 22:15:07', '2025-07-01 22:15:07');
INSERT INTO `department` (`uuid`, `department`, `tenant_id`, `client_id`, `created_on`, `modified_on`) VALUES ('0caa00e1-101e-446f-b457-8b2871494952', 'Aerospace', 'df234305-8a47-4b4d-8efb-716a6b695428', '875889b0-d554-4500-8f84-e2721baa2567', '2025-07-01 22:15:07', '2025-07-01 22:15:07');
INSERT INTO `department` (`uuid`, `department`, `tenant_id`, `client_id`, `created_on`, `modified_on`) VALUES ('aff07806-5c39-456e-b816-b67b3dc5f370', 'Biomedical', 'df234305-8a47-4b4d-8efb-716a6b695428', '875889b0-d554-4500-8f84-e2721baa2567', '2025-07-01 22:15:07', '2025-07-01 22:15:07');
INSERT INTO `department` (`uuid`, `department`, `tenant_id`, `client_id`, `created_on`, `modified_on`) VALUES ('91586579-bc3e-4b34-bca4-009d9a21ef49', 'Cybersecurity', 'df234305-8a47-4b4d-8efb-716a6b695428', '875889b0-d554-4500-8f84-e2721baa2567', '2025-07-01 22:15:07', '2025-07-01 22:15:07');
INSERT INTO `client` (`uuid`, `client_name`, `client_code`, `is_active`, `tenant_id`, `created_on`, `modified_on`) VALUES ('0341f0da-1299-4a8c-9ca7-24ece23d678a', 'Mueller Group', 1002, 1, 'df234305-8a47-4b4d-8efb-716a6b695428', '2025-07-01 22:15:07', '2025-07-01 22:15:07');
INSERT INTO `department` (`uuid`, `department`, `tenant_id`, `client_id`, `created_on`, `modified_on`) VALUES ('01ae6972-0a78-4e23-a271-d913b153a833', 'Cybersecurity', 'df234305-8a47-4b4d-8efb-716a6b695428', '0341f0da-1299-4a8c-9ca7-24ece23d678a', '2025-07-01 22:15:07', '2025-07-01 22:15:07');
INSERT INTO `department` (`uuid`, `department`, `tenant_id`, `client_id`, `created_on`, `modified_on`) VALUES ('e0adae3b-eb47-463e-8e70-8d1dae3f56c5', 'AI Solutions', 'df234305-8a47-4b4d-8efb-716a6b695428', '0341f0da-1299-4a8c-9ca7-24ece23d678a', '2025-07-01 22:15:07', '2025-07-01 22:15:07');
INSERT INTO `department` (`uuid`, `department`, `tenant_id`, `client_id`, `created_on`, `modified_on`) VALUES ('025446f4-25c6-4bdd-a645-27a21ef4d094', 'Robotics', 'df234305-8a47-4b4d-8efb-716a6b695428', '0341f0da-1299-4a8c-9ca7-24ece23d678a', '2025-07-01 22:15:07', '2025-07-01 22:15:07');
INSERT INTO `department` (`uuid`, `department`, `tenant_id`, `client_id`, `created_on`, `modified_on`) VALUES ('fb38d6b9-6168-4fb9-8361-adb2b8e579c9', 'Biomedical', 'df234305-8a47-4b4d-8efb-716a6b695428', '0341f0da-1299-4a8c-9ca7-24ece23d678a', '2025-07-01 22:15:07', '2025-07-01 22:15:07');
INSERT INTO `department` (`uuid`, `department`, `tenant_id`, `client_id`, `created_on`, `modified_on`) VALUES ('6829b9d8-b7af-4400-9d9a-b3318244e2c2', 'Aerospace', 'df234305-8a47-4b4d-8efb-716a6b695428', '0341f0da-1299-4a8c-9ca7-24ece23d678a', '2025-07-01 22:15:07', '2025-07-01 22:15:07');
INSERT INTO `client` (`uuid`, `client_name`, `client_code`, `is_active`, `tenant_id`, `created_on`, `modified_on`) VALUES ('c197971b-5c48-4e44-a696-52eb68be873b', 'Booker Ltd', 1003, 1, 'df234305-8a47-4b4d-8efb-716a6b695428', '2025-07-01 22:15:07', '2025-07-01 22:15:07');
INSERT INTO `department` (`uuid`, `department`, `tenant_id`, `client_id`, `created_on`, `modified_on`) VALUES ('d5091bf6-93dc-44e5-9f9e-50117996185c', 'Robotics', 'df234305-8a47-4b4d-8efb-716a6b695428', 'c197971b-5c48-4e44-a696-52eb68be873b', '2025-07-01 22:15:07', '2025-07-01 22:15:07');
INSERT INTO `department` (`uuid`, `department`, `tenant_id`, `client_id`, `created_on`, `modified_on`) VALUES ('68e708c0-4acf-445b-948f-8180088b648b', 'Civil Systems', 'df234305-8a47-4b4d-8efb-716a6b695428', 'c197971b-5c48-4e44-a696-52eb68be873b', '2025-07-01 22:15:07', '2025-07-01 22:15:07');
INSERT INTO `department` (`uuid`, `department`, `tenant_id`, `client_id`, `created_on`, `modified_on`) VALUES ('eea2d577-2117-4b42-8937-18b90e5ad8d9', 'Aerospace', 'df234305-8a47-4b4d-8efb-716a6b695428', 'c197971b-5c48-4e44-a696-52eb68be873b', '2025-07-01 22:15:07', '2025-07-01 22:15:07');
INSERT INTO `department` (`uuid`, `department`, `tenant_id`, `client_id`, `created_on`, `modified_on`) VALUES ('edd9dd65-f9e7-4c0e-925e-5ae2fc59a376', 'Biomedical', 'df234305-8a47-4b4d-8efb-716a6b695428', 'c197971b-5c48-4e44-a696-52eb68be873b', '2025-07-01 22:15:07', '2025-07-01 22:15:07');
INSERT INTO `department` (`uuid`, `department`, `tenant_id`, `client_id`, `created_on`, `modified_on`) VALUES ('3759153f-1d26-402a-9cc0-1cb93b374339', 'AI Solutions', 'df234305-8a47-4b4d-8efb-716a6b695428', 'c197971b-5c48-4e44-a696-52eb68be873b', '2025-07-01 22:15:07', '2025-07-01 22:15:07');
INSERT INTO `client` (`uuid`, `client_name`, `client_code`, `is_active`, `tenant_id`, `created_on`, `modified_on`) VALUES ('f3f6a801-c580-46ff-b808-d2b1fd92b804', 'Green-Green', 1004, 1, 'df234305-8a47-4b4d-8efb-716a6b695428', '2025-07-01 22:15:07', '2025-07-01 22:15:07');
INSERT INTO `department` (`uuid`, `department`, `tenant_id`, `client_id`, `created_on`, `modified_on`) VALUES ('b96d336b-96da-4221-805b-718f9226bbb2', 'Cybersecurity', 'df234305-8a47-4b4d-8efb-716a6b695428', 'f3f6a801-c580-46ff-b808-d2b1fd92b804', '2025-07-01 22:15:07', '2025-07-01 22:15:07');
INSERT INTO `department` (`uuid`, `department`, `tenant_id`, `client_id`, `created_on`, `modified_on`) VALUES ('6c3f95ef-518a-4f56-887d-cfa436d36ff4', 'Biomedical', 'df234305-8a47-4b4d-8efb-716a6b695428', 'f3f6a801-c580-46ff-b808-d2b1fd92b804', '2025-07-01 22:15:07', '2025-07-01 22:15:07');
INSERT INTO `department` (`uuid`, `department`, `tenant_id`, `client_id`, `created_on`, `modified_on`) VALUES ('61349522-b6f1-48f7-8f89-55090983feef', 'Civil Systems', 'df234305-8a47-4b4d-8efb-716a6b695428', 'f3f6a801-c580-46ff-b808-d2b1fd92b804', '2025-07-01 22:15:07', '2025-07-01 22:15:07');
INSERT INTO `department` (`uuid`, `department`, `tenant_id`, `client_id`, `created_on`, `modified_on`) VALUES ('df0d2c18-b151-40a3-8588-993cdf14b0c0', 'AI Solutions', 'df234305-8a47-4b4d-8efb-716a6b695428', 'f3f6a801-c580-46ff-b808-d2b1fd92b804', '2025-07-01 22:15:07', '2025-07-01 22:15:07');
INSERT INTO `department` (`uuid`, `department`, `tenant_id`, `client_id`, `created_on`, `modified_on`) VALUES ('529865ba-9428-47cb-92d6-685d5205ba9e', 'Aerospace', 'df234305-8a47-4b4d-8efb-716a6b695428', 'f3f6a801-c580-46ff-b808-d2b1fd92b804', '2025-07-01 22:15:07', '2025-07-01 22:15:07');
INSERT INTO `department` (`uuid`, `department`, `tenant_id`, `client_id`, `created_on`, `modified_on`) VALUES ('8e3d9ede-68af-4e8e-8a5a-b68ce35b44ba', 'Robotics', 'df234305-8a47-4b4d-8efb-716a6b695428', 'f3f6a801-c580-46ff-b808-d2b1fd92b804', '2025-07-01 22:15:07', '2025-07-01 22:15:07');
INSERT INTO `client` (`uuid`, `client_name`, `client_code`, `is_active`, `tenant_id`, `created_on`, `modified_on`) VALUES ('63d43cdd-bce1-4ce6-8ca5-c7b9c460922d', 'Jarvis-James', 1005, 1, 'df234305-8a47-4b4d-8efb-716a6b695428', '2025-07-01 22:15:07', '2025-07-01 22:15:07');
INSERT INTO `department` (`uuid`, `department`, `tenant_id`, `client_id`, `created_on`, `modified_on`) VALUES ('889e0a9b-566a-4d21-a866-87ed40741ddb', 'Robotics', 'df234305-8a47-4b4d-8efb-716a6b695428', '63d43cdd-bce1-4ce6-8ca5-c7b9c460922d', '2025-07-01 22:15:07', '2025-07-01 22:15:07');
INSERT INTO `department` (`uuid`, `department`, `tenant_id`, `client_id`, `created_on`, `modified_on`) VALUES ('7dee0522-7101-4c9f-8a30-27e733098b24', 'AI Solutions', 'df234305-8a47-4b4d-8efb-716a6b695428', '63d43cdd-bce1-4ce6-8ca5-c7b9c460922d', '2025-07-01 22:15:07', '2025-07-01 22:15:07');
INSERT INTO `department` (`uuid`, `department`, `tenant_id`, `client_id`, `created_on`, `modified_on`) VALUES ('b4cfcb6d-0a10-4ca4-83aa-7c227a492118', 'Cybersecurity', 'df234305-8a47-4b4d-8efb-716a6b695428', '63d43cdd-bce1-4ce6-8ca5-c7b9c460922d', '2025-07-01 22:15:07', '2025-07-01 22:15:07');
INSERT INTO `department` (`uuid`, `department`, `tenant_id`, `client_id`, `created_on`, `modified_on`) VALUES ('2cbb2f6d-0d7f-4b24-aebd-e7bd14eb6c93', 'Aerospace', 'df234305-8a47-4b4d-8efb-716a6b695428', '63d43cdd-bce1-4ce6-8ca5-c7b9c460922d', '2025-07-01 22:15:07', '2025-07-01 22:15:07');
INSERT INTO `department` (`uuid`, `department`, `tenant_id`, `client_id`, `created_on`, `modified_on`) VALUES ('0569e542-15d3-4d05-9267-242359210399', 'Civil Systems', 'df234305-8a47-4b4d-8efb-716a6b695428', '63d43cdd-bce1-4ce6-8ca5-c7b9c460922d', '2025-07-01 22:15:07', '2025-07-01 22:15:07');
INSERT INTO `department` (`uuid`, `department`, `tenant_id`, `client_id`, `created_on`, `modified_on`) VALUES ('7f2387b9-739e-48b7-a4e6-a97cc5b5becd', 'Biomedical', 'df234305-8a47-4b4d-8efb-716a6b695428', '63d43cdd-bce1-4ce6-8ca5-c7b9c460922d', '2025-07-01 22:15:07', '2025-07-01 22:15:07');
INSERT INTO `client` (`uuid`, `client_name`, `client_code`, `is_active`, `tenant_id`, `created_on`, `modified_on`) VALUES ('d5039922-ea33-4459-a0d4-89519390e550', 'Ramsey Inc', 1006, 1, 'df234305-8a47-4b4d-8efb-716a6b695428', '2025-07-01 22:15:07', '2025-07-01 22:15:07');
INSERT INTO `department` (`uuid`, `department`, `tenant_id`, `client_id`, `created_on`, `modified_on`) VALUES ('a66d6b01-dd75-4065-bbe1-9ea52fa3a9af', 'Aerospace', 'df234305-8a47-4b4d-8efb-716a6b695428', 'd5039922-ea33-4459-a0d4-89519390e550', '2025-07-01 22:15:07', '2025-07-01 22:15:07');
INSERT INTO `department` (`uuid`, `department`, `tenant_id`, `client_id`, `created_on`, `modified_on`) VALUES ('26862f7b-a541-4e5e-8ee3-ae7c71d12c3a', 'AI Solutions', 'df234305-8a47-4b4d-8efb-716a6b695428', 'd5039922-ea33-4459-a0d4-89519390e550', '2025-07-01 22:15:07', '2025-07-01 22:15:07');
INSERT INTO `department` (`uuid`, `department`, `tenant_id`, `client_id`, `created_on`, `modified_on`) VALUES ('7f28b3ec-d39a-4742-8481-78118bd946c9', 'Biomedical', 'df234305-8a47-4b4d-8efb-716a6b695428', 'd5039922-ea33-4459-a0d4-89519390e550', '2025-07-01 22:15:07', '2025-07-01 22:15:07');
INSERT INTO `department` (`uuid`, `department`, `tenant_id`, `client_id`, `created_on`, `modified_on`) VALUES ('1f8ffa4f-e23f-40bc-ac9d-45b4788c878f', 'Civil Systems', 'df234305-8a47-4b4d-8efb-716a6b695428', 'd5039922-ea33-4459-a0d4-89519390e550', '2025-07-01 22:15:07', '2025-07-01 22:15:07');
INSERT INTO `department` (`uuid`, `department`, `tenant_id`, `client_id`, `created_on`, `modified_on`) VALUES ('fd0809c4-b7f0-41b2-94ba-dac0cc300438', 'Cybersecurity', 'df234305-8a47-4b4d-8efb-716a6b695428', 'd5039922-ea33-4459-a0d4-89519390e550', '2025-07-01 22:15:07', '2025-07-01 22:15:07');
INSERT INTO `department` (`uuid`, `department`, `tenant_id`, `client_id`, `created_on`, `modified_on`) VALUES ('65b00d39-0ca1-4e54-93b9-ccea58e2d0f3', 'Robotics', 'df234305-8a47-4b4d-8efb-716a6b695428', 'd5039922-ea33-4459-a0d4-89519390e550', '2025-07-01 22:15:07', '2025-07-01 22:15:07');
INSERT INTO `client` (`uuid`, `client_name`, `client_code`, `is_active`, `tenant_id`, `created_on`, `modified_on`) VALUES ('6307f222-83f9-4e91-8ee1-bdba5a29d8aa', 'Chang LLC', 1007, 1, 'df234305-8a47-4b4d-8efb-716a6b695428', '2025-07-01 22:15:07', '2025-07-01 22:15:07');
INSERT INTO `department` (`uuid`, `department`, `tenant_id`, `client_id`, `created_on`, `modified_on`) VALUES ('33a1fe00-be92-4039-ad96-bf1215592e44', 'Biomedical', 'df234305-8a47-4b4d-8efb-716a6b695428', '6307f222-83f9-4e91-8ee1-bdba5a29d8aa', '2025-07-01 22:15:07', '2025-07-01 22:15:07');
INSERT INTO `department` (`uuid`, `department`, `tenant_id`, `client_id`, `created_on`, `modified_on`) VALUES ('93ee24a8-1ebd-4c45-917b-5c6a10909be7', 'Robotics', 'df234305-8a47-4b4d-8efb-716a6b695428', '6307f222-83f9-4e91-8ee1-bdba5a29d8aa', '2025-07-01 22:15:07', '2025-07-01 22:15:07');
INSERT INTO `department` (`uuid`, `department`, `tenant_id`, `client_id`, `created_on`, `modified_on`) VALUES ('104c546b-23fa-49fc-84ca-c4048bbadc83', 'AI Solutions', 'df234305-8a47-4b4d-8efb-716a6b695428', '6307f222-83f9-4e91-8ee1-bdba5a29d8aa', '2025-07-01 22:15:07', '2025-07-01 22:15:07');
INSERT INTO `department` (`uuid`, `department`, `tenant_id`, `client_id`, `created_on`, `modified_on`) VALUES ('90180a59-1f30-4168-b559-dabc24ff99d2', 'Civil Systems', 'df234305-8a47-4b4d-8efb-716a6b695428', '6307f222-83f9-4e91-8ee1-bdba5a29d8aa', '2025-07-01 22:15:07', '2025-07-01 22:15:07');
INSERT INTO `department` (`uuid`, `department`, `tenant_id`, `client_id`, `created_on`, `modified_on`) VALUES ('18af739a-75af-4ac1-bbe6-1d68285eac43', 'Cybersecurity', 'df234305-8a47-4b4d-8efb-716a6b695428', '6307f222-83f9-4e91-8ee1-bdba5a29d8aa', '2025-07-01 22:15:07', '2025-07-01 22:15:07');
INSERT INTO `department` (`uuid`, `department`, `tenant_id`, `client_id`, `created_on`, `modified_on`) VALUES ('1c9cd347-4908-4e6b-a98a-6ca5778c4822', 'Aerospace', 'df234305-8a47-4b4d-8efb-716a6b695428', '6307f222-83f9-4e91-8ee1-bdba5a29d8aa', '2025-07-01 22:15:07', '2025-07-01 22:15:07');
INSERT INTO `client` (`uuid`, `client_name`, `client_code`, `is_active`, `tenant_id`, `created_on`, `modified_on`) VALUES ('efd8c053-7658-4e2d-9cc3-090a2857740a', 'Fuller, Sanchez and Lopez', 1008, 1, 'df234305-8a47-4b4d-8efb-716a6b695428', '2025-07-01 22:15:07', '2025-07-01 22:15:07');
INSERT INTO `department` (`uuid`, `department`, `tenant_id`, `client_id`, `created_on`, `modified_on`) VALUES ('cb75a98c-5be7-4af6-801d-e781d23509e5', 'Cybersecurity', 'df234305-8a47-4b4d-8efb-716a6b695428', 'efd8c053-7658-4e2d-9cc3-090a2857740a', '2025-07-01 22:15:07', '2025-07-01 22:15:07');
INSERT INTO `department` (`uuid`, `department`, `tenant_id`, `client_id`, `created_on`, `modified_on`) VALUES ('53e6d0d0-1b75-4dc1-8c70-afff550145bf', 'AI Solutions', 'df234305-8a47-4b4d-8efb-716a6b695428', 'efd8c053-7658-4e2d-9cc3-090a2857740a', '2025-07-01 22:15:07', '2025-07-01 22:15:07');
INSERT INTO `department` (`uuid`, `department`, `tenant_id`, `client_id`, `created_on`, `modified_on`) VALUES ('80141a76-4661-4b98-b1a7-979ee03e7a30', 'Robotics', 'df234305-8a47-4b4d-8efb-716a6b695428', 'efd8c053-7658-4e2d-9cc3-090a2857740a', '2025-07-01 22:15:07', '2025-07-01 22:15:07');
INSERT INTO `department` (`uuid`, `department`, `tenant_id`, `client_id`, `created_on`, `modified_on`) VALUES ('5adf0a38-56c5-4247-b296-429a4d7236f1', 'Civil Systems', 'df234305-8a47-4b4d-8efb-716a6b695428', 'efd8c053-7658-4e2d-9cc3-090a2857740a', '2025-07-01 22:15:07', '2025-07-01 22:15:07');
INSERT INTO `department` (`uuid`, `department`, `tenant_id`, `client_id`, `created_on`, `modified_on`) VALUES ('42d81bb0-7a13-4355-a265-ef6126144c43', 'Biomedical', 'df234305-8a47-4b4d-8efb-716a6b695428', 'efd8c053-7658-4e2d-9cc3-090a2857740a', '2025-07-01 22:15:07', '2025-07-01 22:15:07');
INSERT INTO `client` (`uuid`, `client_name`, `client_code`, `is_active`, `tenant_id`, `created_on`, `modified_on`) VALUES ('ec882dd2-75fd-4bed-852c-1d1f3757a801', 'Hernandez-Duncan', 1009, 1, 'df234305-8a47-4b4d-8efb-716a6b695428', '2025-07-01 22:15:07', '2025-07-01 22:15:07');
INSERT INTO `department` (`uuid`, `department`, `tenant_id`, `client_id`, `created_on`, `modified_on`) VALUES ('6ec2d6eb-2d03-452e-9625-46170b88a495', 'Biomedical', 'df234305-8a47-4b4d-8efb-716a6b695428', 'ec882dd2-75fd-4bed-852c-1d1f3757a801', '2025-07-01 22:15:07', '2025-07-01 22:15:07');
INSERT INTO `department` (`uuid`, `department`, `tenant_id`, `client_id`, `created_on`, `modified_on`) VALUES ('05ed970a-58c2-479d-915e-92ca73441287', 'Aerospace', 'df234305-8a47-4b4d-8efb-716a6b695428', 'ec882dd2-75fd-4bed-852c-1d1f3757a801', '2025-07-01 22:15:07', '2025-07-01 22:15:07');
INSERT INTO `department` (`uuid`, `department`, `tenant_id`, `client_id`, `created_on`, `modified_on`) VALUES ('d3a1b709-3cb1-41a1-a243-12c263d1f715', 'AI Solutions', 'df234305-8a47-4b4d-8efb-716a6b695428', 'ec882dd2-75fd-4bed-852c-1d1f3757a801', '2025-07-01 22:15:07', '2025-07-01 22:15:07');
INSERT INTO `department` (`uuid`, `department`, `tenant_id`, `client_id`, `created_on`, `modified_on`) VALUES ('76c23ec4-fefc-4f6b-8462-190364f0ebc3', 'Civil Systems', 'df234305-8a47-4b4d-8efb-716a6b695428', 'ec882dd2-75fd-4bed-852c-1d1f3757a801', '2025-07-01 22:15:07', '2025-07-01 22:15:07');
INSERT INTO `department` (`uuid`, `department`, `tenant_id`, `client_id`, `created_on`, `modified_on`) VALUES ('7d44a61f-fea7-44cb-9b01-ad7e1cf47dfe', 'Cybersecurity', 'df234305-8a47-4b4d-8efb-716a6b695428', 'ec882dd2-75fd-4bed-852c-1d1f3757a801', '2025-07-01 22:15:07', '2025-07-01 22:15:07');
INSERT INTO `department` (`uuid`, `department`, `tenant_id`, `client_id`, `created_on`, `modified_on`) VALUES ('62368563-f0fd-4156-981c-0cde9f1eb834', 'Robotics', 'df234305-8a47-4b4d-8efb-716a6b695428', 'ec882dd2-75fd-4bed-852c-1d1f3757a801', '2025-07-01 22:15:07', '2025-07-01 22:15:07');
INSERT INTO `client` (`uuid`, `client_name`, `client_code`, `is_active`, `tenant_id`, `created_on`, `modified_on`) VALUES ('825ae48b-c3a6-4a85-a873-c4e9e8cc7c51', 'Mata-Fuller', 1010, 1, 'df234305-8a47-4b4d-8efb-716a6b695428', '2025-07-01 22:15:07', '2025-07-01 22:15:07');
INSERT INTO `department` (`uuid`, `department`, `tenant_id`, `client_id`, `created_on`, `modified_on`) VALUES ('56cb9636-adba-4bc2-99cb-84f558cd7638', 'Robotics', 'df234305-8a47-4b4d-8efb-716a6b695428', '825ae48b-c3a6-4a85-a873-c4e9e8cc7c51', '2025-07-01 22:15:07', '2025-07-01 22:15:07');
INSERT INTO `department` (`uuid`, `department`, `tenant_id`, `client_id`, `created_on`, `modified_on`) VALUES ('ffbb4247-90bd-44c2-8ea0-2bca201f3b9a', 'Civil Systems', 'df234305-8a47-4b4d-8efb-716a6b695428', '825ae48b-c3a6-4a85-a873-c4e9e8cc7c51', '2025-07-01 22:15:07', '2025-07-01 22:15:07');
INSERT INTO `department` (`uuid`, `department`, `tenant_id`, `client_id`, `created_on`, `modified_on`) VALUES ('4d87a7bb-0038-4da0-a7d0-00871d5e70ed', 'Biomedical', 'df234305-8a47-4b4d-8efb-716a6b695428', '825ae48b-c3a6-4a85-a873-c4e9e8cc7c51', '2025-07-01 22:15:07', '2025-07-01 22:15:07');
INSERT INTO `department` (`uuid`, `department`, `tenant_id`, `client_id`, `created_on`, `modified_on`) VALUES ('9d6f7769-454b-4d32-b574-812953347700', 'Cybersecurity', 'df234305-8a47-4b4d-8efb-716a6b695428', '825ae48b-c3a6-4a85-a873-c4e9e8cc7c51', '2025-07-01 22:15:07', '2025-07-01 22:15:07');
INSERT INTO `department` (`uuid`, `department`, `tenant_id`, `client_id`, `created_on`, `modified_on`) VALUES ('53607a9a-7cad-4c0d-b9c9-97da27ae9e3f', 'AI Solutions', 'df234305-8a47-4b4d-8efb-716a6b695428', '825ae48b-c3a6-4a85-a873-c4e9e8cc7c51', '2025-07-01 22:15:07', '2025-07-01 22:15:07');
INSERT INTO `department` (`uuid`, `department`, `tenant_id`, `client_id`, `created_on`, `modified_on`) VALUES ('8e423d71-60fd-4162-8bcc-169cb25785c5', 'Aerospace', 'df234305-8a47-4b4d-8efb-716a6b695428', '825ae48b-c3a6-4a85-a873-c4e9e8cc7c51', '2025-07-01 22:15:07', '2025-07-01 22:15:07');
INSERT INTO `client` (`uuid`, `client_name`, `client_code`, `is_active`, `tenant_id`, `created_on`, `modified_on`) VALUES ('383cca5e-b716-4cdd-acec-c6b4bcbc7120', 'Kennedy Ltd', 1011, 1, 'df234305-8a47-4b4d-8efb-716a6b695428', '2025-07-01 22:15:07', '2025-07-01 22:15:07');
INSERT INTO `department` (`uuid`, `department`, `tenant_id`, `client_id`, `created_on`, `modified_on`) VALUES ('820e4a13-6690-4fa2-8dc6-6a5498a350ec', 'Civil Systems', 'df234305-8a47-4b4d-8efb-716a6b695428', '383cca5e-b716-4cdd-acec-c6b4bcbc7120', '2025-07-01 22:15:07', '2025-07-01 22:15:07');
INSERT INTO `department` (`uuid`, `department`, `tenant_id`, `client_id`, `created_on`, `modified_on`) VALUES ('d3ccaa3d-2d24-4a47-b969-1ac3f23344db', 'Cybersecurity', 'df234305-8a47-4b4d-8efb-716a6b695428', '383cca5e-b716-4cdd-acec-c6b4bcbc7120', '2025-07-01 22:15:07', '2025-07-01 22:15:07');
INSERT INTO `department` (`uuid`, `department`, `tenant_id`, `client_id`, `created_on`, `modified_on`) VALUES ('f06f6abe-3b6b-497d-af9e-5a78a2064ed3', 'Robotics', 'df234305-8a47-4b4d-8efb-716a6b695428', '383cca5e-b716-4cdd-acec-c6b4bcbc7120', '2025-07-01 22:15:07', '2025-07-01 22:15:07');
INSERT INTO `department` (`uuid`, `department`, `tenant_id`, `client_id`, `created_on`, `modified_on`) VALUES ('ee87b419-76da-4d3a-9b02-ab61b817b9e4', 'AI Solutions', 'df234305-8a47-4b4d-8efb-716a6b695428', '383cca5e-b716-4cdd-acec-c6b4bcbc7120', '2025-07-01 22:15:07', '2025-07-01 22:15:07');
INSERT INTO `department` (`uuid`, `department`, `tenant_id`, `client_id`, `created_on`, `modified_on`) VALUES ('4afe8daf-7069-43c1-9dfc-d45e52e109ec', 'Biomedical', 'df234305-8a47-4b4d-8efb-716a6b695428', '383cca5e-b716-4cdd-acec-c6b4bcbc7120', '2025-07-01 22:15:07', '2025-07-01 22:15:07');
INSERT INTO `department` (`uuid`, `department`, `tenant_id`, `client_id`, `created_on`, `modified_on`) VALUES ('12c5b4ac-6cad-45e7-bce0-53815043d18f', 'Aerospace', 'df234305-8a47-4b4d-8efb-716a6b695428', '383cca5e-b716-4cdd-acec-c6b4bcbc7120', '2025-07-01 22:15:07', '2025-07-01 22:15:07');
INSERT INTO `client` (`uuid`, `client_name`, `client_code`, `is_active`, `tenant_id`, `created_on`, `modified_on`) VALUES ('62a30e2a-d109-46f6-8d9e-0573c09a8649', 'Schaefer, Green and Morris', 1012, 1, 'df234305-8a47-4b4d-8efb-716a6b695428', '2025-07-01 22:15:07', '2025-07-01 22:15:07');
INSERT INTO `department` (`uuid`, `department`, `tenant_id`, `client_id`, `created_on`, `modified_on`) VALUES ('d74f2895-0502-459c-a1ff-d117f76f23b1', 'Civil Systems', 'df234305-8a47-4b4d-8efb-716a6b695428', '62a30e2a-d109-46f6-8d9e-0573c09a8649', '2025-07-01 22:15:07', '2025-07-01 22:15:07');
INSERT INTO `department` (`uuid`, `department`, `tenant_id`, `client_id`, `created_on`, `modified_on`) VALUES ('f4ca0151-a572-4b63-aa64-9b4ae4a203fb', 'Robotics', 'df234305-8a47-4b4d-8efb-716a6b695428', '62a30e2a-d109-46f6-8d9e-0573c09a8649', '2025-07-01 22:15:07', '2025-07-01 22:15:07');
INSERT INTO `department` (`uuid`, `department`, `tenant_id`, `client_id`, `created_on`, `modified_on`) VALUES ('e286ba9c-677d-4c3d-81dc-7eac867e0092', 'Aerospace', 'df234305-8a47-4b4d-8efb-716a6b695428', '62a30e2a-d109-46f6-8d9e-0573c09a8649', '2025-07-01 22:15:07', '2025-07-01 22:15:07');
INSERT INTO `department` (`uuid`, `department`, `tenant_id`, `client_id`, `created_on`, `modified_on`) VALUES ('f2ac993c-0614-4d81-887e-d0e1b1663c97', 'AI Solutions', 'df234305-8a47-4b4d-8efb-716a6b695428', '62a30e2a-d109-46f6-8d9e-0573c09a8649', '2025-07-01 22:15:07', '2025-07-01 22:15:07');
INSERT INTO `department` (`uuid`, `department`, `tenant_id`, `client_id`, `created_on`, `modified_on`) VALUES ('b3a1e38c-f0b4-4f68-92ab-3bbbb01dfcf6', 'Cybersecurity', 'df234305-8a47-4b4d-8efb-716a6b695428', '62a30e2a-d109-46f6-8d9e-0573c09a8649', '2025-07-01 22:15:07', '2025-07-01 22:15:07');
INSERT INTO `department` (`uuid`, `department`, `tenant_id`, `client_id`, `created_on`, `modified_on`) VALUES ('446f504c-757e-4e5d-806a-e4244f945950', 'Biomedical', 'df234305-8a47-4b4d-8efb-716a6b695428', '62a30e2a-d109-46f6-8d9e-0573c09a8649', '2025-07-01 22:15:07', '2025-07-01 22:15:07');
INSERT INTO `client` (`uuid`, `client_name`, `client_code`, `is_active`, `tenant_id`, `created_on`, `modified_on`) VALUES ('ba4e9f9b-46b8-4137-91dc-79f73efa73c3', 'Black-Nixon', 1013, 1, 'df234305-8a47-4b4d-8efb-716a6b695428', '2025-07-01 22:15:07', '2025-07-01 22:15:07');
INSERT INTO `department` (`uuid`, `department`, `tenant_id`, `client_id`, `created_on`, `modified_on`) VALUES ('614e6eea-6d7e-48c0-a5a7-154e652bb558', 'Robotics', 'df234305-8a47-4b4d-8efb-716a6b695428', 'ba4e9f9b-46b8-4137-91dc-79f73efa73c3', '2025-07-01 22:15:07', '2025-07-01 22:15:07');
INSERT INTO `department` (`uuid`, `department`, `tenant_id`, `client_id`, `created_on`, `modified_on`) VALUES ('99039d4d-999e-49b5-8a8d-31af838ad267', 'Cybersecurity', 'df234305-8a47-4b4d-8efb-716a6b695428', 'ba4e9f9b-46b8-4137-91dc-79f73efa73c3', '2025-07-01 22:15:07', '2025-07-01 22:15:07');
INSERT INTO `department` (`uuid`, `department`, `tenant_id`, `client_id`, `created_on`, `modified_on`) VALUES ('b223456f-e607-468e-a715-389f8b56b1d9', 'Aerospace', 'df234305-8a47-4b4d-8efb-716a6b695428', 'ba4e9f9b-46b8-4137-91dc-79f73efa73c3', '2025-07-01 22:15:07', '2025-07-01 22:15:07');
INSERT INTO `department` (`uuid`, `department`, `tenant_id`, `client_id`, `created_on`, `modified_on`) VALUES ('4242c0c4-a598-44a2-b8e4-4cc1c5ab529f', 'Civil Systems', 'df234305-8a47-4b4d-8efb-716a6b695428', 'ba4e9f9b-46b8-4137-91dc-79f73efa73c3', '2025-07-01 22:15:07', '2025-07-01 22:15:07');
INSERT INTO `department` (`uuid`, `department`, `tenant_id`, `client_id`, `created_on`, `modified_on`) VALUES ('e4df6cdf-3f74-4a8a-af4c-b0fe3e025892', 'AI Solutions', 'df234305-8a47-4b4d-8efb-716a6b695428', 'ba4e9f9b-46b8-4137-91dc-79f73efa73c3', '2025-07-01 22:15:07', '2025-07-01 22:15:07');
INSERT INTO `department` (`uuid`, `department`, `tenant_id`, `client_id`, `created_on`, `modified_on`) VALUES ('915feabf-57f0-451a-b4bb-7a4fb96b3ea3', 'Biomedical', 'df234305-8a47-4b4d-8efb-716a6b695428', 'ba4e9f9b-46b8-4137-91dc-79f73efa73c3', '2025-07-01 22:15:07', '2025-07-01 22:15:07');
INSERT INTO `client` (`uuid`, `client_name`, `client_code`, `is_active`, `tenant_id`, `created_on`, `modified_on`) VALUES ('6dd06b26-afd3-444f-9326-15b50b6ddb7c', 'Campbell-Graham', 1014, 1, 'df234305-8a47-4b4d-8efb-716a6b695428', '2025-07-01 22:15:07', '2025-07-01 22:15:07');
INSERT INTO `department` (`uuid`, `department`, `tenant_id`, `client_id`, `created_on`, `modified_on`) VALUES ('5be9b68c-0e96-4d02-83d4-3f25133a2cc3', 'AI Solutions', 'df234305-8a47-4b4d-8efb-716a6b695428', '6dd06b26-afd3-444f-9326-15b50b6ddb7c', '2025-07-01 22:15:07', '2025-07-01 22:15:07');
INSERT INTO `department` (`uuid`, `department`, `tenant_id`, `client_id`, `created_on`, `modified_on`) VALUES ('5b114eff-aab0-498b-b9be-4cb4c19c3168', 'Cybersecurity', 'df234305-8a47-4b4d-8efb-716a6b695428', '6dd06b26-afd3-444f-9326-15b50b6ddb7c', '2025-07-01 22:15:07', '2025-07-01 22:15:07');
INSERT INTO `department` (`uuid`, `department`, `tenant_id`, `client_id`, `created_on`, `modified_on`) VALUES ('809c7c97-8b69-4038-a183-d6c4662665b5', 'Aerospace', 'df234305-8a47-4b4d-8efb-716a6b695428', '6dd06b26-afd3-444f-9326-15b50b6ddb7c', '2025-07-01 22:15:07', '2025-07-01 22:15:07');
INSERT INTO `department` (`uuid`, `department`, `tenant_id`, `client_id`, `created_on`, `modified_on`) VALUES ('2436b36f-1cf3-4507-8b04-75be6bd6407b', 'Robotics', 'df234305-8a47-4b4d-8efb-716a6b695428', '6dd06b26-afd3-444f-9326-15b50b6ddb7c', '2025-07-01 22:15:07', '2025-07-01 22:15:07');
INSERT INTO `department` (`uuid`, `department`, `tenant_id`, `client_id`, `created_on`, `modified_on`) VALUES ('51b483ff-de4c-4eaa-839f-298fa2d0b84e', 'Biomedical', 'df234305-8a47-4b4d-8efb-716a6b695428', '6dd06b26-afd3-444f-9326-15b50b6ddb7c', '2025-07-01 22:15:07', '2025-07-01 22:15:07');
INSERT INTO `client` (`uuid`, `client_name`, `client_code`, `is_active`, `tenant_id`, `created_on`, `modified_on`) VALUES ('7b2de168-8dc2-4033-89c5-8d1363906388', 'Smith-Simmons', 1015, 1, 'df234305-8a47-4b4d-8efb-716a6b695428', '2025-07-01 22:15:07', '2025-07-01 22:15:07');
INSERT INTO `department` (`uuid`, `department`, `tenant_id`, `client_id`, `created_on`, `modified_on`) VALUES ('a4495049-0f3a-43ce-9f05-938e2e3ffc46', 'Civil Systems', 'df234305-8a47-4b4d-8efb-716a6b695428', '7b2de168-8dc2-4033-89c5-8d1363906388', '2025-07-01 22:15:07', '2025-07-01 22:15:07');
INSERT INTO `department` (`uuid`, `department`, `tenant_id`, `client_id`, `created_on`, `modified_on`) VALUES ('890babd8-7d25-4713-bdb2-8db610113694', 'Biomedical', 'df234305-8a47-4b4d-8efb-716a6b695428', '7b2de168-8dc2-4033-89c5-8d1363906388', '2025-07-01 22:15:07', '2025-07-01 22:15:07');
INSERT INTO `department` (`uuid`, `department`, `tenant_id`, `client_id`, `created_on`, `modified_on`) VALUES ('b87b42b9-5918-40e6-8c4d-61cdef76947f', 'Aerospace', 'df234305-8a47-4b4d-8efb-716a6b695428', '7b2de168-8dc2-4033-89c5-8d1363906388', '2025-07-01 22:15:07', '2025-07-01 22:15:07');
INSERT INTO `department` (`uuid`, `department`, `tenant_id`, `client_id`, `created_on`, `modified_on`) VALUES ('c2f408c8-cca0-41dc-9488-e5f8c897c9ee', 'Cybersecurity', 'df234305-8a47-4b4d-8efb-716a6b695428', '7b2de168-8dc2-4033-89c5-8d1363906388', '2025-07-01 22:15:07', '2025-07-01 22:15:07');
INSERT INTO `department` (`uuid`, `department`, `tenant_id`, `client_id`, `created_on`, `modified_on`) VALUES ('c072c968-c2b5-4f01-9850-ccd6439393a0', 'AI Solutions', 'df234305-8a47-4b4d-8efb-716a6b695428', '7b2de168-8dc2-4033-89c5-8d1363906388', '2025-07-01 22:15:07', '2025-07-01 22:15:07');
INSERT INTO `department` (`uuid`, `department`, `tenant_id`, `client_id`, `created_on`, `modified_on`) VALUES ('cb97ee5e-8b2f-45f5-8fe9-bb36a9db864e', 'Robotics', 'df234305-8a47-4b4d-8efb-716a6b695428', '7b2de168-8dc2-4033-89c5-8d1363906388', '2025-07-01 22:15:07', '2025-07-01 22:15:07');
INSERT INTO `client` (`uuid`, `client_name`, `client_code`, `is_active`, `tenant_id`, `created_on`, `modified_on`) VALUES ('fe204f9b-52ce-490f-b478-849aab94ef5f', 'Wilson, Mcdonald and White', 1016, 1, 'df234305-8a47-4b4d-8efb-716a6b695428', '2025-07-01 22:15:07', '2025-07-01 22:15:07');
INSERT INTO `department` (`uuid`, `department`, `tenant_id`, `client_id`, `created_on`, `modified_on`) VALUES ('b37e9059-29b2-454c-80fa-ea99eee0c5b1', 'Cybersecurity', 'df234305-8a47-4b4d-8efb-716a6b695428', 'fe204f9b-52ce-490f-b478-849aab94ef5f', '2025-07-01 22:15:07', '2025-07-01 22:15:07');
INSERT INTO `department` (`uuid`, `department`, `tenant_id`, `client_id`, `created_on`, `modified_on`) VALUES ('c05cae96-4f6d-45ab-ac66-723a6bf1fe52', 'AI Solutions', 'df234305-8a47-4b4d-8efb-716a6b695428', 'fe204f9b-52ce-490f-b478-849aab94ef5f', '2025-07-01 22:15:07', '2025-07-01 22:15:07');
INSERT INTO `department` (`uuid`, `department`, `tenant_id`, `client_id`, `created_on`, `modified_on`) VALUES ('c4a5143f-6adf-4975-96bf-545aeffd7673', 'Robotics', 'df234305-8a47-4b4d-8efb-716a6b695428', 'fe204f9b-52ce-490f-b478-849aab94ef5f', '2025-07-01 22:15:07', '2025-07-01 22:15:07');
INSERT INTO `department` (`uuid`, `department`, `tenant_id`, `client_id`, `created_on`, `modified_on`) VALUES ('25f40736-8036-489f-88d7-f4ad4da26cdb', 'Biomedical', 'df234305-8a47-4b4d-8efb-716a6b695428', 'fe204f9b-52ce-490f-b478-849aab94ef5f', '2025-07-01 22:15:07', '2025-07-01 22:15:07');
INSERT INTO `department` (`uuid`, `department`, `tenant_id`, `client_id`, `created_on`, `modified_on`) VALUES ('ffd5981d-0f72-4533-a402-e695ba92d1c5', 'Civil Systems', 'df234305-8a47-4b4d-8efb-716a6b695428', 'fe204f9b-52ce-490f-b478-849aab94ef5f', '2025-07-01 22:15:07', '2025-07-01 22:15:07');
INSERT INTO `department` (`uuid`, `department`, `tenant_id`, `client_id`, `created_on`, `modified_on`) VALUES ('c6211e08-da0d-4ee2-a287-7f65d77f4067', 'Aerospace', 'df234305-8a47-4b4d-8efb-716a6b695428', 'fe204f9b-52ce-490f-b478-849aab94ef5f', '2025-07-01 22:15:07', '2025-07-01 22:15:07');
INSERT INTO `client` (`uuid`, `client_name`, `client_code`, `is_active`, `tenant_id`, `created_on`, `modified_on`) VALUES ('8a4c2f8f-92ce-4724-b823-3a4991770274', 'Wagner Ltd', 1017, 1, 'df234305-8a47-4b4d-8efb-716a6b695428', '2025-07-01 22:15:07', '2025-07-01 22:15:07');
INSERT INTO `department` (`uuid`, `department`, `tenant_id`, `client_id`, `created_on`, `modified_on`) VALUES ('c48310dc-80d1-415f-a2d1-6c3e1677cedc', 'Biomedical', 'df234305-8a47-4b4d-8efb-716a6b695428', '8a4c2f8f-92ce-4724-b823-3a4991770274', '2025-07-01 22:15:07', '2025-07-01 22:15:07');
INSERT INTO `department` (`uuid`, `department`, `tenant_id`, `client_id`, `created_on`, `modified_on`) VALUES ('ea9398e1-3517-45a5-817e-cfc317f981e4', 'Civil Systems', 'df234305-8a47-4b4d-8efb-716a6b695428', '8a4c2f8f-92ce-4724-b823-3a4991770274', '2025-07-01 22:15:07', '2025-07-01 22:15:07');
INSERT INTO `department` (`uuid`, `department`, `tenant_id`, `client_id`, `created_on`, `modified_on`) VALUES ('4764a821-ff73-4a65-9f7c-8ee9a2a1d66a', 'Robotics', 'df234305-8a47-4b4d-8efb-716a6b695428', '8a4c2f8f-92ce-4724-b823-3a4991770274', '2025-07-01 22:15:07', '2025-07-01 22:15:07');
INSERT INTO `department` (`uuid`, `department`, `tenant_id`, `client_id`, `created_on`, `modified_on`) VALUES ('961f1396-fd45-4a03-a90f-39641f551ccc', 'Cybersecurity', 'df234305-8a47-4b4d-8efb-716a6b695428', '8a4c2f8f-92ce-4724-b823-3a4991770274', '2025-07-01 22:15:07', '2025-07-01 22:15:07');
INSERT INTO `department` (`uuid`, `department`, `tenant_id`, `client_id`, `created_on`, `modified_on`) VALUES ('c368a0d6-867a-479d-a74e-8bde0fc09c1a', 'Aerospace', 'df234305-8a47-4b4d-8efb-716a6b695428', '8a4c2f8f-92ce-4724-b823-3a4991770274', '2025-07-01 22:15:07', '2025-07-01 22:15:07');
INSERT INTO `client` (`uuid`, `client_name`, `client_code`, `is_active`, `tenant_id`, `created_on`, `modified_on`) VALUES ('38739443-7eeb-4034-9beb-40a536e07cba', 'Garcia PLC', 1018, 1, 'df234305-8a47-4b4d-8efb-716a6b695428', '2025-07-01 22:15:07', '2025-07-01 22:15:07');
INSERT INTO `department` (`uuid`, `department`, `tenant_id`, `client_id`, `created_on`, `modified_on`) VALUES ('b9ab100e-9658-4e32-a4f6-7b0403e7dae8', 'Aerospace', 'df234305-8a47-4b4d-8efb-716a6b695428', '38739443-7eeb-4034-9beb-40a536e07cba', '2025-07-01 22:15:07', '2025-07-01 22:15:07');
INSERT INTO `department` (`uuid`, `department`, `tenant_id`, `client_id`, `created_on`, `modified_on`) VALUES ('ee44541e-067e-4eb9-b139-81483922c19b', 'Civil Systems', 'df234305-8a47-4b4d-8efb-716a6b695428', '38739443-7eeb-4034-9beb-40a536e07cba', '2025-07-01 22:15:07', '2025-07-01 22:15:07');
INSERT INTO `department` (`uuid`, `department`, `tenant_id`, `client_id`, `created_on`, `modified_on`) VALUES ('eee63a2b-75c8-42cc-8f97-ab3461baa013', 'Cybersecurity', 'df234305-8a47-4b4d-8efb-716a6b695428', '38739443-7eeb-4034-9beb-40a536e07cba', '2025-07-01 22:15:07', '2025-07-01 22:15:07');
INSERT INTO `department` (`uuid`, `department`, `tenant_id`, `client_id`, `created_on`, `modified_on`) VALUES ('be5dc68d-9359-4854-bdd6-24c5cb824873', 'Robotics', 'df234305-8a47-4b4d-8efb-716a6b695428', '38739443-7eeb-4034-9beb-40a536e07cba', '2025-07-01 22:15:07', '2025-07-01 22:15:07');
INSERT INTO `department` (`uuid`, `department`, `tenant_id`, `client_id`, `created_on`, `modified_on`) VALUES ('b74d4ad5-8511-4028-900f-c0a038998b84', 'AI Solutions', 'df234305-8a47-4b4d-8efb-716a6b695428', '38739443-7eeb-4034-9beb-40a536e07cba', '2025-07-01 22:15:07', '2025-07-01 22:15:07');
INSERT INTO `department` (`uuid`, `department`, `tenant_id`, `client_id`, `created_on`, `modified_on`) VALUES ('26a571d9-fa9e-48cb-aa2c-57e2ac3d2cc4', 'Biomedical', 'df234305-8a47-4b4d-8efb-716a6b695428', '38739443-7eeb-4034-9beb-40a536e07cba', '2025-07-01 22:15:07', '2025-07-01 22:15:07');
INSERT INTO `client` (`uuid`, `client_name`, `client_code`, `is_active`, `tenant_id`, `created_on`, `modified_on`) VALUES ('d33461c4-3f0e-40b5-9159-289adf33a92f', 'Olson, Jones and Horton', 1019, 1, 'df234305-8a47-4b4d-8efb-716a6b695428', '2025-07-01 22:15:07', '2025-07-01 22:15:07');
INSERT INTO `department` (`uuid`, `department`, `tenant_id`, `client_id`, `created_on`, `modified_on`) VALUES ('825c9d8a-a347-493b-99ec-de245be36797', 'Robotics', 'df234305-8a47-4b4d-8efb-716a6b695428', 'd33461c4-3f0e-40b5-9159-289adf33a92f', '2025-07-01 22:15:07', '2025-07-01 22:15:07');
INSERT INTO `department` (`uuid`, `department`, `tenant_id`, `client_id`, `created_on`, `modified_on`) VALUES ('d63b5046-08ae-4d03-a884-43a79d50a591', 'Biomedical', 'df234305-8a47-4b4d-8efb-716a6b695428', 'd33461c4-3f0e-40b5-9159-289adf33a92f', '2025-07-01 22:15:07', '2025-07-01 22:15:07');
INSERT INTO `department` (`uuid`, `department`, `tenant_id`, `client_id`, `created_on`, `modified_on`) VALUES ('34a1cef8-1560-4ab9-9b4a-741af9481663', 'AI Solutions', 'df234305-8a47-4b4d-8efb-716a6b695428', 'd33461c4-3f0e-40b5-9159-289adf33a92f', '2025-07-01 22:15:07', '2025-07-01 22:15:07');
INSERT INTO `department` (`uuid`, `department`, `tenant_id`, `client_id`, `created_on`, `modified_on`) VALUES ('20a92799-a6d7-45be-b8d1-c6af80d29914', 'Aerospace', 'df234305-8a47-4b4d-8efb-716a6b695428', 'd33461c4-3f0e-40b5-9159-289adf33a92f', '2025-07-01 22:15:07', '2025-07-01 22:15:07');
INSERT INTO `department` (`uuid`, `department`, `tenant_id`, `client_id`, `created_on`, `modified_on`) VALUES ('22dc19fc-624d-4f12-8138-a0395a53406d', 'Civil Systems', 'df234305-8a47-4b4d-8efb-716a6b695428', 'd33461c4-3f0e-40b5-9159-289adf33a92f', '2025-07-01 22:15:07', '2025-07-01 22:15:07');
INSERT INTO `department` (`uuid`, `department`, `tenant_id`, `client_id`, `created_on`, `modified_on`) VALUES ('b8a841da-d210-4e31-b46e-a68a2448cabc', 'Cybersecurity', 'df234305-8a47-4b4d-8efb-716a6b695428', 'd33461c4-3f0e-40b5-9159-289adf33a92f', '2025-07-01 22:15:07', '2025-07-01 22:15:07');
INSERT INTO `client` (`uuid`, `client_name`, `client_code`, `is_active`, `tenant_id`, `created_on`, `modified_on`) VALUES ('12c8226d-2601-43a2-91e4-ccb7e259e646', 'Johnson, James and Mayo', 1020, 1, 'df234305-8a47-4b4d-8efb-716a6b695428', '2025-07-01 22:15:07', '2025-07-01 22:15:07');
INSERT INTO `department` (`uuid`, `department`, `tenant_id`, `client_id`, `created_on`, `modified_on`) VALUES ('2b6132e1-0302-47b8-a95e-56694932a8f1', 'Civil Systems', 'df234305-8a47-4b4d-8efb-716a6b695428', '12c8226d-2601-43a2-91e4-ccb7e259e646', '2025-07-01 22:15:07', '2025-07-01 22:15:07');
INSERT INTO `department` (`uuid`, `department`, `tenant_id`, `client_id`, `created_on`, `modified_on`) VALUES ('c5fb7a3c-6fd4-47e9-8619-ebe748ba6c9c', 'Robotics', 'df234305-8a47-4b4d-8efb-716a6b695428', '12c8226d-2601-43a2-91e4-ccb7e259e646', '2025-07-01 22:15:07', '2025-07-01 22:15:07');
INSERT INTO `department` (`uuid`, `department`, `tenant_id`, `client_id`, `created_on`, `modified_on`) VALUES ('4dcc5dfe-b4af-4d4b-bf08-94f69e2548b1', 'AI Solutions', 'df234305-8a47-4b4d-8efb-716a6b695428', '12c8226d-2601-43a2-91e4-ccb7e259e646', '2025-07-01 22:15:07', '2025-07-01 22:15:07');
INSERT INTO `department` (`uuid`, `department`, `tenant_id`, `client_id`, `created_on`, `modified_on`) VALUES ('b98bb518-20b7-47b5-b6a6-eefc07deaf3a', 'Biomedical', 'df234305-8a47-4b4d-8efb-716a6b695428', '12c8226d-2601-43a2-91e4-ccb7e259e646', '2025-07-01 22:15:07', '2025-07-01 22:15:07');
INSERT INTO `department` (`uuid`, `department`, `tenant_id`, `client_id`, `created_on`, `modified_on`) VALUES ('aa581ba0-a406-45cf-a424-55e507a533f7', 'Cybersecurity', 'df234305-8a47-4b4d-8efb-716a6b695428', '12c8226d-2601-43a2-91e4-ccb7e259e646', '2025-07-01 22:15:07', '2025-07-01 22:15:07');
INSERT INTO `department` (`uuid`, `department`, `tenant_id`, `client_id`, `created_on`, `modified_on`) VALUES ('56d2ee36-da61-44a5-aed0-390a80ebf7bc', 'Aerospace', 'df234305-8a47-4b4d-8efb-716a6b695428', '12c8226d-2601-43a2-91e4-ccb7e259e646', '2025-07-01 22:15:07', '2025-07-01 22:15:07');
INSERT INTO `client` (`uuid`, `client_name`, `client_code`, `is_active`, `tenant_id`, `created_on`, `modified_on`) VALUES ('43d9f276-b659-49d2-8358-7c25c572f2d0', 'Jones-Griffin', 1021, 1, 'df234305-8a47-4b4d-8efb-716a6b695428', '2025-07-01 22:15:07', '2025-07-01 22:15:07');
INSERT INTO `department` (`uuid`, `department`, `tenant_id`, `client_id`, `created_on`, `modified_on`) VALUES ('10429ebb-d9c7-4e49-a023-6e96b6d0cd22', 'Cybersecurity', 'df234305-8a47-4b4d-8efb-716a6b695428', '43d9f276-b659-49d2-8358-7c25c572f2d0', '2025-07-01 22:15:07', '2025-07-01 22:15:07');
INSERT INTO `department` (`uuid`, `department`, `tenant_id`, `client_id`, `created_on`, `modified_on`) VALUES ('5540068a-389a-4115-b9e9-22baebfd18d8', 'AI Solutions', 'df234305-8a47-4b4d-8efb-716a6b695428', '43d9f276-b659-49d2-8358-7c25c572f2d0', '2025-07-01 22:15:07', '2025-07-01 22:15:07');
INSERT INTO `department` (`uuid`, `department`, `tenant_id`, `client_id`, `created_on`, `modified_on`) VALUES ('26324685-e5b2-4fb4-8df9-c7ed56396242', 'Robotics', 'df234305-8a47-4b4d-8efb-716a6b695428', '43d9f276-b659-49d2-8358-7c25c572f2d0', '2025-07-01 22:15:07', '2025-07-01 22:15:07');
INSERT INTO `department` (`uuid`, `department`, `tenant_id`, `client_id`, `created_on`, `modified_on`) VALUES ('abe04ec8-5fbc-4ac4-a63e-ffde22e0be0c', 'Civil Systems', 'df234305-8a47-4b4d-8efb-716a6b695428', '43d9f276-b659-49d2-8358-7c25c572f2d0', '2025-07-01 22:15:07', '2025-07-01 22:15:07');
INSERT INTO `department` (`uuid`, `department`, `tenant_id`, `client_id`, `created_on`, `modified_on`) VALUES ('cb716576-e7ba-419b-b17f-39aaa11d2b69', 'Biomedical', 'df234305-8a47-4b4d-8efb-716a6b695428', '43d9f276-b659-49d2-8358-7c25c572f2d0', '2025-07-01 22:15:07', '2025-07-01 22:15:07');
INSERT INTO `client` (`uuid`, `client_name`, `client_code`, `is_active`, `tenant_id`, `created_on`, `modified_on`) VALUES ('07194192-8eed-472d-bb66-feeb4f8dc38a', 'Dickson Inc', 1022, 1, 'df234305-8a47-4b4d-8efb-716a6b695428', '2025-07-01 22:15:07', '2025-07-01 22:15:07');
INSERT INTO `department` (`uuid`, `department`, `tenant_id`, `client_id`, `created_on`, `modified_on`) VALUES ('9a68235b-a1a5-40b6-b85e-40399b76e241', 'Biomedical', 'df234305-8a47-4b4d-8efb-716a6b695428', '07194192-8eed-472d-bb66-feeb4f8dc38a', '2025-07-01 22:15:07', '2025-07-01 22:15:07');
INSERT INTO `department` (`uuid`, `department`, `tenant_id`, `client_id`, `created_on`, `modified_on`) VALUES ('aed167a4-9aa1-4299-b73e-97652ae973f0', 'Civil Systems', 'df234305-8a47-4b4d-8efb-716a6b695428', '07194192-8eed-472d-bb66-feeb4f8dc38a', '2025-07-01 22:15:07', '2025-07-01 22:15:07');
INSERT INTO `department` (`uuid`, `department`, `tenant_id`, `client_id`, `created_on`, `modified_on`) VALUES ('35fe6b8e-c144-428f-a484-215bdca2a548', 'Robotics', 'df234305-8a47-4b4d-8efb-716a6b695428', '07194192-8eed-472d-bb66-feeb4f8dc38a', '2025-07-01 22:15:07', '2025-07-01 22:15:07');
INSERT INTO `department` (`uuid`, `department`, `tenant_id`, `client_id`, `created_on`, `modified_on`) VALUES ('56a159b1-fe73-42fd-8a78-4acae76df40a', 'AI Solutions', 'df234305-8a47-4b4d-8efb-716a6b695428', '07194192-8eed-472d-bb66-feeb4f8dc38a', '2025-07-01 22:15:07', '2025-07-01 22:15:07');
INSERT INTO `department` (`uuid`, `department`, `tenant_id`, `client_id`, `created_on`, `modified_on`) VALUES ('2019ad9d-262a-4e77-b70a-039b9f92ce0e', 'Aerospace', 'df234305-8a47-4b4d-8efb-716a6b695428', '07194192-8eed-472d-bb66-feeb4f8dc38a', '2025-07-01 22:15:07', '2025-07-01 22:15:07');
INSERT INTO `department` (`uuid`, `department`, `tenant_id`, `client_id`, `created_on`, `modified_on`) VALUES ('2371bd6c-ecab-4ca3-80f6-a9732a99973f', 'Cybersecurity', 'df234305-8a47-4b4d-8efb-716a6b695428', '07194192-8eed-472d-bb66-feeb4f8dc38a', '2025-07-01 22:15:07', '2025-07-01 22:15:07');
INSERT INTO `client` (`uuid`, `client_name`, `client_code`, `is_active`, `tenant_id`, `created_on`, `modified_on`) VALUES ('9f4b58dd-ed9f-4858-b80f-b129cd26bfaf', 'Alvarado-Mckay', 1023, 1, 'df234305-8a47-4b4d-8efb-716a6b695428', '2025-07-01 22:15:07', '2025-07-01 22:15:07');
INSERT INTO `department` (`uuid`, `department`, `tenant_id`, `client_id`, `created_on`, `modified_on`) VALUES ('77a28674-750d-44df-ae4c-149407568ff2', 'Biomedical', 'df234305-8a47-4b4d-8efb-716a6b695428', '9f4b58dd-ed9f-4858-b80f-b129cd26bfaf', '2025-07-01 22:15:07', '2025-07-01 22:15:07');
INSERT INTO `department` (`uuid`, `department`, `tenant_id`, `client_id`, `created_on`, `modified_on`) VALUES ('0cd6a18f-e9f9-4ea4-9610-195106abe647', 'Cybersecurity', 'df234305-8a47-4b4d-8efb-716a6b695428', '9f4b58dd-ed9f-4858-b80f-b129cd26bfaf', '2025-07-01 22:15:07', '2025-07-01 22:15:07');
INSERT INTO `department` (`uuid`, `department`, `tenant_id`, `client_id`, `created_on`, `modified_on`) VALUES ('e20c6a00-c974-4e33-98f2-42de3734b851', 'AI Solutions', 'df234305-8a47-4b4d-8efb-716a6b695428', '9f4b58dd-ed9f-4858-b80f-b129cd26bfaf', '2025-07-01 22:15:07', '2025-07-01 22:15:07');
INSERT INTO `department` (`uuid`, `department`, `tenant_id`, `client_id`, `created_on`, `modified_on`) VALUES ('e8295f86-2fb3-4e3e-b85a-049778eae47a', 'Robotics', 'df234305-8a47-4b4d-8efb-716a6b695428', '9f4b58dd-ed9f-4858-b80f-b129cd26bfaf', '2025-07-01 22:15:07', '2025-07-01 22:15:07');
INSERT INTO `department` (`uuid`, `department`, `tenant_id`, `client_id`, `created_on`, `modified_on`) VALUES ('392690a0-fab1-486d-8cd2-06f61e6a6b1e', 'Aerospace', 'df234305-8a47-4b4d-8efb-716a6b695428', '9f4b58dd-ed9f-4858-b80f-b129cd26bfaf', '2025-07-01 22:15:07', '2025-07-01 22:15:07');
INSERT INTO `department` (`uuid`, `department`, `tenant_id`, `client_id`, `created_on`, `modified_on`) VALUES ('139778cf-d588-44b7-b1e2-b838ec0050c9', 'Civil Systems', 'df234305-8a47-4b4d-8efb-716a6b695428', '9f4b58dd-ed9f-4858-b80f-b129cd26bfaf', '2025-07-01 22:15:07', '2025-07-01 22:15:07');
INSERT INTO `client` (`uuid`, `client_name`, `client_code`, `is_active`, `tenant_id`, `created_on`, `modified_on`) VALUES ('30daab18-b698-4282-862e-6a3f43592c3d', 'Murray, Washington and Bell', 1024, 1, 'df234305-8a47-4b4d-8efb-716a6b695428', '2025-07-01 22:15:07', '2025-07-01 22:15:07');
INSERT INTO `department` (`uuid`, `department`, `tenant_id`, `client_id`, `created_on`, `modified_on`) VALUES ('8b467add-b836-4c85-9690-874afd250372', 'Cybersecurity', 'df234305-8a47-4b4d-8efb-716a6b695428', '30daab18-b698-4282-862e-6a3f43592c3d', '2025-07-01 22:15:07', '2025-07-01 22:15:07');
INSERT INTO `department` (`uuid`, `department`, `tenant_id`, `client_id`, `created_on`, `modified_on`) VALUES ('b9228e7a-aa83-4465-a050-985722db458b', 'AI Solutions', 'df234305-8a47-4b4d-8efb-716a6b695428', '30daab18-b698-4282-862e-6a3f43592c3d', '2025-07-01 22:15:07', '2025-07-01 22:15:07');
INSERT INTO `department` (`uuid`, `department`, `tenant_id`, `client_id`, `created_on`, `modified_on`) VALUES ('801ab2cd-5d6c-41fb-9833-b48aa80f1194', 'Robotics', 'df234305-8a47-4b4d-8efb-716a6b695428', '30daab18-b698-4282-862e-6a3f43592c3d', '2025-07-01 22:15:07', '2025-07-01 22:15:07');
INSERT INTO `department` (`uuid`, `department`, `tenant_id`, `client_id`, `created_on`, `modified_on`) VALUES ('a21576b7-6d05-4296-830a-5c37dc1a34f5', 'Biomedical', 'df234305-8a47-4b4d-8efb-716a6b695428', '30daab18-b698-4282-862e-6a3f43592c3d', '2025-07-01 22:15:07', '2025-07-01 22:15:07');
INSERT INTO `department` (`uuid`, `department`, `tenant_id`, `client_id`, `created_on`, `modified_on`) VALUES ('35edfd77-53fd-4d28-85b2-bfd96ba0416f', 'Civil Systems', 'df234305-8a47-4b4d-8efb-716a6b695428', '30daab18-b698-4282-862e-6a3f43592c3d', '2025-07-01 22:15:07', '2025-07-01 22:15:07');
INSERT INTO `department` (`uuid`, `department`, `tenant_id`, `client_id`, `created_on`, `modified_on`) VALUES ('167f3505-23b6-4e79-b9f3-36aec5d573c3', 'Aerospace', 'df234305-8a47-4b4d-8efb-716a6b695428', '30daab18-b698-4282-862e-6a3f43592c3d', '2025-07-01 22:15:07', '2025-07-01 22:15:07');
INSERT INTO `client` (`uuid`, `client_name`, `client_code`, `is_active`, `tenant_id`, `created_on`, `modified_on`) VALUES ('76938ba4-7a2c-4d5b-aa5b-ed4ac44b0b05', 'Roth-Reed', 1025, 1, 'df234305-8a47-4b4d-8efb-716a6b695428', '2025-07-01 22:15:07', '2025-07-01 22:15:07');
INSERT INTO `department` (`uuid`, `department`, `tenant_id`, `client_id`, `created_on`, `modified_on`) VALUES ('e808eadc-ecbc-4eef-aade-593f37775e29', 'Robotics', 'df234305-8a47-4b4d-8efb-716a6b695428', '76938ba4-7a2c-4d5b-aa5b-ed4ac44b0b05', '2025-07-01 22:15:07', '2025-07-01 22:15:07');
INSERT INTO `department` (`uuid`, `department`, `tenant_id`, `client_id`, `created_on`, `modified_on`) VALUES ('30a70694-384d-4406-87db-35efcf09fefa', 'Biomedical', 'df234305-8a47-4b4d-8efb-716a6b695428', '76938ba4-7a2c-4d5b-aa5b-ed4ac44b0b05', '2025-07-01 22:15:07', '2025-07-01 22:15:07');
INSERT INTO `department` (`uuid`, `department`, `tenant_id`, `client_id`, `created_on`, `modified_on`) VALUES ('ed064c0b-7502-4dc2-aa13-22c63e29f791', 'Aerospace', 'df234305-8a47-4b4d-8efb-716a6b695428', '76938ba4-7a2c-4d5b-aa5b-ed4ac44b0b05', '2025-07-01 22:15:07', '2025-07-01 22:15:07');
INSERT INTO `department` (`uuid`, `department`, `tenant_id`, `client_id`, `created_on`, `modified_on`) VALUES ('d1d28c1a-aa89-4fef-bccf-af80624202b4', 'Civil Systems', 'df234305-8a47-4b4d-8efb-716a6b695428', '76938ba4-7a2c-4d5b-aa5b-ed4ac44b0b05', '2025-07-01 22:15:07', '2025-07-01 22:15:07');
INSERT INTO `department` (`uuid`, `department`, `tenant_id`, `client_id`, `created_on`, `modified_on`) VALUES ('b886d9f8-9603-4c15-a3e8-4a1a742a07e8', 'Cybersecurity', 'df234305-8a47-4b4d-8efb-716a6b695428', '76938ba4-7a2c-4d5b-aa5b-ed4ac44b0b05', '2025-07-01 22:15:07', '2025-07-01 22:15:07');
INSERT INTO `department` (`uuid`, `department`, `tenant_id`, `client_id`, `created_on`, `modified_on`) VALUES ('ba53dd32-8cf1-4bdd-ae50-96de9f78719d', 'AI Solutions', 'df234305-8a47-4b4d-8efb-716a6b695428', '76938ba4-7a2c-4d5b-aa5b-ed4ac44b0b05', '2025-07-01 22:15:07', '2025-07-01 22:15:07');
INSERT INTO `client` (`uuid`, `client_name`, `client_code`, `is_active`, `tenant_id`, `created_on`, `modified_on`) VALUES ('fe89ccb0-b58d-4db5-8cf4-d656dd401cbc', 'Freeman-Cole', 1026, 1, 'df234305-8a47-4b4d-8efb-716a6b695428', '2025-07-01 22:15:07', '2025-07-01 22:15:07');
INSERT INTO `department` (`uuid`, `department`, `tenant_id`, `client_id`, `created_on`, `modified_on`) VALUES ('485afee8-74df-4f2f-a4bd-394cad36b640', 'Civil Systems', 'df234305-8a47-4b4d-8efb-716a6b695428', 'fe89ccb0-b58d-4db5-8cf4-d656dd401cbc', '2025-07-01 22:15:07', '2025-07-01 22:15:07');
INSERT INTO `department` (`uuid`, `department`, `tenant_id`, `client_id`, `created_on`, `modified_on`) VALUES ('b4ad4762-b595-47f3-8bb7-3f0bf3e3825b', 'AI Solutions', 'df234305-8a47-4b4d-8efb-716a6b695428', 'fe89ccb0-b58d-4db5-8cf4-d656dd401cbc', '2025-07-01 22:15:07', '2025-07-01 22:15:07');
INSERT INTO `department` (`uuid`, `department`, `tenant_id`, `client_id`, `created_on`, `modified_on`) VALUES ('2efd2611-1138-4124-b730-e7116582700f', 'Cybersecurity', 'df234305-8a47-4b4d-8efb-716a6b695428', 'fe89ccb0-b58d-4db5-8cf4-d656dd401cbc', '2025-07-01 22:15:07', '2025-07-01 22:15:07');
INSERT INTO `department` (`uuid`, `department`, `tenant_id`, `client_id`, `created_on`, `modified_on`) VALUES ('7dfaacb9-99fc-4be3-90ce-7eae8949d979', 'Aerospace', 'df234305-8a47-4b4d-8efb-716a6b695428', 'fe89ccb0-b58d-4db5-8cf4-d656dd401cbc', '2025-07-01 22:15:07', '2025-07-01 22:15:07');
INSERT INTO `department` (`uuid`, `department`, `tenant_id`, `client_id`, `created_on`, `modified_on`) VALUES ('aa04ae16-ad51-4d46-9388-4fd067289cab', 'Biomedical', 'df234305-8a47-4b4d-8efb-716a6b695428', 'fe89ccb0-b58d-4db5-8cf4-d656dd401cbc', '2025-07-01 22:15:07', '2025-07-01 22:15:07');
INSERT INTO `department` (`uuid`, `department`, `tenant_id`, `client_id`, `created_on`, `modified_on`) VALUES ('8b5e3a27-b0b5-4fb6-a126-d0592c50d1d3', 'Robotics', 'df234305-8a47-4b4d-8efb-716a6b695428', 'fe89ccb0-b58d-4db5-8cf4-d656dd401cbc', '2025-07-01 22:15:07', '2025-07-01 22:15:07');
INSERT INTO `client` (`uuid`, `client_name`, `client_code`, `is_active`, `tenant_id`, `created_on`, `modified_on`) VALUES ('c9aba0cc-4d89-4c11-80ab-1ed233263261', 'Duncan-Robinson', 1027, 1, 'df234305-8a47-4b4d-8efb-716a6b695428', '2025-07-01 22:15:07', '2025-07-01 22:15:07');
INSERT INTO `department` (`uuid`, `department`, `tenant_id`, `client_id`, `created_on`, `modified_on`) VALUES ('4a2b5e67-047f-408e-8c0e-8c5dbf6dec35', 'Civil Systems', 'df234305-8a47-4b4d-8efb-716a6b695428', 'c9aba0cc-4d89-4c11-80ab-1ed233263261', '2025-07-01 22:15:07', '2025-07-01 22:15:07');
INSERT INTO `department` (`uuid`, `department`, `tenant_id`, `client_id`, `created_on`, `modified_on`) VALUES ('83ace5ef-1cb2-4048-9422-bca7b14e3a93', 'Cybersecurity', 'df234305-8a47-4b4d-8efb-716a6b695428', 'c9aba0cc-4d89-4c11-80ab-1ed233263261', '2025-07-01 22:15:07', '2025-07-01 22:15:07');
INSERT INTO `department` (`uuid`, `department`, `tenant_id`, `client_id`, `created_on`, `modified_on`) VALUES ('5480929f-692b-44bc-8366-5dda7c0b9052', 'Biomedical', 'df234305-8a47-4b4d-8efb-716a6b695428', 'c9aba0cc-4d89-4c11-80ab-1ed233263261', '2025-07-01 22:15:07', '2025-07-01 22:15:07');
INSERT INTO `department` (`uuid`, `department`, `tenant_id`, `client_id`, `created_on`, `modified_on`) VALUES ('438f0817-921e-481d-8ef9-4c7d30d83e08', 'AI Solutions', 'df234305-8a47-4b4d-8efb-716a6b695428', 'c9aba0cc-4d89-4c11-80ab-1ed233263261', '2025-07-01 22:15:07', '2025-07-01 22:15:07');
INSERT INTO `department` (`uuid`, `department`, `tenant_id`, `client_id`, `created_on`, `modified_on`) VALUES ('3aa2d993-be86-4f35-8145-4e4ce0fc81ad', 'Robotics', 'df234305-8a47-4b4d-8efb-716a6b695428', 'c9aba0cc-4d89-4c11-80ab-1ed233263261', '2025-07-01 22:15:07', '2025-07-01 22:15:07');
INSERT INTO `department` (`uuid`, `department`, `tenant_id`, `client_id`, `created_on`, `modified_on`) VALUES ('2d0441f6-5d89-48ab-8a00-dbcd6b441d85', 'Aerospace', 'df234305-8a47-4b4d-8efb-716a6b695428', 'c9aba0cc-4d89-4c11-80ab-1ed233263261', '2025-07-01 22:15:07', '2025-07-01 22:15:07');
INSERT INTO `client` (`uuid`, `client_name`, `client_code`, `is_active`, `tenant_id`, `created_on`, `modified_on`) VALUES ('45e06931-5243-42da-af88-b10e8cbad7a1', 'Sherman and Sons', 1028, 1, 'df234305-8a47-4b4d-8efb-716a6b695428', '2025-07-01 22:15:07', '2025-07-01 22:15:07');
INSERT INTO `department` (`uuid`, `department`, `tenant_id`, `client_id`, `created_on`, `modified_on`) VALUES ('4acc7953-3cb6-4164-b870-e750880a277a', 'Robotics', 'df234305-8a47-4b4d-8efb-716a6b695428', '45e06931-5243-42da-af88-b10e8cbad7a1', '2025-07-01 22:15:07', '2025-07-01 22:15:07');
INSERT INTO `department` (`uuid`, `department`, `tenant_id`, `client_id`, `created_on`, `modified_on`) VALUES ('c10cd0bd-96bd-4591-a5c3-cb8119a4901d', 'Cybersecurity', 'df234305-8a47-4b4d-8efb-716a6b695428', '45e06931-5243-42da-af88-b10e8cbad7a1', '2025-07-01 22:15:07', '2025-07-01 22:15:07');
INSERT INTO `department` (`uuid`, `department`, `tenant_id`, `client_id`, `created_on`, `modified_on`) VALUES ('e75d9e94-ac8c-4404-bc87-c11538cbcd55', 'Aerospace', 'df234305-8a47-4b4d-8efb-716a6b695428', '45e06931-5243-42da-af88-b10e8cbad7a1', '2025-07-01 22:15:07', '2025-07-01 22:15:07');
INSERT INTO `department` (`uuid`, `department`, `tenant_id`, `client_id`, `created_on`, `modified_on`) VALUES ('37277629-4c59-4d50-9065-17772a84ac61', 'Biomedical', 'df234305-8a47-4b4d-8efb-716a6b695428', '45e06931-5243-42da-af88-b10e8cbad7a1', '2025-07-01 22:15:07', '2025-07-01 22:15:07');
INSERT INTO `department` (`uuid`, `department`, `tenant_id`, `client_id`, `created_on`, `modified_on`) VALUES ('f09a93f5-e463-43c6-a169-4865a7637caa', 'AI Solutions', 'df234305-8a47-4b4d-8efb-716a6b695428', '45e06931-5243-42da-af88-b10e8cbad7a1', '2025-07-01 22:15:07', '2025-07-01 22:15:07');
INSERT INTO `department` (`uuid`, `department`, `tenant_id`, `client_id`, `created_on`, `modified_on`) VALUES ('e995d395-9a54-4f75-8d0b-a79f6e7b5ab3', 'Civil Systems', 'df234305-8a47-4b4d-8efb-716a6b695428', '45e06931-5243-42da-af88-b10e8cbad7a1', '2025-07-01 22:15:07', '2025-07-01 22:15:07');
INSERT INTO `client` (`uuid`, `client_name`, `client_code`, `is_active`, `tenant_id`, `created_on`, `modified_on`) VALUES ('567a47a7-686c-484e-a6ad-15a66999a314', 'Smith-Hernandez', 1029, 1, 'df234305-8a47-4b4d-8efb-716a6b695428', '2025-07-01 22:15:07', '2025-07-01 22:15:07');
INSERT INTO `department` (`uuid`, `department`, `tenant_id`, `client_id`, `created_on`, `modified_on`) VALUES ('b518984e-f492-46ca-a58b-c4cc0020be95', 'Robotics', 'df234305-8a47-4b4d-8efb-716a6b695428', '567a47a7-686c-484e-a6ad-15a66999a314', '2025-07-01 22:15:07', '2025-07-01 22:15:07');
INSERT INTO `department` (`uuid`, `department`, `tenant_id`, `client_id`, `created_on`, `modified_on`) VALUES ('79e3d86c-8694-4955-b8cf-207cade41f2a', 'Biomedical', 'df234305-8a47-4b4d-8efb-716a6b695428', '567a47a7-686c-484e-a6ad-15a66999a314', '2025-07-01 22:15:07', '2025-07-01 22:15:07');
INSERT INTO `department` (`uuid`, `department`, `tenant_id`, `client_id`, `created_on`, `modified_on`) VALUES ('05632ab7-0329-422d-9c10-2936b0d791fe', 'AI Solutions', 'df234305-8a47-4b4d-8efb-716a6b695428', '567a47a7-686c-484e-a6ad-15a66999a314', '2025-07-01 22:15:07', '2025-07-01 22:15:07');
INSERT INTO `department` (`uuid`, `department`, `tenant_id`, `client_id`, `created_on`, `modified_on`) VALUES ('2d617944-8a04-4a69-b2d5-e8bebe13daf9', 'Civil Systems', 'df234305-8a47-4b4d-8efb-716a6b695428', '567a47a7-686c-484e-a6ad-15a66999a314', '2025-07-01 22:15:07', '2025-07-01 22:15:07');
INSERT INTO `department` (`uuid`, `department`, `tenant_id`, `client_id`, `created_on`, `modified_on`) VALUES ('aedd22b0-d18d-4bfe-8336-d58e593a5faf', 'Aerospace', 'df234305-8a47-4b4d-8efb-716a6b695428', '567a47a7-686c-484e-a6ad-15a66999a314', '2025-07-01 22:15:07', '2025-07-01 22:15:07');
INSERT INTO `department` (`uuid`, `department`, `tenant_id`, `client_id`, `created_on`, `modified_on`) VALUES ('f1a88239-8ccb-4f3f-90a6-59b0486bec01', 'Cybersecurity', 'df234305-8a47-4b4d-8efb-716a6b695428', '567a47a7-686c-484e-a6ad-15a66999a314', '2025-07-01 22:15:07', '2025-07-01 22:15:07');
INSERT INTO `client` (`uuid`, `client_name`, `client_code`, `is_active`, `tenant_id`, `created_on`, `modified_on`) VALUES ('74ce3826-8106-472a-99cf-eee1bfffec31', 'Williams and Sons', 1030, 1, 'df234305-8a47-4b4d-8efb-716a6b695428', '2025-07-01 22:15:07', '2025-07-01 22:15:07');
INSERT INTO `department` (`uuid`, `department`, `tenant_id`, `client_id`, `created_on`, `modified_on`) VALUES ('4481609f-7606-40c3-9143-c5d4ced414a9', 'Cybersecurity', 'df234305-8a47-4b4d-8efb-716a6b695428', '74ce3826-8106-472a-99cf-eee1bfffec31', '2025-07-01 22:15:07', '2025-07-01 22:15:07');
INSERT INTO `department` (`uuid`, `department`, `tenant_id`, `client_id`, `created_on`, `modified_on`) VALUES ('7790349d-1874-4503-9a4f-10f010640a95', 'Civil Systems', 'df234305-8a47-4b4d-8efb-716a6b695428', '74ce3826-8106-472a-99cf-eee1bfffec31', '2025-07-01 22:15:07', '2025-07-01 22:15:07');
INSERT INTO `department` (`uuid`, `department`, `tenant_id`, `client_id`, `created_on`, `modified_on`) VALUES ('8af99f3b-b051-45b2-ba86-7846b783f5d4', 'AI Solutions', 'df234305-8a47-4b4d-8efb-716a6b695428', '74ce3826-8106-472a-99cf-eee1bfffec31', '2025-07-01 22:15:07', '2025-07-01 22:15:07');
INSERT INTO `department` (`uuid`, `department`, `tenant_id`, `client_id`, `created_on`, `modified_on`) VALUES ('2faac37c-95a3-4879-a2cb-b6a688cf44c1', 'Robotics', 'df234305-8a47-4b4d-8efb-716a6b695428', '74ce3826-8106-472a-99cf-eee1bfffec31', '2025-07-01 22:15:07', '2025-07-01 22:15:07');
INSERT INTO `department` (`uuid`, `department`, `tenant_id`, `client_id`, `created_on`, `modified_on`) VALUES ('bb3c794d-03e4-4982-a7c4-39351ab54795', 'Aerospace', 'df234305-8a47-4b4d-8efb-716a6b695428', '74ce3826-8106-472a-99cf-eee1bfffec31', '2025-07-01 22:15:07', '2025-07-01 22:15:07');
INSERT INTO `department` (`uuid`, `department`, `tenant_id`, `client_id`, `created_on`, `modified_on`) VALUES ('0639684d-51ce-4578-b380-5fde8eb63cb4', 'Biomedical', 'df234305-8a47-4b4d-8efb-716a6b695428', '74ce3826-8106-472a-99cf-eee1bfffec31', '2025-07-01 22:15:07', '2025-07-01 22:15:07');
INSERT INTO `client` (`uuid`, `client_name`, `client_code`, `is_active`, `tenant_id`, `created_on`, `modified_on`) VALUES ('69a2b5bb-ca8f-4fa9-aa43-795dec520971', 'Bryant Group', 1031, 1, 'df234305-8a47-4b4d-8efb-716a6b695428', '2025-07-01 22:15:07', '2025-07-01 22:15:07');
INSERT INTO `department` (`uuid`, `department`, `tenant_id`, `client_id`, `created_on`, `modified_on`) VALUES ('84ff9106-57e6-4477-aeef-de4593290b38', 'Biomedical', 'df234305-8a47-4b4d-8efb-716a6b695428', '69a2b5bb-ca8f-4fa9-aa43-795dec520971', '2025-07-01 22:15:07', '2025-07-01 22:15:07');
INSERT INTO `department` (`uuid`, `department`, `tenant_id`, `client_id`, `created_on`, `modified_on`) VALUES ('826636d6-6a42-46b5-a5f9-14ebea2d2294', 'Civil Systems', 'df234305-8a47-4b4d-8efb-716a6b695428', '69a2b5bb-ca8f-4fa9-aa43-795dec520971', '2025-07-01 22:15:07', '2025-07-01 22:15:07');
INSERT INTO `department` (`uuid`, `department`, `tenant_id`, `client_id`, `created_on`, `modified_on`) VALUES ('8510e2f7-1dc3-4aec-a736-4f4461d8cd40', 'AI Solutions', 'df234305-8a47-4b4d-8efb-716a6b695428', '69a2b5bb-ca8f-4fa9-aa43-795dec520971', '2025-07-01 22:15:07', '2025-07-01 22:15:07');
INSERT INTO `department` (`uuid`, `department`, `tenant_id`, `client_id`, `created_on`, `modified_on`) VALUES ('3485feb3-1388-4859-b260-6179a8111525', 'Aerospace', 'df234305-8a47-4b4d-8efb-716a6b695428', '69a2b5bb-ca8f-4fa9-aa43-795dec520971', '2025-07-01 22:15:07', '2025-07-01 22:15:07');
INSERT INTO `department` (`uuid`, `department`, `tenant_id`, `client_id`, `created_on`, `modified_on`) VALUES ('f6420d51-269e-4379-b21e-2a95732f66c9', 'Cybersecurity', 'df234305-8a47-4b4d-8efb-716a6b695428', '69a2b5bb-ca8f-4fa9-aa43-795dec520971', '2025-07-01 22:15:07', '2025-07-01 22:15:07');
INSERT INTO `client` (`uuid`, `client_name`, `client_code`, `is_active`, `tenant_id`, `created_on`, `modified_on`) VALUES ('6a032c42-3246-440a-8016-6e8e907c318a', 'Wright Inc', 1032, 1, 'df234305-8a47-4b4d-8efb-716a6b695428', '2025-07-01 22:15:07', '2025-07-01 22:15:07');
INSERT INTO `department` (`uuid`, `department`, `tenant_id`, `client_id`, `created_on`, `modified_on`) VALUES ('e2bc8672-e3cf-4933-b358-706ca08cbfa1', 'Civil Systems', 'df234305-8a47-4b4d-8efb-716a6b695428', '6a032c42-3246-440a-8016-6e8e907c318a', '2025-07-01 22:15:07', '2025-07-01 22:15:07');
INSERT INTO `department` (`uuid`, `department`, `tenant_id`, `client_id`, `created_on`, `modified_on`) VALUES ('d20b3a54-ed2c-43ba-ab88-ef787eed6c57', 'Biomedical', 'df234305-8a47-4b4d-8efb-716a6b695428', '6a032c42-3246-440a-8016-6e8e907c318a', '2025-07-01 22:15:07', '2025-07-01 22:15:07');
INSERT INTO `department` (`uuid`, `department`, `tenant_id`, `client_id`, `created_on`, `modified_on`) VALUES ('ea2df38b-d8ef-44db-a702-a92c17917d54', 'AI Solutions', 'df234305-8a47-4b4d-8efb-716a6b695428', '6a032c42-3246-440a-8016-6e8e907c318a', '2025-07-01 22:15:07', '2025-07-01 22:15:07');
INSERT INTO `department` (`uuid`, `department`, `tenant_id`, `client_id`, `created_on`, `modified_on`) VALUES ('750fa8e2-f997-4154-af0d-c6d776e904cd', 'Aerospace', 'df234305-8a47-4b4d-8efb-716a6b695428', '6a032c42-3246-440a-8016-6e8e907c318a', '2025-07-01 22:15:07', '2025-07-01 22:15:07');
INSERT INTO `department` (`uuid`, `department`, `tenant_id`, `client_id`, `created_on`, `modified_on`) VALUES ('f3bc525b-860d-4a05-b362-672c319c62f9', 'Robotics', 'df234305-8a47-4b4d-8efb-716a6b695428', '6a032c42-3246-440a-8016-6e8e907c318a', '2025-07-01 22:15:07', '2025-07-01 22:15:07');
INSERT INTO `department` (`uuid`, `department`, `tenant_id`, `client_id`, `created_on`, `modified_on`) VALUES ('4b50b856-bb17-429f-9a3f-930f9aefaf47', 'Cybersecurity', 'df234305-8a47-4b4d-8efb-716a6b695428', '6a032c42-3246-440a-8016-6e8e907c318a', '2025-07-01 22:15:07', '2025-07-01 22:15:07');
INSERT INTO `client` (`uuid`, `client_name`, `client_code`, `is_active`, `tenant_id`, `created_on`, `modified_on`) VALUES ('b3d1c6ee-8f55-4fb1-9fd0-cc85693a1d4c', 'Blackwell-Hobbs', 1033, 1, 'df234305-8a47-4b4d-8efb-716a6b695428', '2025-07-01 22:15:07', '2025-07-01 22:15:07');
INSERT INTO `department` (`uuid`, `department`, `tenant_id`, `client_id`, `created_on`, `modified_on`) VALUES ('480d52dc-1f30-4d6c-8e08-7cf78eb8182f', 'Robotics', 'df234305-8a47-4b4d-8efb-716a6b695428', 'b3d1c6ee-8f55-4fb1-9fd0-cc85693a1d4c', '2025-07-01 22:15:07', '2025-07-01 22:15:07');
INSERT INTO `department` (`uuid`, `department`, `tenant_id`, `client_id`, `created_on`, `modified_on`) VALUES ('8652b3d7-6854-48d2-8d6b-c8e5b39c2c8b', 'Civil Systems', 'df234305-8a47-4b4d-8efb-716a6b695428', 'b3d1c6ee-8f55-4fb1-9fd0-cc85693a1d4c', '2025-07-01 22:15:07', '2025-07-01 22:15:07');
INSERT INTO `department` (`uuid`, `department`, `tenant_id`, `client_id`, `created_on`, `modified_on`) VALUES ('234369d5-1aa5-4a01-ba40-046aac919f11', 'Aerospace', 'df234305-8a47-4b4d-8efb-716a6b695428', 'b3d1c6ee-8f55-4fb1-9fd0-cc85693a1d4c', '2025-07-01 22:15:07', '2025-07-01 22:15:07');
INSERT INTO `department` (`uuid`, `department`, `tenant_id`, `client_id`, `created_on`, `modified_on`) VALUES ('e454edcc-7a2a-47e1-b526-0aa9be9c4338', 'AI Solutions', 'df234305-8a47-4b4d-8efb-716a6b695428', 'b3d1c6ee-8f55-4fb1-9fd0-cc85693a1d4c', '2025-07-01 22:15:07', '2025-07-01 22:15:07');
INSERT INTO `department` (`uuid`, `department`, `tenant_id`, `client_id`, `created_on`, `modified_on`) VALUES ('d2bc1df7-17ae-4bc8-90e1-c719f97a4af5', 'Cybersecurity', 'df234305-8a47-4b4d-8efb-716a6b695428', 'b3d1c6ee-8f55-4fb1-9fd0-cc85693a1d4c', '2025-07-01 22:15:07', '2025-07-01 22:15:07');
INSERT INTO `client` (`uuid`, `client_name`, `client_code`, `is_active`, `tenant_id`, `created_on`, `modified_on`) VALUES ('ac0c81a1-997e-4bb5-b940-858d0fa6bd13', 'Miller, Thornton and Larson', 1034, 1, 'df234305-8a47-4b4d-8efb-716a6b695428', '2025-07-01 22:15:07', '2025-07-01 22:15:07');
INSERT INTO `department` (`uuid`, `department`, `tenant_id`, `client_id`, `created_on`, `modified_on`) VALUES ('f2dafe6d-95c3-4752-b3f8-d607cd5ec8c1', 'Biomedical', 'df234305-8a47-4b4d-8efb-716a6b695428', 'ac0c81a1-997e-4bb5-b940-858d0fa6bd13', '2025-07-01 22:15:07', '2025-07-01 22:15:07');
INSERT INTO `department` (`uuid`, `department`, `tenant_id`, `client_id`, `created_on`, `modified_on`) VALUES ('79d37ed6-429f-45cd-9f4a-72073f3eda6d', 'Aerospace', 'df234305-8a47-4b4d-8efb-716a6b695428', 'ac0c81a1-997e-4bb5-b940-858d0fa6bd13', '2025-07-01 22:15:07', '2025-07-01 22:15:07');
INSERT INTO `department` (`uuid`, `department`, `tenant_id`, `client_id`, `created_on`, `modified_on`) VALUES ('214e8e2b-a33b-47d4-beda-db2c86578db7', 'Cybersecurity', 'df234305-8a47-4b4d-8efb-716a6b695428', 'ac0c81a1-997e-4bb5-b940-858d0fa6bd13', '2025-07-01 22:15:07', '2025-07-01 22:15:07');
INSERT INTO `department` (`uuid`, `department`, `tenant_id`, `client_id`, `created_on`, `modified_on`) VALUES ('4474052b-60ee-43e3-b868-db123bf738ad', 'Civil Systems', 'df234305-8a47-4b4d-8efb-716a6b695428', 'ac0c81a1-997e-4bb5-b940-858d0fa6bd13', '2025-07-01 22:15:07', '2025-07-01 22:15:07');
INSERT INTO `department` (`uuid`, `department`, `tenant_id`, `client_id`, `created_on`, `modified_on`) VALUES ('19c68fd8-7c41-467d-a836-e8e26e0bbd6d', 'AI Solutions', 'df234305-8a47-4b4d-8efb-716a6b695428', 'ac0c81a1-997e-4bb5-b940-858d0fa6bd13', '2025-07-01 22:15:07', '2025-07-01 22:15:07');
INSERT INTO `department` (`uuid`, `department`, `tenant_id`, `client_id`, `created_on`, `modified_on`) VALUES ('8cc49ab6-5843-4d41-ad62-24304d3fb4d9', 'Robotics', 'df234305-8a47-4b4d-8efb-716a6b695428', 'ac0c81a1-997e-4bb5-b940-858d0fa6bd13', '2025-07-01 22:15:07', '2025-07-01 22:15:07');
INSERT INTO `client` (`uuid`, `client_name`, `client_code`, `is_active`, `tenant_id`, `created_on`, `modified_on`) VALUES ('5e0d9fb7-b4fb-4dfe-b2c1-3d722d7e7ec0', 'Francis-Chavez', 1035, 1, 'df234305-8a47-4b4d-8efb-716a6b695428', '2025-07-01 22:15:07', '2025-07-01 22:15:07');
INSERT INTO `department` (`uuid`, `department`, `tenant_id`, `client_id`, `created_on`, `modified_on`) VALUES ('8c891388-68de-428f-8dc3-db972ca3f9d9', 'Aerospace', 'df234305-8a47-4b4d-8efb-716a6b695428', '5e0d9fb7-b4fb-4dfe-b2c1-3d722d7e7ec0', '2025-07-01 22:15:07', '2025-07-01 22:15:07');
INSERT INTO `department` (`uuid`, `department`, `tenant_id`, `client_id`, `created_on`, `modified_on`) VALUES ('45fad424-2000-442e-9c65-347e45302c26', 'Cybersecurity', 'df234305-8a47-4b4d-8efb-716a6b695428', '5e0d9fb7-b4fb-4dfe-b2c1-3d722d7e7ec0', '2025-07-01 22:15:07', '2025-07-01 22:15:07');
INSERT INTO `department` (`uuid`, `department`, `tenant_id`, `client_id`, `created_on`, `modified_on`) VALUES ('65f6683a-25db-4fd5-a504-04ce25c8b6d1', 'Robotics', 'df234305-8a47-4b4d-8efb-716a6b695428', '5e0d9fb7-b4fb-4dfe-b2c1-3d722d7e7ec0', '2025-07-01 22:15:07', '2025-07-01 22:15:07');
INSERT INTO `department` (`uuid`, `department`, `tenant_id`, `client_id`, `created_on`, `modified_on`) VALUES ('835af3b9-de98-42a3-9ab1-b32b822e56ca', 'Civil Systems', 'df234305-8a47-4b4d-8efb-716a6b695428', '5e0d9fb7-b4fb-4dfe-b2c1-3d722d7e7ec0', '2025-07-01 22:15:07', '2025-07-01 22:15:07');
INSERT INTO `department` (`uuid`, `department`, `tenant_id`, `client_id`, `created_on`, `modified_on`) VALUES ('992782b4-2d8a-477a-96f1-f6405e6f11a2', 'AI Solutions', 'df234305-8a47-4b4d-8efb-716a6b695428', '5e0d9fb7-b4fb-4dfe-b2c1-3d722d7e7ec0', '2025-07-01 22:15:07', '2025-07-01 22:15:07');
INSERT INTO `department` (`uuid`, `department`, `tenant_id`, `client_id`, `created_on`, `modified_on`) VALUES ('fc8e56fc-8926-415e-899a-6f0656f0e772', 'Biomedical', 'df234305-8a47-4b4d-8efb-716a6b695428', '5e0d9fb7-b4fb-4dfe-b2c1-3d722d7e7ec0', '2025-07-01 22:15:07', '2025-07-01 22:15:07');
INSERT INTO `client` (`uuid`, `client_name`, `client_code`, `is_active`, `tenant_id`, `created_on`, `modified_on`) VALUES ('4004828f-f9e5-41d4-8596-4135d35146f1', 'Anderson Inc', 1036, 1, 'df234305-8a47-4b4d-8efb-716a6b695428', '2025-07-01 22:15:07', '2025-07-01 22:15:07');
INSERT INTO `department` (`uuid`, `department`, `tenant_id`, `client_id`, `created_on`, `modified_on`) VALUES ('be30d962-7895-4320-974b-51a07365b6da', 'AI Solutions', 'df234305-8a47-4b4d-8efb-716a6b695428', '4004828f-f9e5-41d4-8596-4135d35146f1', '2025-07-01 22:15:07', '2025-07-01 22:15:07');
INSERT INTO `department` (`uuid`, `department`, `tenant_id`, `client_id`, `created_on`, `modified_on`) VALUES ('ba468670-0919-46a5-9e18-5fb44c1ea747', 'Biomedical', 'df234305-8a47-4b4d-8efb-716a6b695428', '4004828f-f9e5-41d4-8596-4135d35146f1', '2025-07-01 22:15:07', '2025-07-01 22:15:07');
INSERT INTO `department` (`uuid`, `department`, `tenant_id`, `client_id`, `created_on`, `modified_on`) VALUES ('6fd3d124-6920-4a41-b4c6-b146d75f7f14', 'Robotics', 'df234305-8a47-4b4d-8efb-716a6b695428', '4004828f-f9e5-41d4-8596-4135d35146f1', '2025-07-01 22:15:07', '2025-07-01 22:15:07');
INSERT INTO `department` (`uuid`, `department`, `tenant_id`, `client_id`, `created_on`, `modified_on`) VALUES ('ebacad5f-7ec0-49b1-ab22-e85ac169ff43', 'Civil Systems', 'df234305-8a47-4b4d-8efb-716a6b695428', '4004828f-f9e5-41d4-8596-4135d35146f1', '2025-07-01 22:15:07', '2025-07-01 22:15:07');
INSERT INTO `client` (`uuid`, `client_name`, `client_code`, `is_active`, `tenant_id`, `created_on`, `modified_on`) VALUES ('d1d1a443-0586-4890-8cb3-e5732e9521a4', 'Johnson and Sons', 1037, 1, 'df234305-8a47-4b4d-8efb-716a6b695428', '2025-07-01 22:15:07', '2025-07-01 22:15:07');
INSERT INTO `department` (`uuid`, `department`, `tenant_id`, `client_id`, `created_on`, `modified_on`) VALUES ('4d54b98d-7f28-43d2-ba0d-802129337d73', 'Biomedical', 'df234305-8a47-4b4d-8efb-716a6b695428', 'd1d1a443-0586-4890-8cb3-e5732e9521a4', '2025-07-01 22:15:07', '2025-07-01 22:15:07');
INSERT INTO `department` (`uuid`, `department`, `tenant_id`, `client_id`, `created_on`, `modified_on`) VALUES ('29b00340-d4c7-48a4-95cc-a5c531fe7885', 'Robotics', 'df234305-8a47-4b4d-8efb-716a6b695428', 'd1d1a443-0586-4890-8cb3-e5732e9521a4', '2025-07-01 22:15:07', '2025-07-01 22:15:07');
INSERT INTO `department` (`uuid`, `department`, `tenant_id`, `client_id`, `created_on`, `modified_on`) VALUES ('1391d482-10d1-46cc-9d76-e3b8667dec39', 'Cybersecurity', 'df234305-8a47-4b4d-8efb-716a6b695428', 'd1d1a443-0586-4890-8cb3-e5732e9521a4', '2025-07-01 22:15:07', '2025-07-01 22:15:07');
INSERT INTO `department` (`uuid`, `department`, `tenant_id`, `client_id`, `created_on`, `modified_on`) VALUES ('c16ca186-11fd-4fb2-bb95-691c1a718a03', 'AI Solutions', 'df234305-8a47-4b4d-8efb-716a6b695428', 'd1d1a443-0586-4890-8cb3-e5732e9521a4', '2025-07-01 22:15:07', '2025-07-01 22:15:07');
INSERT INTO `department` (`uuid`, `department`, `tenant_id`, `client_id`, `created_on`, `modified_on`) VALUES ('56c99a40-88b4-4868-8c55-8edea3e5fbe1', 'Aerospace', 'df234305-8a47-4b4d-8efb-716a6b695428', 'd1d1a443-0586-4890-8cb3-e5732e9521a4', '2025-07-01 22:15:07', '2025-07-01 22:15:07');
INSERT INTO `department` (`uuid`, `department`, `tenant_id`, `client_id`, `created_on`, `modified_on`) VALUES ('cd90b8b6-6276-4c76-a6d1-40269c508952', 'Civil Systems', 'df234305-8a47-4b4d-8efb-716a6b695428', 'd1d1a443-0586-4890-8cb3-e5732e9521a4', '2025-07-01 22:15:07', '2025-07-01 22:15:07');
INSERT INTO `client` (`uuid`, `client_name`, `client_code`, `is_active`, `tenant_id`, `created_on`, `modified_on`) VALUES ('6bc066c8-2971-48b5-b56f-18954a084901', 'Wade, Garcia and Martinez', 1038, 1, 'df234305-8a47-4b4d-8efb-716a6b695428', '2025-07-01 22:15:07', '2025-07-01 22:15:07');
INSERT INTO `department` (`uuid`, `department`, `tenant_id`, `client_id`, `created_on`, `modified_on`) VALUES ('26709ec8-c6b1-45b3-af26-49eda2071e12', 'Biomedical', 'df234305-8a47-4b4d-8efb-716a6b695428', '6bc066c8-2971-48b5-b56f-18954a084901', '2025-07-01 22:15:07', '2025-07-01 22:15:07');
INSERT INTO `department` (`uuid`, `department`, `tenant_id`, `client_id`, `created_on`, `modified_on`) VALUES ('da426f8d-0011-4522-8c15-70badd45018b', 'AI Solutions', 'df234305-8a47-4b4d-8efb-716a6b695428', '6bc066c8-2971-48b5-b56f-18954a084901', '2025-07-01 22:15:07', '2025-07-01 22:15:07');
INSERT INTO `department` (`uuid`, `department`, `tenant_id`, `client_id`, `created_on`, `modified_on`) VALUES ('7a8eaff2-3863-4812-b6b6-c010ed19c732', 'Cybersecurity', 'df234305-8a47-4b4d-8efb-716a6b695428', '6bc066c8-2971-48b5-b56f-18954a084901', '2025-07-01 22:15:07', '2025-07-01 22:15:07');
INSERT INTO `department` (`uuid`, `department`, `tenant_id`, `client_id`, `created_on`, `modified_on`) VALUES ('47e10854-f2b5-4c75-85ae-bed0a1f9cfc6', 'Civil Systems', 'df234305-8a47-4b4d-8efb-716a6b695428', '6bc066c8-2971-48b5-b56f-18954a084901', '2025-07-01 22:15:07', '2025-07-01 22:15:07');
INSERT INTO `department` (`uuid`, `department`, `tenant_id`, `client_id`, `created_on`, `modified_on`) VALUES ('d86ee894-4480-4a17-8b55-d0b584f84a03', 'Robotics', 'df234305-8a47-4b4d-8efb-716a6b695428', '6bc066c8-2971-48b5-b56f-18954a084901', '2025-07-01 22:15:07', '2025-07-01 22:15:07');
INSERT INTO `department` (`uuid`, `department`, `tenant_id`, `client_id`, `created_on`, `modified_on`) VALUES ('1ba28dcb-27b4-4fc7-b55c-d0a0d379179b', 'Aerospace', 'df234305-8a47-4b4d-8efb-716a6b695428', '6bc066c8-2971-48b5-b56f-18954a084901', '2025-07-01 22:15:07', '2025-07-01 22:15:07');
INSERT INTO `client` (`uuid`, `client_name`, `client_code`, `is_active`, `tenant_id`, `created_on`, `modified_on`) VALUES ('ace746de-0400-4616-954c-1dae0d9788a7', 'Woodard-Lopez', 1039, 1, 'df234305-8a47-4b4d-8efb-716a6b695428', '2025-07-01 22:15:07', '2025-07-01 22:15:07');
INSERT INTO `department` (`uuid`, `department`, `tenant_id`, `client_id`, `created_on`, `modified_on`) VALUES ('e8c84d3e-ae23-43b0-a930-9abe76829df5', 'Robotics', 'df234305-8a47-4b4d-8efb-716a6b695428', 'ace746de-0400-4616-954c-1dae0d9788a7', '2025-07-01 22:15:07', '2025-07-01 22:15:07');
INSERT INTO `department` (`uuid`, `department`, `tenant_id`, `client_id`, `created_on`, `modified_on`) VALUES ('6f8afad2-e5b2-4139-8226-49ea2dee2f0b', 'AI Solutions', 'df234305-8a47-4b4d-8efb-716a6b695428', 'ace746de-0400-4616-954c-1dae0d9788a7', '2025-07-01 22:15:07', '2025-07-01 22:15:07');
INSERT INTO `department` (`uuid`, `department`, `tenant_id`, `client_id`, `created_on`, `modified_on`) VALUES ('4a6f2eee-427f-4f68-8509-45402b0764a4', 'Aerospace', 'df234305-8a47-4b4d-8efb-716a6b695428', 'ace746de-0400-4616-954c-1dae0d9788a7', '2025-07-01 22:15:07', '2025-07-01 22:15:07');
INSERT INTO `department` (`uuid`, `department`, `tenant_id`, `client_id`, `created_on`, `modified_on`) VALUES ('2e823bd6-3241-453b-b640-552b71ea6005', 'Biomedical', 'df234305-8a47-4b4d-8efb-716a6b695428', 'ace746de-0400-4616-954c-1dae0d9788a7', '2025-07-01 22:15:07', '2025-07-01 22:15:07');
INSERT INTO `client` (`uuid`, `client_name`, `client_code`, `is_active`, `tenant_id`, `created_on`, `modified_on`) VALUES ('bf8178af-5bf5-45a0-89af-a5977f23d7f5', 'Blair PLC', 1040, 1, 'df234305-8a47-4b4d-8efb-716a6b695428', '2025-07-01 22:15:07', '2025-07-01 22:15:07');
INSERT INTO `department` (`uuid`, `department`, `tenant_id`, `client_id`, `created_on`, `modified_on`) VALUES ('800e9428-4ce7-44f0-b583-afa212f2c4f6', 'Aerospace', 'df234305-8a47-4b4d-8efb-716a6b695428', 'bf8178af-5bf5-45a0-89af-a5977f23d7f5', '2025-07-01 22:15:07', '2025-07-01 22:15:07');
INSERT INTO `department` (`uuid`, `department`, `tenant_id`, `client_id`, `created_on`, `modified_on`) VALUES ('e01d88c3-a4d1-4a4e-999a-f9959e591345', 'Civil Systems', 'df234305-8a47-4b4d-8efb-716a6b695428', 'bf8178af-5bf5-45a0-89af-a5977f23d7f5', '2025-07-01 22:15:07', '2025-07-01 22:15:07');
INSERT INTO `department` (`uuid`, `department`, `tenant_id`, `client_id`, `created_on`, `modified_on`) VALUES ('7173a18d-f9ae-4c3d-9a59-e4e3e1ec490d', 'Robotics', 'df234305-8a47-4b4d-8efb-716a6b695428', 'bf8178af-5bf5-45a0-89af-a5977f23d7f5', '2025-07-01 22:15:07', '2025-07-01 22:15:07');
INSERT INTO `department` (`uuid`, `department`, `tenant_id`, `client_id`, `created_on`, `modified_on`) VALUES ('3f29794b-2ef2-4bdf-9af5-0d6fda7d38e3', 'Biomedical', 'df234305-8a47-4b4d-8efb-716a6b695428', 'bf8178af-5bf5-45a0-89af-a5977f23d7f5', '2025-07-01 22:15:07', '2025-07-01 22:15:07');
INSERT INTO `department` (`uuid`, `department`, `tenant_id`, `client_id`, `created_on`, `modified_on`) VALUES ('0be1f09d-1a64-4ceb-8932-22bddf6e079b', 'Cybersecurity', 'df234305-8a47-4b4d-8efb-716a6b695428', 'bf8178af-5bf5-45a0-89af-a5977f23d7f5', '2025-07-01 22:15:07', '2025-07-01 22:15:07');
INSERT INTO `department` (`uuid`, `department`, `tenant_id`, `client_id`, `created_on`, `modified_on`) VALUES ('34133684-624d-424f-8289-d10d687bebd2', 'AI Solutions', 'df234305-8a47-4b4d-8efb-716a6b695428', 'bf8178af-5bf5-45a0-89af-a5977f23d7f5', '2025-07-01 22:15:07', '2025-07-01 22:15:07');
INSERT INTO `client` (`uuid`, `client_name`, `client_code`, `is_active`, `tenant_id`, `created_on`, `modified_on`) VALUES ('ddde2d8a-2d40-471e-8a70-9ba270159877', 'Brown PLC', 1041, 1, 'df234305-8a47-4b4d-8efb-716a6b695428', '2025-07-01 22:15:07', '2025-07-01 22:15:07');
INSERT INTO `department` (`uuid`, `department`, `tenant_id`, `client_id`, `created_on`, `modified_on`) VALUES ('3007837c-fbfd-4bf7-b2bd-692a0d613121', 'Biomedical', 'df234305-8a47-4b4d-8efb-716a6b695428', 'ddde2d8a-2d40-471e-8a70-9ba270159877', '2025-07-01 22:15:07', '2025-07-01 22:15:07');
INSERT INTO `department` (`uuid`, `department`, `tenant_id`, `client_id`, `created_on`, `modified_on`) VALUES ('224d2c1f-2f07-4980-b31b-a3b1ac288daa', 'Aerospace', 'df234305-8a47-4b4d-8efb-716a6b695428', 'ddde2d8a-2d40-471e-8a70-9ba270159877', '2025-07-01 22:15:07', '2025-07-01 22:15:07');
INSERT INTO `department` (`uuid`, `department`, `tenant_id`, `client_id`, `created_on`, `modified_on`) VALUES ('30e2431f-4eff-4ae0-830a-9c05af210ca0', 'Cybersecurity', 'df234305-8a47-4b4d-8efb-716a6b695428', 'ddde2d8a-2d40-471e-8a70-9ba270159877', '2025-07-01 22:15:07', '2025-07-01 22:15:07');
INSERT INTO `department` (`uuid`, `department`, `tenant_id`, `client_id`, `created_on`, `modified_on`) VALUES ('1deebd8d-adef-40dd-92d0-88fa5fb5d94d', 'Robotics', 'df234305-8a47-4b4d-8efb-716a6b695428', 'ddde2d8a-2d40-471e-8a70-9ba270159877', '2025-07-01 22:15:07', '2025-07-01 22:15:07');
INSERT INTO `department` (`uuid`, `department`, `tenant_id`, `client_id`, `created_on`, `modified_on`) VALUES ('75b1abcd-3548-4ca6-b7e6-e33e06ae1524', 'Civil Systems', 'df234305-8a47-4b4d-8efb-716a6b695428', 'ddde2d8a-2d40-471e-8a70-9ba270159877', '2025-07-01 22:15:07', '2025-07-01 22:15:07');
INSERT INTO `department` (`uuid`, `department`, `tenant_id`, `client_id`, `created_on`, `modified_on`) VALUES ('62a4fa1e-7e2e-4cc8-8a13-6ec17086bc95', 'AI Solutions', 'df234305-8a47-4b4d-8efb-716a6b695428', 'ddde2d8a-2d40-471e-8a70-9ba270159877', '2025-07-01 22:15:07', '2025-07-01 22:15:07');
INSERT INTO `client` (`uuid`, `client_name`, `client_code`, `is_active`, `tenant_id`, `created_on`, `modified_on`) VALUES ('f785ea39-7c01-494d-ba8b-91a524fec6c8', 'Robinson, Merritt and Robinson', 1042, 1, 'df234305-8a47-4b4d-8efb-716a6b695428', '2025-07-01 22:15:07', '2025-07-01 22:15:07');
INSERT INTO `department` (`uuid`, `department`, `tenant_id`, `client_id`, `created_on`, `modified_on`) VALUES ('4c0472ab-959a-45ce-b770-8d525a8a1e61', 'Aerospace', 'df234305-8a47-4b4d-8efb-716a6b695428', 'f785ea39-7c01-494d-ba8b-91a524fec6c8', '2025-07-01 22:15:07', '2025-07-01 22:15:07');
INSERT INTO `department` (`uuid`, `department`, `tenant_id`, `client_id`, `created_on`, `modified_on`) VALUES ('c4bf5bb7-cc31-48ff-ad96-540d35a693ea', 'Biomedical', 'df234305-8a47-4b4d-8efb-716a6b695428', 'f785ea39-7c01-494d-ba8b-91a524fec6c8', '2025-07-01 22:15:07', '2025-07-01 22:15:07');
INSERT INTO `department` (`uuid`, `department`, `tenant_id`, `client_id`, `created_on`, `modified_on`) VALUES ('d1af2dd2-6e53-4aac-a965-f6f144851e20', 'Cybersecurity', 'df234305-8a47-4b4d-8efb-716a6b695428', 'f785ea39-7c01-494d-ba8b-91a524fec6c8', '2025-07-01 22:15:07', '2025-07-01 22:15:07');
INSERT INTO `department` (`uuid`, `department`, `tenant_id`, `client_id`, `created_on`, `modified_on`) VALUES ('dc2b55ca-ccb3-4f20-b58c-1c7db609e8d5', 'AI Solutions', 'df234305-8a47-4b4d-8efb-716a6b695428', 'f785ea39-7c01-494d-ba8b-91a524fec6c8', '2025-07-01 22:15:07', '2025-07-01 22:15:07');
INSERT INTO `department` (`uuid`, `department`, `tenant_id`, `client_id`, `created_on`, `modified_on`) VALUES ('44be980e-3a0f-4d77-be83-7b28a70eba27', 'Robotics', 'df234305-8a47-4b4d-8efb-716a6b695428', 'f785ea39-7c01-494d-ba8b-91a524fec6c8', '2025-07-01 22:15:07', '2025-07-01 22:15:07');
INSERT INTO `department` (`uuid`, `department`, `tenant_id`, `client_id`, `created_on`, `modified_on`) VALUES ('9f974be7-057f-4379-81be-173c8ec5224e', 'Civil Systems', 'df234305-8a47-4b4d-8efb-716a6b695428', 'f785ea39-7c01-494d-ba8b-91a524fec6c8', '2025-07-01 22:15:07', '2025-07-01 22:15:07');
INSERT INTO `client` (`uuid`, `client_name`, `client_code`, `is_active`, `tenant_id`, `created_on`, `modified_on`) VALUES ('85e9f4ba-8fd6-446f-8b9b-b564d89e3206', 'Williams, Welch and Bradley', 1043, 1, 'df234305-8a47-4b4d-8efb-716a6b695428', '2025-07-01 22:15:07', '2025-07-01 22:15:07');
INSERT INTO `department` (`uuid`, `department`, `tenant_id`, `client_id`, `created_on`, `modified_on`) VALUES ('9d7ec759-ff19-4a63-8fa1-7da2c8c5e4d4', 'Cybersecurity', 'df234305-8a47-4b4d-8efb-716a6b695428', '85e9f4ba-8fd6-446f-8b9b-b564d89e3206', '2025-07-01 22:15:07', '2025-07-01 22:15:07');
INSERT INTO `department` (`uuid`, `department`, `tenant_id`, `client_id`, `created_on`, `modified_on`) VALUES ('8d9f4f9d-3075-4448-9841-4e08da79bf5e', 'Biomedical', 'df234305-8a47-4b4d-8efb-716a6b695428', '85e9f4ba-8fd6-446f-8b9b-b564d89e3206', '2025-07-01 22:15:07', '2025-07-01 22:15:07');
INSERT INTO `department` (`uuid`, `department`, `tenant_id`, `client_id`, `created_on`, `modified_on`) VALUES ('1ab7bb71-e5c1-4445-82c4-b6fb594b54c9', 'Civil Systems', 'df234305-8a47-4b4d-8efb-716a6b695428', '85e9f4ba-8fd6-446f-8b9b-b564d89e3206', '2025-07-01 22:15:07', '2025-07-01 22:15:07');
INSERT INTO `department` (`uuid`, `department`, `tenant_id`, `client_id`, `created_on`, `modified_on`) VALUES ('ebb6edf8-bd9c-452d-a1e0-346b10efe338', 'Robotics', 'df234305-8a47-4b4d-8efb-716a6b695428', '85e9f4ba-8fd6-446f-8b9b-b564d89e3206', '2025-07-01 22:15:07', '2025-07-01 22:15:07');
INSERT INTO `department` (`uuid`, `department`, `tenant_id`, `client_id`, `created_on`, `modified_on`) VALUES ('b473209b-cec9-4a40-a40a-c6547eb99120', 'Aerospace', 'df234305-8a47-4b4d-8efb-716a6b695428', '85e9f4ba-8fd6-446f-8b9b-b564d89e3206', '2025-07-01 22:15:07', '2025-07-01 22:15:07');
INSERT INTO `client` (`uuid`, `client_name`, `client_code`, `is_active`, `tenant_id`, `created_on`, `modified_on`) VALUES ('265bda7c-d74d-4546-ba8f-7e589bd9fa6e', 'Chapman Group', 1044, 1, 'df234305-8a47-4b4d-8efb-716a6b695428', '2025-07-01 22:15:07', '2025-07-01 22:15:07');
INSERT INTO `department` (`uuid`, `department`, `tenant_id`, `client_id`, `created_on`, `modified_on`) VALUES ('175eb896-3fe8-454a-8f31-2a62a5c12858', 'Robotics', 'df234305-8a47-4b4d-8efb-716a6b695428', '265bda7c-d74d-4546-ba8f-7e589bd9fa6e', '2025-07-01 22:15:07', '2025-07-01 22:15:07');
INSERT INTO `department` (`uuid`, `department`, `tenant_id`, `client_id`, `created_on`, `modified_on`) VALUES ('ab95cb6c-582d-4cc7-bdc8-a2a1040835bd', 'AI Solutions', 'df234305-8a47-4b4d-8efb-716a6b695428', '265bda7c-d74d-4546-ba8f-7e589bd9fa6e', '2025-07-01 22:15:07', '2025-07-01 22:15:07');
INSERT INTO `department` (`uuid`, `department`, `tenant_id`, `client_id`, `created_on`, `modified_on`) VALUES ('c5f6e5ab-d39f-4e16-9650-c7565457a47b', 'Biomedical', 'df234305-8a47-4b4d-8efb-716a6b695428', '265bda7c-d74d-4546-ba8f-7e589bd9fa6e', '2025-07-01 22:15:07', '2025-07-01 22:15:07');
INSERT INTO `department` (`uuid`, `department`, `tenant_id`, `client_id`, `created_on`, `modified_on`) VALUES ('aff9397b-18a5-40c7-b847-05a473d78085', 'Aerospace', 'df234305-8a47-4b4d-8efb-716a6b695428', '265bda7c-d74d-4546-ba8f-7e589bd9fa6e', '2025-07-01 22:15:07', '2025-07-01 22:15:07');
INSERT INTO `department` (`uuid`, `department`, `tenant_id`, `client_id`, `created_on`, `modified_on`) VALUES ('de569999-4a7d-4caa-91fb-43b4068ae1f4', 'Civil Systems', 'df234305-8a47-4b4d-8efb-716a6b695428', '265bda7c-d74d-4546-ba8f-7e589bd9fa6e', '2025-07-01 22:15:07', '2025-07-01 22:15:07');
INSERT INTO `department` (`uuid`, `department`, `tenant_id`, `client_id`, `created_on`, `modified_on`) VALUES ('aad0abb3-c3b4-4f55-bb3a-166196d9498b', 'Cybersecurity', 'df234305-8a47-4b4d-8efb-716a6b695428', '265bda7c-d74d-4546-ba8f-7e589bd9fa6e', '2025-07-01 22:15:07', '2025-07-01 22:15:07');
INSERT INTO `client` (`uuid`, `client_name`, `client_code`, `is_active`, `tenant_id`, `created_on`, `modified_on`) VALUES ('a7136372-0018-49c7-9c8f-cfb85a8fde0c', 'Mann, Lopez and Brown', 1045, 1, 'df234305-8a47-4b4d-8efb-716a6b695428', '2025-07-01 22:15:07', '2025-07-01 22:15:07');
INSERT INTO `department` (`uuid`, `department`, `tenant_id`, `client_id`, `created_on`, `modified_on`) VALUES ('944403a1-8654-484d-9ad0-6ebd43b61bd3', 'Cybersecurity', 'df234305-8a47-4b4d-8efb-716a6b695428', 'a7136372-0018-49c7-9c8f-cfb85a8fde0c', '2025-07-01 22:15:07', '2025-07-01 22:15:07');
INSERT INTO `department` (`uuid`, `department`, `tenant_id`, `client_id`, `created_on`, `modified_on`) VALUES ('3fca2f6f-13aa-4a6e-8252-ed1d0633b814', 'Robotics', 'df234305-8a47-4b4d-8efb-716a6b695428', 'a7136372-0018-49c7-9c8f-cfb85a8fde0c', '2025-07-01 22:15:07', '2025-07-01 22:15:07');
INSERT INTO `department` (`uuid`, `department`, `tenant_id`, `client_id`, `created_on`, `modified_on`) VALUES ('85da1cb9-19e8-4a2e-88f9-5f323d4704f7', 'Civil Systems', 'df234305-8a47-4b4d-8efb-716a6b695428', 'a7136372-0018-49c7-9c8f-cfb85a8fde0c', '2025-07-01 22:15:07', '2025-07-01 22:15:07');
INSERT INTO `department` (`uuid`, `department`, `tenant_id`, `client_id`, `created_on`, `modified_on`) VALUES ('eb2d5619-3ed9-4261-991e-ddeae0abfab7', 'AI Solutions', 'df234305-8a47-4b4d-8efb-716a6b695428', 'a7136372-0018-49c7-9c8f-cfb85a8fde0c', '2025-07-01 22:15:07', '2025-07-01 22:15:07');
INSERT INTO `department` (`uuid`, `department`, `tenant_id`, `client_id`, `created_on`, `modified_on`) VALUES ('ff8f1d07-c6cc-4769-a339-9a74ffad9211', 'Biomedical', 'df234305-8a47-4b4d-8efb-716a6b695428', 'a7136372-0018-49c7-9c8f-cfb85a8fde0c', '2025-07-01 22:15:07', '2025-07-01 22:15:07');
INSERT INTO `department` (`uuid`, `department`, `tenant_id`, `client_id`, `created_on`, `modified_on`) VALUES ('3f3f885e-d251-4c9f-a210-df0b303e0fa5', 'Aerospace', 'df234305-8a47-4b4d-8efb-716a6b695428', 'a7136372-0018-49c7-9c8f-cfb85a8fde0c', '2025-07-01 22:15:07', '2025-07-01 22:15:07');
INSERT INTO `client` (`uuid`, `client_name`, `client_code`, `is_active`, `tenant_id`, `created_on`, `modified_on`) VALUES ('9e819e5e-1010-4ba3-a868-417ac6b337b0', 'Lambert, Powell and Mcclure', 1046, 1, 'df234305-8a47-4b4d-8efb-716a6b695428', '2025-07-01 22:15:07', '2025-07-01 22:15:07');
INSERT INTO `department` (`uuid`, `department`, `tenant_id`, `client_id`, `created_on`, `modified_on`) VALUES ('bf5e3468-341a-4ca1-ad40-602be950403e', 'Robotics', 'df234305-8a47-4b4d-8efb-716a6b695428', '9e819e5e-1010-4ba3-a868-417ac6b337b0', '2025-07-01 22:15:07', '2025-07-01 22:15:07');
INSERT INTO `department` (`uuid`, `department`, `tenant_id`, `client_id`, `created_on`, `modified_on`) VALUES ('07a73375-5980-467d-be08-32bf0dfac483', 'AI Solutions', 'df234305-8a47-4b4d-8efb-716a6b695428', '9e819e5e-1010-4ba3-a868-417ac6b337b0', '2025-07-01 22:15:07', '2025-07-01 22:15:07');
INSERT INTO `department` (`uuid`, `department`, `tenant_id`, `client_id`, `created_on`, `modified_on`) VALUES ('5aa81bc9-70d3-4d4c-989c-7941712cacdc', 'Biomedical', 'df234305-8a47-4b4d-8efb-716a6b695428', '9e819e5e-1010-4ba3-a868-417ac6b337b0', '2025-07-01 22:15:07', '2025-07-01 22:15:07');
INSERT INTO `department` (`uuid`, `department`, `tenant_id`, `client_id`, `created_on`, `modified_on`) VALUES ('0b490704-a1ba-4c75-9f4b-556fd1c2dddc', 'Civil Systems', 'df234305-8a47-4b4d-8efb-716a6b695428', '9e819e5e-1010-4ba3-a868-417ac6b337b0', '2025-07-01 22:15:07', '2025-07-01 22:15:07');
INSERT INTO `department` (`uuid`, `department`, `tenant_id`, `client_id`, `created_on`, `modified_on`) VALUES ('aef34570-9f17-49ec-91f8-e517d8057430', 'Cybersecurity', 'df234305-8a47-4b4d-8efb-716a6b695428', '9e819e5e-1010-4ba3-a868-417ac6b337b0', '2025-07-01 22:15:07', '2025-07-01 22:15:07');
INSERT INTO `department` (`uuid`, `department`, `tenant_id`, `client_id`, `created_on`, `modified_on`) VALUES ('8a80690d-9f18-434b-ada2-1ddb9488b57e', 'Aerospace', 'df234305-8a47-4b4d-8efb-716a6b695428', '9e819e5e-1010-4ba3-a868-417ac6b337b0', '2025-07-01 22:15:07', '2025-07-01 22:15:07');
INSERT INTO `client` (`uuid`, `client_name`, `client_code`, `is_active`, `tenant_id`, `created_on`, `modified_on`) VALUES ('fc8bedbb-e574-4c68-92b9-ad657ee3aa53', 'Murphy Inc', 1047, 1, 'df234305-8a47-4b4d-8efb-716a6b695428', '2025-07-01 22:15:07', '2025-07-01 22:15:07');
INSERT INTO `department` (`uuid`, `department`, `tenant_id`, `client_id`, `created_on`, `modified_on`) VALUES ('5dfe0dd8-3989-4316-a3ae-14d278476126', 'AI Solutions', 'df234305-8a47-4b4d-8efb-716a6b695428', 'fc8bedbb-e574-4c68-92b9-ad657ee3aa53', '2025-07-01 22:15:07', '2025-07-01 22:15:07');
INSERT INTO `department` (`uuid`, `department`, `tenant_id`, `client_id`, `created_on`, `modified_on`) VALUES ('6a8fe4d6-9b2d-4110-86ac-6e04d2ad9c9d', 'Biomedical', 'df234305-8a47-4b4d-8efb-716a6b695428', 'fc8bedbb-e574-4c68-92b9-ad657ee3aa53', '2025-07-01 22:15:07', '2025-07-01 22:15:07');
INSERT INTO `department` (`uuid`, `department`, `tenant_id`, `client_id`, `created_on`, `modified_on`) VALUES ('1c2c25f2-8e69-4483-8d0c-f8cbecfd8096', 'Robotics', 'df234305-8a47-4b4d-8efb-716a6b695428', 'fc8bedbb-e574-4c68-92b9-ad657ee3aa53', '2025-07-01 22:15:07', '2025-07-01 22:15:07');
INSERT INTO `department` (`uuid`, `department`, `tenant_id`, `client_id`, `created_on`, `modified_on`) VALUES ('179d404e-507b-48d2-9f14-163b932ec6aa', 'Civil Systems', 'df234305-8a47-4b4d-8efb-716a6b695428', 'fc8bedbb-e574-4c68-92b9-ad657ee3aa53', '2025-07-01 22:15:07', '2025-07-01 22:15:07');
INSERT INTO `department` (`uuid`, `department`, `tenant_id`, `client_id`, `created_on`, `modified_on`) VALUES ('fbe67bbc-7822-4622-ab17-331f8ad0f04d', 'Cybersecurity', 'df234305-8a47-4b4d-8efb-716a6b695428', 'fc8bedbb-e574-4c68-92b9-ad657ee3aa53', '2025-07-01 22:15:07', '2025-07-01 22:15:07');
INSERT INTO `department` (`uuid`, `department`, `tenant_id`, `client_id`, `created_on`, `modified_on`) VALUES ('27a0be24-3d4b-4a90-b868-eea139042a9a', 'Aerospace', 'df234305-8a47-4b4d-8efb-716a6b695428', 'fc8bedbb-e574-4c68-92b9-ad657ee3aa53', '2025-07-01 22:15:07', '2025-07-01 22:15:07');
INSERT INTO `client` (`uuid`, `client_name`, `client_code`, `is_active`, `tenant_id`, `created_on`, `modified_on`) VALUES ('73aaf20e-bac3-4749-9921-d9f3b82e171a', 'Ramirez and Sons', 1048, 1, 'df234305-8a47-4b4d-8efb-716a6b695428', '2025-07-01 22:15:07', '2025-07-01 22:15:07');
INSERT INTO `department` (`uuid`, `department`, `tenant_id`, `client_id`, `created_on`, `modified_on`) VALUES ('99cf020f-503f-4b52-a4e6-5b17d8019760', 'Robotics', 'df234305-8a47-4b4d-8efb-716a6b695428', '73aaf20e-bac3-4749-9921-d9f3b82e171a', '2025-07-01 22:15:07', '2025-07-01 22:15:07');
INSERT INTO `department` (`uuid`, `department`, `tenant_id`, `client_id`, `created_on`, `modified_on`) VALUES ('bd3a30a1-5dac-4d6c-a7cc-fd08a338deaa', 'Aerospace', 'df234305-8a47-4b4d-8efb-716a6b695428', '73aaf20e-bac3-4749-9921-d9f3b82e171a', '2025-07-01 22:15:07', '2025-07-01 22:15:07');
INSERT INTO `department` (`uuid`, `department`, `tenant_id`, `client_id`, `created_on`, `modified_on`) VALUES ('29acc5bd-8e50-4f3f-b33f-04be62bf4d1f', 'Cybersecurity', 'df234305-8a47-4b4d-8efb-716a6b695428', '73aaf20e-bac3-4749-9921-d9f3b82e171a', '2025-07-01 22:15:07', '2025-07-01 22:15:07');
INSERT INTO `department` (`uuid`, `department`, `tenant_id`, `client_id`, `created_on`, `modified_on`) VALUES ('7d31adfe-9db3-46ad-9025-ed1de9c2ecfc', 'Biomedical', 'df234305-8a47-4b4d-8efb-716a6b695428', '73aaf20e-bac3-4749-9921-d9f3b82e171a', '2025-07-01 22:15:07', '2025-07-01 22:15:07');
INSERT INTO `department` (`uuid`, `department`, `tenant_id`, `client_id`, `created_on`, `modified_on`) VALUES ('a73319cd-7851-42ef-ae7e-ecb08262d5ed', 'AI Solutions', 'df234305-8a47-4b4d-8efb-716a6b695428', '73aaf20e-bac3-4749-9921-d9f3b82e171a', '2025-07-01 22:15:07', '2025-07-01 22:15:07');
INSERT INTO `department` (`uuid`, `department`, `tenant_id`, `client_id`, `created_on`, `modified_on`) VALUES ('9b387a14-acba-4cd6-9e9a-cf5ef58302d7', 'Civil Systems', 'df234305-8a47-4b4d-8efb-716a6b695428', '73aaf20e-bac3-4749-9921-d9f3b82e171a', '2025-07-01 22:15:07', '2025-07-01 22:15:07');
INSERT INTO `client` (`uuid`, `client_name`, `client_code`, `is_active`, `tenant_id`, `created_on`, `modified_on`) VALUES ('92126352-3c42-49e1-9e50-d62392a7e945', 'White, Moore and Anderson', 1049, 1, 'df234305-8a47-4b4d-8efb-716a6b695428', '2025-07-01 22:15:07', '2025-07-01 22:15:07');
INSERT INTO `department` (`uuid`, `department`, `tenant_id`, `client_id`, `created_on`, `modified_on`) VALUES ('dd3cca78-1607-4133-b8df-a126b4f2f94f', 'Civil Systems', 'df234305-8a47-4b4d-8efb-716a6b695428', '92126352-3c42-49e1-9e50-d62392a7e945', '2025-07-01 22:15:07', '2025-07-01 22:15:07');
INSERT INTO `department` (`uuid`, `department`, `tenant_id`, `client_id`, `created_on`, `modified_on`) VALUES ('8d590bc8-7ac6-4c4d-8d2d-4076f9839f1d', 'Robotics', 'df234305-8a47-4b4d-8efb-716a6b695428', '92126352-3c42-49e1-9e50-d62392a7e945', '2025-07-01 22:15:07', '2025-07-01 22:15:07');
INSERT INTO `department` (`uuid`, `department`, `tenant_id`, `client_id`, `created_on`, `modified_on`) VALUES ('fbbf89d8-c19b-476d-900b-8d0a40428c21', 'Cybersecurity', 'df234305-8a47-4b4d-8efb-716a6b695428', '92126352-3c42-49e1-9e50-d62392a7e945', '2025-07-01 22:15:07', '2025-07-01 22:15:07');
INSERT INTO `department` (`uuid`, `department`, `tenant_id`, `client_id`, `created_on`, `modified_on`) VALUES ('c177117a-172f-4b76-bf28-e58592441568', 'AI Solutions', 'df234305-8a47-4b4d-8efb-716a6b695428', '92126352-3c42-49e1-9e50-d62392a7e945', '2025-07-01 22:15:07', '2025-07-01 22:15:07');
INSERT INTO `department` (`uuid`, `department`, `tenant_id`, `client_id`, `created_on`, `modified_on`) VALUES ('3c3c317f-9407-425c-9bfe-0aac308c155d', 'Aerospace', 'df234305-8a47-4b4d-8efb-716a6b695428', '92126352-3c42-49e1-9e50-d62392a7e945', '2025-07-01 22:15:07', '2025-07-01 22:15:07');
INSERT INTO `department` (`uuid`, `department`, `tenant_id`, `client_id`, `created_on`, `modified_on`) VALUES ('5ee7efeb-7bc4-4d29-93fa-d248d09dcc20', 'Biomedical', 'df234305-8a47-4b4d-8efb-716a6b695428', '92126352-3c42-49e1-9e50-d62392a7e945', '2025-07-01 22:15:07', '2025-07-01 22:15:07');
INSERT INTO `client` (`uuid`, `client_name`, `client_code`, `is_active`, `tenant_id`, `created_on`, `modified_on`) VALUES ('45fdad51-e6ac-4466-a416-669a68b6b0d7', 'Patterson-Strickland', 1050, 1, 'df234305-8a47-4b4d-8efb-716a6b695428', '2025-07-01 22:15:07', '2025-07-01 22:15:07');
INSERT INTO `department` (`uuid`, `department`, `tenant_id`, `client_id`, `created_on`, `modified_on`) VALUES ('fb98c6b1-c8bf-4c21-b27d-2793f61a93f9', 'Robotics', 'df234305-8a47-4b4d-8efb-716a6b695428', '45fdad51-e6ac-4466-a416-669a68b6b0d7', '2025-07-01 22:15:07', '2025-07-01 22:15:07');
INSERT INTO `department` (`uuid`, `department`, `tenant_id`, `client_id`, `created_on`, `modified_on`) VALUES ('0254d732-b0c3-4470-9143-c7a209957448', 'Aerospace', 'df234305-8a47-4b4d-8efb-716a6b695428', '45fdad51-e6ac-4466-a416-669a68b6b0d7', '2025-07-01 22:15:07', '2025-07-01 22:15:07');
INSERT INTO `department` (`uuid`, `department`, `tenant_id`, `client_id`, `created_on`, `modified_on`) VALUES ('7976c680-f3b4-4d60-8548-9e4f95396d64', 'AI Solutions', 'df234305-8a47-4b4d-8efb-716a6b695428', '45fdad51-e6ac-4466-a416-669a68b6b0d7', '2025-07-01 22:15:07', '2025-07-01 22:15:07');
INSERT INTO `department` (`uuid`, `department`, `tenant_id`, `client_id`, `created_on`, `modified_on`) VALUES ('6d763953-f4d9-420f-880c-6e6c4d1ca3b7', 'Biomedical', 'df234305-8a47-4b4d-8efb-716a6b695428', '45fdad51-e6ac-4466-a416-669a68b6b0d7', '2025-07-01 22:15:07', '2025-07-01 22:15:07');
INSERT INTO `department` (`uuid`, `department`, `tenant_id`, `client_id`, `created_on`, `modified_on`) VALUES ('d7da6c27-5830-49a2-9bf0-6556adffe317', 'Civil Systems', 'df234305-8a47-4b4d-8efb-716a6b695428', '45fdad51-e6ac-4466-a416-669a68b6b0d7', '2025-07-01 22:15:07', '2025-07-01 22:15:07');
INSERT INTO `department` (`uuid`, `department`, `tenant_id`, `client_id`, `created_on`, `modified_on`) VALUES ('4e70b814-bd5d-406f-bbcd-167088e28a60', 'Cybersecurity', 'df234305-8a47-4b4d-8efb-716a6b695428', '45fdad51-e6ac-4466-a416-669a68b6b0d7', '2025-07-01 22:15:07', '2025-07-01 22:15:07');
INSERT INTO `client` (`uuid`, `client_name`, `client_code`, `is_active`, `tenant_id`, `created_on`, `modified_on`) VALUES ('5b5275c5-6e05-4227-8537-98c12f6f8c22', 'Bonilla, Jones and Russell', 1051, 1, 'df234305-8a47-4b4d-8efb-716a6b695428', '2025-07-01 22:15:07', '2025-07-01 22:15:07');
INSERT INTO `department` (`uuid`, `department`, `tenant_id`, `client_id`, `created_on`, `modified_on`) VALUES ('fe30ec4f-01b7-4e3b-b5bc-14eee20ba2c5', 'Robotics', 'df234305-8a47-4b4d-8efb-716a6b695428', '5b5275c5-6e05-4227-8537-98c12f6f8c22', '2025-07-01 22:15:07', '2025-07-01 22:15:07');
INSERT INTO `department` (`uuid`, `department`, `tenant_id`, `client_id`, `created_on`, `modified_on`) VALUES ('d1c2d7a7-ee39-4db7-8963-873980570130', 'AI Solutions', 'df234305-8a47-4b4d-8efb-716a6b695428', '5b5275c5-6e05-4227-8537-98c12f6f8c22', '2025-07-01 22:15:07', '2025-07-01 22:15:07');
INSERT INTO `department` (`uuid`, `department`, `tenant_id`, `client_id`, `created_on`, `modified_on`) VALUES ('7aacbffa-07ce-40d1-a245-c8244ad3d48b', 'Cybersecurity', 'df234305-8a47-4b4d-8efb-716a6b695428', '5b5275c5-6e05-4227-8537-98c12f6f8c22', '2025-07-01 22:15:07', '2025-07-01 22:15:07');
INSERT INTO `department` (`uuid`, `department`, `tenant_id`, `client_id`, `created_on`, `modified_on`) VALUES ('8ade9133-13d0-4b04-8f14-f1bba4101a7c', 'Biomedical', 'df234305-8a47-4b4d-8efb-716a6b695428', '5b5275c5-6e05-4227-8537-98c12f6f8c22', '2025-07-01 22:15:07', '2025-07-01 22:15:07');
INSERT INTO `department` (`uuid`, `department`, `tenant_id`, `client_id`, `created_on`, `modified_on`) VALUES ('9166e6d4-dd05-491f-a9b7-f707e63842af', 'Civil Systems', 'df234305-8a47-4b4d-8efb-716a6b695428', '5b5275c5-6e05-4227-8537-98c12f6f8c22', '2025-07-01 22:15:07', '2025-07-01 22:15:07');
INSERT INTO `department` (`uuid`, `department`, `tenant_id`, `client_id`, `created_on`, `modified_on`) VALUES ('580948f2-5d17-446e-a83d-3f4dd73ba9c7', 'Aerospace', 'df234305-8a47-4b4d-8efb-716a6b695428', '5b5275c5-6e05-4227-8537-98c12f6f8c22', '2025-07-01 22:15:07', '2025-07-01 22:15:07');
INSERT INTO `client` (`uuid`, `client_name`, `client_code`, `is_active`, `tenant_id`, `created_on`, `modified_on`) VALUES ('6fd1ddbe-f3a8-41b5-950c-ff47b395b8ef', 'Rodriguez, Barnes and Booth', 1052, 1, 'df234305-8a47-4b4d-8efb-716a6b695428', '2025-07-01 22:15:07', '2025-07-01 22:15:07');
INSERT INTO `department` (`uuid`, `department`, `tenant_id`, `client_id`, `created_on`, `modified_on`) VALUES ('5a3fbb44-27cb-4529-87d0-fa7878c16e60', 'Aerospace', 'df234305-8a47-4b4d-8efb-716a6b695428', '6fd1ddbe-f3a8-41b5-950c-ff47b395b8ef', '2025-07-01 22:15:07', '2025-07-01 22:15:07');
INSERT INTO `department` (`uuid`, `department`, `tenant_id`, `client_id`, `created_on`, `modified_on`) VALUES ('4f701c78-28f1-4a67-921e-6776d5de003b', 'Robotics', 'df234305-8a47-4b4d-8efb-716a6b695428', '6fd1ddbe-f3a8-41b5-950c-ff47b395b8ef', '2025-07-01 22:15:07', '2025-07-01 22:15:07');
INSERT INTO `department` (`uuid`, `department`, `tenant_id`, `client_id`, `created_on`, `modified_on`) VALUES ('94829e23-4e1b-4bd5-89a5-0e4a9fb89573', 'AI Solutions', 'df234305-8a47-4b4d-8efb-716a6b695428', '6fd1ddbe-f3a8-41b5-950c-ff47b395b8ef', '2025-07-01 22:15:07', '2025-07-01 22:15:07');
INSERT INTO `department` (`uuid`, `department`, `tenant_id`, `client_id`, `created_on`, `modified_on`) VALUES ('a9d39138-3535-4286-b95d-6fff5c48d2b8', 'Cybersecurity', 'df234305-8a47-4b4d-8efb-716a6b695428', '6fd1ddbe-f3a8-41b5-950c-ff47b395b8ef', '2025-07-01 22:15:07', '2025-07-01 22:15:07');
INSERT INTO `department` (`uuid`, `department`, `tenant_id`, `client_id`, `created_on`, `modified_on`) VALUES ('d6ce840b-ece1-4776-bb53-a84bae892a51', 'Biomedical', 'df234305-8a47-4b4d-8efb-716a6b695428', '6fd1ddbe-f3a8-41b5-950c-ff47b395b8ef', '2025-07-01 22:15:07', '2025-07-01 22:15:07');
INSERT INTO `department` (`uuid`, `department`, `tenant_id`, `client_id`, `created_on`, `modified_on`) VALUES ('43959205-5f38-4df9-8118-ac2e958dc276', 'Civil Systems', 'df234305-8a47-4b4d-8efb-716a6b695428', '6fd1ddbe-f3a8-41b5-950c-ff47b395b8ef', '2025-07-01 22:15:07', '2025-07-01 22:15:07');
INSERT INTO `client` (`uuid`, `client_name`, `client_code`, `is_active`, `tenant_id`, `created_on`, `modified_on`) VALUES ('ec578be9-f11f-42fb-a52a-99c9ec5a4aa9', 'Boyd and Sons', 1053, 1, 'df234305-8a47-4b4d-8efb-716a6b695428', '2025-07-01 22:15:07', '2025-07-01 22:15:07');
INSERT INTO `department` (`uuid`, `department`, `tenant_id`, `client_id`, `created_on`, `modified_on`) VALUES ('d6fba394-f27b-46b5-9550-6efd7660db5c', 'Biomedical', 'df234305-8a47-4b4d-8efb-716a6b695428', 'ec578be9-f11f-42fb-a52a-99c9ec5a4aa9', '2025-07-01 22:15:07', '2025-07-01 22:15:07');
INSERT INTO `department` (`uuid`, `department`, `tenant_id`, `client_id`, `created_on`, `modified_on`) VALUES ('45c5167d-6d72-49ec-9d7e-7facf47c6615', 'Civil Systems', 'df234305-8a47-4b4d-8efb-716a6b695428', 'ec578be9-f11f-42fb-a52a-99c9ec5a4aa9', '2025-07-01 22:15:07', '2025-07-01 22:15:07');
INSERT INTO `department` (`uuid`, `department`, `tenant_id`, `client_id`, `created_on`, `modified_on`) VALUES ('781392cd-d32a-4869-bffe-193bb9e175f4', 'Aerospace', 'df234305-8a47-4b4d-8efb-716a6b695428', 'ec578be9-f11f-42fb-a52a-99c9ec5a4aa9', '2025-07-01 22:15:07', '2025-07-01 22:15:07');
INSERT INTO `department` (`uuid`, `department`, `tenant_id`, `client_id`, `created_on`, `modified_on`) VALUES ('342009ce-1bcb-46e3-8a85-682505852214', 'Cybersecurity', 'df234305-8a47-4b4d-8efb-716a6b695428', 'ec578be9-f11f-42fb-a52a-99c9ec5a4aa9', '2025-07-01 22:15:07', '2025-07-01 22:15:07');
INSERT INTO `department` (`uuid`, `department`, `tenant_id`, `client_id`, `created_on`, `modified_on`) VALUES ('d38e250c-fea2-4f03-b0ef-2c7afaaa32ca', 'AI Solutions', 'df234305-8a47-4b4d-8efb-716a6b695428', 'ec578be9-f11f-42fb-a52a-99c9ec5a4aa9', '2025-07-01 22:15:07', '2025-07-01 22:15:07');
INSERT INTO `client` (`uuid`, `client_name`, `client_code`, `is_active`, `tenant_id`, `created_on`, `modified_on`) VALUES ('00fb897f-1a2e-4aef-abb3-29cf51cb112f', 'Johnson, Sanchez and Meyer', 1054, 1, 'df234305-8a47-4b4d-8efb-716a6b695428', '2025-07-01 22:15:07', '2025-07-01 22:15:07');
INSERT INTO `department` (`uuid`, `department`, `tenant_id`, `client_id`, `created_on`, `modified_on`) VALUES ('01bd626e-7b67-46f0-98e8-056c109e0918', 'AI Solutions', 'df234305-8a47-4b4d-8efb-716a6b695428', '00fb897f-1a2e-4aef-abb3-29cf51cb112f', '2025-07-01 22:15:07', '2025-07-01 22:15:07');
INSERT INTO `department` (`uuid`, `department`, `tenant_id`, `client_id`, `created_on`, `modified_on`) VALUES ('db912c29-1af5-4afe-81a0-8020daaa69a8', 'Biomedical', 'df234305-8a47-4b4d-8efb-716a6b695428', '00fb897f-1a2e-4aef-abb3-29cf51cb112f', '2025-07-01 22:15:07', '2025-07-01 22:15:07');
INSERT INTO `department` (`uuid`, `department`, `tenant_id`, `client_id`, `created_on`, `modified_on`) VALUES ('6a76c508-05c2-4d27-8619-fbcae42b9a23', 'Civil Systems', 'df234305-8a47-4b4d-8efb-716a6b695428', '00fb897f-1a2e-4aef-abb3-29cf51cb112f', '2025-07-01 22:15:07', '2025-07-01 22:15:07');
INSERT INTO `department` (`uuid`, `department`, `tenant_id`, `client_id`, `created_on`, `modified_on`) VALUES ('3d5dc402-108f-4131-bdf3-811287f39d51', 'Robotics', 'df234305-8a47-4b4d-8efb-716a6b695428', '00fb897f-1a2e-4aef-abb3-29cf51cb112f', '2025-07-01 22:15:07', '2025-07-01 22:15:07');
INSERT INTO `department` (`uuid`, `department`, `tenant_id`, `client_id`, `created_on`, `modified_on`) VALUES ('3df14314-357b-4c9c-b400-636d9e687849', 'Cybersecurity', 'df234305-8a47-4b4d-8efb-716a6b695428', '00fb897f-1a2e-4aef-abb3-29cf51cb112f', '2025-07-01 22:15:07', '2025-07-01 22:15:07');
INSERT INTO `department` (`uuid`, `department`, `tenant_id`, `client_id`, `created_on`, `modified_on`) VALUES ('0b5913ad-bfaa-468f-b724-c72298a10c01', 'Aerospace', 'df234305-8a47-4b4d-8efb-716a6b695428', '00fb897f-1a2e-4aef-abb3-29cf51cb112f', '2025-07-01 22:15:07', '2025-07-01 22:15:07');
INSERT INTO `client` (`uuid`, `client_name`, `client_code`, `is_active`, `tenant_id`, `created_on`, `modified_on`) VALUES ('3589f9a5-ded8-489f-b1d5-7aec4305aa0b', 'Carroll Group', 1055, 1, 'df234305-8a47-4b4d-8efb-716a6b695428', '2025-07-01 22:15:07', '2025-07-01 22:15:07');
INSERT INTO `department` (`uuid`, `department`, `tenant_id`, `client_id`, `created_on`, `modified_on`) VALUES ('175f5351-ba37-4bf7-9aee-68b687e1e49d', 'Robotics', 'df234305-8a47-4b4d-8efb-716a6b695428', '3589f9a5-ded8-489f-b1d5-7aec4305aa0b', '2025-07-01 22:15:07', '2025-07-01 22:15:07');
INSERT INTO `department` (`uuid`, `department`, `tenant_id`, `client_id`, `created_on`, `modified_on`) VALUES ('1618cfce-fb8d-4c8f-8fea-19b79aff998e', 'Civil Systems', 'df234305-8a47-4b4d-8efb-716a6b695428', '3589f9a5-ded8-489f-b1d5-7aec4305aa0b', '2025-07-01 22:15:07', '2025-07-01 22:15:07');
INSERT INTO `department` (`uuid`, `department`, `tenant_id`, `client_id`, `created_on`, `modified_on`) VALUES ('e38e269f-be36-4b1a-a831-0aa89559ea1d', 'Cybersecurity', 'df234305-8a47-4b4d-8efb-716a6b695428', '3589f9a5-ded8-489f-b1d5-7aec4305aa0b', '2025-07-01 22:15:07', '2025-07-01 22:15:07');
INSERT INTO `department` (`uuid`, `department`, `tenant_id`, `client_id`, `created_on`, `modified_on`) VALUES ('140d785b-482e-4405-ac62-60415f432639', 'AI Solutions', 'df234305-8a47-4b4d-8efb-716a6b695428', '3589f9a5-ded8-489f-b1d5-7aec4305aa0b', '2025-07-01 22:15:07', '2025-07-01 22:15:07');
INSERT INTO `department` (`uuid`, `department`, `tenant_id`, `client_id`, `created_on`, `modified_on`) VALUES ('869bcf71-d25a-4ed3-988c-106b5f7e2ca9', 'Aerospace', 'df234305-8a47-4b4d-8efb-716a6b695428', '3589f9a5-ded8-489f-b1d5-7aec4305aa0b', '2025-07-01 22:15:07', '2025-07-01 22:15:07');
INSERT INTO `department` (`uuid`, `department`, `tenant_id`, `client_id`, `created_on`, `modified_on`) VALUES ('105f5f7b-8c07-442b-8168-bfda075907fd', 'Biomedical', 'df234305-8a47-4b4d-8efb-716a6b695428', '3589f9a5-ded8-489f-b1d5-7aec4305aa0b', '2025-07-01 22:15:07', '2025-07-01 22:15:07');
INSERT INTO `client` (`uuid`, `client_name`, `client_code`, `is_active`, `tenant_id`, `created_on`, `modified_on`) VALUES ('e462ed1f-9dd9-48ee-bd18-6c0e37994ea4', 'Young-Atkins', 1056, 1, 'df234305-8a47-4b4d-8efb-716a6b695428', '2025-07-01 22:15:07', '2025-07-01 22:15:07');
INSERT INTO `department` (`uuid`, `department`, `tenant_id`, `client_id`, `created_on`, `modified_on`) VALUES ('a242e3aa-b5b5-46ee-a629-4d4b609b5a43', 'Robotics', 'df234305-8a47-4b4d-8efb-716a6b695428', 'e462ed1f-9dd9-48ee-bd18-6c0e37994ea4', '2025-07-01 22:15:07', '2025-07-01 22:15:07');
INSERT INTO `department` (`uuid`, `department`, `tenant_id`, `client_id`, `created_on`, `modified_on`) VALUES ('66d33a63-ef34-4f9b-a0a3-9be6376e8368', 'AI Solutions', 'df234305-8a47-4b4d-8efb-716a6b695428', 'e462ed1f-9dd9-48ee-bd18-6c0e37994ea4', '2025-07-01 22:15:07', '2025-07-01 22:15:07');
INSERT INTO `department` (`uuid`, `department`, `tenant_id`, `client_id`, `created_on`, `modified_on`) VALUES ('88038d44-3394-47a1-9a77-e12fe752e5cc', 'Aerospace', 'df234305-8a47-4b4d-8efb-716a6b695428', 'e462ed1f-9dd9-48ee-bd18-6c0e37994ea4', '2025-07-01 22:15:07', '2025-07-01 22:15:07');
INSERT INTO `department` (`uuid`, `department`, `tenant_id`, `client_id`, `created_on`, `modified_on`) VALUES ('77850bc0-c0a1-49fa-bc47-eff1f5f5f674', 'Civil Systems', 'df234305-8a47-4b4d-8efb-716a6b695428', 'e462ed1f-9dd9-48ee-bd18-6c0e37994ea4', '2025-07-01 22:15:07', '2025-07-01 22:15:07');
INSERT INTO `client` (`uuid`, `client_name`, `client_code`, `is_active`, `tenant_id`, `created_on`, `modified_on`) VALUES ('05c5cc1b-fca5-4034-a55b-375756a5d611', 'Graves, Crawford and Williams', 1057, 1, 'df234305-8a47-4b4d-8efb-716a6b695428', '2025-07-01 22:15:07', '2025-07-01 22:15:07');
INSERT INTO `department` (`uuid`, `department`, `tenant_id`, `client_id`, `created_on`, `modified_on`) VALUES ('a3e4274c-46d5-40ff-8e66-a32cc11d63b6', 'Cybersecurity', 'df234305-8a47-4b4d-8efb-716a6b695428', '05c5cc1b-fca5-4034-a55b-375756a5d611', '2025-07-01 22:15:07', '2025-07-01 22:15:07');
INSERT INTO `department` (`uuid`, `department`, `tenant_id`, `client_id`, `created_on`, `modified_on`) VALUES ('ee4b1fe0-734f-4d67-839b-834538c32503', 'Robotics', 'df234305-8a47-4b4d-8efb-716a6b695428', '05c5cc1b-fca5-4034-a55b-375756a5d611', '2025-07-01 22:15:07', '2025-07-01 22:15:07');
INSERT INTO `department` (`uuid`, `department`, `tenant_id`, `client_id`, `created_on`, `modified_on`) VALUES ('30c2125d-c8bb-423a-9891-28228b34f522', 'Biomedical', 'df234305-8a47-4b4d-8efb-716a6b695428', '05c5cc1b-fca5-4034-a55b-375756a5d611', '2025-07-01 22:15:07', '2025-07-01 22:15:07');
INSERT INTO `department` (`uuid`, `department`, `tenant_id`, `client_id`, `created_on`, `modified_on`) VALUES ('5e61690c-9816-4bbc-965d-b018c8024b64', 'Aerospace', 'df234305-8a47-4b4d-8efb-716a6b695428', '05c5cc1b-fca5-4034-a55b-375756a5d611', '2025-07-01 22:15:07', '2025-07-01 22:15:07');
INSERT INTO `department` (`uuid`, `department`, `tenant_id`, `client_id`, `created_on`, `modified_on`) VALUES ('c80e99fd-0ef9-4668-87d7-43d956191fb1', 'Civil Systems', 'df234305-8a47-4b4d-8efb-716a6b695428', '05c5cc1b-fca5-4034-a55b-375756a5d611', '2025-07-01 22:15:07', '2025-07-01 22:15:07');
INSERT INTO `department` (`uuid`, `department`, `tenant_id`, `client_id`, `created_on`, `modified_on`) VALUES ('1624e08c-c119-413e-80e7-076f77b524e7', 'AI Solutions', 'df234305-8a47-4b4d-8efb-716a6b695428', '05c5cc1b-fca5-4034-a55b-375756a5d611', '2025-07-01 22:15:07', '2025-07-01 22:15:07');
INSERT INTO `client` (`uuid`, `client_name`, `client_code`, `is_active`, `tenant_id`, `created_on`, `modified_on`) VALUES ('b2bb8844-4b52-46a8-a818-b0da93c9737a', 'Castillo-Johnson', 1058, 1, 'df234305-8a47-4b4d-8efb-716a6b695428', '2025-07-01 22:15:07', '2025-07-01 22:15:07');
INSERT INTO `department` (`uuid`, `department`, `tenant_id`, `client_id`, `created_on`, `modified_on`) VALUES ('6f21e754-4ce1-4539-a975-4f2da9e6fc38', 'Robotics', 'df234305-8a47-4b4d-8efb-716a6b695428', 'b2bb8844-4b52-46a8-a818-b0da93c9737a', '2025-07-01 22:15:07', '2025-07-01 22:15:07');
INSERT INTO `department` (`uuid`, `department`, `tenant_id`, `client_id`, `created_on`, `modified_on`) VALUES ('18a9c1c0-3136-488c-85d4-0e1f8ffe4bb0', 'AI Solutions', 'df234305-8a47-4b4d-8efb-716a6b695428', 'b2bb8844-4b52-46a8-a818-b0da93c9737a', '2025-07-01 22:15:07', '2025-07-01 22:15:07');
INSERT INTO `department` (`uuid`, `department`, `tenant_id`, `client_id`, `created_on`, `modified_on`) VALUES ('230cbc83-9652-45b2-b1f9-abd7da1ce0d4', 'Biomedical', 'df234305-8a47-4b4d-8efb-716a6b695428', 'b2bb8844-4b52-46a8-a818-b0da93c9737a', '2025-07-01 22:15:07', '2025-07-01 22:15:07');
INSERT INTO `department` (`uuid`, `department`, `tenant_id`, `client_id`, `created_on`, `modified_on`) VALUES ('9ce51908-dca7-4905-b7e3-07d94ab608f9', 'Civil Systems', 'df234305-8a47-4b4d-8efb-716a6b695428', 'b2bb8844-4b52-46a8-a818-b0da93c9737a', '2025-07-01 22:15:07', '2025-07-01 22:15:07');
INSERT INTO `department` (`uuid`, `department`, `tenant_id`, `client_id`, `created_on`, `modified_on`) VALUES ('812867e0-35bb-4428-a0d6-a73f42b56ada', 'Cybersecurity', 'df234305-8a47-4b4d-8efb-716a6b695428', 'b2bb8844-4b52-46a8-a818-b0da93c9737a', '2025-07-01 22:15:07', '2025-07-01 22:15:07');
INSERT INTO `department` (`uuid`, `department`, `tenant_id`, `client_id`, `created_on`, `modified_on`) VALUES ('2333f445-d203-46e0-88e3-5237901b6590', 'Aerospace', 'df234305-8a47-4b4d-8efb-716a6b695428', 'b2bb8844-4b52-46a8-a818-b0da93c9737a', '2025-07-01 22:15:07', '2025-07-01 22:15:07');
INSERT INTO `client` (`uuid`, `client_name`, `client_code`, `is_active`, `tenant_id`, `created_on`, `modified_on`) VALUES ('00f76964-4a1a-48ad-92c9-b0d5045c42e4', 'Green PLC', 1059, 1, 'df234305-8a47-4b4d-8efb-716a6b695428', '2025-07-01 22:15:07', '2025-07-01 22:15:07');
INSERT INTO `department` (`uuid`, `department`, `tenant_id`, `client_id`, `created_on`, `modified_on`) VALUES ('77e00d21-d658-4e71-8860-e1705aa77df3', 'Civil Systems', 'df234305-8a47-4b4d-8efb-716a6b695428', '00f76964-4a1a-48ad-92c9-b0d5045c42e4', '2025-07-01 22:15:07', '2025-07-01 22:15:07');
INSERT INTO `department` (`uuid`, `department`, `tenant_id`, `client_id`, `created_on`, `modified_on`) VALUES ('4faae21e-53d7-4393-9cc0-d6ea164dc988', 'AI Solutions', 'df234305-8a47-4b4d-8efb-716a6b695428', '00f76964-4a1a-48ad-92c9-b0d5045c42e4', '2025-07-01 22:15:07', '2025-07-01 22:15:07');
INSERT INTO `department` (`uuid`, `department`, `tenant_id`, `client_id`, `created_on`, `modified_on`) VALUES ('254f9c59-92af-487d-9808-0e2219119e8f', 'Biomedical', 'df234305-8a47-4b4d-8efb-716a6b695428', '00f76964-4a1a-48ad-92c9-b0d5045c42e4', '2025-07-01 22:15:07', '2025-07-01 22:15:07');
INSERT INTO `department` (`uuid`, `department`, `tenant_id`, `client_id`, `created_on`, `modified_on`) VALUES ('a976a06b-027f-4993-9eb8-56f6c047f837', 'Robotics', 'df234305-8a47-4b4d-8efb-716a6b695428', '00f76964-4a1a-48ad-92c9-b0d5045c42e4', '2025-07-01 22:15:07', '2025-07-01 22:15:07');
INSERT INTO `department` (`uuid`, `department`, `tenant_id`, `client_id`, `created_on`, `modified_on`) VALUES ('ec585b17-5805-4487-8c80-a1721f1692f5', 'Cybersecurity', 'df234305-8a47-4b4d-8efb-716a6b695428', '00f76964-4a1a-48ad-92c9-b0d5045c42e4', '2025-07-01 22:15:07', '2025-07-01 22:15:07');
INSERT INTO `client` (`uuid`, `client_name`, `client_code`, `is_active`, `tenant_id`, `created_on`, `modified_on`) VALUES ('6ad8784b-6a13-4fb4-96fa-ca4b127d0c15', 'Gutierrez LLC', 1060, 1, 'df234305-8a47-4b4d-8efb-716a6b695428', '2025-07-01 22:15:07', '2025-07-01 22:15:07');
INSERT INTO `department` (`uuid`, `department`, `tenant_id`, `client_id`, `created_on`, `modified_on`) VALUES ('070c8a81-89ef-4b79-9e6c-5ee1f0c8a511', 'Aerospace', 'df234305-8a47-4b4d-8efb-716a6b695428', '6ad8784b-6a13-4fb4-96fa-ca4b127d0c15', '2025-07-01 22:15:07', '2025-07-01 22:15:07');
INSERT INTO `department` (`uuid`, `department`, `tenant_id`, `client_id`, `created_on`, `modified_on`) VALUES ('cbc45661-7350-4f28-9e9f-b0e9e977318b', 'Civil Systems', 'df234305-8a47-4b4d-8efb-716a6b695428', '6ad8784b-6a13-4fb4-96fa-ca4b127d0c15', '2025-07-01 22:15:07', '2025-07-01 22:15:07');
INSERT INTO `department` (`uuid`, `department`, `tenant_id`, `client_id`, `created_on`, `modified_on`) VALUES ('84af2a80-8114-4dd5-94ba-ed21d02642d7', 'Biomedical', 'df234305-8a47-4b4d-8efb-716a6b695428', '6ad8784b-6a13-4fb4-96fa-ca4b127d0c15', '2025-07-01 22:15:07', '2025-07-01 22:15:07');
INSERT INTO `department` (`uuid`, `department`, `tenant_id`, `client_id`, `created_on`, `modified_on`) VALUES ('b49f0853-9a2c-41d5-9f9c-bb672eb0d5e7', 'Cybersecurity', 'df234305-8a47-4b4d-8efb-716a6b695428', '6ad8784b-6a13-4fb4-96fa-ca4b127d0c15', '2025-07-01 22:15:07', '2025-07-01 22:15:07');
INSERT INTO `department` (`uuid`, `department`, `tenant_id`, `client_id`, `created_on`, `modified_on`) VALUES ('87f3217b-787d-4ca9-b78d-271d296dce7a', 'AI Solutions', 'df234305-8a47-4b4d-8efb-716a6b695428', '6ad8784b-6a13-4fb4-96fa-ca4b127d0c15', '2025-07-01 22:15:07', '2025-07-01 22:15:07');
INSERT INTO `department` (`uuid`, `department`, `tenant_id`, `client_id`, `created_on`, `modified_on`) VALUES ('6bff1cbb-3355-4991-a6ac-56fb4528de55', 'Robotics', 'df234305-8a47-4b4d-8efb-716a6b695428', '6ad8784b-6a13-4fb4-96fa-ca4b127d0c15', '2025-07-01 22:15:07', '2025-07-01 22:15:07');
INSERT INTO `client` (`uuid`, `client_name`, `client_code`, `is_active`, `tenant_id`, `created_on`, `modified_on`) VALUES ('ac3d768b-6153-4cd0-a775-af89f122ea04', 'Johnson Inc', 1061, 1, 'df234305-8a47-4b4d-8efb-716a6b695428', '2025-07-01 22:15:07', '2025-07-01 22:15:07');
INSERT INTO `department` (`uuid`, `department`, `tenant_id`, `client_id`, `created_on`, `modified_on`) VALUES ('a27f2ac2-7760-4ffa-baa2-8016345d317b', 'AI Solutions', 'df234305-8a47-4b4d-8efb-716a6b695428', 'ac3d768b-6153-4cd0-a775-af89f122ea04', '2025-07-01 22:15:07', '2025-07-01 22:15:07');
INSERT INTO `department` (`uuid`, `department`, `tenant_id`, `client_id`, `created_on`, `modified_on`) VALUES ('403d7944-a168-4614-8746-f093e4511c5d', 'Cybersecurity', 'df234305-8a47-4b4d-8efb-716a6b695428', 'ac3d768b-6153-4cd0-a775-af89f122ea04', '2025-07-01 22:15:07', '2025-07-01 22:15:07');
INSERT INTO `department` (`uuid`, `department`, `tenant_id`, `client_id`, `created_on`, `modified_on`) VALUES ('e631df2d-f4d5-4aa4-83e0-56c41fac2d01', 'Biomedical', 'df234305-8a47-4b4d-8efb-716a6b695428', 'ac3d768b-6153-4cd0-a775-af89f122ea04', '2025-07-01 22:15:07', '2025-07-01 22:15:07');
INSERT INTO `department` (`uuid`, `department`, `tenant_id`, `client_id`, `created_on`, `modified_on`) VALUES ('ed7e70d7-5304-4dfb-a580-4aeeb7787655', 'Aerospace', 'df234305-8a47-4b4d-8efb-716a6b695428', 'ac3d768b-6153-4cd0-a775-af89f122ea04', '2025-07-01 22:15:07', '2025-07-01 22:15:07');
INSERT INTO `department` (`uuid`, `department`, `tenant_id`, `client_id`, `created_on`, `modified_on`) VALUES ('acceda55-b5e5-4446-a9e4-e9e148ab4a9a', 'Robotics', 'df234305-8a47-4b4d-8efb-716a6b695428', 'ac3d768b-6153-4cd0-a775-af89f122ea04', '2025-07-01 22:15:07', '2025-07-01 22:15:07');
INSERT INTO `department` (`uuid`, `department`, `tenant_id`, `client_id`, `created_on`, `modified_on`) VALUES ('b51e1122-f189-45c7-ac74-75c89d7ae693', 'Civil Systems', 'df234305-8a47-4b4d-8efb-716a6b695428', 'ac3d768b-6153-4cd0-a775-af89f122ea04', '2025-07-01 22:15:07', '2025-07-01 22:15:07');
INSERT INTO `client` (`uuid`, `client_name`, `client_code`, `is_active`, `tenant_id`, `created_on`, `modified_on`) VALUES ('61d9d199-c2c6-4335-8022-47b6164df529', 'Black PLC', 1062, 1, 'df234305-8a47-4b4d-8efb-716a6b695428', '2025-07-01 22:15:07', '2025-07-01 22:15:07');
INSERT INTO `department` (`uuid`, `department`, `tenant_id`, `client_id`, `created_on`, `modified_on`) VALUES ('50e6dec2-8639-4ad3-964a-df9718dc55f6', 'Cybersecurity', 'df234305-8a47-4b4d-8efb-716a6b695428', '61d9d199-c2c6-4335-8022-47b6164df529', '2025-07-01 22:15:07', '2025-07-01 22:15:07');
INSERT INTO `department` (`uuid`, `department`, `tenant_id`, `client_id`, `created_on`, `modified_on`) VALUES ('04b2e371-48b4-4e74-8641-d6986d27932f', 'Aerospace', 'df234305-8a47-4b4d-8efb-716a6b695428', '61d9d199-c2c6-4335-8022-47b6164df529', '2025-07-01 22:15:07', '2025-07-01 22:15:07');
INSERT INTO `department` (`uuid`, `department`, `tenant_id`, `client_id`, `created_on`, `modified_on`) VALUES ('4645190f-5d35-4450-91a5-afbe82e7c51e', 'AI Solutions', 'df234305-8a47-4b4d-8efb-716a6b695428', '61d9d199-c2c6-4335-8022-47b6164df529', '2025-07-01 22:15:07', '2025-07-01 22:15:07');
INSERT INTO `department` (`uuid`, `department`, `tenant_id`, `client_id`, `created_on`, `modified_on`) VALUES ('7b72bc8c-8018-454f-b3d4-d0e644fa7364', 'Biomedical', 'df234305-8a47-4b4d-8efb-716a6b695428', '61d9d199-c2c6-4335-8022-47b6164df529', '2025-07-01 22:15:07', '2025-07-01 22:15:07');
INSERT INTO `department` (`uuid`, `department`, `tenant_id`, `client_id`, `created_on`, `modified_on`) VALUES ('5f3c97d3-721e-4254-ae85-9681ccecfe74', 'Robotics', 'df234305-8a47-4b4d-8efb-716a6b695428', '61d9d199-c2c6-4335-8022-47b6164df529', '2025-07-01 22:15:07', '2025-07-01 22:15:07');
INSERT INTO `department` (`uuid`, `department`, `tenant_id`, `client_id`, `created_on`, `modified_on`) VALUES ('051f2fd2-00aa-42b2-9b1c-349d61d4bfa9', 'Civil Systems', 'df234305-8a47-4b4d-8efb-716a6b695428', '61d9d199-c2c6-4335-8022-47b6164df529', '2025-07-01 22:15:07', '2025-07-01 22:15:07');
INSERT INTO `client` (`uuid`, `client_name`, `client_code`, `is_active`, `tenant_id`, `created_on`, `modified_on`) VALUES ('250d39c0-39a6-4d77-b99f-cc0b5ce0e1df', 'Washington-Davis', 1063, 1, 'df234305-8a47-4b4d-8efb-716a6b695428', '2025-07-01 22:15:07', '2025-07-01 22:15:07');
INSERT INTO `department` (`uuid`, `department`, `tenant_id`, `client_id`, `created_on`, `modified_on`) VALUES ('305f9cd3-919c-41c0-b06d-e67737eb7920', 'Robotics', 'df234305-8a47-4b4d-8efb-716a6b695428', '250d39c0-39a6-4d77-b99f-cc0b5ce0e1df', '2025-07-01 22:15:07', '2025-07-01 22:15:07');
INSERT INTO `department` (`uuid`, `department`, `tenant_id`, `client_id`, `created_on`, `modified_on`) VALUES ('09310ca1-961d-42ad-9681-98175af0195a', 'AI Solutions', 'df234305-8a47-4b4d-8efb-716a6b695428', '250d39c0-39a6-4d77-b99f-cc0b5ce0e1df', '2025-07-01 22:15:07', '2025-07-01 22:15:07');
INSERT INTO `department` (`uuid`, `department`, `tenant_id`, `client_id`, `created_on`, `modified_on`) VALUES ('3626e2bb-4904-4d18-8ad5-9f238488bac8', 'Biomedical', 'df234305-8a47-4b4d-8efb-716a6b695428', '250d39c0-39a6-4d77-b99f-cc0b5ce0e1df', '2025-07-01 22:15:07', '2025-07-01 22:15:07');
INSERT INTO `department` (`uuid`, `department`, `tenant_id`, `client_id`, `created_on`, `modified_on`) VALUES ('26774245-760b-429d-87ca-3f1da92a065a', 'Aerospace', 'df234305-8a47-4b4d-8efb-716a6b695428', '250d39c0-39a6-4d77-b99f-cc0b5ce0e1df', '2025-07-01 22:15:07', '2025-07-01 22:15:07');
INSERT INTO `department` (`uuid`, `department`, `tenant_id`, `client_id`, `created_on`, `modified_on`) VALUES ('3f31ec8b-5a39-4ce2-8bfa-bccd5f58e18f', 'Cybersecurity', 'df234305-8a47-4b4d-8efb-716a6b695428', '250d39c0-39a6-4d77-b99f-cc0b5ce0e1df', '2025-07-01 22:15:07', '2025-07-01 22:15:07');
INSERT INTO `department` (`uuid`, `department`, `tenant_id`, `client_id`, `created_on`, `modified_on`) VALUES ('d98dc135-717b-46c5-84c1-ce011541c91b', 'Civil Systems', 'df234305-8a47-4b4d-8efb-716a6b695428', '250d39c0-39a6-4d77-b99f-cc0b5ce0e1df', '2025-07-01 22:15:07', '2025-07-01 22:15:07');
INSERT INTO `client` (`uuid`, `client_name`, `client_code`, `is_active`, `tenant_id`, `created_on`, `modified_on`) VALUES ('bf13b380-56b0-4c6d-bd84-566b3e9f6c2a', 'Aguirre Ltd', 1064, 1, 'df234305-8a47-4b4d-8efb-716a6b695428', '2025-07-01 22:15:07', '2025-07-01 22:15:07');
INSERT INTO `department` (`uuid`, `department`, `tenant_id`, `client_id`, `created_on`, `modified_on`) VALUES ('2f3d4d0b-9262-4f57-9e41-101651b329fa', 'Biomedical', 'df234305-8a47-4b4d-8efb-716a6b695428', 'bf13b380-56b0-4c6d-bd84-566b3e9f6c2a', '2025-07-01 22:15:07', '2025-07-01 22:15:07');
INSERT INTO `department` (`uuid`, `department`, `tenant_id`, `client_id`, `created_on`, `modified_on`) VALUES ('aa552c27-38a9-46ba-ba0d-cacdcb4c2425', 'AI Solutions', 'df234305-8a47-4b4d-8efb-716a6b695428', 'bf13b380-56b0-4c6d-bd84-566b3e9f6c2a', '2025-07-01 22:15:07', '2025-07-01 22:15:07');
INSERT INTO `department` (`uuid`, `department`, `tenant_id`, `client_id`, `created_on`, `modified_on`) VALUES ('f1e796d7-b1df-420d-96bf-718da9fb69da', 'Cybersecurity', 'df234305-8a47-4b4d-8efb-716a6b695428', 'bf13b380-56b0-4c6d-bd84-566b3e9f6c2a', '2025-07-01 22:15:07', '2025-07-01 22:15:07');
INSERT INTO `department` (`uuid`, `department`, `tenant_id`, `client_id`, `created_on`, `modified_on`) VALUES ('9da2cc2c-de5c-4342-b2a5-b5cf4eb400e6', 'Robotics', 'df234305-8a47-4b4d-8efb-716a6b695428', 'bf13b380-56b0-4c6d-bd84-566b3e9f6c2a', '2025-07-01 22:15:07', '2025-07-01 22:15:07');
INSERT INTO `department` (`uuid`, `department`, `tenant_id`, `client_id`, `created_on`, `modified_on`) VALUES ('646b3116-efe1-4bf1-8030-5475f5bf4f80', 'Aerospace', 'df234305-8a47-4b4d-8efb-716a6b695428', 'bf13b380-56b0-4c6d-bd84-566b3e9f6c2a', '2025-07-01 22:15:07', '2025-07-01 22:15:07');
INSERT INTO `client` (`uuid`, `client_name`, `client_code`, `is_active`, `tenant_id`, `created_on`, `modified_on`) VALUES ('5dea57be-514d-4b1f-8abc-adff5b4cbbee', 'Shaw Ltd', 1065, 1, 'df234305-8a47-4b4d-8efb-716a6b695428', '2025-07-01 22:15:07', '2025-07-01 22:15:07');
INSERT INTO `department` (`uuid`, `department`, `tenant_id`, `client_id`, `created_on`, `modified_on`) VALUES ('6b387f69-7900-4409-a938-a1d03c18e430', 'Biomedical', 'df234305-8a47-4b4d-8efb-716a6b695428', '5dea57be-514d-4b1f-8abc-adff5b4cbbee', '2025-07-01 22:15:07', '2025-07-01 22:15:07');
INSERT INTO `department` (`uuid`, `department`, `tenant_id`, `client_id`, `created_on`, `modified_on`) VALUES ('9801eea7-6363-40a5-b734-e1896da23cdf', 'Civil Systems', 'df234305-8a47-4b4d-8efb-716a6b695428', '5dea57be-514d-4b1f-8abc-adff5b4cbbee', '2025-07-01 22:15:07', '2025-07-01 22:15:07');
INSERT INTO `department` (`uuid`, `department`, `tenant_id`, `client_id`, `created_on`, `modified_on`) VALUES ('20235ca3-30d2-4d91-91a9-7443e8a434eb', 'Aerospace', 'df234305-8a47-4b4d-8efb-716a6b695428', '5dea57be-514d-4b1f-8abc-adff5b4cbbee', '2025-07-01 22:15:07', '2025-07-01 22:15:07');
INSERT INTO `department` (`uuid`, `department`, `tenant_id`, `client_id`, `created_on`, `modified_on`) VALUES ('e57a10bb-aa2f-4ece-8ba3-0c67856a75b0', 'AI Solutions', 'df234305-8a47-4b4d-8efb-716a6b695428', '5dea57be-514d-4b1f-8abc-adff5b4cbbee', '2025-07-01 22:15:07', '2025-07-01 22:15:07');
INSERT INTO `department` (`uuid`, `department`, `tenant_id`, `client_id`, `created_on`, `modified_on`) VALUES ('531770f1-4af3-4d39-8943-d9f47fde8157', 'Cybersecurity', 'df234305-8a47-4b4d-8efb-716a6b695428', '5dea57be-514d-4b1f-8abc-adff5b4cbbee', '2025-07-01 22:15:07', '2025-07-01 22:15:07');
INSERT INTO `department` (`uuid`, `department`, `tenant_id`, `client_id`, `created_on`, `modified_on`) VALUES ('066fa72a-98b7-4859-b8ce-ce75021a24e3', 'Robotics', 'df234305-8a47-4b4d-8efb-716a6b695428', '5dea57be-514d-4b1f-8abc-adff5b4cbbee', '2025-07-01 22:15:07', '2025-07-01 22:15:07');
INSERT INTO `client` (`uuid`, `client_name`, `client_code`, `is_active`, `tenant_id`, `created_on`, `modified_on`) VALUES ('6f247299-e2cf-4f08-9c5e-f6adfd8a794f', 'Campbell, Smith and Williams', 1066, 1, 'df234305-8a47-4b4d-8efb-716a6b695428', '2025-07-01 22:15:07', '2025-07-01 22:15:07');
INSERT INTO `department` (`uuid`, `department`, `tenant_id`, `client_id`, `created_on`, `modified_on`) VALUES ('55771188-8ead-461f-8c3f-a8a1cd87179f', 'Civil Systems', 'df234305-8a47-4b4d-8efb-716a6b695428', '6f247299-e2cf-4f08-9c5e-f6adfd8a794f', '2025-07-01 22:15:07', '2025-07-01 22:15:07');
INSERT INTO `department` (`uuid`, `department`, `tenant_id`, `client_id`, `created_on`, `modified_on`) VALUES ('8610891d-fd85-4cb0-9c4c-d9963cbffe14', 'Biomedical', 'df234305-8a47-4b4d-8efb-716a6b695428', '6f247299-e2cf-4f08-9c5e-f6adfd8a794f', '2025-07-01 22:15:07', '2025-07-01 22:15:07');
INSERT INTO `department` (`uuid`, `department`, `tenant_id`, `client_id`, `created_on`, `modified_on`) VALUES ('1f275e92-1c2e-4780-8f57-794f1fcd47e7', 'Robotics', 'df234305-8a47-4b4d-8efb-716a6b695428', '6f247299-e2cf-4f08-9c5e-f6adfd8a794f', '2025-07-01 22:15:07', '2025-07-01 22:15:07');
INSERT INTO `department` (`uuid`, `department`, `tenant_id`, `client_id`, `created_on`, `modified_on`) VALUES ('5d10bf1e-f442-4fb8-a093-a6f6d3de0141', 'AI Solutions', 'df234305-8a47-4b4d-8efb-716a6b695428', '6f247299-e2cf-4f08-9c5e-f6adfd8a794f', '2025-07-01 22:15:07', '2025-07-01 22:15:07');
INSERT INTO `department` (`uuid`, `department`, `tenant_id`, `client_id`, `created_on`, `modified_on`) VALUES ('5f12c533-9929-4bf8-9e8c-3921f9dcf32e', 'Cybersecurity', 'df234305-8a47-4b4d-8efb-716a6b695428', '6f247299-e2cf-4f08-9c5e-f6adfd8a794f', '2025-07-01 22:15:07', '2025-07-01 22:15:07');
INSERT INTO `client` (`uuid`, `client_name`, `client_code`, `is_active`, `tenant_id`, `created_on`, `modified_on`) VALUES ('68e0bb6b-b6b3-4605-b68c-5b17524fc7bc', 'Lambert, Adams and Wright', 1067, 1, 'df234305-8a47-4b4d-8efb-716a6b695428', '2025-07-01 22:15:07', '2025-07-01 22:15:07');
INSERT INTO `department` (`uuid`, `department`, `tenant_id`, `client_id`, `created_on`, `modified_on`) VALUES ('98394760-1252-4a97-8aaf-c8b656437e23', 'Civil Systems', 'df234305-8a47-4b4d-8efb-716a6b695428', '68e0bb6b-b6b3-4605-b68c-5b17524fc7bc', '2025-07-01 22:15:07', '2025-07-01 22:15:07');
INSERT INTO `department` (`uuid`, `department`, `tenant_id`, `client_id`, `created_on`, `modified_on`) VALUES ('cc5039a9-9ebd-4028-ba99-c0ef6177dc07', 'AI Solutions', 'df234305-8a47-4b4d-8efb-716a6b695428', '68e0bb6b-b6b3-4605-b68c-5b17524fc7bc', '2025-07-01 22:15:07', '2025-07-01 22:15:07');
INSERT INTO `department` (`uuid`, `department`, `tenant_id`, `client_id`, `created_on`, `modified_on`) VALUES ('e701d8f1-ee44-46e8-b32a-7ddd6f1c5c69', 'Aerospace', 'df234305-8a47-4b4d-8efb-716a6b695428', '68e0bb6b-b6b3-4605-b68c-5b17524fc7bc', '2025-07-01 22:15:07', '2025-07-01 22:15:07');
INSERT INTO `department` (`uuid`, `department`, `tenant_id`, `client_id`, `created_on`, `modified_on`) VALUES ('19c9a1e6-36b0-4bfc-ad9b-e0d7cab163b2', 'Robotics', 'df234305-8a47-4b4d-8efb-716a6b695428', '68e0bb6b-b6b3-4605-b68c-5b17524fc7bc', '2025-07-01 22:15:07', '2025-07-01 22:15:07');
INSERT INTO `department` (`uuid`, `department`, `tenant_id`, `client_id`, `created_on`, `modified_on`) VALUES ('a2365ad9-a317-4d7c-8326-589fc5bc77bc', 'Cybersecurity', 'df234305-8a47-4b4d-8efb-716a6b695428', '68e0bb6b-b6b3-4605-b68c-5b17524fc7bc', '2025-07-01 22:15:07', '2025-07-01 22:15:07');
INSERT INTO `department` (`uuid`, `department`, `tenant_id`, `client_id`, `created_on`, `modified_on`) VALUES ('f0aefb07-0052-4387-80b7-f1faf3a4f698', 'Biomedical', 'df234305-8a47-4b4d-8efb-716a6b695428', '68e0bb6b-b6b3-4605-b68c-5b17524fc7bc', '2025-07-01 22:15:07', '2025-07-01 22:15:07');
INSERT INTO `client` (`uuid`, `client_name`, `client_code`, `is_active`, `tenant_id`, `created_on`, `modified_on`) VALUES ('b9b6ddf5-bbdb-4372-971d-d0d60dae4358', 'Cline-Ford', 1068, 1, 'df234305-8a47-4b4d-8efb-716a6b695428', '2025-07-01 22:15:07', '2025-07-01 22:15:07');
INSERT INTO `department` (`uuid`, `department`, `tenant_id`, `client_id`, `created_on`, `modified_on`) VALUES ('6283fba4-d62c-4dab-8d2f-a5023459b1d6', 'Civil Systems', 'df234305-8a47-4b4d-8efb-716a6b695428', 'b9b6ddf5-bbdb-4372-971d-d0d60dae4358', '2025-07-01 22:15:07', '2025-07-01 22:15:07');
INSERT INTO `department` (`uuid`, `department`, `tenant_id`, `client_id`, `created_on`, `modified_on`) VALUES ('d0ba1d7d-8599-415a-a48f-af77cd7d12af', 'Aerospace', 'df234305-8a47-4b4d-8efb-716a6b695428', 'b9b6ddf5-bbdb-4372-971d-d0d60dae4358', '2025-07-01 22:15:07', '2025-07-01 22:15:07');
INSERT INTO `department` (`uuid`, `department`, `tenant_id`, `client_id`, `created_on`, `modified_on`) VALUES ('fcffa7ea-8779-4c22-8388-49bcb3ca2b8c', 'Robotics', 'df234305-8a47-4b4d-8efb-716a6b695428', 'b9b6ddf5-bbdb-4372-971d-d0d60dae4358', '2025-07-01 22:15:07', '2025-07-01 22:15:07');
INSERT INTO `department` (`uuid`, `department`, `tenant_id`, `client_id`, `created_on`, `modified_on`) VALUES ('bdd3b291-f539-491e-a23e-27752df0d47b', 'Cybersecurity', 'df234305-8a47-4b4d-8efb-716a6b695428', 'b9b6ddf5-bbdb-4372-971d-d0d60dae4358', '2025-07-01 22:15:07', '2025-07-01 22:15:07');
INSERT INTO `department` (`uuid`, `department`, `tenant_id`, `client_id`, `created_on`, `modified_on`) VALUES ('fee6427f-2b36-4f00-9586-0441043c79dd', 'Biomedical', 'df234305-8a47-4b4d-8efb-716a6b695428', 'b9b6ddf5-bbdb-4372-971d-d0d60dae4358', '2025-07-01 22:15:07', '2025-07-01 22:15:07');
INSERT INTO `department` (`uuid`, `department`, `tenant_id`, `client_id`, `created_on`, `modified_on`) VALUES ('09072c47-d2b7-4f1a-ba87-2814ac669eef', 'AI Solutions', 'df234305-8a47-4b4d-8efb-716a6b695428', 'b9b6ddf5-bbdb-4372-971d-d0d60dae4358', '2025-07-01 22:15:07', '2025-07-01 22:15:07');
INSERT INTO `client` (`uuid`, `client_name`, `client_code`, `is_active`, `tenant_id`, `created_on`, `modified_on`) VALUES ('d404bc3b-d41e-4eb2-bec2-db7cc9a4f33d', 'Taylor LLC', 1069, 1, 'df234305-8a47-4b4d-8efb-716a6b695428', '2025-07-01 22:15:07', '2025-07-01 22:15:07');
INSERT INTO `department` (`uuid`, `department`, `tenant_id`, `client_id`, `created_on`, `modified_on`) VALUES ('6389a292-1507-4623-a18a-143556deac6f', 'Cybersecurity', 'df234305-8a47-4b4d-8efb-716a6b695428', 'd404bc3b-d41e-4eb2-bec2-db7cc9a4f33d', '2025-07-01 22:15:07', '2025-07-01 22:15:07');
INSERT INTO `department` (`uuid`, `department`, `tenant_id`, `client_id`, `created_on`, `modified_on`) VALUES ('645ae6c2-9b6b-4268-a155-401fe4af616b', 'Aerospace', 'df234305-8a47-4b4d-8efb-716a6b695428', 'd404bc3b-d41e-4eb2-bec2-db7cc9a4f33d', '2025-07-01 22:15:07', '2025-07-01 22:15:07');
INSERT INTO `department` (`uuid`, `department`, `tenant_id`, `client_id`, `created_on`, `modified_on`) VALUES ('7e19af1b-88c1-4c86-8846-fc09d76bae7b', 'Robotics', 'df234305-8a47-4b4d-8efb-716a6b695428', 'd404bc3b-d41e-4eb2-bec2-db7cc9a4f33d', '2025-07-01 22:15:07', '2025-07-01 22:15:07');
INSERT INTO `department` (`uuid`, `department`, `tenant_id`, `client_id`, `created_on`, `modified_on`) VALUES ('d4a5ba25-acfe-476d-85f9-daa12bf10d00', 'Biomedical', 'df234305-8a47-4b4d-8efb-716a6b695428', 'd404bc3b-d41e-4eb2-bec2-db7cc9a4f33d', '2025-07-01 22:15:07', '2025-07-01 22:15:07');
INSERT INTO `department` (`uuid`, `department`, `tenant_id`, `client_id`, `created_on`, `modified_on`) VALUES ('69f094bc-fc4c-4dc7-aef5-f6922b4ce5fa', 'Civil Systems', 'df234305-8a47-4b4d-8efb-716a6b695428', 'd404bc3b-d41e-4eb2-bec2-db7cc9a4f33d', '2025-07-01 22:15:07', '2025-07-01 22:15:07');
INSERT INTO `client` (`uuid`, `client_name`, `client_code`, `is_active`, `tenant_id`, `created_on`, `modified_on`) VALUES ('5079ed54-7d03-4363-a5be-75c3ffebb260', 'Fisher-Grimes', 1070, 1, 'df234305-8a47-4b4d-8efb-716a6b695428', '2025-07-01 22:15:07', '2025-07-01 22:15:07');
INSERT INTO `department` (`uuid`, `department`, `tenant_id`, `client_id`, `created_on`, `modified_on`) VALUES ('ca35a5bd-273a-4adc-99a0-604d3dc6ad67', 'Robotics', 'df234305-8a47-4b4d-8efb-716a6b695428', '5079ed54-7d03-4363-a5be-75c3ffebb260', '2025-07-01 22:15:07', '2025-07-01 22:15:07');
INSERT INTO `department` (`uuid`, `department`, `tenant_id`, `client_id`, `created_on`, `modified_on`) VALUES ('7c28f21d-1955-453b-89d5-9964a9352808', 'Biomedical', 'df234305-8a47-4b4d-8efb-716a6b695428', '5079ed54-7d03-4363-a5be-75c3ffebb260', '2025-07-01 22:15:07', '2025-07-01 22:15:07');
INSERT INTO `department` (`uuid`, `department`, `tenant_id`, `client_id`, `created_on`, `modified_on`) VALUES ('a9600d82-0eb7-4a6e-a1b3-2acec2e55b19', 'Civil Systems', 'df234305-8a47-4b4d-8efb-716a6b695428', '5079ed54-7d03-4363-a5be-75c3ffebb260', '2025-07-01 22:15:07', '2025-07-01 22:15:07');
INSERT INTO `department` (`uuid`, `department`, `tenant_id`, `client_id`, `created_on`, `modified_on`) VALUES ('1421afdc-4490-4c66-ad9f-f7634177edbc', 'AI Solutions', 'df234305-8a47-4b4d-8efb-716a6b695428', '5079ed54-7d03-4363-a5be-75c3ffebb260', '2025-07-01 22:15:07', '2025-07-01 22:15:07');
INSERT INTO `department` (`uuid`, `department`, `tenant_id`, `client_id`, `created_on`, `modified_on`) VALUES ('f1efb282-3fd2-4ff9-b15e-dfa5043f0c6d', 'Cybersecurity', 'df234305-8a47-4b4d-8efb-716a6b695428', '5079ed54-7d03-4363-a5be-75c3ffebb260', '2025-07-01 22:15:07', '2025-07-01 22:15:07');
INSERT INTO `department` (`uuid`, `department`, `tenant_id`, `client_id`, `created_on`, `modified_on`) VALUES ('8ad258ee-6a21-4d7c-b80a-0b35347c8995', 'Aerospace', 'df234305-8a47-4b4d-8efb-716a6b695428', '5079ed54-7d03-4363-a5be-75c3ffebb260', '2025-07-01 22:15:07', '2025-07-01 22:15:07');
INSERT INTO `client` (`uuid`, `client_name`, `client_code`, `is_active`, `tenant_id`, `created_on`, `modified_on`) VALUES ('fe0a094a-e580-4713-a3a2-7efe01de9246', 'Dean-Perkins', 1071, 1, 'df234305-8a47-4b4d-8efb-716a6b695428', '2025-07-01 22:15:07', '2025-07-01 22:15:07');
INSERT INTO `department` (`uuid`, `department`, `tenant_id`, `client_id`, `created_on`, `modified_on`) VALUES ('85c0bae7-44b5-4521-958a-91b77d029cfa', 'Biomedical', 'df234305-8a47-4b4d-8efb-716a6b695428', 'fe0a094a-e580-4713-a3a2-7efe01de9246', '2025-07-01 22:15:07', '2025-07-01 22:15:07');
INSERT INTO `department` (`uuid`, `department`, `tenant_id`, `client_id`, `created_on`, `modified_on`) VALUES ('99aa3e96-b7fa-484e-b0b8-e68c80ffd753', 'Civil Systems', 'df234305-8a47-4b4d-8efb-716a6b695428', 'fe0a094a-e580-4713-a3a2-7efe01de9246', '2025-07-01 22:15:07', '2025-07-01 22:15:07');
INSERT INTO `department` (`uuid`, `department`, `tenant_id`, `client_id`, `created_on`, `modified_on`) VALUES ('a796c2a3-37c6-4991-9148-4688606328cb', 'Aerospace', 'df234305-8a47-4b4d-8efb-716a6b695428', 'fe0a094a-e580-4713-a3a2-7efe01de9246', '2025-07-01 22:15:07', '2025-07-01 22:15:07');
INSERT INTO `department` (`uuid`, `department`, `tenant_id`, `client_id`, `created_on`, `modified_on`) VALUES ('f39a9cf3-e1e3-4615-bfda-ba5101d6ed4d', 'AI Solutions', 'df234305-8a47-4b4d-8efb-716a6b695428', 'fe0a094a-e580-4713-a3a2-7efe01de9246', '2025-07-01 22:15:07', '2025-07-01 22:15:07');
INSERT INTO `client` (`uuid`, `client_name`, `client_code`, `is_active`, `tenant_id`, `created_on`, `modified_on`) VALUES ('060ef347-d658-4971-ad0c-ed920cd08425', 'Mueller-Miller', 1072, 1, 'df234305-8a47-4b4d-8efb-716a6b695428', '2025-07-01 22:15:07', '2025-07-01 22:15:07');
INSERT INTO `department` (`uuid`, `department`, `tenant_id`, `client_id`, `created_on`, `modified_on`) VALUES ('c39cda66-bfb9-474b-a29f-75eaa17c639f', 'Robotics', 'df234305-8a47-4b4d-8efb-716a6b695428', '060ef347-d658-4971-ad0c-ed920cd08425', '2025-07-01 22:15:07', '2025-07-01 22:15:07');
INSERT INTO `department` (`uuid`, `department`, `tenant_id`, `client_id`, `created_on`, `modified_on`) VALUES ('1c9b56f3-190c-468a-a729-86bbee66886e', 'Cybersecurity', 'df234305-8a47-4b4d-8efb-716a6b695428', '060ef347-d658-4971-ad0c-ed920cd08425', '2025-07-01 22:15:07', '2025-07-01 22:15:07');
INSERT INTO `department` (`uuid`, `department`, `tenant_id`, `client_id`, `created_on`, `modified_on`) VALUES ('e36e5ea2-7f1e-484e-809b-0096ce32c200', 'Biomedical', 'df234305-8a47-4b4d-8efb-716a6b695428', '060ef347-d658-4971-ad0c-ed920cd08425', '2025-07-01 22:15:07', '2025-07-01 22:15:07');
INSERT INTO `department` (`uuid`, `department`, `tenant_id`, `client_id`, `created_on`, `modified_on`) VALUES ('458abe15-1bf1-4395-81ad-713284878f68', 'Aerospace', 'df234305-8a47-4b4d-8efb-716a6b695428', '060ef347-d658-4971-ad0c-ed920cd08425', '2025-07-01 22:15:07', '2025-07-01 22:15:07');
INSERT INTO `department` (`uuid`, `department`, `tenant_id`, `client_id`, `created_on`, `modified_on`) VALUES ('d207c93b-bb1b-411b-8cae-d2223797283f', 'AI Solutions', 'df234305-8a47-4b4d-8efb-716a6b695428', '060ef347-d658-4971-ad0c-ed920cd08425', '2025-07-01 22:15:07', '2025-07-01 22:15:07');
INSERT INTO `department` (`uuid`, `department`, `tenant_id`, `client_id`, `created_on`, `modified_on`) VALUES ('dbc7a510-4bb7-4f88-85a3-21ba2f3d7832', 'Civil Systems', 'df234305-8a47-4b4d-8efb-716a6b695428', '060ef347-d658-4971-ad0c-ed920cd08425', '2025-07-01 22:15:07', '2025-07-01 22:15:07');
INSERT INTO `client` (`uuid`, `client_name`, `client_code`, `is_active`, `tenant_id`, `created_on`, `modified_on`) VALUES ('8ad1b17a-dee4-404f-acfd-20d1f353fb50', 'Smith-Gilbert', 1073, 1, 'df234305-8a47-4b4d-8efb-716a6b695428', '2025-07-01 22:15:07', '2025-07-01 22:15:07');
INSERT INTO `department` (`uuid`, `department`, `tenant_id`, `client_id`, `created_on`, `modified_on`) VALUES ('bdcdf0b3-aa7a-408e-a5c3-a5d891093437', 'AI Solutions', 'df234305-8a47-4b4d-8efb-716a6b695428', '8ad1b17a-dee4-404f-acfd-20d1f353fb50', '2025-07-01 22:15:07', '2025-07-01 22:15:07');
INSERT INTO `department` (`uuid`, `department`, `tenant_id`, `client_id`, `created_on`, `modified_on`) VALUES ('6c24a28f-dc2a-4f0d-8618-86ea60d50e96', 'Civil Systems', 'df234305-8a47-4b4d-8efb-716a6b695428', '8ad1b17a-dee4-404f-acfd-20d1f353fb50', '2025-07-01 22:15:07', '2025-07-01 22:15:07');
INSERT INTO `department` (`uuid`, `department`, `tenant_id`, `client_id`, `created_on`, `modified_on`) VALUES ('c10a0882-a848-49e0-b207-1412a62e4439', 'Aerospace', 'df234305-8a47-4b4d-8efb-716a6b695428', '8ad1b17a-dee4-404f-acfd-20d1f353fb50', '2025-07-01 22:15:07', '2025-07-01 22:15:07');
INSERT INTO `department` (`uuid`, `department`, `tenant_id`, `client_id`, `created_on`, `modified_on`) VALUES ('987c481b-5373-4ba9-9c89-73bcd94ce26c', 'Biomedical', 'df234305-8a47-4b4d-8efb-716a6b695428', '8ad1b17a-dee4-404f-acfd-20d1f353fb50', '2025-07-01 22:15:07', '2025-07-01 22:15:07');
INSERT INTO `department` (`uuid`, `department`, `tenant_id`, `client_id`, `created_on`, `modified_on`) VALUES ('becd78bc-9d84-459f-a497-da6ba96a6ee2', 'Cybersecurity', 'df234305-8a47-4b4d-8efb-716a6b695428', '8ad1b17a-dee4-404f-acfd-20d1f353fb50', '2025-07-01 22:15:07', '2025-07-01 22:15:07');
INSERT INTO `department` (`uuid`, `department`, `tenant_id`, `client_id`, `created_on`, `modified_on`) VALUES ('2f2d625d-2264-4748-aeec-78b0f712ea29', 'Robotics', 'df234305-8a47-4b4d-8efb-716a6b695428', '8ad1b17a-dee4-404f-acfd-20d1f353fb50', '2025-07-01 22:15:07', '2025-07-01 22:15:07');
INSERT INTO `client` (`uuid`, `client_name`, `client_code`, `is_active`, `tenant_id`, `created_on`, `modified_on`) VALUES ('6f6bf2bd-daff-4e37-807c-0afc50593ec5', 'Ryan, Sanford and Johnson', 1074, 1, 'df234305-8a47-4b4d-8efb-716a6b695428', '2025-07-01 22:15:07', '2025-07-01 22:15:07');
INSERT INTO `department` (`uuid`, `department`, `tenant_id`, `client_id`, `created_on`, `modified_on`) VALUES ('292eef27-144d-4105-9b05-6e0bf5889cad', 'Civil Systems', 'df234305-8a47-4b4d-8efb-716a6b695428', '6f6bf2bd-daff-4e37-807c-0afc50593ec5', '2025-07-01 22:15:07', '2025-07-01 22:15:07');
INSERT INTO `department` (`uuid`, `department`, `tenant_id`, `client_id`, `created_on`, `modified_on`) VALUES ('e033e66c-1990-4dd0-a926-e0f40f3012b0', 'Aerospace', 'df234305-8a47-4b4d-8efb-716a6b695428', '6f6bf2bd-daff-4e37-807c-0afc50593ec5', '2025-07-01 22:15:07', '2025-07-01 22:15:07');
INSERT INTO `department` (`uuid`, `department`, `tenant_id`, `client_id`, `created_on`, `modified_on`) VALUES ('3ac340b3-b9c8-4bdc-8637-d9fc4e0961f1', 'AI Solutions', 'df234305-8a47-4b4d-8efb-716a6b695428', '6f6bf2bd-daff-4e37-807c-0afc50593ec5', '2025-07-01 22:15:07', '2025-07-01 22:15:07');
INSERT INTO `department` (`uuid`, `department`, `tenant_id`, `client_id`, `created_on`, `modified_on`) VALUES ('5f6c540d-21fd-4777-bcc2-ed908a3379f9', 'Robotics', 'df234305-8a47-4b4d-8efb-716a6b695428', '6f6bf2bd-daff-4e37-807c-0afc50593ec5', '2025-07-01 22:15:07', '2025-07-01 22:15:07');
INSERT INTO `department` (`uuid`, `department`, `tenant_id`, `client_id`, `created_on`, `modified_on`) VALUES ('bbaac5d8-4153-41fd-ac9d-2b7edaa58780', 'Cybersecurity', 'df234305-8a47-4b4d-8efb-716a6b695428', '6f6bf2bd-daff-4e37-807c-0afc50593ec5', '2025-07-01 22:15:07', '2025-07-01 22:15:07');
INSERT INTO `department` (`uuid`, `department`, `tenant_id`, `client_id`, `created_on`, `modified_on`) VALUES ('03fcb2e5-9e21-49d0-8839-ad381378fe65', 'Biomedical', 'df234305-8a47-4b4d-8efb-716a6b695428', '6f6bf2bd-daff-4e37-807c-0afc50593ec5', '2025-07-01 22:15:07', '2025-07-01 22:15:07');
INSERT INTO `client` (`uuid`, `client_name`, `client_code`, `is_active`, `tenant_id`, `created_on`, `modified_on`) VALUES ('6a8f7ede-db57-4291-82ce-86117c9b7fa7', 'Terry, Murphy and Torres', 1075, 1, 'df234305-8a47-4b4d-8efb-716a6b695428', '2025-07-01 22:15:07', '2025-07-01 22:15:07');
INSERT INTO `department` (`uuid`, `department`, `tenant_id`, `client_id`, `created_on`, `modified_on`) VALUES ('65136779-10f1-4b97-8950-918ff3466f8c', 'Aerospace', 'df234305-8a47-4b4d-8efb-716a6b695428', '6a8f7ede-db57-4291-82ce-86117c9b7fa7', '2025-07-01 22:15:07', '2025-07-01 22:15:07');
INSERT INTO `department` (`uuid`, `department`, `tenant_id`, `client_id`, `created_on`, `modified_on`) VALUES ('9ef690c1-8a2b-4af8-a697-ab19d90cf579', 'AI Solutions', 'df234305-8a47-4b4d-8efb-716a6b695428', '6a8f7ede-db57-4291-82ce-86117c9b7fa7', '2025-07-01 22:15:07', '2025-07-01 22:15:07');
INSERT INTO `department` (`uuid`, `department`, `tenant_id`, `client_id`, `created_on`, `modified_on`) VALUES ('4abedeca-8280-43ae-86c7-4d6503fd2cfe', 'Biomedical', 'df234305-8a47-4b4d-8efb-716a6b695428', '6a8f7ede-db57-4291-82ce-86117c9b7fa7', '2025-07-01 22:15:07', '2025-07-01 22:15:07');
INSERT INTO `department` (`uuid`, `department`, `tenant_id`, `client_id`, `created_on`, `modified_on`) VALUES ('5afff891-9efd-404e-a9bd-937514f3071c', 'Civil Systems', 'df234305-8a47-4b4d-8efb-716a6b695428', '6a8f7ede-db57-4291-82ce-86117c9b7fa7', '2025-07-01 22:15:07', '2025-07-01 22:15:07');
INSERT INTO `department` (`uuid`, `department`, `tenant_id`, `client_id`, `created_on`, `modified_on`) VALUES ('2599bbc2-b3fc-4506-89a7-f80d25527318', 'Cybersecurity', 'df234305-8a47-4b4d-8efb-716a6b695428', '6a8f7ede-db57-4291-82ce-86117c9b7fa7', '2025-07-01 22:15:07', '2025-07-01 22:15:07');
INSERT INTO `department` (`uuid`, `department`, `tenant_id`, `client_id`, `created_on`, `modified_on`) VALUES ('f71399f4-4259-46d3-90c6-3ec9b2071e76', 'Robotics', 'df234305-8a47-4b4d-8efb-716a6b695428', '6a8f7ede-db57-4291-82ce-86117c9b7fa7', '2025-07-01 22:15:07', '2025-07-01 22:15:07');
INSERT INTO `client` (`uuid`, `client_name`, `client_code`, `is_active`, `tenant_id`, `created_on`, `modified_on`) VALUES ('a9a00564-bf5e-4291-96f0-8bb604fc5683', 'Lawson Inc', 1076, 1, 'df234305-8a47-4b4d-8efb-716a6b695428', '2025-07-01 22:15:07', '2025-07-01 22:15:07');
INSERT INTO `department` (`uuid`, `department`, `tenant_id`, `client_id`, `created_on`, `modified_on`) VALUES ('f075b53f-1bc2-48f0-9c27-6b1c76956b03', 'Aerospace', 'df234305-8a47-4b4d-8efb-716a6b695428', 'a9a00564-bf5e-4291-96f0-8bb604fc5683', '2025-07-01 22:15:07', '2025-07-01 22:15:07');
INSERT INTO `department` (`uuid`, `department`, `tenant_id`, `client_id`, `created_on`, `modified_on`) VALUES ('4417398f-ac44-464d-9bed-05ffa0bae732', 'Biomedical', 'df234305-8a47-4b4d-8efb-716a6b695428', 'a9a00564-bf5e-4291-96f0-8bb604fc5683', '2025-07-01 22:15:07', '2025-07-01 22:15:07');
INSERT INTO `department` (`uuid`, `department`, `tenant_id`, `client_id`, `created_on`, `modified_on`) VALUES ('bfa791fd-237e-4115-8f04-bbaca16e0db9', 'Robotics', 'df234305-8a47-4b4d-8efb-716a6b695428', 'a9a00564-bf5e-4291-96f0-8bb604fc5683', '2025-07-01 22:15:07', '2025-07-01 22:15:07');
INSERT INTO `department` (`uuid`, `department`, `tenant_id`, `client_id`, `created_on`, `modified_on`) VALUES ('68ac0ebc-bbcd-4e53-89a8-ac7abda45cc2', 'AI Solutions', 'df234305-8a47-4b4d-8efb-716a6b695428', 'a9a00564-bf5e-4291-96f0-8bb604fc5683', '2025-07-01 22:15:07', '2025-07-01 22:15:07');
INSERT INTO `department` (`uuid`, `department`, `tenant_id`, `client_id`, `created_on`, `modified_on`) VALUES ('bcbd36ad-c941-458d-8eec-1a7f9664f71a', 'Civil Systems', 'df234305-8a47-4b4d-8efb-716a6b695428', 'a9a00564-bf5e-4291-96f0-8bb604fc5683', '2025-07-01 22:15:07', '2025-07-01 22:15:07');
INSERT INTO `department` (`uuid`, `department`, `tenant_id`, `client_id`, `created_on`, `modified_on`) VALUES ('713026d3-3458-4aba-aa48-bd95f5c4cd09', 'Cybersecurity', 'df234305-8a47-4b4d-8efb-716a6b695428', 'a9a00564-bf5e-4291-96f0-8bb604fc5683', '2025-07-01 22:15:07', '2025-07-01 22:15:07');
INSERT INTO `client` (`uuid`, `client_name`, `client_code`, `is_active`, `tenant_id`, `created_on`, `modified_on`) VALUES ('9e7df226-5b26-44ec-9c98-7dd23cb456b5', 'Hill, Michael and Deleon', 1077, 1, 'df234305-8a47-4b4d-8efb-716a6b695428', '2025-07-01 22:15:07', '2025-07-01 22:15:07');
INSERT INTO `department` (`uuid`, `department`, `tenant_id`, `client_id`, `created_on`, `modified_on`) VALUES ('f13379a7-668d-4741-91b6-f74ae9d1f986', 'Cybersecurity', 'df234305-8a47-4b4d-8efb-716a6b695428', '9e7df226-5b26-44ec-9c98-7dd23cb456b5', '2025-07-01 22:15:07', '2025-07-01 22:15:07');
INSERT INTO `department` (`uuid`, `department`, `tenant_id`, `client_id`, `created_on`, `modified_on`) VALUES ('21250867-2dfb-4ce9-8402-949bb644540c', 'AI Solutions', 'df234305-8a47-4b4d-8efb-716a6b695428', '9e7df226-5b26-44ec-9c98-7dd23cb456b5', '2025-07-01 22:15:07', '2025-07-01 22:15:07');
INSERT INTO `department` (`uuid`, `department`, `tenant_id`, `client_id`, `created_on`, `modified_on`) VALUES ('89dab6cd-93d7-4159-9241-5e9698699bca', 'Robotics', 'df234305-8a47-4b4d-8efb-716a6b695428', '9e7df226-5b26-44ec-9c98-7dd23cb456b5', '2025-07-01 22:15:07', '2025-07-01 22:15:07');
INSERT INTO `department` (`uuid`, `department`, `tenant_id`, `client_id`, `created_on`, `modified_on`) VALUES ('ea3e5e6f-13d3-4f12-8a67-1b3312194878', 'Biomedical', 'df234305-8a47-4b4d-8efb-716a6b695428', '9e7df226-5b26-44ec-9c98-7dd23cb456b5', '2025-07-01 22:15:07', '2025-07-01 22:15:07');
INSERT INTO `department` (`uuid`, `department`, `tenant_id`, `client_id`, `created_on`, `modified_on`) VALUES ('ea0cb05d-db91-41c5-bb45-68acdf6f48fc', 'Aerospace', 'df234305-8a47-4b4d-8efb-716a6b695428', '9e7df226-5b26-44ec-9c98-7dd23cb456b5', '2025-07-01 22:15:07', '2025-07-01 22:15:07');
INSERT INTO `client` (`uuid`, `client_name`, `client_code`, `is_active`, `tenant_id`, `created_on`, `modified_on`) VALUES ('52f2c78d-c880-4491-8302-a60aad52af9c', 'Peters-Cohen', 1078, 1, 'df234305-8a47-4b4d-8efb-716a6b695428', '2025-07-01 22:15:07', '2025-07-01 22:15:07');
INSERT INTO `department` (`uuid`, `department`, `tenant_id`, `client_id`, `created_on`, `modified_on`) VALUES ('e13fa84b-2e2d-4396-931a-845a512b5972', 'AI Solutions', 'df234305-8a47-4b4d-8efb-716a6b695428', '52f2c78d-c880-4491-8302-a60aad52af9c', '2025-07-01 22:15:07', '2025-07-01 22:15:07');
INSERT INTO `department` (`uuid`, `department`, `tenant_id`, `client_id`, `created_on`, `modified_on`) VALUES ('72257cc5-e36f-4742-a568-0b3e525b091f', 'Aerospace', 'df234305-8a47-4b4d-8efb-716a6b695428', '52f2c78d-c880-4491-8302-a60aad52af9c', '2025-07-01 22:15:07', '2025-07-01 22:15:07');
INSERT INTO `department` (`uuid`, `department`, `tenant_id`, `client_id`, `created_on`, `modified_on`) VALUES ('62fa8fc4-7f55-487c-9946-d58c1646103d', 'Civil Systems', 'df234305-8a47-4b4d-8efb-716a6b695428', '52f2c78d-c880-4491-8302-a60aad52af9c', '2025-07-01 22:15:07', '2025-07-01 22:15:07');
INSERT INTO `department` (`uuid`, `department`, `tenant_id`, `client_id`, `created_on`, `modified_on`) VALUES ('1315ac76-9d0e-4b7a-919c-be853b2e7b44', 'Robotics', 'df234305-8a47-4b4d-8efb-716a6b695428', '52f2c78d-c880-4491-8302-a60aad52af9c', '2025-07-01 22:15:07', '2025-07-01 22:15:07');
INSERT INTO `department` (`uuid`, `department`, `tenant_id`, `client_id`, `created_on`, `modified_on`) VALUES ('0f525caf-e10a-47fa-96ca-1ac1f4a14d2b', 'Cybersecurity', 'df234305-8a47-4b4d-8efb-716a6b695428', '52f2c78d-c880-4491-8302-a60aad52af9c', '2025-07-01 22:15:07', '2025-07-01 22:15:07');
INSERT INTO `department` (`uuid`, `department`, `tenant_id`, `client_id`, `created_on`, `modified_on`) VALUES ('18763624-b373-4e80-b85a-930acc7e9386', 'Biomedical', 'df234305-8a47-4b4d-8efb-716a6b695428', '52f2c78d-c880-4491-8302-a60aad52af9c', '2025-07-01 22:15:07', '2025-07-01 22:15:07');
INSERT INTO `client` (`uuid`, `client_name`, `client_code`, `is_active`, `tenant_id`, `created_on`, `modified_on`) VALUES ('48796ba3-691a-4753-89e1-f19054711a41', 'Ellis, Hodge and Terry', 1079, 1, 'df234305-8a47-4b4d-8efb-716a6b695428', '2025-07-01 22:15:07', '2025-07-01 22:15:07');
INSERT INTO `department` (`uuid`, `department`, `tenant_id`, `client_id`, `created_on`, `modified_on`) VALUES ('4c65ff3b-2b29-422a-9793-8a9c114808b2', 'Aerospace', 'df234305-8a47-4b4d-8efb-716a6b695428', '48796ba3-691a-4753-89e1-f19054711a41', '2025-07-01 22:15:07', '2025-07-01 22:15:07');
INSERT INTO `department` (`uuid`, `department`, `tenant_id`, `client_id`, `created_on`, `modified_on`) VALUES ('7e241d5b-34cc-4bd7-9e4d-52c30ecddf38', 'Civil Systems', 'df234305-8a47-4b4d-8efb-716a6b695428', '48796ba3-691a-4753-89e1-f19054711a41', '2025-07-01 22:15:07', '2025-07-01 22:15:07');
INSERT INTO `department` (`uuid`, `department`, `tenant_id`, `client_id`, `created_on`, `modified_on`) VALUES ('454b848b-0fd2-4511-96f0-705accb95647', 'Cybersecurity', 'df234305-8a47-4b4d-8efb-716a6b695428', '48796ba3-691a-4753-89e1-f19054711a41', '2025-07-01 22:15:07', '2025-07-01 22:15:07');
INSERT INTO `department` (`uuid`, `department`, `tenant_id`, `client_id`, `created_on`, `modified_on`) VALUES ('fa5af1a3-d427-440f-98c8-f99204d5b6a3', 'Biomedical', 'df234305-8a47-4b4d-8efb-716a6b695428', '48796ba3-691a-4753-89e1-f19054711a41', '2025-07-01 22:15:07', '2025-07-01 22:15:07');
INSERT INTO `department` (`uuid`, `department`, `tenant_id`, `client_id`, `created_on`, `modified_on`) VALUES ('1327e7a6-cd60-42fd-9b42-cffbe4f41149', 'AI Solutions', 'df234305-8a47-4b4d-8efb-716a6b695428', '48796ba3-691a-4753-89e1-f19054711a41', '2025-07-01 22:15:07', '2025-07-01 22:15:07');
INSERT INTO `department` (`uuid`, `department`, `tenant_id`, `client_id`, `created_on`, `modified_on`) VALUES ('1d622e7d-483a-44fa-ad27-4850a79a8a6a', 'Robotics', 'df234305-8a47-4b4d-8efb-716a6b695428', '48796ba3-691a-4753-89e1-f19054711a41', '2025-07-01 22:15:07', '2025-07-01 22:15:07');
INSERT INTO `client` (`uuid`, `client_name`, `client_code`, `is_active`, `tenant_id`, `created_on`, `modified_on`) VALUES ('be2b902b-680e-48e4-ac4b-b83a4294d3e8', 'Brown, Rasmussen and Santiago', 1080, 1, 'df234305-8a47-4b4d-8efb-716a6b695428', '2025-07-01 22:15:07', '2025-07-01 22:15:07');
INSERT INTO `department` (`uuid`, `department`, `tenant_id`, `client_id`, `created_on`, `modified_on`) VALUES ('6f1511b3-4f49-47d1-a812-d5cf805dfa40', 'Robotics', 'df234305-8a47-4b4d-8efb-716a6b695428', 'be2b902b-680e-48e4-ac4b-b83a4294d3e8', '2025-07-01 22:15:07', '2025-07-01 22:15:07');
INSERT INTO `department` (`uuid`, `department`, `tenant_id`, `client_id`, `created_on`, `modified_on`) VALUES ('c09bf9ef-a7e1-4afe-93a2-d60acfb94cef', 'Civil Systems', 'df234305-8a47-4b4d-8efb-716a6b695428', 'be2b902b-680e-48e4-ac4b-b83a4294d3e8', '2025-07-01 22:15:07', '2025-07-01 22:15:07');
INSERT INTO `department` (`uuid`, `department`, `tenant_id`, `client_id`, `created_on`, `modified_on`) VALUES ('5ee7b69b-cd30-4141-948e-5088ad3529d9', 'Biomedical', 'df234305-8a47-4b4d-8efb-716a6b695428', 'be2b902b-680e-48e4-ac4b-b83a4294d3e8', '2025-07-01 22:15:07', '2025-07-01 22:15:07');
INSERT INTO `department` (`uuid`, `department`, `tenant_id`, `client_id`, `created_on`, `modified_on`) VALUES ('a3317ce5-3490-4fe2-bfbf-8ab494e72d5e', 'Aerospace', 'df234305-8a47-4b4d-8efb-716a6b695428', 'be2b902b-680e-48e4-ac4b-b83a4294d3e8', '2025-07-01 22:15:07', '2025-07-01 22:15:07');
INSERT INTO `department` (`uuid`, `department`, `tenant_id`, `client_id`, `created_on`, `modified_on`) VALUES ('c9945ad7-a231-47c7-bccd-a87b7bff79f4', 'AI Solutions', 'df234305-8a47-4b4d-8efb-716a6b695428', 'be2b902b-680e-48e4-ac4b-b83a4294d3e8', '2025-07-01 22:15:07', '2025-07-01 22:15:07');
INSERT INTO `department` (`uuid`, `department`, `tenant_id`, `client_id`, `created_on`, `modified_on`) VALUES ('058c1c53-8a23-4db5-a2ec-45ac61c32846', 'Cybersecurity', 'df234305-8a47-4b4d-8efb-716a6b695428', 'be2b902b-680e-48e4-ac4b-b83a4294d3e8', '2025-07-01 22:15:07', '2025-07-01 22:15:07');
INSERT INTO `client` (`uuid`, `client_name`, `client_code`, `is_active`, `tenant_id`, `created_on`, `modified_on`) VALUES ('1120b2c1-e269-4750-bdd2-ab2512ccc166', 'Tucker, Pollard and Sweeney', 1081, 1, 'df234305-8a47-4b4d-8efb-716a6b695428', '2025-07-01 22:15:07', '2025-07-01 22:15:07');
INSERT INTO `department` (`uuid`, `department`, `tenant_id`, `client_id`, `created_on`, `modified_on`) VALUES ('ced780d8-9c3c-487f-aedd-3ac527b1b848', 'Civil Systems', 'df234305-8a47-4b4d-8efb-716a6b695428', '1120b2c1-e269-4750-bdd2-ab2512ccc166', '2025-07-01 22:15:07', '2025-07-01 22:15:07');
INSERT INTO `department` (`uuid`, `department`, `tenant_id`, `client_id`, `created_on`, `modified_on`) VALUES ('009e246b-915a-40c8-ac9d-126e3e2f898f', 'AI Solutions', 'df234305-8a47-4b4d-8efb-716a6b695428', '1120b2c1-e269-4750-bdd2-ab2512ccc166', '2025-07-01 22:15:07', '2025-07-01 22:15:07');
INSERT INTO `department` (`uuid`, `department`, `tenant_id`, `client_id`, `created_on`, `modified_on`) VALUES ('934cc102-5dc6-47e0-ab04-cafef3a42129', 'Cybersecurity', 'df234305-8a47-4b4d-8efb-716a6b695428', '1120b2c1-e269-4750-bdd2-ab2512ccc166', '2025-07-01 22:15:07', '2025-07-01 22:15:07');
INSERT INTO `department` (`uuid`, `department`, `tenant_id`, `client_id`, `created_on`, `modified_on`) VALUES ('fb84e946-f130-4353-b5c9-a19a2dca37cc', 'Robotics', 'df234305-8a47-4b4d-8efb-716a6b695428', '1120b2c1-e269-4750-bdd2-ab2512ccc166', '2025-07-01 22:15:07', '2025-07-01 22:15:07');
INSERT INTO `department` (`uuid`, `department`, `tenant_id`, `client_id`, `created_on`, `modified_on`) VALUES ('dab61483-a70b-49ce-90d1-0ff63fcca024', 'Biomedical', 'df234305-8a47-4b4d-8efb-716a6b695428', '1120b2c1-e269-4750-bdd2-ab2512ccc166', '2025-07-01 22:15:07', '2025-07-01 22:15:07');
INSERT INTO `client` (`uuid`, `client_name`, `client_code`, `is_active`, `tenant_id`, `created_on`, `modified_on`) VALUES ('e651ac0c-424a-48d2-9e5d-e568b9a4b725', 'Patel-Hopkins', 1082, 1, 'df234305-8a47-4b4d-8efb-716a6b695428', '2025-07-01 22:15:07', '2025-07-01 22:15:07');
INSERT INTO `department` (`uuid`, `department`, `tenant_id`, `client_id`, `created_on`, `modified_on`) VALUES ('f41f5164-e826-44de-9ba7-21c489e59ca8', 'AI Solutions', 'df234305-8a47-4b4d-8efb-716a6b695428', 'e651ac0c-424a-48d2-9e5d-e568b9a4b725', '2025-07-01 22:15:07', '2025-07-01 22:15:07');
INSERT INTO `department` (`uuid`, `department`, `tenant_id`, `client_id`, `created_on`, `modified_on`) VALUES ('ab984a29-6492-4ff2-aab6-c62ead924137', 'Biomedical', 'df234305-8a47-4b4d-8efb-716a6b695428', 'e651ac0c-424a-48d2-9e5d-e568b9a4b725', '2025-07-01 22:15:07', '2025-07-01 22:15:07');
INSERT INTO `department` (`uuid`, `department`, `tenant_id`, `client_id`, `created_on`, `modified_on`) VALUES ('a51cd198-d4e4-4242-a6ef-4c2c493ea970', 'Civil Systems', 'df234305-8a47-4b4d-8efb-716a6b695428', 'e651ac0c-424a-48d2-9e5d-e568b9a4b725', '2025-07-01 22:15:07', '2025-07-01 22:15:07');
INSERT INTO `department` (`uuid`, `department`, `tenant_id`, `client_id`, `created_on`, `modified_on`) VALUES ('26ca677d-a039-4ccf-b71c-da2918d71d93', 'Cybersecurity', 'df234305-8a47-4b4d-8efb-716a6b695428', 'e651ac0c-424a-48d2-9e5d-e568b9a4b725', '2025-07-01 22:15:07', '2025-07-01 22:15:07');
INSERT INTO `department` (`uuid`, `department`, `tenant_id`, `client_id`, `created_on`, `modified_on`) VALUES ('81bab811-e471-49e6-8f79-14f8bfcf8f7b', 'Robotics', 'df234305-8a47-4b4d-8efb-716a6b695428', 'e651ac0c-424a-48d2-9e5d-e568b9a4b725', '2025-07-01 22:15:07', '2025-07-01 22:15:07');
INSERT INTO `department` (`uuid`, `department`, `tenant_id`, `client_id`, `created_on`, `modified_on`) VALUES ('b036984b-75b3-4e65-a4fd-14bc91e1d91e', 'Aerospace', 'df234305-8a47-4b4d-8efb-716a6b695428', 'e651ac0c-424a-48d2-9e5d-e568b9a4b725', '2025-07-01 22:15:07', '2025-07-01 22:15:07');
INSERT INTO `client` (`uuid`, `client_name`, `client_code`, `is_active`, `tenant_id`, `created_on`, `modified_on`) VALUES ('1a3a7c3d-d047-4f9e-a1f7-6a7b01e127ca', 'Perez-White', 1083, 1, 'df234305-8a47-4b4d-8efb-716a6b695428', '2025-07-01 22:15:07', '2025-07-01 22:15:07');
INSERT INTO `department` (`uuid`, `department`, `tenant_id`, `client_id`, `created_on`, `modified_on`) VALUES ('0db5d14c-bdae-4fff-93cb-37e982183deb', 'Robotics', 'df234305-8a47-4b4d-8efb-716a6b695428', '1a3a7c3d-d047-4f9e-a1f7-6a7b01e127ca', '2025-07-01 22:15:07', '2025-07-01 22:15:07');
INSERT INTO `department` (`uuid`, `department`, `tenant_id`, `client_id`, `created_on`, `modified_on`) VALUES ('78a1f723-226f-43d0-ad9b-d569e1cc5906', 'AI Solutions', 'df234305-8a47-4b4d-8efb-716a6b695428', '1a3a7c3d-d047-4f9e-a1f7-6a7b01e127ca', '2025-07-01 22:15:07', '2025-07-01 22:15:07');
INSERT INTO `department` (`uuid`, `department`, `tenant_id`, `client_id`, `created_on`, `modified_on`) VALUES ('77b96be8-1335-4f20-940a-f7bdb1a5e10c', 'Biomedical', 'df234305-8a47-4b4d-8efb-716a6b695428', '1a3a7c3d-d047-4f9e-a1f7-6a7b01e127ca', '2025-07-01 22:15:07', '2025-07-01 22:15:07');
INSERT INTO `department` (`uuid`, `department`, `tenant_id`, `client_id`, `created_on`, `modified_on`) VALUES ('39df7ecf-511a-43c4-9ae2-f23b33a14fa9', 'Cybersecurity', 'df234305-8a47-4b4d-8efb-716a6b695428', '1a3a7c3d-d047-4f9e-a1f7-6a7b01e127ca', '2025-07-01 22:15:07', '2025-07-01 22:15:07');
INSERT INTO `department` (`uuid`, `department`, `tenant_id`, `client_id`, `created_on`, `modified_on`) VALUES ('c0723773-e04d-41b8-aa10-83b0b8422763', 'Civil Systems', 'df234305-8a47-4b4d-8efb-716a6b695428', '1a3a7c3d-d047-4f9e-a1f7-6a7b01e127ca', '2025-07-01 22:15:07', '2025-07-01 22:15:07');
INSERT INTO `department` (`uuid`, `department`, `tenant_id`, `client_id`, `created_on`, `modified_on`) VALUES ('688ad841-5296-432d-912c-dc231bac1d10', 'Aerospace', 'df234305-8a47-4b4d-8efb-716a6b695428', '1a3a7c3d-d047-4f9e-a1f7-6a7b01e127ca', '2025-07-01 22:15:07', '2025-07-01 22:15:07');
INSERT INTO `client` (`uuid`, `client_name`, `client_code`, `is_active`, `tenant_id`, `created_on`, `modified_on`) VALUES ('cb614877-d9d1-4a88-8f39-c232644e1143', 'Coleman-Hernandez', 1084, 1, 'df234305-8a47-4b4d-8efb-716a6b695428', '2025-07-01 22:15:07', '2025-07-01 22:15:07');
INSERT INTO `department` (`uuid`, `department`, `tenant_id`, `client_id`, `created_on`, `modified_on`) VALUES ('e9f81d26-f892-4257-a1cc-8631daf32705', 'Robotics', 'df234305-8a47-4b4d-8efb-716a6b695428', 'cb614877-d9d1-4a88-8f39-c232644e1143', '2025-07-01 22:15:07', '2025-07-01 22:15:07');
INSERT INTO `department` (`uuid`, `department`, `tenant_id`, `client_id`, `created_on`, `modified_on`) VALUES ('3cf820ba-3340-4700-86f5-d9a10e79d84f', 'AI Solutions', 'df234305-8a47-4b4d-8efb-716a6b695428', 'cb614877-d9d1-4a88-8f39-c232644e1143', '2025-07-01 22:15:07', '2025-07-01 22:15:07');
INSERT INTO `department` (`uuid`, `department`, `tenant_id`, `client_id`, `created_on`, `modified_on`) VALUES ('0877463d-38c4-43cd-a4e7-cf92d6e2f8f6', 'Aerospace', 'df234305-8a47-4b4d-8efb-716a6b695428', 'cb614877-d9d1-4a88-8f39-c232644e1143', '2025-07-01 22:15:07', '2025-07-01 22:15:07');
INSERT INTO `department` (`uuid`, `department`, `tenant_id`, `client_id`, `created_on`, `modified_on`) VALUES ('d5214047-495a-44de-adff-be2bd9c9b943', 'Biomedical', 'df234305-8a47-4b4d-8efb-716a6b695428', 'cb614877-d9d1-4a88-8f39-c232644e1143', '2025-07-01 22:15:07', '2025-07-01 22:15:07');
INSERT INTO `department` (`uuid`, `department`, `tenant_id`, `client_id`, `created_on`, `modified_on`) VALUES ('1b5850d6-a857-46f6-8524-67d07a04bd14', 'Cybersecurity', 'df234305-8a47-4b4d-8efb-716a6b695428', 'cb614877-d9d1-4a88-8f39-c232644e1143', '2025-07-01 22:15:07', '2025-07-01 22:15:07');
INSERT INTO `department` (`uuid`, `department`, `tenant_id`, `client_id`, `created_on`, `modified_on`) VALUES ('99d610a9-ea43-49cb-af24-cc66024d344e', 'Civil Systems', 'df234305-8a47-4b4d-8efb-716a6b695428', 'cb614877-d9d1-4a88-8f39-c232644e1143', '2025-07-01 22:15:07', '2025-07-01 22:15:07');
INSERT INTO `client` (`uuid`, `client_name`, `client_code`, `is_active`, `tenant_id`, `created_on`, `modified_on`) VALUES ('689b9eac-94b9-4ca6-a2f0-a03fb05cbebd', 'Stuart Group', 1085, 1, 'df234305-8a47-4b4d-8efb-716a6b695428', '2025-07-01 22:15:07', '2025-07-01 22:15:07');
INSERT INTO `department` (`uuid`, `department`, `tenant_id`, `client_id`, `created_on`, `modified_on`) VALUES ('398572a6-6a9d-4e33-99f3-8490c73b3c29', 'Cybersecurity', 'df234305-8a47-4b4d-8efb-716a6b695428', '689b9eac-94b9-4ca6-a2f0-a03fb05cbebd', '2025-07-01 22:15:07', '2025-07-01 22:15:07');
INSERT INTO `department` (`uuid`, `department`, `tenant_id`, `client_id`, `created_on`, `modified_on`) VALUES ('86fe9e1e-7583-4f15-9235-463dfb6515ac', 'AI Solutions', 'df234305-8a47-4b4d-8efb-716a6b695428', '689b9eac-94b9-4ca6-a2f0-a03fb05cbebd', '2025-07-01 22:15:07', '2025-07-01 22:15:07');
INSERT INTO `department` (`uuid`, `department`, `tenant_id`, `client_id`, `created_on`, `modified_on`) VALUES ('0a096ce1-c54d-41b6-bc4e-fe085604ce88', 'Civil Systems', 'df234305-8a47-4b4d-8efb-716a6b695428', '689b9eac-94b9-4ca6-a2f0-a03fb05cbebd', '2025-07-01 22:15:07', '2025-07-01 22:15:07');
INSERT INTO `department` (`uuid`, `department`, `tenant_id`, `client_id`, `created_on`, `modified_on`) VALUES ('5b70c15d-82ef-41e1-97c1-fddb956644c2', 'Biomedical', 'df234305-8a47-4b4d-8efb-716a6b695428', '689b9eac-94b9-4ca6-a2f0-a03fb05cbebd', '2025-07-01 22:15:07', '2025-07-01 22:15:07');
INSERT INTO `department` (`uuid`, `department`, `tenant_id`, `client_id`, `created_on`, `modified_on`) VALUES ('d6f2551b-d4a0-41f7-8be0-86def1bc65a8', 'Aerospace', 'df234305-8a47-4b4d-8efb-716a6b695428', '689b9eac-94b9-4ca6-a2f0-a03fb05cbebd', '2025-07-01 22:15:07', '2025-07-01 22:15:07');
INSERT INTO `department` (`uuid`, `department`, `tenant_id`, `client_id`, `created_on`, `modified_on`) VALUES ('2d1fccbb-adaa-443f-9153-89b503757fed', 'Robotics', 'df234305-8a47-4b4d-8efb-716a6b695428', '689b9eac-94b9-4ca6-a2f0-a03fb05cbebd', '2025-07-01 22:15:07', '2025-07-01 22:15:07');
INSERT INTO `client` (`uuid`, `client_name`, `client_code`, `is_active`, `tenant_id`, `created_on`, `modified_on`) VALUES ('56c137d7-6106-448c-a3ad-1f6aa64592a3', 'Cooper-Howard', 1086, 1, 'df234305-8a47-4b4d-8efb-716a6b695428', '2025-07-01 22:15:07', '2025-07-01 22:15:07');
INSERT INTO `department` (`uuid`, `department`, `tenant_id`, `client_id`, `created_on`, `modified_on`) VALUES ('b804eaa1-aea7-4ea7-878b-cbc4391034bf', 'Civil Systems', 'df234305-8a47-4b4d-8efb-716a6b695428', '56c137d7-6106-448c-a3ad-1f6aa64592a3', '2025-07-01 22:15:07', '2025-07-01 22:15:07');
INSERT INTO `department` (`uuid`, `department`, `tenant_id`, `client_id`, `created_on`, `modified_on`) VALUES ('5948007a-382d-4926-8586-b11a20afe6b8', 'Robotics', 'df234305-8a47-4b4d-8efb-716a6b695428', '56c137d7-6106-448c-a3ad-1f6aa64592a3', '2025-07-01 22:15:07', '2025-07-01 22:15:07');
INSERT INTO `department` (`uuid`, `department`, `tenant_id`, `client_id`, `created_on`, `modified_on`) VALUES ('478d7878-00af-41ce-b629-574fc75ef885', 'Cybersecurity', 'df234305-8a47-4b4d-8efb-716a6b695428', '56c137d7-6106-448c-a3ad-1f6aa64592a3', '2025-07-01 22:15:07', '2025-07-01 22:15:07');
INSERT INTO `department` (`uuid`, `department`, `tenant_id`, `client_id`, `created_on`, `modified_on`) VALUES ('581e5ed9-f360-4c8f-86ee-7e1c60a5987e', 'AI Solutions', 'df234305-8a47-4b4d-8efb-716a6b695428', '56c137d7-6106-448c-a3ad-1f6aa64592a3', '2025-07-01 22:15:07', '2025-07-01 22:15:07');
INSERT INTO `department` (`uuid`, `department`, `tenant_id`, `client_id`, `created_on`, `modified_on`) VALUES ('ae53294a-d736-4f6a-baac-601e383c009f', 'Aerospace', 'df234305-8a47-4b4d-8efb-716a6b695428', '56c137d7-6106-448c-a3ad-1f6aa64592a3', '2025-07-01 22:15:07', '2025-07-01 22:15:07');
INSERT INTO `department` (`uuid`, `department`, `tenant_id`, `client_id`, `created_on`, `modified_on`) VALUES ('87d1afa0-57f5-4424-b04b-05a64b1c7e92', 'Biomedical', 'df234305-8a47-4b4d-8efb-716a6b695428', '56c137d7-6106-448c-a3ad-1f6aa64592a3', '2025-07-01 22:15:07', '2025-07-01 22:15:07');
INSERT INTO `client` (`uuid`, `client_name`, `client_code`, `is_active`, `tenant_id`, `created_on`, `modified_on`) VALUES ('bcea5504-1b55-4458-9341-23d152bd2912', 'Hutchinson, Estrada and Shah', 1087, 1, 'df234305-8a47-4b4d-8efb-716a6b695428', '2025-07-01 22:15:07', '2025-07-01 22:15:07');
INSERT INTO `department` (`uuid`, `department`, `tenant_id`, `client_id`, `created_on`, `modified_on`) VALUES ('cf2cd5fe-b4db-451a-a03f-dd8a3f8f9c16', 'Robotics', 'df234305-8a47-4b4d-8efb-716a6b695428', 'bcea5504-1b55-4458-9341-23d152bd2912', '2025-07-01 22:15:07', '2025-07-01 22:15:07');
INSERT INTO `department` (`uuid`, `department`, `tenant_id`, `client_id`, `created_on`, `modified_on`) VALUES ('c7d8e079-52a0-4331-a51f-f77ef90ac876', 'Cybersecurity', 'df234305-8a47-4b4d-8efb-716a6b695428', 'bcea5504-1b55-4458-9341-23d152bd2912', '2025-07-01 22:15:07', '2025-07-01 22:15:07');
INSERT INTO `department` (`uuid`, `department`, `tenant_id`, `client_id`, `created_on`, `modified_on`) VALUES ('c6f5d748-6a66-4baf-a07d-a51489046c7a', 'Biomedical', 'df234305-8a47-4b4d-8efb-716a6b695428', 'bcea5504-1b55-4458-9341-23d152bd2912', '2025-07-01 22:15:07', '2025-07-01 22:15:07');
INSERT INTO `department` (`uuid`, `department`, `tenant_id`, `client_id`, `created_on`, `modified_on`) VALUES ('8a98a6c0-dd13-427b-944e-697cfd79e5cd', 'Civil Systems', 'df234305-8a47-4b4d-8efb-716a6b695428', 'bcea5504-1b55-4458-9341-23d152bd2912', '2025-07-01 22:15:07', '2025-07-01 22:15:07');
INSERT INTO `department` (`uuid`, `department`, `tenant_id`, `client_id`, `created_on`, `modified_on`) VALUES ('0b5b1cba-4302-430f-a495-d8821fbac022', 'AI Solutions', 'df234305-8a47-4b4d-8efb-716a6b695428', 'bcea5504-1b55-4458-9341-23d152bd2912', '2025-07-01 22:15:07', '2025-07-01 22:15:07');
INSERT INTO `department` (`uuid`, `department`, `tenant_id`, `client_id`, `created_on`, `modified_on`) VALUES ('31360f97-d2ff-4242-9952-d3d8e1458800', 'Aerospace', 'df234305-8a47-4b4d-8efb-716a6b695428', 'bcea5504-1b55-4458-9341-23d152bd2912', '2025-07-01 22:15:07', '2025-07-01 22:15:07');
INSERT INTO `client` (`uuid`, `client_name`, `client_code`, `is_active`, `tenant_id`, `created_on`, `modified_on`) VALUES ('dc826a62-babe-4a04-bb74-e61084dba3ab', 'Shelton-West', 1088, 1, 'df234305-8a47-4b4d-8efb-716a6b695428', '2025-07-01 22:15:07', '2025-07-01 22:15:07');
INSERT INTO `department` (`uuid`, `department`, `tenant_id`, `client_id`, `created_on`, `modified_on`) VALUES ('3037e2a5-6712-4809-8ce8-d3384877710c', 'Biomedical', 'df234305-8a47-4b4d-8efb-716a6b695428', 'dc826a62-babe-4a04-bb74-e61084dba3ab', '2025-07-01 22:15:07', '2025-07-01 22:15:07');
INSERT INTO `department` (`uuid`, `department`, `tenant_id`, `client_id`, `created_on`, `modified_on`) VALUES ('6db02e04-80b6-4fb7-acb3-134d8583ae6c', 'Robotics', 'df234305-8a47-4b4d-8efb-716a6b695428', 'dc826a62-babe-4a04-bb74-e61084dba3ab', '2025-07-01 22:15:07', '2025-07-01 22:15:07');
INSERT INTO `department` (`uuid`, `department`, `tenant_id`, `client_id`, `created_on`, `modified_on`) VALUES ('1b1f000f-f98a-48d5-a67c-8f18d64abfd5', 'Cybersecurity', 'df234305-8a47-4b4d-8efb-716a6b695428', 'dc826a62-babe-4a04-bb74-e61084dba3ab', '2025-07-01 22:15:07', '2025-07-01 22:15:07');
INSERT INTO `department` (`uuid`, `department`, `tenant_id`, `client_id`, `created_on`, `modified_on`) VALUES ('b0038a62-a661-4466-8fb7-78f9276dad25', 'AI Solutions', 'df234305-8a47-4b4d-8efb-716a6b695428', 'dc826a62-babe-4a04-bb74-e61084dba3ab', '2025-07-01 22:15:07', '2025-07-01 22:15:07');
INSERT INTO `department` (`uuid`, `department`, `tenant_id`, `client_id`, `created_on`, `modified_on`) VALUES ('7637c03e-0546-48b0-a9d7-765c5a1add66', 'Civil Systems', 'df234305-8a47-4b4d-8efb-716a6b695428', 'dc826a62-babe-4a04-bb74-e61084dba3ab', '2025-07-01 22:15:07', '2025-07-01 22:15:07');
INSERT INTO `client` (`uuid`, `client_name`, `client_code`, `is_active`, `tenant_id`, `created_on`, `modified_on`) VALUES ('77362ed5-89aa-4e44-b3db-5cb2ae11b97f', 'Smith LLC', 1089, 1, 'df234305-8a47-4b4d-8efb-716a6b695428', '2025-07-01 22:15:07', '2025-07-01 22:15:07');
INSERT INTO `department` (`uuid`, `department`, `tenant_id`, `client_id`, `created_on`, `modified_on`) VALUES ('9cf54c9b-f843-4fcf-afb9-b86056560b1c', 'AI Solutions', 'df234305-8a47-4b4d-8efb-716a6b695428', '77362ed5-89aa-4e44-b3db-5cb2ae11b97f', '2025-07-01 22:15:07', '2025-07-01 22:15:07');
INSERT INTO `department` (`uuid`, `department`, `tenant_id`, `client_id`, `created_on`, `modified_on`) VALUES ('547c0932-7684-43ef-b2aa-0c62aa580f05', 'Robotics', 'df234305-8a47-4b4d-8efb-716a6b695428', '77362ed5-89aa-4e44-b3db-5cb2ae11b97f', '2025-07-01 22:15:07', '2025-07-01 22:15:07');
INSERT INTO `department` (`uuid`, `department`, `tenant_id`, `client_id`, `created_on`, `modified_on`) VALUES ('1f4586ef-eb96-40a6-b8fe-aa46dc86ea70', 'Biomedical', 'df234305-8a47-4b4d-8efb-716a6b695428', '77362ed5-89aa-4e44-b3db-5cb2ae11b97f', '2025-07-01 22:15:07', '2025-07-01 22:15:07');
INSERT INTO `department` (`uuid`, `department`, `tenant_id`, `client_id`, `created_on`, `modified_on`) VALUES ('3d7753cb-6b22-436c-9c0a-dd6819544384', 'Aerospace', 'df234305-8a47-4b4d-8efb-716a6b695428', '77362ed5-89aa-4e44-b3db-5cb2ae11b97f', '2025-07-01 22:15:07', '2025-07-01 22:15:07');
INSERT INTO `department` (`uuid`, `department`, `tenant_id`, `client_id`, `created_on`, `modified_on`) VALUES ('80c1065d-cf36-42ff-8738-35e68fbd12b5', 'Cybersecurity', 'df234305-8a47-4b4d-8efb-716a6b695428', '77362ed5-89aa-4e44-b3db-5cb2ae11b97f', '2025-07-01 22:15:07', '2025-07-01 22:15:07');
INSERT INTO `department` (`uuid`, `department`, `tenant_id`, `client_id`, `created_on`, `modified_on`) VALUES ('d824432c-3c6a-4c19-8204-478aa562ada6', 'Civil Systems', 'df234305-8a47-4b4d-8efb-716a6b695428', '77362ed5-89aa-4e44-b3db-5cb2ae11b97f', '2025-07-01 22:15:07', '2025-07-01 22:15:07');
INSERT INTO `client` (`uuid`, `client_name`, `client_code`, `is_active`, `tenant_id`, `created_on`, `modified_on`) VALUES ('253fbd80-e805-4f96-a397-0a41761ece84', 'Andrews Inc', 1090, 1, 'df234305-8a47-4b4d-8efb-716a6b695428', '2025-07-01 22:15:07', '2025-07-01 22:15:07');
INSERT INTO `department` (`uuid`, `department`, `tenant_id`, `client_id`, `created_on`, `modified_on`) VALUES ('cf70e924-f033-4519-a7b5-2152ad9cd8ac', 'AI Solutions', 'df234305-8a47-4b4d-8efb-716a6b695428', '253fbd80-e805-4f96-a397-0a41761ece84', '2025-07-01 22:15:07', '2025-07-01 22:15:07');
INSERT INTO `department` (`uuid`, `department`, `tenant_id`, `client_id`, `created_on`, `modified_on`) VALUES ('7969634f-4e39-4a5c-ac02-c8f8151246cb', 'Biomedical', 'df234305-8a47-4b4d-8efb-716a6b695428', '253fbd80-e805-4f96-a397-0a41761ece84', '2025-07-01 22:15:07', '2025-07-01 22:15:07');
INSERT INTO `department` (`uuid`, `department`, `tenant_id`, `client_id`, `created_on`, `modified_on`) VALUES ('e63075da-69fd-40b1-b8ba-0d7ba43f15bc', 'Civil Systems', 'df234305-8a47-4b4d-8efb-716a6b695428', '253fbd80-e805-4f96-a397-0a41761ece84', '2025-07-01 22:15:07', '2025-07-01 22:15:07');
INSERT INTO `department` (`uuid`, `department`, `tenant_id`, `client_id`, `created_on`, `modified_on`) VALUES ('ec2bc59e-7891-4dcf-989b-c0f92b237092', 'Cybersecurity', 'df234305-8a47-4b4d-8efb-716a6b695428', '253fbd80-e805-4f96-a397-0a41761ece84', '2025-07-01 22:15:07', '2025-07-01 22:15:07');
INSERT INTO `department` (`uuid`, `department`, `tenant_id`, `client_id`, `created_on`, `modified_on`) VALUES ('558d6e22-99c5-41f3-813e-b0ea7594df88', 'Robotics', 'df234305-8a47-4b4d-8efb-716a6b695428', '253fbd80-e805-4f96-a397-0a41761ece84', '2025-07-01 22:15:07', '2025-07-01 22:15:07');
INSERT INTO `department` (`uuid`, `department`, `tenant_id`, `client_id`, `created_on`, `modified_on`) VALUES ('e728bb40-7d67-40c7-8524-0750562f7fdb', 'Aerospace', 'df234305-8a47-4b4d-8efb-716a6b695428', '253fbd80-e805-4f96-a397-0a41761ece84', '2025-07-01 22:15:07', '2025-07-01 22:15:07');
INSERT INTO `client` (`uuid`, `client_name`, `client_code`, `is_active`, `tenant_id`, `created_on`, `modified_on`) VALUES ('cf8293e2-d729-4279-84c3-d2713d5b735d', 'White-Decker', 1091, 1, 'df234305-8a47-4b4d-8efb-716a6b695428', '2025-07-01 22:15:07', '2025-07-01 22:15:07');
INSERT INTO `department` (`uuid`, `department`, `tenant_id`, `client_id`, `created_on`, `modified_on`) VALUES ('a3693992-8cad-4527-8685-cbcaf2bf4445', 'Robotics', 'df234305-8a47-4b4d-8efb-716a6b695428', 'cf8293e2-d729-4279-84c3-d2713d5b735d', '2025-07-01 22:15:07', '2025-07-01 22:15:07');
INSERT INTO `department` (`uuid`, `department`, `tenant_id`, `client_id`, `created_on`, `modified_on`) VALUES ('1748f1f1-d64b-4ff9-a69e-48a2734be52c', 'Cybersecurity', 'df234305-8a47-4b4d-8efb-716a6b695428', 'cf8293e2-d729-4279-84c3-d2713d5b735d', '2025-07-01 22:15:07', '2025-07-01 22:15:07');
INSERT INTO `department` (`uuid`, `department`, `tenant_id`, `client_id`, `created_on`, `modified_on`) VALUES ('eed6219b-98ae-4016-af67-efe54e89a9e9', 'Biomedical', 'df234305-8a47-4b4d-8efb-716a6b695428', 'cf8293e2-d729-4279-84c3-d2713d5b735d', '2025-07-01 22:15:07', '2025-07-01 22:15:07');
INSERT INTO `department` (`uuid`, `department`, `tenant_id`, `client_id`, `created_on`, `modified_on`) VALUES ('2e872088-2c53-43cd-b29b-21402e749899', 'Aerospace', 'df234305-8a47-4b4d-8efb-716a6b695428', 'cf8293e2-d729-4279-84c3-d2713d5b735d', '2025-07-01 22:15:07', '2025-07-01 22:15:07');
INSERT INTO `department` (`uuid`, `department`, `tenant_id`, `client_id`, `created_on`, `modified_on`) VALUES ('c4a8e49b-752d-4633-a509-060316f2baf5', 'Civil Systems', 'df234305-8a47-4b4d-8efb-716a6b695428', 'cf8293e2-d729-4279-84c3-d2713d5b735d', '2025-07-01 22:15:07', '2025-07-01 22:15:07');
INSERT INTO `department` (`uuid`, `department`, `tenant_id`, `client_id`, `created_on`, `modified_on`) VALUES ('356b315a-b75c-466b-b8e8-eebf8f1504c8', 'AI Solutions', 'df234305-8a47-4b4d-8efb-716a6b695428', 'cf8293e2-d729-4279-84c3-d2713d5b735d', '2025-07-01 22:15:07', '2025-07-01 22:15:07');
INSERT INTO `client` (`uuid`, `client_name`, `client_code`, `is_active`, `tenant_id`, `created_on`, `modified_on`) VALUES ('8af25a3b-b4c3-4449-a900-fa7004eade36', 'Roberson PLC', 1092, 1, 'df234305-8a47-4b4d-8efb-716a6b695428', '2025-07-01 22:15:07', '2025-07-01 22:15:07');
INSERT INTO `department` (`uuid`, `department`, `tenant_id`, `client_id`, `created_on`, `modified_on`) VALUES ('037d3efa-7b49-4e30-9dcb-f0c60b96c457', 'Cybersecurity', 'df234305-8a47-4b4d-8efb-716a6b695428', '8af25a3b-b4c3-4449-a900-fa7004eade36', '2025-07-01 22:15:07', '2025-07-01 22:15:07');
INSERT INTO `department` (`uuid`, `department`, `tenant_id`, `client_id`, `created_on`, `modified_on`) VALUES ('aa7f2890-67c3-4270-ac17-e60dfa48f976', 'Biomedical', 'df234305-8a47-4b4d-8efb-716a6b695428', '8af25a3b-b4c3-4449-a900-fa7004eade36', '2025-07-01 22:15:07', '2025-07-01 22:15:07');
INSERT INTO `department` (`uuid`, `department`, `tenant_id`, `client_id`, `created_on`, `modified_on`) VALUES ('3dad6f29-6e8e-4ea0-889c-61c3dd215fcb', 'Aerospace', 'df234305-8a47-4b4d-8efb-716a6b695428', '8af25a3b-b4c3-4449-a900-fa7004eade36', '2025-07-01 22:15:07', '2025-07-01 22:15:07');
INSERT INTO `department` (`uuid`, `department`, `tenant_id`, `client_id`, `created_on`, `modified_on`) VALUES ('aba47529-3cf5-4db8-8478-2c6dc9d5f7b7', 'Civil Systems', 'df234305-8a47-4b4d-8efb-716a6b695428', '8af25a3b-b4c3-4449-a900-fa7004eade36', '2025-07-01 22:15:07', '2025-07-01 22:15:07');
INSERT INTO `department` (`uuid`, `department`, `tenant_id`, `client_id`, `created_on`, `modified_on`) VALUES ('f58b80bb-b209-4fc2-af63-95f835d658f9', 'Robotics', 'df234305-8a47-4b4d-8efb-716a6b695428', '8af25a3b-b4c3-4449-a900-fa7004eade36', '2025-07-01 22:15:07', '2025-07-01 22:15:07');
INSERT INTO `department` (`uuid`, `department`, `tenant_id`, `client_id`, `created_on`, `modified_on`) VALUES ('2f76ad70-8896-4b8e-8d75-edea4f1d2407', 'AI Solutions', 'df234305-8a47-4b4d-8efb-716a6b695428', '8af25a3b-b4c3-4449-a900-fa7004eade36', '2025-07-01 22:15:07', '2025-07-01 22:15:07');
INSERT INTO `client` (`uuid`, `client_name`, `client_code`, `is_active`, `tenant_id`, `created_on`, `modified_on`) VALUES ('e2ab5276-d8e2-4c5e-b662-de1f5cbf04ee', 'Walker Group', 1093, 1, 'df234305-8a47-4b4d-8efb-716a6b695428', '2025-07-01 22:15:07', '2025-07-01 22:15:07');
INSERT INTO `department` (`uuid`, `department`, `tenant_id`, `client_id`, `created_on`, `modified_on`) VALUES ('29832882-2809-438c-82fa-7a1fe81bcd19', 'AI Solutions', 'df234305-8a47-4b4d-8efb-716a6b695428', 'e2ab5276-d8e2-4c5e-b662-de1f5cbf04ee', '2025-07-01 22:15:07', '2025-07-01 22:15:07');
INSERT INTO `department` (`uuid`, `department`, `tenant_id`, `client_id`, `created_on`, `modified_on`) VALUES ('e61dbd70-4fe7-4ff3-9784-0573c35033a3', 'Cybersecurity', 'df234305-8a47-4b4d-8efb-716a6b695428', 'e2ab5276-d8e2-4c5e-b662-de1f5cbf04ee', '2025-07-01 22:15:07', '2025-07-01 22:15:07');
INSERT INTO `department` (`uuid`, `department`, `tenant_id`, `client_id`, `created_on`, `modified_on`) VALUES ('3c2a4d72-7ca6-4747-9e2b-c028170721c1', 'Robotics', 'df234305-8a47-4b4d-8efb-716a6b695428', 'e2ab5276-d8e2-4c5e-b662-de1f5cbf04ee', '2025-07-01 22:15:07', '2025-07-01 22:15:07');
INSERT INTO `department` (`uuid`, `department`, `tenant_id`, `client_id`, `created_on`, `modified_on`) VALUES ('725eeb91-e7fe-48e4-a2b9-6e2a01d6b22e', 'Aerospace', 'df234305-8a47-4b4d-8efb-716a6b695428', 'e2ab5276-d8e2-4c5e-b662-de1f5cbf04ee', '2025-07-01 22:15:07', '2025-07-01 22:15:07');
INSERT INTO `department` (`uuid`, `department`, `tenant_id`, `client_id`, `created_on`, `modified_on`) VALUES ('90da7cbe-cd46-4a09-b290-9cf75fae2fe7', 'Civil Systems', 'df234305-8a47-4b4d-8efb-716a6b695428', 'e2ab5276-d8e2-4c5e-b662-de1f5cbf04ee', '2025-07-01 22:15:07', '2025-07-01 22:15:07');
INSERT INTO `department` (`uuid`, `department`, `tenant_id`, `client_id`, `created_on`, `modified_on`) VALUES ('7b67d6f7-e1fd-45f7-a1d1-3ddbabbdeddb', 'Biomedical', 'df234305-8a47-4b4d-8efb-716a6b695428', 'e2ab5276-d8e2-4c5e-b662-de1f5cbf04ee', '2025-07-01 22:15:07', '2025-07-01 22:15:07');
INSERT INTO `client` (`uuid`, `client_name`, `client_code`, `is_active`, `tenant_id`, `created_on`, `modified_on`) VALUES ('19aae58e-2dfd-4656-9aa4-82bdabf5d15b', 'Schmitt LLC', 1094, 1, 'df234305-8a47-4b4d-8efb-716a6b695428', '2025-07-01 22:15:07', '2025-07-01 22:15:07');
INSERT INTO `department` (`uuid`, `department`, `tenant_id`, `client_id`, `created_on`, `modified_on`) VALUES ('2e622faa-9168-40cf-9038-45e00d67ca90', 'Robotics', 'df234305-8a47-4b4d-8efb-716a6b695428', '19aae58e-2dfd-4656-9aa4-82bdabf5d15b', '2025-07-01 22:15:07', '2025-07-01 22:15:07');
INSERT INTO `department` (`uuid`, `department`, `tenant_id`, `client_id`, `created_on`, `modified_on`) VALUES ('95579cf1-b8b4-4931-b057-68f5d3c7aeb4', 'AI Solutions', 'df234305-8a47-4b4d-8efb-716a6b695428', '19aae58e-2dfd-4656-9aa4-82bdabf5d15b', '2025-07-01 22:15:07', '2025-07-01 22:15:07');
INSERT INTO `department` (`uuid`, `department`, `tenant_id`, `client_id`, `created_on`, `modified_on`) VALUES ('04e40793-7dbb-47c0-b732-9628db73d5b1', 'Cybersecurity', 'df234305-8a47-4b4d-8efb-716a6b695428', '19aae58e-2dfd-4656-9aa4-82bdabf5d15b', '2025-07-01 22:15:07', '2025-07-01 22:15:07');
INSERT INTO `department` (`uuid`, `department`, `tenant_id`, `client_id`, `created_on`, `modified_on`) VALUES ('8783422d-1884-4fc0-b252-4dc9350eaeb6', 'Biomedical', 'df234305-8a47-4b4d-8efb-716a6b695428', '19aae58e-2dfd-4656-9aa4-82bdabf5d15b', '2025-07-01 22:15:07', '2025-07-01 22:15:07');
INSERT INTO `department` (`uuid`, `department`, `tenant_id`, `client_id`, `created_on`, `modified_on`) VALUES ('43ec70a7-af29-4654-9e5c-145df4bcbf64', 'Aerospace', 'df234305-8a47-4b4d-8efb-716a6b695428', '19aae58e-2dfd-4656-9aa4-82bdabf5d15b', '2025-07-01 22:15:07', '2025-07-01 22:15:07');
INSERT INTO `department` (`uuid`, `department`, `tenant_id`, `client_id`, `created_on`, `modified_on`) VALUES ('743938a0-7d88-42d9-af36-bafe064bf97a', 'Civil Systems', 'df234305-8a47-4b4d-8efb-716a6b695428', '19aae58e-2dfd-4656-9aa4-82bdabf5d15b', '2025-07-01 22:15:07', '2025-07-01 22:15:07');
INSERT INTO `client` (`uuid`, `client_name`, `client_code`, `is_active`, `tenant_id`, `created_on`, `modified_on`) VALUES ('e4a6fcf2-8274-454e-b912-8a254fb33a25', 'Woods-Miller', 1095, 1, 'df234305-8a47-4b4d-8efb-716a6b695428', '2025-07-01 22:15:07', '2025-07-01 22:15:07');
INSERT INTO `department` (`uuid`, `department`, `tenant_id`, `client_id`, `created_on`, `modified_on`) VALUES ('4cee8f61-2ca3-4813-b33d-1b48c130882c', 'Biomedical', 'df234305-8a47-4b4d-8efb-716a6b695428', 'e4a6fcf2-8274-454e-b912-8a254fb33a25', '2025-07-01 22:15:07', '2025-07-01 22:15:07');
INSERT INTO `department` (`uuid`, `department`, `tenant_id`, `client_id`, `created_on`, `modified_on`) VALUES ('86a16a58-5aad-4c7e-a3df-2287c90f0fe7', 'Aerospace', 'df234305-8a47-4b4d-8efb-716a6b695428', 'e4a6fcf2-8274-454e-b912-8a254fb33a25', '2025-07-01 22:15:07', '2025-07-01 22:15:07');
INSERT INTO `department` (`uuid`, `department`, `tenant_id`, `client_id`, `created_on`, `modified_on`) VALUES ('395e2af0-4ca3-4bf2-b974-9d7ede3fa9e8', 'AI Solutions', 'df234305-8a47-4b4d-8efb-716a6b695428', 'e4a6fcf2-8274-454e-b912-8a254fb33a25', '2025-07-01 22:15:07', '2025-07-01 22:15:07');
INSERT INTO `department` (`uuid`, `department`, `tenant_id`, `client_id`, `created_on`, `modified_on`) VALUES ('a8129b45-3bdb-403b-b7ea-bad44b17ea36', 'Robotics', 'df234305-8a47-4b4d-8efb-716a6b695428', 'e4a6fcf2-8274-454e-b912-8a254fb33a25', '2025-07-01 22:15:07', '2025-07-01 22:15:07');
INSERT INTO `department` (`uuid`, `department`, `tenant_id`, `client_id`, `created_on`, `modified_on`) VALUES ('bdc92e50-59ac-4d4c-bcc2-342c860cc6ec', 'Cybersecurity', 'df234305-8a47-4b4d-8efb-716a6b695428', 'e4a6fcf2-8274-454e-b912-8a254fb33a25', '2025-07-01 22:15:07', '2025-07-01 22:15:07');
INSERT INTO `department` (`uuid`, `department`, `tenant_id`, `client_id`, `created_on`, `modified_on`) VALUES ('410ab64b-09d5-4d59-addb-d5bb135e9b96', 'Civil Systems', 'df234305-8a47-4b4d-8efb-716a6b695428', 'e4a6fcf2-8274-454e-b912-8a254fb33a25', '2025-07-01 22:15:07', '2025-07-01 22:15:07');
INSERT INTO `client` (`uuid`, `client_name`, `client_code`, `is_active`, `tenant_id`, `created_on`, `modified_on`) VALUES ('d027dac8-5e8c-44c0-8ec4-10971fbe6907', 'Robles, Thomas and Rodriguez', 1096, 1, 'df234305-8a47-4b4d-8efb-716a6b695428', '2025-07-01 22:15:07', '2025-07-01 22:15:07');
INSERT INTO `department` (`uuid`, `department`, `tenant_id`, `client_id`, `created_on`, `modified_on`) VALUES ('db5d69d2-4070-4940-ae3f-a9eace7db57a', 'Civil Systems', 'df234305-8a47-4b4d-8efb-716a6b695428', 'd027dac8-5e8c-44c0-8ec4-10971fbe6907', '2025-07-01 22:15:07', '2025-07-01 22:15:07');
INSERT INTO `department` (`uuid`, `department`, `tenant_id`, `client_id`, `created_on`, `modified_on`) VALUES ('f6bd488d-7851-4591-9833-b4b74b7f6efc', 'Biomedical', 'df234305-8a47-4b4d-8efb-716a6b695428', 'd027dac8-5e8c-44c0-8ec4-10971fbe6907', '2025-07-01 22:15:07', '2025-07-01 22:15:07');
INSERT INTO `department` (`uuid`, `department`, `tenant_id`, `client_id`, `created_on`, `modified_on`) VALUES ('eaaa0f87-80fc-4b4f-98d5-896a0305d59c', 'Robotics', 'df234305-8a47-4b4d-8efb-716a6b695428', 'd027dac8-5e8c-44c0-8ec4-10971fbe6907', '2025-07-01 22:15:07', '2025-07-01 22:15:07');
INSERT INTO `department` (`uuid`, `department`, `tenant_id`, `client_id`, `created_on`, `modified_on`) VALUES ('3653fdb1-3c29-4034-9f55-1d7ac85c4e47', 'AI Solutions', 'df234305-8a47-4b4d-8efb-716a6b695428', 'd027dac8-5e8c-44c0-8ec4-10971fbe6907', '2025-07-01 22:15:07', '2025-07-01 22:15:07');
INSERT INTO `department` (`uuid`, `department`, `tenant_id`, `client_id`, `created_on`, `modified_on`) VALUES ('4e17cae2-d5c0-41e9-9954-b5e627bffcfa', 'Cybersecurity', 'df234305-8a47-4b4d-8efb-716a6b695428', 'd027dac8-5e8c-44c0-8ec4-10971fbe6907', '2025-07-01 22:15:07', '2025-07-01 22:15:07');
INSERT INTO `department` (`uuid`, `department`, `tenant_id`, `client_id`, `created_on`, `modified_on`) VALUES ('8900c86e-1d35-4d79-b378-e253787e5819', 'Aerospace', 'df234305-8a47-4b4d-8efb-716a6b695428', 'd027dac8-5e8c-44c0-8ec4-10971fbe6907', '2025-07-01 22:15:07', '2025-07-01 22:15:07');
INSERT INTO `client` (`uuid`, `client_name`, `client_code`, `is_active`, `tenant_id`, `created_on`, `modified_on`) VALUES ('20ffc3ad-b613-4816-81b3-e44f926b7bb9', 'Thomas LLC', 1097, 1, 'df234305-8a47-4b4d-8efb-716a6b695428', '2025-07-01 22:15:07', '2025-07-01 22:15:07');
INSERT INTO `department` (`uuid`, `department`, `tenant_id`, `client_id`, `created_on`, `modified_on`) VALUES ('712cb896-1771-4772-8de7-5ec245234f60', 'Aerospace', 'df234305-8a47-4b4d-8efb-716a6b695428', '20ffc3ad-b613-4816-81b3-e44f926b7bb9', '2025-07-01 22:15:07', '2025-07-01 22:15:07');
INSERT INTO `department` (`uuid`, `department`, `tenant_id`, `client_id`, `created_on`, `modified_on`) VALUES ('cf333195-4890-4c4b-829b-c8a83c860a4a', 'Biomedical', 'df234305-8a47-4b4d-8efb-716a6b695428', '20ffc3ad-b613-4816-81b3-e44f926b7bb9', '2025-07-01 22:15:07', '2025-07-01 22:15:07');
INSERT INTO `department` (`uuid`, `department`, `tenant_id`, `client_id`, `created_on`, `modified_on`) VALUES ('03fbe872-21d0-40e4-80cf-95e29afd62ef', 'Robotics', 'df234305-8a47-4b4d-8efb-716a6b695428', '20ffc3ad-b613-4816-81b3-e44f926b7bb9', '2025-07-01 22:15:07', '2025-07-01 22:15:07');
INSERT INTO `department` (`uuid`, `department`, `tenant_id`, `client_id`, `created_on`, `modified_on`) VALUES ('dc38df0f-35d0-4878-936c-cd9621d44848', 'Cybersecurity', 'df234305-8a47-4b4d-8efb-716a6b695428', '20ffc3ad-b613-4816-81b3-e44f926b7bb9', '2025-07-01 22:15:07', '2025-07-01 22:15:07');
INSERT INTO `department` (`uuid`, `department`, `tenant_id`, `client_id`, `created_on`, `modified_on`) VALUES ('1a477957-e800-49a5-aa3e-8954950e04ef', 'AI Solutions', 'df234305-8a47-4b4d-8efb-716a6b695428', '20ffc3ad-b613-4816-81b3-e44f926b7bb9', '2025-07-01 22:15:07', '2025-07-01 22:15:07');
INSERT INTO `department` (`uuid`, `department`, `tenant_id`, `client_id`, `created_on`, `modified_on`) VALUES ('9a51b5a1-a294-4950-8003-00fa7944dcd3', 'Civil Systems', 'df234305-8a47-4b4d-8efb-716a6b695428', '20ffc3ad-b613-4816-81b3-e44f926b7bb9', '2025-07-01 22:15:07', '2025-07-01 22:15:07');
INSERT INTO `client` (`uuid`, `client_name`, `client_code`, `is_active`, `tenant_id`, `created_on`, `modified_on`) VALUES ('4624e131-b1c1-4083-92ab-3e5e130ed2f3', 'Brown-Coleman', 1098, 1, 'df234305-8a47-4b4d-8efb-716a6b695428', '2025-07-01 22:15:07', '2025-07-01 22:15:07');
INSERT INTO `department` (`uuid`, `department`, `tenant_id`, `client_id`, `created_on`, `modified_on`) VALUES ('8f82d440-a2ba-41b2-95bb-f7bdf7886c3c', 'Cybersecurity', 'df234305-8a47-4b4d-8efb-716a6b695428', '4624e131-b1c1-4083-92ab-3e5e130ed2f3', '2025-07-01 22:15:07', '2025-07-01 22:15:07');
INSERT INTO `department` (`uuid`, `department`, `tenant_id`, `client_id`, `created_on`, `modified_on`) VALUES ('c6a260b7-ea7e-45b4-8136-e05bc4e7ab21', 'Biomedical', 'df234305-8a47-4b4d-8efb-716a6b695428', '4624e131-b1c1-4083-92ab-3e5e130ed2f3', '2025-07-01 22:15:07', '2025-07-01 22:15:07');
INSERT INTO `department` (`uuid`, `department`, `tenant_id`, `client_id`, `created_on`, `modified_on`) VALUES ('e7275493-69d1-4ad6-abb2-cdfd15a9c4db', 'AI Solutions', 'df234305-8a47-4b4d-8efb-716a6b695428', '4624e131-b1c1-4083-92ab-3e5e130ed2f3', '2025-07-01 22:15:07', '2025-07-01 22:15:07');
INSERT INTO `department` (`uuid`, `department`, `tenant_id`, `client_id`, `created_on`, `modified_on`) VALUES ('6e5c1727-720a-4e08-97a8-84452b421f96', 'Civil Systems', 'df234305-8a47-4b4d-8efb-716a6b695428', '4624e131-b1c1-4083-92ab-3e5e130ed2f3', '2025-07-01 22:15:07', '2025-07-01 22:15:07');
INSERT INTO `department` (`uuid`, `department`, `tenant_id`, `client_id`, `created_on`, `modified_on`) VALUES ('3268e7ea-1356-41c2-8169-84c484d7814b', 'Aerospace', 'df234305-8a47-4b4d-8efb-716a6b695428', '4624e131-b1c1-4083-92ab-3e5e130ed2f3', '2025-07-01 22:15:07', '2025-07-01 22:15:07');
INSERT INTO `department` (`uuid`, `department`, `tenant_id`, `client_id`, `created_on`, `modified_on`) VALUES ('62c8cca7-8cd0-4c23-b592-22e0076fc3b8', 'Robotics', 'df234305-8a47-4b4d-8efb-716a6b695428', '4624e131-b1c1-4083-92ab-3e5e130ed2f3', '2025-07-01 22:15:07', '2025-07-01 22:15:07');
INSERT INTO `client` (`uuid`, `client_name`, `client_code`, `is_active`, `tenant_id`, `created_on`, `modified_on`) VALUES ('9f8c7cbf-db19-4c0d-b04d-c8cbc6e3d821', 'Lynn-Mejia', 1099, 1, 'df234305-8a47-4b4d-8efb-716a6b695428', '2025-07-01 22:15:07', '2025-07-01 22:15:07');
INSERT INTO `department` (`uuid`, `department`, `tenant_id`, `client_id`, `created_on`, `modified_on`) VALUES ('8002460f-0998-49da-a46a-242cabfd9093', 'Robotics', 'df234305-8a47-4b4d-8efb-716a6b695428', '9f8c7cbf-db19-4c0d-b04d-c8cbc6e3d821', '2025-07-01 22:15:07', '2025-07-01 22:15:07');
INSERT INTO `department` (`uuid`, `department`, `tenant_id`, `client_id`, `created_on`, `modified_on`) VALUES ('223eaecd-3e46-47ab-b929-f5146199db56', 'AI Solutions', 'df234305-8a47-4b4d-8efb-716a6b695428', '9f8c7cbf-db19-4c0d-b04d-c8cbc6e3d821', '2025-07-01 22:15:07', '2025-07-01 22:15:07');
INSERT INTO `department` (`uuid`, `department`, `tenant_id`, `client_id`, `created_on`, `modified_on`) VALUES ('46a545f5-4ee1-4e1d-ab88-f5a85f0d4059', 'Aerospace', 'df234305-8a47-4b4d-8efb-716a6b695428', '9f8c7cbf-db19-4c0d-b04d-c8cbc6e3d821', '2025-07-01 22:15:07', '2025-07-01 22:15:07');
INSERT INTO `department` (`uuid`, `department`, `tenant_id`, `client_id`, `created_on`, `modified_on`) VALUES ('ea1c563b-314d-40a0-8846-9fe1f61c41d7', 'Civil Systems', 'df234305-8a47-4b4d-8efb-716a6b695428', '9f8c7cbf-db19-4c0d-b04d-c8cbc6e3d821', '2025-07-01 22:15:07', '2025-07-01 22:15:07');
INSERT INTO `department` (`uuid`, `department`, `tenant_id`, `client_id`, `created_on`, `modified_on`) VALUES ('95924d7c-d68a-4475-bfa7-21fcda43051a', 'Cybersecurity', 'df234305-8a47-4b4d-8efb-716a6b695428', '9f8c7cbf-db19-4c0d-b04d-c8cbc6e3d821', '2025-07-01 22:15:07', '2025-07-01 22:15:07');
INSERT INTO `department` (`uuid`, `department`, `tenant_id`, `client_id`, `created_on`, `modified_on`) VALUES ('a85e02a0-a695-490a-8c24-d2890a7b6962', 'Biomedical', 'df234305-8a47-4b4d-8efb-716a6b695428', '9f8c7cbf-db19-4c0d-b04d-c8cbc6e3d821', '2025-07-01 22:15:07', '2025-07-01 22:15:07');
INSERT INTO `client` (`uuid`, `client_name`, `client_code`, `is_active`, `tenant_id`, `created_on`, `modified_on`) VALUES ('45b84b60-a871-4c71-92a9-9e8a47622140', 'Young-Rodriguez', 1100, 1, 'df234305-8a47-4b4d-8efb-716a6b695428', '2025-07-01 22:15:07', '2025-07-01 22:15:07');
INSERT INTO `department` (`uuid`, `department`, `tenant_id`, `client_id`, `created_on`, `modified_on`) VALUES ('3f49a83b-8978-4c26-905f-0ad48b434e56', 'AI Solutions', 'df234305-8a47-4b4d-8efb-716a6b695428', '45b84b60-a871-4c71-92a9-9e8a47622140', '2025-07-01 22:15:07', '2025-07-01 22:15:07');
INSERT INTO `department` (`uuid`, `department`, `tenant_id`, `client_id`, `created_on`, `modified_on`) VALUES ('77c692b3-bc28-4716-bd27-5d450cdeb78a', 'Robotics', 'df234305-8a47-4b4d-8efb-716a6b695428', '45b84b60-a871-4c71-92a9-9e8a47622140', '2025-07-01 22:15:07', '2025-07-01 22:15:07');
INSERT INTO `department` (`uuid`, `department`, `tenant_id`, `client_id`, `created_on`, `modified_on`) VALUES ('b2d2aaf1-7507-4d57-b129-73537f283ced', 'Civil Systems', 'df234305-8a47-4b4d-8efb-716a6b695428', '45b84b60-a871-4c71-92a9-9e8a47622140', '2025-07-01 22:15:07', '2025-07-01 22:15:07');
INSERT INTO `department` (`uuid`, `department`, `tenant_id`, `client_id`, `created_on`, `modified_on`) VALUES ('b294e0da-9171-406f-9a3a-dade75d930de', 'Biomedical', 'df234305-8a47-4b4d-8efb-716a6b695428', '45b84b60-a871-4c71-92a9-9e8a47622140', '2025-07-01 22:15:07', '2025-07-01 22:15:07');
INSERT INTO `department` (`uuid`, `department`, `tenant_id`, `client_id`, `created_on`, `modified_on`) VALUES ('8dbd6bf8-31ed-4cd1-b566-1cd9b0ad841c', 'Aerospace', 'df234305-8a47-4b4d-8efb-716a6b695428', '45b84b60-a871-4c71-92a9-9e8a47622140', '2025-07-01 22:15:07', '2025-07-01 22:15:07');
INSERT INTO `department` (`uuid`, `department`, `tenant_id`, `client_id`, `created_on`, `modified_on`) VALUES ('76a7e469-c478-4a9b-a975-4d122f9e759e', 'Cybersecurity', 'df234305-8a47-4b4d-8efb-716a6b695428', '45b84b60-a871-4c71-92a9-9e8a47622140', '2025-07-01 22:15:07', '2025-07-01 22:15:07');
INSERT INTO `client` (`uuid`, `client_name`, `client_code`, `is_active`, `tenant_id`, `created_on`, `modified_on`) VALUES ('c0fa91d7-54b6-490b-a354-e4e1504b6876', 'Lee, Jackson and Walker', 1101, 1, 'df234305-8a47-4b4d-8efb-716a6b695428', '2025-07-01 22:15:07', '2025-07-01 22:15:07');
INSERT INTO `department` (`uuid`, `department`, `tenant_id`, `client_id`, `created_on`, `modified_on`) VALUES ('69b0dd6b-d38d-4d08-9ffb-64cdabe8a944', 'Robotics', 'df234305-8a47-4b4d-8efb-716a6b695428', 'c0fa91d7-54b6-490b-a354-e4e1504b6876', '2025-07-01 22:15:07', '2025-07-01 22:15:07');
INSERT INTO `department` (`uuid`, `department`, `tenant_id`, `client_id`, `created_on`, `modified_on`) VALUES ('bf35e863-c063-4730-97c2-3fbb1e65fccf', 'AI Solutions', 'df234305-8a47-4b4d-8efb-716a6b695428', 'c0fa91d7-54b6-490b-a354-e4e1504b6876', '2025-07-01 22:15:07', '2025-07-01 22:15:07');
INSERT INTO `department` (`uuid`, `department`, `tenant_id`, `client_id`, `created_on`, `modified_on`) VALUES ('b7067e1d-c87e-4a76-818d-16f43a908e8e', 'Civil Systems', 'df234305-8a47-4b4d-8efb-716a6b695428', 'c0fa91d7-54b6-490b-a354-e4e1504b6876', '2025-07-01 22:15:07', '2025-07-01 22:15:07');
INSERT INTO `department` (`uuid`, `department`, `tenant_id`, `client_id`, `created_on`, `modified_on`) VALUES ('f45c509e-26dc-448c-b10f-6f4b6904bb22', 'Aerospace', 'df234305-8a47-4b4d-8efb-716a6b695428', 'c0fa91d7-54b6-490b-a354-e4e1504b6876', '2025-07-01 22:15:07', '2025-07-01 22:15:07');
INSERT INTO `client` (`uuid`, `client_name`, `client_code`, `is_active`, `tenant_id`, `created_on`, `modified_on`) VALUES ('bad8b86e-95fd-4b17-99b5-fc08002b9d3c', 'Davis and Sons', 1102, 1, 'df234305-8a47-4b4d-8efb-716a6b695428', '2025-07-01 22:15:07', '2025-07-01 22:15:07');
INSERT INTO `department` (`uuid`, `department`, `tenant_id`, `client_id`, `created_on`, `modified_on`) VALUES ('67408670-8387-4bd1-89f2-811d466305f5', 'Biomedical', 'df234305-8a47-4b4d-8efb-716a6b695428', 'bad8b86e-95fd-4b17-99b5-fc08002b9d3c', '2025-07-01 22:15:07', '2025-07-01 22:15:07');
INSERT INTO `department` (`uuid`, `department`, `tenant_id`, `client_id`, `created_on`, `modified_on`) VALUES ('bcad04a7-fc29-4ef0-a87e-35a99843f69b', 'AI Solutions', 'df234305-8a47-4b4d-8efb-716a6b695428', 'bad8b86e-95fd-4b17-99b5-fc08002b9d3c', '2025-07-01 22:15:07', '2025-07-01 22:15:07');
INSERT INTO `department` (`uuid`, `department`, `tenant_id`, `client_id`, `created_on`, `modified_on`) VALUES ('210ec232-25e2-4fc2-8040-9a6da740dd07', 'Aerospace', 'df234305-8a47-4b4d-8efb-716a6b695428', 'bad8b86e-95fd-4b17-99b5-fc08002b9d3c', '2025-07-01 22:15:07', '2025-07-01 22:15:07');
INSERT INTO `department` (`uuid`, `department`, `tenant_id`, `client_id`, `created_on`, `modified_on`) VALUES ('eae25f68-e874-4487-8a60-24337d32e683', 'Robotics', 'df234305-8a47-4b4d-8efb-716a6b695428', 'bad8b86e-95fd-4b17-99b5-fc08002b9d3c', '2025-07-01 22:15:07', '2025-07-01 22:15:07');
INSERT INTO `department` (`uuid`, `department`, `tenant_id`, `client_id`, `created_on`, `modified_on`) VALUES ('c427d2a6-35fb-4054-a6ea-b147e4a98e56', 'Cybersecurity', 'df234305-8a47-4b4d-8efb-716a6b695428', 'bad8b86e-95fd-4b17-99b5-fc08002b9d3c', '2025-07-01 22:15:07', '2025-07-01 22:15:07');
INSERT INTO `department` (`uuid`, `department`, `tenant_id`, `client_id`, `created_on`, `modified_on`) VALUES ('0d634477-84a3-4654-8409-161498552b7c', 'Civil Systems', 'df234305-8a47-4b4d-8efb-716a6b695428', 'bad8b86e-95fd-4b17-99b5-fc08002b9d3c', '2025-07-01 22:15:07', '2025-07-01 22:15:07');
INSERT INTO `client` (`uuid`, `client_name`, `client_code`, `is_active`, `tenant_id`, `created_on`, `modified_on`) VALUES ('9a109214-4473-4436-a669-bee6d01b411f', 'Diaz-Boyd', 1103, 1, 'df234305-8a47-4b4d-8efb-716a6b695428', '2025-07-01 22:15:07', '2025-07-01 22:15:07');
INSERT INTO `department` (`uuid`, `department`, `tenant_id`, `client_id`, `created_on`, `modified_on`) VALUES ('7601dd5a-5456-42bd-8988-3e0027b62a9a', 'Aerospace', 'df234305-8a47-4b4d-8efb-716a6b695428', '9a109214-4473-4436-a669-bee6d01b411f', '2025-07-01 22:15:07', '2025-07-01 22:15:07');
INSERT INTO `department` (`uuid`, `department`, `tenant_id`, `client_id`, `created_on`, `modified_on`) VALUES ('a82714cf-d70f-4c27-9aa4-c66f1e03c085', 'AI Solutions', 'df234305-8a47-4b4d-8efb-716a6b695428', '9a109214-4473-4436-a669-bee6d01b411f', '2025-07-01 22:15:07', '2025-07-01 22:15:07');
INSERT INTO `department` (`uuid`, `department`, `tenant_id`, `client_id`, `created_on`, `modified_on`) VALUES ('e8e86249-5192-49bd-be68-5f4f03db0603', 'Robotics', 'df234305-8a47-4b4d-8efb-716a6b695428', '9a109214-4473-4436-a669-bee6d01b411f', '2025-07-01 22:15:07', '2025-07-01 22:15:07');
INSERT INTO `department` (`uuid`, `department`, `tenant_id`, `client_id`, `created_on`, `modified_on`) VALUES ('a50df1b6-f1d1-4b40-8f91-1625df8100cf', 'Biomedical', 'df234305-8a47-4b4d-8efb-716a6b695428', '9a109214-4473-4436-a669-bee6d01b411f', '2025-07-01 22:15:07', '2025-07-01 22:15:07');
INSERT INTO `department` (`uuid`, `department`, `tenant_id`, `client_id`, `created_on`, `modified_on`) VALUES ('1069637c-6489-4850-950c-8477b335e01b', 'Civil Systems', 'df234305-8a47-4b4d-8efb-716a6b695428', '9a109214-4473-4436-a669-bee6d01b411f', '2025-07-01 22:15:07', '2025-07-01 22:15:07');
INSERT INTO `department` (`uuid`, `department`, `tenant_id`, `client_id`, `created_on`, `modified_on`) VALUES ('bcf6a7df-6528-49a5-9624-585ca31112d6', 'Cybersecurity', 'df234305-8a47-4b4d-8efb-716a6b695428', '9a109214-4473-4436-a669-bee6d01b411f', '2025-07-01 22:15:07', '2025-07-01 22:15:07');
INSERT INTO `client` (`uuid`, `client_name`, `client_code`, `is_active`, `tenant_id`, `created_on`, `modified_on`) VALUES ('a408c9dc-3b6d-4bbd-9ef9-8f0d98e698a6', 'Herrera Ltd', 1104, 1, 'df234305-8a47-4b4d-8efb-716a6b695428', '2025-07-01 22:15:07', '2025-07-01 22:15:07');
INSERT INTO `department` (`uuid`, `department`, `tenant_id`, `client_id`, `created_on`, `modified_on`) VALUES ('69169fa2-99a1-465c-9ee0-32711f155ede', 'Cybersecurity', 'df234305-8a47-4b4d-8efb-716a6b695428', 'a408c9dc-3b6d-4bbd-9ef9-8f0d98e698a6', '2025-07-01 22:15:07', '2025-07-01 22:15:07');
INSERT INTO `department` (`uuid`, `department`, `tenant_id`, `client_id`, `created_on`, `modified_on`) VALUES ('fe03764e-87e6-4060-acbb-083fb75169d1', 'Robotics', 'df234305-8a47-4b4d-8efb-716a6b695428', 'a408c9dc-3b6d-4bbd-9ef9-8f0d98e698a6', '2025-07-01 22:15:07', '2025-07-01 22:15:07');
INSERT INTO `department` (`uuid`, `department`, `tenant_id`, `client_id`, `created_on`, `modified_on`) VALUES ('21a6783d-e4bc-47b3-8b5c-c81be02b8232', 'Biomedical', 'df234305-8a47-4b4d-8efb-716a6b695428', 'a408c9dc-3b6d-4bbd-9ef9-8f0d98e698a6', '2025-07-01 22:15:07', '2025-07-01 22:15:07');
INSERT INTO `department` (`uuid`, `department`, `tenant_id`, `client_id`, `created_on`, `modified_on`) VALUES ('961d63e1-de36-4de3-8109-2be958a449cd', 'Aerospace', 'df234305-8a47-4b4d-8efb-716a6b695428', 'a408c9dc-3b6d-4bbd-9ef9-8f0d98e698a6', '2025-07-01 22:15:07', '2025-07-01 22:15:07');
INSERT INTO `department` (`uuid`, `department`, `tenant_id`, `client_id`, `created_on`, `modified_on`) VALUES ('6377d1f4-dec3-45b2-9de9-1ab382825d4b', 'Civil Systems', 'df234305-8a47-4b4d-8efb-716a6b695428', 'a408c9dc-3b6d-4bbd-9ef9-8f0d98e698a6', '2025-07-01 22:15:07', '2025-07-01 22:15:07');
INSERT INTO `client` (`uuid`, `client_name`, `client_code`, `is_active`, `tenant_id`, `created_on`, `modified_on`) VALUES ('470bf509-9865-4a3f-89d5-76c4d990448a', 'Andrews-Osborne', 1105, 1, 'df234305-8a47-4b4d-8efb-716a6b695428', '2025-07-01 22:15:07', '2025-07-01 22:15:07');
INSERT INTO `department` (`uuid`, `department`, `tenant_id`, `client_id`, `created_on`, `modified_on`) VALUES ('88390bee-1bc4-45fc-9d20-052319f1aa39', 'Biomedical', 'df234305-8a47-4b4d-8efb-716a6b695428', '470bf509-9865-4a3f-89d5-76c4d990448a', '2025-07-01 22:15:07', '2025-07-01 22:15:07');
INSERT INTO `department` (`uuid`, `department`, `tenant_id`, `client_id`, `created_on`, `modified_on`) VALUES ('6e45a6e6-29f8-4b62-b90e-e19b66cd1b9a', 'Civil Systems', 'df234305-8a47-4b4d-8efb-716a6b695428', '470bf509-9865-4a3f-89d5-76c4d990448a', '2025-07-01 22:15:07', '2025-07-01 22:15:07');
INSERT INTO `department` (`uuid`, `department`, `tenant_id`, `client_id`, `created_on`, `modified_on`) VALUES ('ca8ca237-6c17-4787-9fad-0bd579d19c7f', 'Aerospace', 'df234305-8a47-4b4d-8efb-716a6b695428', '470bf509-9865-4a3f-89d5-76c4d990448a', '2025-07-01 22:15:07', '2025-07-01 22:15:07');
INSERT INTO `department` (`uuid`, `department`, `tenant_id`, `client_id`, `created_on`, `modified_on`) VALUES ('a18bfc83-0418-448d-85b5-94155d05fc11', 'Robotics', 'df234305-8a47-4b4d-8efb-716a6b695428', '470bf509-9865-4a3f-89d5-76c4d990448a', '2025-07-01 22:15:07', '2025-07-01 22:15:07');
INSERT INTO `department` (`uuid`, `department`, `tenant_id`, `client_id`, `created_on`, `modified_on`) VALUES ('aed8aede-6cab-4413-8237-19ae8343e69f', 'AI Solutions', 'df234305-8a47-4b4d-8efb-716a6b695428', '470bf509-9865-4a3f-89d5-76c4d990448a', '2025-07-01 22:15:07', '2025-07-01 22:15:07');
INSERT INTO `department` (`uuid`, `department`, `tenant_id`, `client_id`, `created_on`, `modified_on`) VALUES ('93fc89ee-b178-4bcb-aeca-bd0339b345f5', 'Cybersecurity', 'df234305-8a47-4b4d-8efb-716a6b695428', '470bf509-9865-4a3f-89d5-76c4d990448a', '2025-07-01 22:15:07', '2025-07-01 22:15:07');
INSERT INTO `client` (`uuid`, `client_name`, `client_code`, `is_active`, `tenant_id`, `created_on`, `modified_on`) VALUES ('ddd2154f-d379-43a0-b5c8-56758e991747', 'Walker, Burton and Knight', 1106, 1, 'df234305-8a47-4b4d-8efb-716a6b695428', '2025-07-01 22:15:07', '2025-07-01 22:15:07');
INSERT INTO `department` (`uuid`, `department`, `tenant_id`, `client_id`, `created_on`, `modified_on`) VALUES ('9a58918a-7f58-473f-849b-f843cd70df00', 'Robotics', 'df234305-8a47-4b4d-8efb-716a6b695428', 'ddd2154f-d379-43a0-b5c8-56758e991747', '2025-07-01 22:15:07', '2025-07-01 22:15:07');
INSERT INTO `department` (`uuid`, `department`, `tenant_id`, `client_id`, `created_on`, `modified_on`) VALUES ('be7c2eec-d091-4165-b4d2-dc961e79586c', 'Cybersecurity', 'df234305-8a47-4b4d-8efb-716a6b695428', 'ddd2154f-d379-43a0-b5c8-56758e991747', '2025-07-01 22:15:07', '2025-07-01 22:15:07');
INSERT INTO `department` (`uuid`, `department`, `tenant_id`, `client_id`, `created_on`, `modified_on`) VALUES ('a480919e-22aa-4e8a-b57c-d7d56013d931', 'Aerospace', 'df234305-8a47-4b4d-8efb-716a6b695428', 'ddd2154f-d379-43a0-b5c8-56758e991747', '2025-07-01 22:15:07', '2025-07-01 22:15:07');
INSERT INTO `department` (`uuid`, `department`, `tenant_id`, `client_id`, `created_on`, `modified_on`) VALUES ('f90f1fcb-c765-4a02-8f2a-ab51df0a36a9', 'Civil Systems', 'df234305-8a47-4b4d-8efb-716a6b695428', 'ddd2154f-d379-43a0-b5c8-56758e991747', '2025-07-01 22:15:07', '2025-07-01 22:15:07');
INSERT INTO `department` (`uuid`, `department`, `tenant_id`, `client_id`, `created_on`, `modified_on`) VALUES ('14bba242-cfc1-46bd-b58d-19efd140d1a9', 'AI Solutions', 'df234305-8a47-4b4d-8efb-716a6b695428', 'ddd2154f-d379-43a0-b5c8-56758e991747', '2025-07-01 22:15:07', '2025-07-01 22:15:07');
INSERT INTO `department` (`uuid`, `department`, `tenant_id`, `client_id`, `created_on`, `modified_on`) VALUES ('3011e322-5e0c-4b6d-8cfa-5ca4589ba3e6', 'Biomedical', 'df234305-8a47-4b4d-8efb-716a6b695428', 'ddd2154f-d379-43a0-b5c8-56758e991747', '2025-07-01 22:15:07', '2025-07-01 22:15:07');
INSERT INTO `client` (`uuid`, `client_name`, `client_code`, `is_active`, `tenant_id`, `created_on`, `modified_on`) VALUES ('4bdd7f76-310c-43d9-8045-f1e0f9680126', 'Marshall, Clayton and Green', 1107, 1, 'df234305-8a47-4b4d-8efb-716a6b695428', '2025-07-01 22:15:07', '2025-07-01 22:15:07');
INSERT INTO `department` (`uuid`, `department`, `tenant_id`, `client_id`, `created_on`, `modified_on`) VALUES ('61055459-fb5f-42a2-aca7-93223870ce76', 'Aerospace', 'df234305-8a47-4b4d-8efb-716a6b695428', '4bdd7f76-310c-43d9-8045-f1e0f9680126', '2025-07-01 22:15:07', '2025-07-01 22:15:07');
INSERT INTO `department` (`uuid`, `department`, `tenant_id`, `client_id`, `created_on`, `modified_on`) VALUES ('e653a070-d79a-4cb6-ae35-49cacaa07b8e', 'Robotics', 'df234305-8a47-4b4d-8efb-716a6b695428', '4bdd7f76-310c-43d9-8045-f1e0f9680126', '2025-07-01 22:15:07', '2025-07-01 22:15:07');
INSERT INTO `department` (`uuid`, `department`, `tenant_id`, `client_id`, `created_on`, `modified_on`) VALUES ('55d9c2f8-f142-49fc-a388-56cee46bbbd1', 'AI Solutions', 'df234305-8a47-4b4d-8efb-716a6b695428', '4bdd7f76-310c-43d9-8045-f1e0f9680126', '2025-07-01 22:15:07', '2025-07-01 22:15:07');
INSERT INTO `department` (`uuid`, `department`, `tenant_id`, `client_id`, `created_on`, `modified_on`) VALUES ('d727bf70-49f9-4708-952d-282386866657', 'Civil Systems', 'df234305-8a47-4b4d-8efb-716a6b695428', '4bdd7f76-310c-43d9-8045-f1e0f9680126', '2025-07-01 22:15:07', '2025-07-01 22:15:07');
INSERT INTO `department` (`uuid`, `department`, `tenant_id`, `client_id`, `created_on`, `modified_on`) VALUES ('4d0ed3bc-dc49-4ca1-97df-92e7d75b21b8', 'Cybersecurity', 'df234305-8a47-4b4d-8efb-716a6b695428', '4bdd7f76-310c-43d9-8045-f1e0f9680126', '2025-07-01 22:15:07', '2025-07-01 22:15:07');
INSERT INTO `department` (`uuid`, `department`, `tenant_id`, `client_id`, `created_on`, `modified_on`) VALUES ('3f03b303-e0cd-4345-b9e5-3db29ab11fa1', 'Biomedical', 'df234305-8a47-4b4d-8efb-716a6b695428', '4bdd7f76-310c-43d9-8045-f1e0f9680126', '2025-07-01 22:15:07', '2025-07-01 22:15:07');
INSERT INTO `client` (`uuid`, `client_name`, `client_code`, `is_active`, `tenant_id`, `created_on`, `modified_on`) VALUES ('5fac2378-350a-4468-bb41-623452f1ed2b', 'Fletcher-Banks', 1108, 1, 'df234305-8a47-4b4d-8efb-716a6b695428', '2025-07-01 22:15:07', '2025-07-01 22:15:07');
INSERT INTO `department` (`uuid`, `department`, `tenant_id`, `client_id`, `created_on`, `modified_on`) VALUES ('7b26c74b-7a14-4b51-924b-282511fab73f', 'AI Solutions', 'df234305-8a47-4b4d-8efb-716a6b695428', '5fac2378-350a-4468-bb41-623452f1ed2b', '2025-07-01 22:15:07', '2025-07-01 22:15:07');
INSERT INTO `department` (`uuid`, `department`, `tenant_id`, `client_id`, `created_on`, `modified_on`) VALUES ('8c4c4429-27d5-4412-b1c0-c7f2ea5ac365', 'Civil Systems', 'df234305-8a47-4b4d-8efb-716a6b695428', '5fac2378-350a-4468-bb41-623452f1ed2b', '2025-07-01 22:15:07', '2025-07-01 22:15:07');
INSERT INTO `department` (`uuid`, `department`, `tenant_id`, `client_id`, `created_on`, `modified_on`) VALUES ('4dfcbe73-489a-4b2d-8dc9-cf4541747c1f', 'Robotics', 'df234305-8a47-4b4d-8efb-716a6b695428', '5fac2378-350a-4468-bb41-623452f1ed2b', '2025-07-01 22:15:07', '2025-07-01 22:15:07');
INSERT INTO `department` (`uuid`, `department`, `tenant_id`, `client_id`, `created_on`, `modified_on`) VALUES ('c0795af4-16c8-4cc2-add7-6d938c2c71d1', 'Biomedical', 'df234305-8a47-4b4d-8efb-716a6b695428', '5fac2378-350a-4468-bb41-623452f1ed2b', '2025-07-01 22:15:07', '2025-07-01 22:15:07');
INSERT INTO `department` (`uuid`, `department`, `tenant_id`, `client_id`, `created_on`, `modified_on`) VALUES ('e7011dec-5128-4fac-9b7a-0d8da0a6654a', 'Aerospace', 'df234305-8a47-4b4d-8efb-716a6b695428', '5fac2378-350a-4468-bb41-623452f1ed2b', '2025-07-01 22:15:07', '2025-07-01 22:15:07');
INSERT INTO `department` (`uuid`, `department`, `tenant_id`, `client_id`, `created_on`, `modified_on`) VALUES ('ba35616f-08db-4a7a-9556-e0c5ec163881', 'Cybersecurity', 'df234305-8a47-4b4d-8efb-716a6b695428', '5fac2378-350a-4468-bb41-623452f1ed2b', '2025-07-01 22:15:07', '2025-07-01 22:15:07');
INSERT INTO `client` (`uuid`, `client_name`, `client_code`, `is_active`, `tenant_id`, `created_on`, `modified_on`) VALUES ('055f435e-aa91-4ca9-9ee4-2dc731f969eb', 'Daniels-Anderson', 1109, 1, 'df234305-8a47-4b4d-8efb-716a6b695428', '2025-07-01 22:15:07', '2025-07-01 22:15:07');
INSERT INTO `department` (`uuid`, `department`, `tenant_id`, `client_id`, `created_on`, `modified_on`) VALUES ('8a49d347-0cd1-437f-852c-2cc55b9e302d', 'Civil Systems', 'df234305-8a47-4b4d-8efb-716a6b695428', '055f435e-aa91-4ca9-9ee4-2dc731f969eb', '2025-07-01 22:15:07', '2025-07-01 22:15:07');
INSERT INTO `department` (`uuid`, `department`, `tenant_id`, `client_id`, `created_on`, `modified_on`) VALUES ('6d3b1d87-4bbf-4186-b095-4f7e93ecbefd', 'Robotics', 'df234305-8a47-4b4d-8efb-716a6b695428', '055f435e-aa91-4ca9-9ee4-2dc731f969eb', '2025-07-01 22:15:07', '2025-07-01 22:15:07');
INSERT INTO `department` (`uuid`, `department`, `tenant_id`, `client_id`, `created_on`, `modified_on`) VALUES ('ad66831a-fe37-4ab7-af21-58e872190072', 'Aerospace', 'df234305-8a47-4b4d-8efb-716a6b695428', '055f435e-aa91-4ca9-9ee4-2dc731f969eb', '2025-07-01 22:15:07', '2025-07-01 22:15:07');
INSERT INTO `department` (`uuid`, `department`, `tenant_id`, `client_id`, `created_on`, `modified_on`) VALUES ('2ce23d56-9e2e-465d-b432-c0b55944aa07', 'Biomedical', 'df234305-8a47-4b4d-8efb-716a6b695428', '055f435e-aa91-4ca9-9ee4-2dc731f969eb', '2025-07-01 22:15:07', '2025-07-01 22:15:07');
INSERT INTO `department` (`uuid`, `department`, `tenant_id`, `client_id`, `created_on`, `modified_on`) VALUES ('38212ece-b936-48ec-8eb0-2cbcfc162a99', 'AI Solutions', 'df234305-8a47-4b4d-8efb-716a6b695428', '055f435e-aa91-4ca9-9ee4-2dc731f969eb', '2025-07-01 22:15:07', '2025-07-01 22:15:07');
INSERT INTO `department` (`uuid`, `department`, `tenant_id`, `client_id`, `created_on`, `modified_on`) VALUES ('987d9ad9-00e2-4d5a-bfec-309df7426297', 'Cybersecurity', 'df234305-8a47-4b4d-8efb-716a6b695428', '055f435e-aa91-4ca9-9ee4-2dc731f969eb', '2025-07-01 22:15:07', '2025-07-01 22:15:07');
INSERT INTO `client` (`uuid`, `client_name`, `client_code`, `is_active`, `tenant_id`, `created_on`, `modified_on`) VALUES ('0f4e56d2-26c7-4e8a-a792-7f2a2fce5f4e', 'Burton-Lopez', 1110, 1, 'df234305-8a47-4b4d-8efb-716a6b695428', '2025-07-01 22:15:07', '2025-07-01 22:15:07');
INSERT INTO `department` (`uuid`, `department`, `tenant_id`, `client_id`, `created_on`, `modified_on`) VALUES ('a219012b-6cca-43ff-a362-ab8d19df82bd', 'Civil Systems', 'df234305-8a47-4b4d-8efb-716a6b695428', '0f4e56d2-26c7-4e8a-a792-7f2a2fce5f4e', '2025-07-01 22:15:07', '2025-07-01 22:15:07');
INSERT INTO `department` (`uuid`, `department`, `tenant_id`, `client_id`, `created_on`, `modified_on`) VALUES ('54a74d14-8986-40a6-a2bf-ceb8e31f60bd', 'AI Solutions', 'df234305-8a47-4b4d-8efb-716a6b695428', '0f4e56d2-26c7-4e8a-a792-7f2a2fce5f4e', '2025-07-01 22:15:07', '2025-07-01 22:15:07');
INSERT INTO `department` (`uuid`, `department`, `tenant_id`, `client_id`, `created_on`, `modified_on`) VALUES ('8ac072e2-3607-4e92-8657-afb6916e7c22', 'Cybersecurity', 'df234305-8a47-4b4d-8efb-716a6b695428', '0f4e56d2-26c7-4e8a-a792-7f2a2fce5f4e', '2025-07-01 22:15:07', '2025-07-01 22:15:07');
INSERT INTO `department` (`uuid`, `department`, `tenant_id`, `client_id`, `created_on`, `modified_on`) VALUES ('00cc0c1b-1f77-4fc2-ad3b-f4c04e5792ec', 'Robotics', 'df234305-8a47-4b4d-8efb-716a6b695428', '0f4e56d2-26c7-4e8a-a792-7f2a2fce5f4e', '2025-07-01 22:15:07', '2025-07-01 22:15:07');
INSERT INTO `department` (`uuid`, `department`, `tenant_id`, `client_id`, `created_on`, `modified_on`) VALUES ('af6e2a3c-0981-4047-a16d-3904093d9b2f', 'Aerospace', 'df234305-8a47-4b4d-8efb-716a6b695428', '0f4e56d2-26c7-4e8a-a792-7f2a2fce5f4e', '2025-07-01 22:15:07', '2025-07-01 22:15:07');
INSERT INTO `client` (`uuid`, `client_name`, `client_code`, `is_active`, `tenant_id`, `created_on`, `modified_on`) VALUES ('8ee40ccf-6400-43e1-a00e-ee0e47a7bb7b', 'Ritter and Sons', 1111, 1, 'df234305-8a47-4b4d-8efb-716a6b695428', '2025-07-01 22:15:07', '2025-07-01 22:15:07');
INSERT INTO `department` (`uuid`, `department`, `tenant_id`, `client_id`, `created_on`, `modified_on`) VALUES ('6bc1c7d9-c880-43fb-b16f-741f81bd73ec', 'AI Solutions', 'df234305-8a47-4b4d-8efb-716a6b695428', '8ee40ccf-6400-43e1-a00e-ee0e47a7bb7b', '2025-07-01 22:15:07', '2025-07-01 22:15:07');
INSERT INTO `department` (`uuid`, `department`, `tenant_id`, `client_id`, `created_on`, `modified_on`) VALUES ('b9b355d1-6125-4e98-a4cb-7c1595e0ed5c', 'Biomedical', 'df234305-8a47-4b4d-8efb-716a6b695428', '8ee40ccf-6400-43e1-a00e-ee0e47a7bb7b', '2025-07-01 22:15:07', '2025-07-01 22:15:07');
INSERT INTO `department` (`uuid`, `department`, `tenant_id`, `client_id`, `created_on`, `modified_on`) VALUES ('d078b743-075c-412a-b7e1-ad41be7af16a', 'Cybersecurity', 'df234305-8a47-4b4d-8efb-716a6b695428', '8ee40ccf-6400-43e1-a00e-ee0e47a7bb7b', '2025-07-01 22:15:07', '2025-07-01 22:15:07');
INSERT INTO `department` (`uuid`, `department`, `tenant_id`, `client_id`, `created_on`, `modified_on`) VALUES ('86c97551-c697-4b6b-84c0-65766009f91b', 'Civil Systems', 'df234305-8a47-4b4d-8efb-716a6b695428', '8ee40ccf-6400-43e1-a00e-ee0e47a7bb7b', '2025-07-01 22:15:07', '2025-07-01 22:15:07');
INSERT INTO `department` (`uuid`, `department`, `tenant_id`, `client_id`, `created_on`, `modified_on`) VALUES ('000de4c7-7e33-4515-8755-216772e67ed2', 'Robotics', 'df234305-8a47-4b4d-8efb-716a6b695428', '8ee40ccf-6400-43e1-a00e-ee0e47a7bb7b', '2025-07-01 22:15:07', '2025-07-01 22:15:07');
INSERT INTO `department` (`uuid`, `department`, `tenant_id`, `client_id`, `created_on`, `modified_on`) VALUES ('aff324ce-055a-45ec-85b4-7d0cc780db24', 'Aerospace', 'df234305-8a47-4b4d-8efb-716a6b695428', '8ee40ccf-6400-43e1-a00e-ee0e47a7bb7b', '2025-07-01 22:15:07', '2025-07-01 22:15:07');
INSERT INTO `client` (`uuid`, `client_name`, `client_code`, `is_active`, `tenant_id`, `created_on`, `modified_on`) VALUES ('505718a6-a784-45f2-a274-a4bfa387c100', 'Young Inc', 1112, 1, 'df234305-8a47-4b4d-8efb-716a6b695428', '2025-07-01 22:15:07', '2025-07-01 22:15:07');
INSERT INTO `department` (`uuid`, `department`, `tenant_id`, `client_id`, `created_on`, `modified_on`) VALUES ('3fb1806d-d49e-485a-8f8d-ee00b5fd5fa5', 'Civil Systems', 'df234305-8a47-4b4d-8efb-716a6b695428', '505718a6-a784-45f2-a274-a4bfa387c100', '2025-07-01 22:15:07', '2025-07-01 22:15:07');
INSERT INTO `department` (`uuid`, `department`, `tenant_id`, `client_id`, `created_on`, `modified_on`) VALUES ('26eb5a61-8a30-4ad8-8b2c-35cf877113fb', 'AI Solutions', 'df234305-8a47-4b4d-8efb-716a6b695428', '505718a6-a784-45f2-a274-a4bfa387c100', '2025-07-01 22:15:07', '2025-07-01 22:15:07');
INSERT INTO `department` (`uuid`, `department`, `tenant_id`, `client_id`, `created_on`, `modified_on`) VALUES ('437c2aa0-618b-402c-9df2-9a70b80ec645', 'Aerospace', 'df234305-8a47-4b4d-8efb-716a6b695428', '505718a6-a784-45f2-a274-a4bfa387c100', '2025-07-01 22:15:07', '2025-07-01 22:15:07');
INSERT INTO `department` (`uuid`, `department`, `tenant_id`, `client_id`, `created_on`, `modified_on`) VALUES ('0b0b1f50-3da4-4a1b-bcae-f349a681c111', 'Robotics', 'df234305-8a47-4b4d-8efb-716a6b695428', '505718a6-a784-45f2-a274-a4bfa387c100', '2025-07-01 22:15:07', '2025-07-01 22:15:07');
INSERT INTO `department` (`uuid`, `department`, `tenant_id`, `client_id`, `created_on`, `modified_on`) VALUES ('54224a0c-9fab-4c95-8dae-02c2fd6d28c4', 'Biomedical', 'df234305-8a47-4b4d-8efb-716a6b695428', '505718a6-a784-45f2-a274-a4bfa387c100', '2025-07-01 22:15:07', '2025-07-01 22:15:07');
INSERT INTO `department` (`uuid`, `department`, `tenant_id`, `client_id`, `created_on`, `modified_on`) VALUES ('e9214aaf-9fd5-4153-901f-4e777a3a2e9f', 'Cybersecurity', 'df234305-8a47-4b4d-8efb-716a6b695428', '505718a6-a784-45f2-a274-a4bfa387c100', '2025-07-01 22:15:07', '2025-07-01 22:15:07');
INSERT INTO `client` (`uuid`, `client_name`, `client_code`, `is_active`, `tenant_id`, `created_on`, `modified_on`) VALUES ('972a33b8-7a58-414e-b9f3-dfffe25afb09', 'Perez and Sons', 1113, 1, 'df234305-8a47-4b4d-8efb-716a6b695428', '2025-07-01 22:15:07', '2025-07-01 22:15:07');
INSERT INTO `department` (`uuid`, `department`, `tenant_id`, `client_id`, `created_on`, `modified_on`) VALUES ('ba5cce81-3b84-4795-a9fc-bf1b584c9403', 'Cybersecurity', 'df234305-8a47-4b4d-8efb-716a6b695428', '972a33b8-7a58-414e-b9f3-dfffe25afb09', '2025-07-01 22:15:07', '2025-07-01 22:15:07');
INSERT INTO `department` (`uuid`, `department`, `tenant_id`, `client_id`, `created_on`, `modified_on`) VALUES ('4ac6be6d-fe9d-40b7-b85e-158c63dc2bfc', 'Aerospace', 'df234305-8a47-4b4d-8efb-716a6b695428', '972a33b8-7a58-414e-b9f3-dfffe25afb09', '2025-07-01 22:15:07', '2025-07-01 22:15:07');
INSERT INTO `department` (`uuid`, `department`, `tenant_id`, `client_id`, `created_on`, `modified_on`) VALUES ('4fcd1f43-2254-420c-9c6a-e27273f96b94', 'Robotics', 'df234305-8a47-4b4d-8efb-716a6b695428', '972a33b8-7a58-414e-b9f3-dfffe25afb09', '2025-07-01 22:15:07', '2025-07-01 22:15:07');
INSERT INTO `department` (`uuid`, `department`, `tenant_id`, `client_id`, `created_on`, `modified_on`) VALUES ('f1067d92-18ae-4534-953c-f2b93ef662a7', 'Civil Systems', 'df234305-8a47-4b4d-8efb-716a6b695428', '972a33b8-7a58-414e-b9f3-dfffe25afb09', '2025-07-01 22:15:07', '2025-07-01 22:15:07');
INSERT INTO `department` (`uuid`, `department`, `tenant_id`, `client_id`, `created_on`, `modified_on`) VALUES ('3a9606e3-bb49-44db-a576-26a3026ef5fe', 'Biomedical', 'df234305-8a47-4b4d-8efb-716a6b695428', '972a33b8-7a58-414e-b9f3-dfffe25afb09', '2025-07-01 22:15:07', '2025-07-01 22:15:07');
INSERT INTO `department` (`uuid`, `department`, `tenant_id`, `client_id`, `created_on`, `modified_on`) VALUES ('c2c092af-16d7-436b-9ce4-c48dce390f0c', 'AI Solutions', 'df234305-8a47-4b4d-8efb-716a6b695428', '972a33b8-7a58-414e-b9f3-dfffe25afb09', '2025-07-01 22:15:07', '2025-07-01 22:15:07');
INSERT INTO `client` (`uuid`, `client_name`, `client_code`, `is_active`, `tenant_id`, `created_on`, `modified_on`) VALUES ('3a149f46-bf61-45d5-960a-67fcf9f37368', 'Thompson PLC', 1114, 1, 'df234305-8a47-4b4d-8efb-716a6b695428', '2025-07-01 22:15:07', '2025-07-01 22:15:07');
INSERT INTO `department` (`uuid`, `department`, `tenant_id`, `client_id`, `created_on`, `modified_on`) VALUES ('332628f2-542e-4baf-a6de-2b740142fa6a', 'Robotics', 'df234305-8a47-4b4d-8efb-716a6b695428', '3a149f46-bf61-45d5-960a-67fcf9f37368', '2025-07-01 22:15:07', '2025-07-01 22:15:07');
INSERT INTO `department` (`uuid`, `department`, `tenant_id`, `client_id`, `created_on`, `modified_on`) VALUES ('7364a1ec-e6a6-4150-8b56-3c25786631d2', 'Civil Systems', 'df234305-8a47-4b4d-8efb-716a6b695428', '3a149f46-bf61-45d5-960a-67fcf9f37368', '2025-07-01 22:15:07', '2025-07-01 22:15:07');
INSERT INTO `department` (`uuid`, `department`, `tenant_id`, `client_id`, `created_on`, `modified_on`) VALUES ('4d849813-b8cc-4606-8ab9-09b9ef86d07c', 'Cybersecurity', 'df234305-8a47-4b4d-8efb-716a6b695428', '3a149f46-bf61-45d5-960a-67fcf9f37368', '2025-07-01 22:15:07', '2025-07-01 22:15:07');
INSERT INTO `department` (`uuid`, `department`, `tenant_id`, `client_id`, `created_on`, `modified_on`) VALUES ('b26ee3c1-8599-49b2-902a-1ac7c390ef56', 'AI Solutions', 'df234305-8a47-4b4d-8efb-716a6b695428', '3a149f46-bf61-45d5-960a-67fcf9f37368', '2025-07-01 22:15:07', '2025-07-01 22:15:07');
INSERT INTO `department` (`uuid`, `department`, `tenant_id`, `client_id`, `created_on`, `modified_on`) VALUES ('9e4515ec-15fc-4fa5-90d4-7b8824c7b8ae', 'Biomedical', 'df234305-8a47-4b4d-8efb-716a6b695428', '3a149f46-bf61-45d5-960a-67fcf9f37368', '2025-07-01 22:15:07', '2025-07-01 22:15:07');
INSERT INTO `client` (`uuid`, `client_name`, `client_code`, `is_active`, `tenant_id`, `created_on`, `modified_on`) VALUES ('5d370bf6-54be-4302-80a4-2c8d9cf1bc7a', 'Williams PLC', 1115, 1, 'df234305-8a47-4b4d-8efb-716a6b695428', '2025-07-01 22:15:07', '2025-07-01 22:15:07');
INSERT INTO `department` (`uuid`, `department`, `tenant_id`, `client_id`, `created_on`, `modified_on`) VALUES ('814ac0b6-b72e-4109-9d34-a7400759f6e9', 'Cybersecurity', 'df234305-8a47-4b4d-8efb-716a6b695428', '5d370bf6-54be-4302-80a4-2c8d9cf1bc7a', '2025-07-01 22:15:07', '2025-07-01 22:15:07');
INSERT INTO `department` (`uuid`, `department`, `tenant_id`, `client_id`, `created_on`, `modified_on`) VALUES ('795a8321-ee26-4788-965a-8c75abf5a4a9', 'Biomedical', 'df234305-8a47-4b4d-8efb-716a6b695428', '5d370bf6-54be-4302-80a4-2c8d9cf1bc7a', '2025-07-01 22:15:07', '2025-07-01 22:15:07');
INSERT INTO `department` (`uuid`, `department`, `tenant_id`, `client_id`, `created_on`, `modified_on`) VALUES ('10288606-9689-4bb6-930c-06d5ded50e49', 'Robotics', 'df234305-8a47-4b4d-8efb-716a6b695428', '5d370bf6-54be-4302-80a4-2c8d9cf1bc7a', '2025-07-01 22:15:07', '2025-07-01 22:15:07');
INSERT INTO `department` (`uuid`, `department`, `tenant_id`, `client_id`, `created_on`, `modified_on`) VALUES ('346393a9-1205-484d-ba50-ca0dcdbc63bc', 'Aerospace', 'df234305-8a47-4b4d-8efb-716a6b695428', '5d370bf6-54be-4302-80a4-2c8d9cf1bc7a', '2025-07-01 22:15:07', '2025-07-01 22:15:07');
INSERT INTO `department` (`uuid`, `department`, `tenant_id`, `client_id`, `created_on`, `modified_on`) VALUES ('33471942-9fb7-4f56-86ae-b00f96a0d3f0', 'Civil Systems', 'df234305-8a47-4b4d-8efb-716a6b695428', '5d370bf6-54be-4302-80a4-2c8d9cf1bc7a', '2025-07-01 22:15:07', '2025-07-01 22:15:07');
INSERT INTO `client` (`uuid`, `client_name`, `client_code`, `is_active`, `tenant_id`, `created_on`, `modified_on`) VALUES ('927886b3-befb-4721-b39f-958eccc0818a', 'Potter-Mcgrath', 1116, 1, 'df234305-8a47-4b4d-8efb-716a6b695428', '2025-07-01 22:15:07', '2025-07-01 22:15:07');
INSERT INTO `department` (`uuid`, `department`, `tenant_id`, `client_id`, `created_on`, `modified_on`) VALUES ('764659b5-19ab-4904-bd6b-b9a65a3fbcef', 'Aerospace', 'df234305-8a47-4b4d-8efb-716a6b695428', '927886b3-befb-4721-b39f-958eccc0818a', '2025-07-01 22:15:07', '2025-07-01 22:15:07');
INSERT INTO `department` (`uuid`, `department`, `tenant_id`, `client_id`, `created_on`, `modified_on`) VALUES ('86939736-5fa9-4c18-b686-22b8aab40100', 'Civil Systems', 'df234305-8a47-4b4d-8efb-716a6b695428', '927886b3-befb-4721-b39f-958eccc0818a', '2025-07-01 22:15:07', '2025-07-01 22:15:07');
INSERT INTO `department` (`uuid`, `department`, `tenant_id`, `client_id`, `created_on`, `modified_on`) VALUES ('839d47f1-e446-481e-9503-70028e14af27', 'AI Solutions', 'df234305-8a47-4b4d-8efb-716a6b695428', '927886b3-befb-4721-b39f-958eccc0818a', '2025-07-01 22:15:07', '2025-07-01 22:15:07');
INSERT INTO `department` (`uuid`, `department`, `tenant_id`, `client_id`, `created_on`, `modified_on`) VALUES ('dc8e2af7-f243-4cb3-a79b-ba8ec4b0a9db', 'Biomedical', 'df234305-8a47-4b4d-8efb-716a6b695428', '927886b3-befb-4721-b39f-958eccc0818a', '2025-07-01 22:15:07', '2025-07-01 22:15:07');
INSERT INTO `department` (`uuid`, `department`, `tenant_id`, `client_id`, `created_on`, `modified_on`) VALUES ('a9e213a0-b442-43c4-9cd6-d5e0cf2b769e', 'Robotics', 'df234305-8a47-4b4d-8efb-716a6b695428', '927886b3-befb-4721-b39f-958eccc0818a', '2025-07-01 22:15:07', '2025-07-01 22:15:07');
INSERT INTO `department` (`uuid`, `department`, `tenant_id`, `client_id`, `created_on`, `modified_on`) VALUES ('48282674-7c35-47d3-9f4d-f3b0f218efb5', 'Cybersecurity', 'df234305-8a47-4b4d-8efb-716a6b695428', '927886b3-befb-4721-b39f-958eccc0818a', '2025-07-01 22:15:07', '2025-07-01 22:15:07');
INSERT INTO `client` (`uuid`, `client_name`, `client_code`, `is_active`, `tenant_id`, `created_on`, `modified_on`) VALUES ('855f2fb3-85d9-4959-80ef-be10734ec5ca', 'Kim, Ferrell and Clark', 1117, 1, 'df234305-8a47-4b4d-8efb-716a6b695428', '2025-07-01 22:15:07', '2025-07-01 22:15:07');
INSERT INTO `department` (`uuid`, `department`, `tenant_id`, `client_id`, `created_on`, `modified_on`) VALUES ('c20f5d6a-f819-46dc-a216-161ea1fb59fe', 'Civil Systems', 'df234305-8a47-4b4d-8efb-716a6b695428', '855f2fb3-85d9-4959-80ef-be10734ec5ca', '2025-07-01 22:15:07', '2025-07-01 22:15:07');
INSERT INTO `department` (`uuid`, `department`, `tenant_id`, `client_id`, `created_on`, `modified_on`) VALUES ('f4c08cbe-ff2f-41f0-9854-3708d813d98c', 'AI Solutions', 'df234305-8a47-4b4d-8efb-716a6b695428', '855f2fb3-85d9-4959-80ef-be10734ec5ca', '2025-07-01 22:15:07', '2025-07-01 22:15:07');
INSERT INTO `department` (`uuid`, `department`, `tenant_id`, `client_id`, `created_on`, `modified_on`) VALUES ('dbccf3a6-4e9c-485a-84e8-6653b191e1e5', 'Robotics', 'df234305-8a47-4b4d-8efb-716a6b695428', '855f2fb3-85d9-4959-80ef-be10734ec5ca', '2025-07-01 22:15:07', '2025-07-01 22:15:07');
INSERT INTO `department` (`uuid`, `department`, `tenant_id`, `client_id`, `created_on`, `modified_on`) VALUES ('446c2cd5-5eef-4a87-8100-18a1786e87c3', 'Aerospace', 'df234305-8a47-4b4d-8efb-716a6b695428', '855f2fb3-85d9-4959-80ef-be10734ec5ca', '2025-07-01 22:15:07', '2025-07-01 22:15:07');
INSERT INTO `department` (`uuid`, `department`, `tenant_id`, `client_id`, `created_on`, `modified_on`) VALUES ('ba5b6cdd-7ff4-4736-bcb8-3b99c59d97ba', 'Cybersecurity', 'df234305-8a47-4b4d-8efb-716a6b695428', '855f2fb3-85d9-4959-80ef-be10734ec5ca', '2025-07-01 22:15:07', '2025-07-01 22:15:07');
INSERT INTO `department` (`uuid`, `department`, `tenant_id`, `client_id`, `created_on`, `modified_on`) VALUES ('236d21fb-fb99-4884-95ab-e95997a2a24e', 'Biomedical', 'df234305-8a47-4b4d-8efb-716a6b695428', '855f2fb3-85d9-4959-80ef-be10734ec5ca', '2025-07-01 22:15:07', '2025-07-01 22:15:07');
INSERT INTO `client` (`uuid`, `client_name`, `client_code`, `is_active`, `tenant_id`, `created_on`, `modified_on`) VALUES ('a5eed4a9-5f8a-4961-8d1a-94859761b9e1', 'Willis, Thompson and Smith', 1118, 1, 'df234305-8a47-4b4d-8efb-716a6b695428', '2025-07-01 22:15:07', '2025-07-01 22:15:07');
INSERT INTO `department` (`uuid`, `department`, `tenant_id`, `client_id`, `created_on`, `modified_on`) VALUES ('19896cf8-da36-438f-93bb-0659fdaaeb8e', 'Biomedical', 'df234305-8a47-4b4d-8efb-716a6b695428', 'a5eed4a9-5f8a-4961-8d1a-94859761b9e1', '2025-07-01 22:15:07', '2025-07-01 22:15:07');
INSERT INTO `department` (`uuid`, `department`, `tenant_id`, `client_id`, `created_on`, `modified_on`) VALUES ('3054eca0-b4c3-4ed1-bb21-3c9b1c82a887', 'Robotics', 'df234305-8a47-4b4d-8efb-716a6b695428', 'a5eed4a9-5f8a-4961-8d1a-94859761b9e1', '2025-07-01 22:15:07', '2025-07-01 22:15:07');
INSERT INTO `department` (`uuid`, `department`, `tenant_id`, `client_id`, `created_on`, `modified_on`) VALUES ('7968f1e5-8b94-49f4-a556-35a7eb29f954', 'Civil Systems', 'df234305-8a47-4b4d-8efb-716a6b695428', 'a5eed4a9-5f8a-4961-8d1a-94859761b9e1', '2025-07-01 22:15:07', '2025-07-01 22:15:07');
INSERT INTO `department` (`uuid`, `department`, `tenant_id`, `client_id`, `created_on`, `modified_on`) VALUES ('3f7eaef3-9a2c-4ac4-b6b2-a3b84c0fbc12', 'Aerospace', 'df234305-8a47-4b4d-8efb-716a6b695428', 'a5eed4a9-5f8a-4961-8d1a-94859761b9e1', '2025-07-01 22:15:07', '2025-07-01 22:15:07');
INSERT INTO `department` (`uuid`, `department`, `tenant_id`, `client_id`, `created_on`, `modified_on`) VALUES ('d252e925-0645-41eb-9eb0-45bf5a53cd2b', 'AI Solutions', 'df234305-8a47-4b4d-8efb-716a6b695428', 'a5eed4a9-5f8a-4961-8d1a-94859761b9e1', '2025-07-01 22:15:07', '2025-07-01 22:15:07');
INSERT INTO `client` (`uuid`, `client_name`, `client_code`, `is_active`, `tenant_id`, `created_on`, `modified_on`) VALUES ('94ff3ac9-861b-4c7c-944c-5102ef849e0f', 'Golden-Mcconnell', 1119, 1, 'df234305-8a47-4b4d-8efb-716a6b695428', '2025-07-01 22:15:07', '2025-07-01 22:15:07');
INSERT INTO `department` (`uuid`, `department`, `tenant_id`, `client_id`, `created_on`, `modified_on`) VALUES ('3186b771-9652-42a3-a7e2-21289389faed', 'Biomedical', 'df234305-8a47-4b4d-8efb-716a6b695428', '94ff3ac9-861b-4c7c-944c-5102ef849e0f', '2025-07-01 22:15:07', '2025-07-01 22:15:07');
INSERT INTO `department` (`uuid`, `department`, `tenant_id`, `client_id`, `created_on`, `modified_on`) VALUES ('9eb6dd17-9737-4a04-a7ac-8501b6b7d6e8', 'AI Solutions', 'df234305-8a47-4b4d-8efb-716a6b695428', '94ff3ac9-861b-4c7c-944c-5102ef849e0f', '2025-07-01 22:15:07', '2025-07-01 22:15:07');
INSERT INTO `department` (`uuid`, `department`, `tenant_id`, `client_id`, `created_on`, `modified_on`) VALUES ('84de66be-7809-4ea9-bb0d-7ff96aa6ed0e', 'Cybersecurity', 'df234305-8a47-4b4d-8efb-716a6b695428', '94ff3ac9-861b-4c7c-944c-5102ef849e0f', '2025-07-01 22:15:07', '2025-07-01 22:15:07');
INSERT INTO `department` (`uuid`, `department`, `tenant_id`, `client_id`, `created_on`, `modified_on`) VALUES ('36d1d079-898f-4301-80ca-98e11ab5cc89', 'Civil Systems', 'df234305-8a47-4b4d-8efb-716a6b695428', '94ff3ac9-861b-4c7c-944c-5102ef849e0f', '2025-07-01 22:15:07', '2025-07-01 22:15:07');
INSERT INTO `department` (`uuid`, `department`, `tenant_id`, `client_id`, `created_on`, `modified_on`) VALUES ('49a2e809-19de-4385-912d-e1f308b7d9f3', 'Robotics', 'df234305-8a47-4b4d-8efb-716a6b695428', '94ff3ac9-861b-4c7c-944c-5102ef849e0f', '2025-07-01 22:15:07', '2025-07-01 22:15:07');
INSERT INTO `department` (`uuid`, `department`, `tenant_id`, `client_id`, `created_on`, `modified_on`) VALUES ('d1093b10-23cf-45a3-afb7-4dbd1f2396e7', 'Aerospace', 'df234305-8a47-4b4d-8efb-716a6b695428', '94ff3ac9-861b-4c7c-944c-5102ef849e0f', '2025-07-01 22:15:07', '2025-07-01 22:15:07');
INSERT INTO `client` (`uuid`, `client_name`, `client_code`, `is_active`, `tenant_id`, `created_on`, `modified_on`) VALUES ('bf3ecd72-5bef-4a62-9e81-c1a078d8026e', 'Warren-Hernandez', 1120, 1, 'df234305-8a47-4b4d-8efb-716a6b695428', '2025-07-01 22:15:07', '2025-07-01 22:15:07');
INSERT INTO `department` (`uuid`, `department`, `tenant_id`, `client_id`, `created_on`, `modified_on`) VALUES ('036726dd-c38f-4a10-b92d-12c0aaa28eb0', 'AI Solutions', 'df234305-8a47-4b4d-8efb-716a6b695428', 'bf3ecd72-5bef-4a62-9e81-c1a078d8026e', '2025-07-01 22:15:07', '2025-07-01 22:15:07');
INSERT INTO `department` (`uuid`, `department`, `tenant_id`, `client_id`, `created_on`, `modified_on`) VALUES ('ce8b3fdc-e663-49a9-b2d7-e9d642b0a7a0', 'Civil Systems', 'df234305-8a47-4b4d-8efb-716a6b695428', 'bf3ecd72-5bef-4a62-9e81-c1a078d8026e', '2025-07-01 22:15:07', '2025-07-01 22:15:07');
INSERT INTO `department` (`uuid`, `department`, `tenant_id`, `client_id`, `created_on`, `modified_on`) VALUES ('63c6b752-f73f-43e9-b30d-ee9b832db1f4', 'Aerospace', 'df234305-8a47-4b4d-8efb-716a6b695428', 'bf3ecd72-5bef-4a62-9e81-c1a078d8026e', '2025-07-01 22:15:07', '2025-07-01 22:15:07');
INSERT INTO `department` (`uuid`, `department`, `tenant_id`, `client_id`, `created_on`, `modified_on`) VALUES ('936163a8-9f22-4862-ad10-011156c35c3d', 'Robotics', 'df234305-8a47-4b4d-8efb-716a6b695428', 'bf3ecd72-5bef-4a62-9e81-c1a078d8026e', '2025-07-01 22:15:07', '2025-07-01 22:15:07');
INSERT INTO `department` (`uuid`, `department`, `tenant_id`, `client_id`, `created_on`, `modified_on`) VALUES ('a4202471-18ce-4408-a95a-392035c34921', 'Biomedical', 'df234305-8a47-4b4d-8efb-716a6b695428', 'bf3ecd72-5bef-4a62-9e81-c1a078d8026e', '2025-07-01 22:15:07', '2025-07-01 22:15:07');
INSERT INTO `department` (`uuid`, `department`, `tenant_id`, `client_id`, `created_on`, `modified_on`) VALUES ('090b1cda-2223-44a3-ad96-8c4468a7dcc7', 'Cybersecurity', 'df234305-8a47-4b4d-8efb-716a6b695428', 'bf3ecd72-5bef-4a62-9e81-c1a078d8026e', '2025-07-01 22:15:07', '2025-07-01 22:15:07');
INSERT INTO `client` (`uuid`, `client_name`, `client_code`, `is_active`, `tenant_id`, `created_on`, `modified_on`) VALUES ('842d206e-0d37-4558-8702-b1954c11c568', 'Murray, Copeland and Edwards', 1121, 1, 'df234305-8a47-4b4d-8efb-716a6b695428', '2025-07-01 22:15:07', '2025-07-01 22:15:07');
INSERT INTO `department` (`uuid`, `department`, `tenant_id`, `client_id`, `created_on`, `modified_on`) VALUES ('af5e2f99-9345-4025-b03c-252b123134c1', 'Biomedical', 'df234305-8a47-4b4d-8efb-716a6b695428', '842d206e-0d37-4558-8702-b1954c11c568', '2025-07-01 22:15:07', '2025-07-01 22:15:07');
INSERT INTO `department` (`uuid`, `department`, `tenant_id`, `client_id`, `created_on`, `modified_on`) VALUES ('81d916e1-3749-43d0-b806-df86bb82b321', 'Aerospace', 'df234305-8a47-4b4d-8efb-716a6b695428', '842d206e-0d37-4558-8702-b1954c11c568', '2025-07-01 22:15:07', '2025-07-01 22:15:07');
INSERT INTO `department` (`uuid`, `department`, `tenant_id`, `client_id`, `created_on`, `modified_on`) VALUES ('df4c505c-df95-4427-8f5b-21bb298bec95', 'Civil Systems', 'df234305-8a47-4b4d-8efb-716a6b695428', '842d206e-0d37-4558-8702-b1954c11c568', '2025-07-01 22:15:07', '2025-07-01 22:15:07');
INSERT INTO `department` (`uuid`, `department`, `tenant_id`, `client_id`, `created_on`, `modified_on`) VALUES ('1712ad2b-9fbe-4f03-9838-08d725920c78', 'Cybersecurity', 'df234305-8a47-4b4d-8efb-716a6b695428', '842d206e-0d37-4558-8702-b1954c11c568', '2025-07-01 22:15:07', '2025-07-01 22:15:07');
INSERT INTO `department` (`uuid`, `department`, `tenant_id`, `client_id`, `created_on`, `modified_on`) VALUES ('b3a9865b-126c-47b4-9fcb-48000a0cec97', 'Robotics', 'df234305-8a47-4b4d-8efb-716a6b695428', '842d206e-0d37-4558-8702-b1954c11c568', '2025-07-01 22:15:07', '2025-07-01 22:15:07');
INSERT INTO `department` (`uuid`, `department`, `tenant_id`, `client_id`, `created_on`, `modified_on`) VALUES ('1ce18e25-52f1-4ce6-b193-1ecebba8e9a8', 'AI Solutions', 'df234305-8a47-4b4d-8efb-716a6b695428', '842d206e-0d37-4558-8702-b1954c11c568', '2025-07-01 22:15:07', '2025-07-01 22:15:07');
INSERT INTO `client` (`uuid`, `client_name`, `client_code`, `is_active`, `tenant_id`, `created_on`, `modified_on`) VALUES ('eea67ddf-0f06-4a70-992a-fa49a78bb515', 'Potts, Wilson and Rogers', 1122, 1, 'df234305-8a47-4b4d-8efb-716a6b695428', '2025-07-01 22:15:07', '2025-07-01 22:15:07');
INSERT INTO `department` (`uuid`, `department`, `tenant_id`, `client_id`, `created_on`, `modified_on`) VALUES ('12c9347c-cc05-40b3-beeb-d2e977d9f30c', 'Biomedical', 'df234305-8a47-4b4d-8efb-716a6b695428', 'eea67ddf-0f06-4a70-992a-fa49a78bb515', '2025-07-01 22:15:07', '2025-07-01 22:15:07');
INSERT INTO `department` (`uuid`, `department`, `tenant_id`, `client_id`, `created_on`, `modified_on`) VALUES ('e41cb857-9af4-4df7-b591-a8ba155f2bdd', 'Aerospace', 'df234305-8a47-4b4d-8efb-716a6b695428', 'eea67ddf-0f06-4a70-992a-fa49a78bb515', '2025-07-01 22:15:07', '2025-07-01 22:15:07');
INSERT INTO `department` (`uuid`, `department`, `tenant_id`, `client_id`, `created_on`, `modified_on`) VALUES ('2e207e25-879c-46ec-8220-04fbd83bd078', 'Robotics', 'df234305-8a47-4b4d-8efb-716a6b695428', 'eea67ddf-0f06-4a70-992a-fa49a78bb515', '2025-07-01 22:15:07', '2025-07-01 22:15:07');
INSERT INTO `department` (`uuid`, `department`, `tenant_id`, `client_id`, `created_on`, `modified_on`) VALUES ('04e4d575-1bef-43c7-a6a9-29c83fefefb6', 'AI Solutions', 'df234305-8a47-4b4d-8efb-716a6b695428', 'eea67ddf-0f06-4a70-992a-fa49a78bb515', '2025-07-01 22:15:07', '2025-07-01 22:15:07');
INSERT INTO `department` (`uuid`, `department`, `tenant_id`, `client_id`, `created_on`, `modified_on`) VALUES ('70a764d3-159c-4c68-8fb7-73ca183914e0', 'Civil Systems', 'df234305-8a47-4b4d-8efb-716a6b695428', 'eea67ddf-0f06-4a70-992a-fa49a78bb515', '2025-07-01 22:15:07', '2025-07-01 22:15:07');
INSERT INTO `client` (`uuid`, `client_name`, `client_code`, `is_active`, `tenant_id`, `created_on`, `modified_on`) VALUES ('8d07a319-ca58-4e45-91f9-d1333bc94502', 'Allen LLC', 1123, 1, 'df234305-8a47-4b4d-8efb-716a6b695428', '2025-07-01 22:15:07', '2025-07-01 22:15:07');
INSERT INTO `department` (`uuid`, `department`, `tenant_id`, `client_id`, `created_on`, `modified_on`) VALUES ('68b5ac72-1485-49ac-84b5-3d922f385cc9', 'Aerospace', 'df234305-8a47-4b4d-8efb-716a6b695428', '8d07a319-ca58-4e45-91f9-d1333bc94502', '2025-07-01 22:15:07', '2025-07-01 22:15:07');
INSERT INTO `department` (`uuid`, `department`, `tenant_id`, `client_id`, `created_on`, `modified_on`) VALUES ('5b091539-641b-4fa8-8a11-c943e97e8a98', 'Biomedical', 'df234305-8a47-4b4d-8efb-716a6b695428', '8d07a319-ca58-4e45-91f9-d1333bc94502', '2025-07-01 22:15:07', '2025-07-01 22:15:07');
INSERT INTO `department` (`uuid`, `department`, `tenant_id`, `client_id`, `created_on`, `modified_on`) VALUES ('94a88421-4418-4abf-8f04-164b9292c9f6', 'AI Solutions', 'df234305-8a47-4b4d-8efb-716a6b695428', '8d07a319-ca58-4e45-91f9-d1333bc94502', '2025-07-01 22:15:07', '2025-07-01 22:15:07');
INSERT INTO `department` (`uuid`, `department`, `tenant_id`, `client_id`, `created_on`, `modified_on`) VALUES ('e721d499-6497-4121-93b4-26aeb3db5512', 'Cybersecurity', 'df234305-8a47-4b4d-8efb-716a6b695428', '8d07a319-ca58-4e45-91f9-d1333bc94502', '2025-07-01 22:15:07', '2025-07-01 22:15:07');
INSERT INTO `department` (`uuid`, `department`, `tenant_id`, `client_id`, `created_on`, `modified_on`) VALUES ('ae1a0e3b-bfbe-4a4b-b96f-dcfb498d2dbe', 'Civil Systems', 'df234305-8a47-4b4d-8efb-716a6b695428', '8d07a319-ca58-4e45-91f9-d1333bc94502', '2025-07-01 22:15:07', '2025-07-01 22:15:07');
INSERT INTO `client` (`uuid`, `client_name`, `client_code`, `is_active`, `tenant_id`, `created_on`, `modified_on`) VALUES ('765c088a-3002-4ba9-ae6a-9d152f05a9bb', 'Salazar-Simpson', 1124, 1, 'df234305-8a47-4b4d-8efb-716a6b695428', '2025-07-01 22:15:07', '2025-07-01 22:15:07');
INSERT INTO `department` (`uuid`, `department`, `tenant_id`, `client_id`, `created_on`, `modified_on`) VALUES ('04193e2e-2c90-4f2a-841d-e969185b01af', 'Aerospace', 'df234305-8a47-4b4d-8efb-716a6b695428', '765c088a-3002-4ba9-ae6a-9d152f05a9bb', '2025-07-01 22:15:07', '2025-07-01 22:15:07');
INSERT INTO `department` (`uuid`, `department`, `tenant_id`, `client_id`, `created_on`, `modified_on`) VALUES ('21a66ffa-44f2-46ac-80fc-b7fb5f8bc3a3', 'Cybersecurity', 'df234305-8a47-4b4d-8efb-716a6b695428', '765c088a-3002-4ba9-ae6a-9d152f05a9bb', '2025-07-01 22:15:07', '2025-07-01 22:15:07');
INSERT INTO `department` (`uuid`, `department`, `tenant_id`, `client_id`, `created_on`, `modified_on`) VALUES ('c9cc385a-40d3-40d5-9e3f-47c7607bfce1', 'Biomedical', 'df234305-8a47-4b4d-8efb-716a6b695428', '765c088a-3002-4ba9-ae6a-9d152f05a9bb', '2025-07-01 22:15:07', '2025-07-01 22:15:07');
INSERT INTO `department` (`uuid`, `department`, `tenant_id`, `client_id`, `created_on`, `modified_on`) VALUES ('ba243620-bd46-4c18-a8b0-c14de3dc6bf4', 'Robotics', 'df234305-8a47-4b4d-8efb-716a6b695428', '765c088a-3002-4ba9-ae6a-9d152f05a9bb', '2025-07-01 22:15:07', '2025-07-01 22:15:07');
INSERT INTO `department` (`uuid`, `department`, `tenant_id`, `client_id`, `created_on`, `modified_on`) VALUES ('7449087a-8018-414b-afd5-c88bf62a7002', 'AI Solutions', 'df234305-8a47-4b4d-8efb-716a6b695428', '765c088a-3002-4ba9-ae6a-9d152f05a9bb', '2025-07-01 22:15:07', '2025-07-01 22:15:07');
INSERT INTO `client` (`uuid`, `client_name`, `client_code`, `is_active`, `tenant_id`, `created_on`, `modified_on`) VALUES ('fe2d2a0a-9ea1-4c7d-99df-3cdad06758ae', 'Berry Group', 1125, 1, 'df234305-8a47-4b4d-8efb-716a6b695428', '2025-07-01 22:15:07', '2025-07-01 22:15:07');
INSERT INTO `department` (`uuid`, `department`, `tenant_id`, `client_id`, `created_on`, `modified_on`) VALUES ('12df2995-2321-4fa1-bf18-2af919168175', 'Biomedical', 'df234305-8a47-4b4d-8efb-716a6b695428', 'fe2d2a0a-9ea1-4c7d-99df-3cdad06758ae', '2025-07-01 22:15:07', '2025-07-01 22:15:07');
INSERT INTO `department` (`uuid`, `department`, `tenant_id`, `client_id`, `created_on`, `modified_on`) VALUES ('49935bcc-76b1-497f-b6b3-28d3561c5a31', 'Cybersecurity', 'df234305-8a47-4b4d-8efb-716a6b695428', 'fe2d2a0a-9ea1-4c7d-99df-3cdad06758ae', '2025-07-01 22:15:07', '2025-07-01 22:15:07');
INSERT INTO `department` (`uuid`, `department`, `tenant_id`, `client_id`, `created_on`, `modified_on`) VALUES ('6132fec5-7345-4d21-a111-6e9cbc5d2ae7', 'Civil Systems', 'df234305-8a47-4b4d-8efb-716a6b695428', 'fe2d2a0a-9ea1-4c7d-99df-3cdad06758ae', '2025-07-01 22:15:07', '2025-07-01 22:15:07');
INSERT INTO `department` (`uuid`, `department`, `tenant_id`, `client_id`, `created_on`, `modified_on`) VALUES ('31da76c4-28fa-47ea-8a24-5e7d3085a171', 'Robotics', 'df234305-8a47-4b4d-8efb-716a6b695428', 'fe2d2a0a-9ea1-4c7d-99df-3cdad06758ae', '2025-07-01 22:15:07', '2025-07-01 22:15:07');
INSERT INTO `department` (`uuid`, `department`, `tenant_id`, `client_id`, `created_on`, `modified_on`) VALUES ('b944ce8d-0936-42b0-b109-538e291008f6', 'Aerospace', 'df234305-8a47-4b4d-8efb-716a6b695428', 'fe2d2a0a-9ea1-4c7d-99df-3cdad06758ae', '2025-07-01 22:15:07', '2025-07-01 22:15:07');
INSERT INTO `department` (`uuid`, `department`, `tenant_id`, `client_id`, `created_on`, `modified_on`) VALUES ('cccf5aa2-3776-4da8-aa31-01a81b49c44a', 'AI Solutions', 'df234305-8a47-4b4d-8efb-716a6b695428', 'fe2d2a0a-9ea1-4c7d-99df-3cdad06758ae', '2025-07-01 22:15:07', '2025-07-01 22:15:07');
INSERT INTO `client` (`uuid`, `client_name`, `client_code`, `is_active`, `tenant_id`, `created_on`, `modified_on`) VALUES ('4461f6d2-2406-437a-b975-7e6f33d01853', 'Shields Ltd', 1126, 1, 'df234305-8a47-4b4d-8efb-716a6b695428', '2025-07-01 22:15:07', '2025-07-01 22:15:07');
INSERT INTO `department` (`uuid`, `department`, `tenant_id`, `client_id`, `created_on`, `modified_on`) VALUES ('66f4259b-842c-4bb3-a256-17890b656750', 'AI Solutions', 'df234305-8a47-4b4d-8efb-716a6b695428', '4461f6d2-2406-437a-b975-7e6f33d01853', '2025-07-01 22:15:07', '2025-07-01 22:15:07');
INSERT INTO `department` (`uuid`, `department`, `tenant_id`, `client_id`, `created_on`, `modified_on`) VALUES ('cdf39a1e-9c22-4b29-8b1d-78b18c1c2111', 'Civil Systems', 'df234305-8a47-4b4d-8efb-716a6b695428', '4461f6d2-2406-437a-b975-7e6f33d01853', '2025-07-01 22:15:07', '2025-07-01 22:15:07');
INSERT INTO `department` (`uuid`, `department`, `tenant_id`, `client_id`, `created_on`, `modified_on`) VALUES ('20e1e7b5-7ec0-4ac6-ae79-0de9b5d98b02', 'Biomedical', 'df234305-8a47-4b4d-8efb-716a6b695428', '4461f6d2-2406-437a-b975-7e6f33d01853', '2025-07-01 22:15:07', '2025-07-01 22:15:07');
INSERT INTO `department` (`uuid`, `department`, `tenant_id`, `client_id`, `created_on`, `modified_on`) VALUES ('d2aff809-9f62-408f-893f-89a50ae022f4', 'Robotics', 'df234305-8a47-4b4d-8efb-716a6b695428', '4461f6d2-2406-437a-b975-7e6f33d01853', '2025-07-01 22:15:07', '2025-07-01 22:15:07');
INSERT INTO `department` (`uuid`, `department`, `tenant_id`, `client_id`, `created_on`, `modified_on`) VALUES ('32a0b83e-30ab-423e-b097-0264f96d4a08', 'Cybersecurity', 'df234305-8a47-4b4d-8efb-716a6b695428', '4461f6d2-2406-437a-b975-7e6f33d01853', '2025-07-01 22:15:07', '2025-07-01 22:15:07');
INSERT INTO `department` (`uuid`, `department`, `tenant_id`, `client_id`, `created_on`, `modified_on`) VALUES ('41d8a17e-5a65-418e-ba7c-a76b7ca74e5c', 'Aerospace', 'df234305-8a47-4b4d-8efb-716a6b695428', '4461f6d2-2406-437a-b975-7e6f33d01853', '2025-07-01 22:15:07', '2025-07-01 22:15:07');
INSERT INTO `client` (`uuid`, `client_name`, `client_code`, `is_active`, `tenant_id`, `created_on`, `modified_on`) VALUES ('d6b65c6c-2d1e-4b96-afae-21ed3b335e66', 'Ramsey Ltd', 1127, 1, 'df234305-8a47-4b4d-8efb-716a6b695428', '2025-07-01 22:15:07', '2025-07-01 22:15:07');
INSERT INTO `department` (`uuid`, `department`, `tenant_id`, `client_id`, `created_on`, `modified_on`) VALUES ('363904d3-48a5-4385-bc85-4ddf70eb7474', 'Robotics', 'df234305-8a47-4b4d-8efb-716a6b695428', 'd6b65c6c-2d1e-4b96-afae-21ed3b335e66', '2025-07-01 22:15:07', '2025-07-01 22:15:07');
INSERT INTO `department` (`uuid`, `department`, `tenant_id`, `client_id`, `created_on`, `modified_on`) VALUES ('1386bdc0-ce31-448f-8cd8-8b9c203142e1', 'Biomedical', 'df234305-8a47-4b4d-8efb-716a6b695428', 'd6b65c6c-2d1e-4b96-afae-21ed3b335e66', '2025-07-01 22:15:07', '2025-07-01 22:15:07');
INSERT INTO `department` (`uuid`, `department`, `tenant_id`, `client_id`, `created_on`, `modified_on`) VALUES ('889a9e5c-49ee-4bab-bbdd-7e27681605ee', 'AI Solutions', 'df234305-8a47-4b4d-8efb-716a6b695428', 'd6b65c6c-2d1e-4b96-afae-21ed3b335e66', '2025-07-01 22:15:07', '2025-07-01 22:15:07');
INSERT INTO `department` (`uuid`, `department`, `tenant_id`, `client_id`, `created_on`, `modified_on`) VALUES ('9db5c133-5a44-444e-bafe-e757f25a21d7', 'Civil Systems', 'df234305-8a47-4b4d-8efb-716a6b695428', 'd6b65c6c-2d1e-4b96-afae-21ed3b335e66', '2025-07-01 22:15:07', '2025-07-01 22:15:07');
INSERT INTO `department` (`uuid`, `department`, `tenant_id`, `client_id`, `created_on`, `modified_on`) VALUES ('7ca250a4-13b8-4c9e-9ec9-de945f494a02', 'Cybersecurity', 'df234305-8a47-4b4d-8efb-716a6b695428', 'd6b65c6c-2d1e-4b96-afae-21ed3b335e66', '2025-07-01 22:15:07', '2025-07-01 22:15:07');
INSERT INTO `client` (`uuid`, `client_name`, `client_code`, `is_active`, `tenant_id`, `created_on`, `modified_on`) VALUES ('b227221b-f163-4d09-95a8-8564a000a2f5', 'Le LLC', 1128, 1, 'df234305-8a47-4b4d-8efb-716a6b695428', '2025-07-01 22:15:07', '2025-07-01 22:15:07');
INSERT INTO `department` (`uuid`, `department`, `tenant_id`, `client_id`, `created_on`, `modified_on`) VALUES ('95087354-10b6-49ab-a644-8af1777dc6c6', 'Civil Systems', 'df234305-8a47-4b4d-8efb-716a6b695428', 'b227221b-f163-4d09-95a8-8564a000a2f5', '2025-07-01 22:15:07', '2025-07-01 22:15:07');
INSERT INTO `department` (`uuid`, `department`, `tenant_id`, `client_id`, `created_on`, `modified_on`) VALUES ('01240829-3265-4819-acb1-85c27c02e8fe', 'Robotics', 'df234305-8a47-4b4d-8efb-716a6b695428', 'b227221b-f163-4d09-95a8-8564a000a2f5', '2025-07-01 22:15:07', '2025-07-01 22:15:07');
INSERT INTO `department` (`uuid`, `department`, `tenant_id`, `client_id`, `created_on`, `modified_on`) VALUES ('9c25cb6b-7867-4055-9b64-f6ec86cb8fe2', 'AI Solutions', 'df234305-8a47-4b4d-8efb-716a6b695428', 'b227221b-f163-4d09-95a8-8564a000a2f5', '2025-07-01 22:15:07', '2025-07-01 22:15:07');
INSERT INTO `department` (`uuid`, `department`, `tenant_id`, `client_id`, `created_on`, `modified_on`) VALUES ('f593a252-c9e4-43e6-a9d6-b79f6b53b2c4', 'Biomedical', 'df234305-8a47-4b4d-8efb-716a6b695428', 'b227221b-f163-4d09-95a8-8564a000a2f5', '2025-07-01 22:15:07', '2025-07-01 22:15:07');
INSERT INTO `department` (`uuid`, `department`, `tenant_id`, `client_id`, `created_on`, `modified_on`) VALUES ('1860f2ac-5358-4c7b-9f05-c2b5d8c4fde7', 'Cybersecurity', 'df234305-8a47-4b4d-8efb-716a6b695428', 'b227221b-f163-4d09-95a8-8564a000a2f5', '2025-07-01 22:15:07', '2025-07-01 22:15:07');
INSERT INTO `department` (`uuid`, `department`, `tenant_id`, `client_id`, `created_on`, `modified_on`) VALUES ('1c60929f-0d4f-413d-a544-b701f7770acf', 'Aerospace', 'df234305-8a47-4b4d-8efb-716a6b695428', 'b227221b-f163-4d09-95a8-8564a000a2f5', '2025-07-01 22:15:07', '2025-07-01 22:15:07');
INSERT INTO `client` (`uuid`, `client_name`, `client_code`, `is_active`, `tenant_id`, `created_on`, `modified_on`) VALUES ('b5e7798b-5a47-4f61-a0cd-b3aab82d1b2c', 'Lynn-Morales', 1129, 1, 'df234305-8a47-4b4d-8efb-716a6b695428', '2025-07-01 22:15:07', '2025-07-01 22:15:07');
INSERT INTO `department` (`uuid`, `department`, `tenant_id`, `client_id`, `created_on`, `modified_on`) VALUES ('2acab43d-c913-4cf4-8da0-655839253a64', 'Aerospace', 'df234305-8a47-4b4d-8efb-716a6b695428', 'b5e7798b-5a47-4f61-a0cd-b3aab82d1b2c', '2025-07-01 22:15:07', '2025-07-01 22:15:07');
INSERT INTO `department` (`uuid`, `department`, `tenant_id`, `client_id`, `created_on`, `modified_on`) VALUES ('4b690320-edf7-41a9-944a-59c8eac718f5', 'Biomedical', 'df234305-8a47-4b4d-8efb-716a6b695428', 'b5e7798b-5a47-4f61-a0cd-b3aab82d1b2c', '2025-07-01 22:15:07', '2025-07-01 22:15:07');
INSERT INTO `department` (`uuid`, `department`, `tenant_id`, `client_id`, `created_on`, `modified_on`) VALUES ('38a85c51-7676-4852-9698-84e25c8fbdea', 'Civil Systems', 'df234305-8a47-4b4d-8efb-716a6b695428', 'b5e7798b-5a47-4f61-a0cd-b3aab82d1b2c', '2025-07-01 22:15:07', '2025-07-01 22:15:07');
INSERT INTO `department` (`uuid`, `department`, `tenant_id`, `client_id`, `created_on`, `modified_on`) VALUES ('7dd065b8-9ae0-448a-a39c-d87310551eef', 'Robotics', 'df234305-8a47-4b4d-8efb-716a6b695428', 'b5e7798b-5a47-4f61-a0cd-b3aab82d1b2c', '2025-07-01 22:15:07', '2025-07-01 22:15:07');
INSERT INTO `department` (`uuid`, `department`, `tenant_id`, `client_id`, `created_on`, `modified_on`) VALUES ('3bbd89ab-8258-4d20-a49e-34a183b7edaf', 'AI Solutions', 'df234305-8a47-4b4d-8efb-716a6b695428', 'b5e7798b-5a47-4f61-a0cd-b3aab82d1b2c', '2025-07-01 22:15:07', '2025-07-01 22:15:07');
INSERT INTO `client` (`uuid`, `client_name`, `client_code`, `is_active`, `tenant_id`, `created_on`, `modified_on`) VALUES ('5cf80520-74ec-4a42-b197-3bb38483aae4', 'Woods Ltd', 1130, 1, 'df234305-8a47-4b4d-8efb-716a6b695428', '2025-07-01 22:15:07', '2025-07-01 22:15:07');
INSERT INTO `department` (`uuid`, `department`, `tenant_id`, `client_id`, `created_on`, `modified_on`) VALUES ('ae4d3994-a472-46c5-b938-5c26255a89de', 'Civil Systems', 'df234305-8a47-4b4d-8efb-716a6b695428', '5cf80520-74ec-4a42-b197-3bb38483aae4', '2025-07-01 22:15:07', '2025-07-01 22:15:07');
INSERT INTO `department` (`uuid`, `department`, `tenant_id`, `client_id`, `created_on`, `modified_on`) VALUES ('61883387-22f0-4dd1-900a-895889aa12e1', 'Aerospace', 'df234305-8a47-4b4d-8efb-716a6b695428', '5cf80520-74ec-4a42-b197-3bb38483aae4', '2025-07-01 22:15:07', '2025-07-01 22:15:07');
INSERT INTO `department` (`uuid`, `department`, `tenant_id`, `client_id`, `created_on`, `modified_on`) VALUES ('8e2e2492-2fa9-4bd1-b11c-9b86a7f478ec', 'AI Solutions', 'df234305-8a47-4b4d-8efb-716a6b695428', '5cf80520-74ec-4a42-b197-3bb38483aae4', '2025-07-01 22:15:07', '2025-07-01 22:15:07');
INSERT INTO `department` (`uuid`, `department`, `tenant_id`, `client_id`, `created_on`, `modified_on`) VALUES ('e86f03d5-887b-46da-9d53-14eec925905e', 'Cybersecurity', 'df234305-8a47-4b4d-8efb-716a6b695428', '5cf80520-74ec-4a42-b197-3bb38483aae4', '2025-07-01 22:15:07', '2025-07-01 22:15:07');
INSERT INTO `department` (`uuid`, `department`, `tenant_id`, `client_id`, `created_on`, `modified_on`) VALUES ('a2c7bb73-3a8a-4cd7-b12b-49ac2b4956ab', 'Biomedical', 'df234305-8a47-4b4d-8efb-716a6b695428', '5cf80520-74ec-4a42-b197-3bb38483aae4', '2025-07-01 22:15:07', '2025-07-01 22:15:07');
INSERT INTO `department` (`uuid`, `department`, `tenant_id`, `client_id`, `created_on`, `modified_on`) VALUES ('cc7980a6-b723-402c-a9dc-6d5bbcb58dc7', 'Robotics', 'df234305-8a47-4b4d-8efb-716a6b695428', '5cf80520-74ec-4a42-b197-3bb38483aae4', '2025-07-01 22:15:07', '2025-07-01 22:15:07');
INSERT INTO `client` (`uuid`, `client_name`, `client_code`, `is_active`, `tenant_id`, `created_on`, `modified_on`) VALUES ('1bf1ed61-b1ba-41d8-9b8c-bb85cfdfbf15', 'Hawkins Ltd', 1131, 1, 'df234305-8a47-4b4d-8efb-716a6b695428', '2025-07-01 22:15:07', '2025-07-01 22:15:07');
INSERT INTO `department` (`uuid`, `department`, `tenant_id`, `client_id`, `created_on`, `modified_on`) VALUES ('2147bacc-ed52-48ba-a41f-d777a5fc9e8b', 'Cybersecurity', 'df234305-8a47-4b4d-8efb-716a6b695428', '1bf1ed61-b1ba-41d8-9b8c-bb85cfdfbf15', '2025-07-01 22:15:07', '2025-07-01 22:15:07');
INSERT INTO `department` (`uuid`, `department`, `tenant_id`, `client_id`, `created_on`, `modified_on`) VALUES ('dc095502-488f-4e1c-8a41-06263de1f441', 'Aerospace', 'df234305-8a47-4b4d-8efb-716a6b695428', '1bf1ed61-b1ba-41d8-9b8c-bb85cfdfbf15', '2025-07-01 22:15:07', '2025-07-01 22:15:07');
INSERT INTO `department` (`uuid`, `department`, `tenant_id`, `client_id`, `created_on`, `modified_on`) VALUES ('61816952-90f7-4779-a626-0bc28ed86157', 'Biomedical', 'df234305-8a47-4b4d-8efb-716a6b695428', '1bf1ed61-b1ba-41d8-9b8c-bb85cfdfbf15', '2025-07-01 22:15:07', '2025-07-01 22:15:07');
INSERT INTO `department` (`uuid`, `department`, `tenant_id`, `client_id`, `created_on`, `modified_on`) VALUES ('66b17a6c-5067-4ea8-aa14-92b4b410b6a0', 'Civil Systems', 'df234305-8a47-4b4d-8efb-716a6b695428', '1bf1ed61-b1ba-41d8-9b8c-bb85cfdfbf15', '2025-07-01 22:15:07', '2025-07-01 22:15:07');
INSERT INTO `department` (`uuid`, `department`, `tenant_id`, `client_id`, `created_on`, `modified_on`) VALUES ('34cbe894-d12f-46a8-958a-ddfe8aff2025', 'Robotics', 'df234305-8a47-4b4d-8efb-716a6b695428', '1bf1ed61-b1ba-41d8-9b8c-bb85cfdfbf15', '2025-07-01 22:15:07', '2025-07-01 22:15:07');
INSERT INTO `department` (`uuid`, `department`, `tenant_id`, `client_id`, `created_on`, `modified_on`) VALUES ('f220183d-a12b-4c5c-9b9c-067a6c3ed6a5', 'AI Solutions', 'df234305-8a47-4b4d-8efb-716a6b695428', '1bf1ed61-b1ba-41d8-9b8c-bb85cfdfbf15', '2025-07-01 22:15:07', '2025-07-01 22:15:07');
INSERT INTO `client` (`uuid`, `client_name`, `client_code`, `is_active`, `tenant_id`, `created_on`, `modified_on`) VALUES ('50d2968f-2814-401f-b150-61f2a092ac26', 'Mitchell, Taylor and Price', 1132, 1, 'df234305-8a47-4b4d-8efb-716a6b695428', '2025-07-01 22:15:07', '2025-07-01 22:15:07');
INSERT INTO `department` (`uuid`, `department`, `tenant_id`, `client_id`, `created_on`, `modified_on`) VALUES ('d168ab8e-4ca2-4b60-ba56-89c9a66b2780', 'Civil Systems', 'df234305-8a47-4b4d-8efb-716a6b695428', '50d2968f-2814-401f-b150-61f2a092ac26', '2025-07-01 22:15:07', '2025-07-01 22:15:07');
INSERT INTO `department` (`uuid`, `department`, `tenant_id`, `client_id`, `created_on`, `modified_on`) VALUES ('9f58a0f8-e7a9-419f-8525-b460e3dffa6d', 'AI Solutions', 'df234305-8a47-4b4d-8efb-716a6b695428', '50d2968f-2814-401f-b150-61f2a092ac26', '2025-07-01 22:15:07', '2025-07-01 22:15:07');
INSERT INTO `department` (`uuid`, `department`, `tenant_id`, `client_id`, `created_on`, `modified_on`) VALUES ('0940b575-b3b9-4179-8807-edc16dc44def', 'Cybersecurity', 'df234305-8a47-4b4d-8efb-716a6b695428', '50d2968f-2814-401f-b150-61f2a092ac26', '2025-07-01 22:15:07', '2025-07-01 22:15:07');
INSERT INTO `department` (`uuid`, `department`, `tenant_id`, `client_id`, `created_on`, `modified_on`) VALUES ('92bd00af-314f-4ebe-85df-087917967032', 'Biomedical', 'df234305-8a47-4b4d-8efb-716a6b695428', '50d2968f-2814-401f-b150-61f2a092ac26', '2025-07-01 22:15:07', '2025-07-01 22:15:07');
INSERT INTO `department` (`uuid`, `department`, `tenant_id`, `client_id`, `created_on`, `modified_on`) VALUES ('9536e851-9c04-4934-8216-866ffe1cdba0', 'Robotics', 'df234305-8a47-4b4d-8efb-716a6b695428', '50d2968f-2814-401f-b150-61f2a092ac26', '2025-07-01 22:15:07', '2025-07-01 22:15:07');
INSERT INTO `department` (`uuid`, `department`, `tenant_id`, `client_id`, `created_on`, `modified_on`) VALUES ('9de5e6df-a6a9-4efd-817f-7e03324980ed', 'Aerospace', 'df234305-8a47-4b4d-8efb-716a6b695428', '50d2968f-2814-401f-b150-61f2a092ac26', '2025-07-01 22:15:07', '2025-07-01 22:15:07');
INSERT INTO `client` (`uuid`, `client_name`, `client_code`, `is_active`, `tenant_id`, `created_on`, `modified_on`) VALUES ('28d588bf-376b-4a49-b8ee-ebc1aaef024d', 'Wilson-Williams', 1133, 1, 'df234305-8a47-4b4d-8efb-716a6b695428', '2025-07-01 22:15:07', '2025-07-01 22:15:07');
INSERT INTO `department` (`uuid`, `department`, `tenant_id`, `client_id`, `created_on`, `modified_on`) VALUES ('e3f388a7-62de-4e1e-ba04-59f4c6ffb22f', 'Civil Systems', 'df234305-8a47-4b4d-8efb-716a6b695428', '28d588bf-376b-4a49-b8ee-ebc1aaef024d', '2025-07-01 22:15:07', '2025-07-01 22:15:07');
INSERT INTO `department` (`uuid`, `department`, `tenant_id`, `client_id`, `created_on`, `modified_on`) VALUES ('94855910-c8d0-46e9-bdad-241d48648a99', 'AI Solutions', 'df234305-8a47-4b4d-8efb-716a6b695428', '28d588bf-376b-4a49-b8ee-ebc1aaef024d', '2025-07-01 22:15:07', '2025-07-01 22:15:07');
INSERT INTO `department` (`uuid`, `department`, `tenant_id`, `client_id`, `created_on`, `modified_on`) VALUES ('5af16d3d-0dfb-4581-acdd-8b8fb5eb38df', 'Biomedical', 'df234305-8a47-4b4d-8efb-716a6b695428', '28d588bf-376b-4a49-b8ee-ebc1aaef024d', '2025-07-01 22:15:07', '2025-07-01 22:15:07');
INSERT INTO `department` (`uuid`, `department`, `tenant_id`, `client_id`, `created_on`, `modified_on`) VALUES ('3de0b43b-77a5-4253-ac90-ef5e06e82fbe', 'Cybersecurity', 'df234305-8a47-4b4d-8efb-716a6b695428', '28d588bf-376b-4a49-b8ee-ebc1aaef024d', '2025-07-01 22:15:07', '2025-07-01 22:15:07');
INSERT INTO `department` (`uuid`, `department`, `tenant_id`, `client_id`, `created_on`, `modified_on`) VALUES ('b2caa474-21e8-44a0-941b-d4c5e76ba27a', 'Aerospace', 'df234305-8a47-4b4d-8efb-716a6b695428', '28d588bf-376b-4a49-b8ee-ebc1aaef024d', '2025-07-01 22:15:07', '2025-07-01 22:15:07');
INSERT INTO `client` (`uuid`, `client_name`, `client_code`, `is_active`, `tenant_id`, `created_on`, `modified_on`) VALUES ('adbcefd7-95d4-417f-8584-f993f8e3f09a', 'Thornton Inc', 1134, 1, 'df234305-8a47-4b4d-8efb-716a6b695428', '2025-07-01 22:15:07', '2025-07-01 22:15:07');
INSERT INTO `department` (`uuid`, `department`, `tenant_id`, `client_id`, `created_on`, `modified_on`) VALUES ('5cc3c6c5-3ede-4340-a679-b6b75fc7bb69', 'Aerospace', 'df234305-8a47-4b4d-8efb-716a6b695428', 'adbcefd7-95d4-417f-8584-f993f8e3f09a', '2025-07-01 22:15:07', '2025-07-01 22:15:07');
INSERT INTO `department` (`uuid`, `department`, `tenant_id`, `client_id`, `created_on`, `modified_on`) VALUES ('969783fd-081b-4571-887f-3fb7fd01b810', 'Civil Systems', 'df234305-8a47-4b4d-8efb-716a6b695428', 'adbcefd7-95d4-417f-8584-f993f8e3f09a', '2025-07-01 22:15:07', '2025-07-01 22:15:07');
INSERT INTO `department` (`uuid`, `department`, `tenant_id`, `client_id`, `created_on`, `modified_on`) VALUES ('8fbe8012-f06f-4b76-a62b-2af40f62fe40', 'Robotics', 'df234305-8a47-4b4d-8efb-716a6b695428', 'adbcefd7-95d4-417f-8584-f993f8e3f09a', '2025-07-01 22:15:07', '2025-07-01 22:15:07');
INSERT INTO `department` (`uuid`, `department`, `tenant_id`, `client_id`, `created_on`, `modified_on`) VALUES ('6c75644b-9e2a-45f2-9ba8-eaa4900a8a0a', 'Biomedical', 'df234305-8a47-4b4d-8efb-716a6b695428', 'adbcefd7-95d4-417f-8584-f993f8e3f09a', '2025-07-01 22:15:07', '2025-07-01 22:15:07');
INSERT INTO `department` (`uuid`, `department`, `tenant_id`, `client_id`, `created_on`, `modified_on`) VALUES ('fd9ef572-cdde-4336-b5d6-3211c419d7d0', 'Cybersecurity', 'df234305-8a47-4b4d-8efb-716a6b695428', 'adbcefd7-95d4-417f-8584-f993f8e3f09a', '2025-07-01 22:15:07', '2025-07-01 22:15:07');
INSERT INTO `client` (`uuid`, `client_name`, `client_code`, `is_active`, `tenant_id`, `created_on`, `modified_on`) VALUES ('a26d6275-308c-43c2-b6a0-456ab1674534', 'Ingram-Lane', 1135, 1, 'df234305-8a47-4b4d-8efb-716a6b695428', '2025-07-01 22:15:07', '2025-07-01 22:15:07');
INSERT INTO `department` (`uuid`, `department`, `tenant_id`, `client_id`, `created_on`, `modified_on`) VALUES ('3fa67648-2cd4-4c34-80bb-eb91e7096ce1', 'Civil Systems', 'df234305-8a47-4b4d-8efb-716a6b695428', 'a26d6275-308c-43c2-b6a0-456ab1674534', '2025-07-01 22:15:07', '2025-07-01 22:15:07');
INSERT INTO `department` (`uuid`, `department`, `tenant_id`, `client_id`, `created_on`, `modified_on`) VALUES ('8c9eb349-a34a-4074-90b2-358b298e32fd', 'Cybersecurity', 'df234305-8a47-4b4d-8efb-716a6b695428', 'a26d6275-308c-43c2-b6a0-456ab1674534', '2025-07-01 22:15:07', '2025-07-01 22:15:07');
INSERT INTO `department` (`uuid`, `department`, `tenant_id`, `client_id`, `created_on`, `modified_on`) VALUES ('7072ebda-6445-4b0f-97a5-6ae7277c5c20', 'AI Solutions', 'df234305-8a47-4b4d-8efb-716a6b695428', 'a26d6275-308c-43c2-b6a0-456ab1674534', '2025-07-01 22:15:07', '2025-07-01 22:15:07');
INSERT INTO `department` (`uuid`, `department`, `tenant_id`, `client_id`, `created_on`, `modified_on`) VALUES ('89e72678-d67f-4ec5-a7b6-de49d414968b', 'Robotics', 'df234305-8a47-4b4d-8efb-716a6b695428', 'a26d6275-308c-43c2-b6a0-456ab1674534', '2025-07-01 22:15:07', '2025-07-01 22:15:07');
INSERT INTO `department` (`uuid`, `department`, `tenant_id`, `client_id`, `created_on`, `modified_on`) VALUES ('eb59c0a0-9d37-49ee-b39b-4a41b11106c7', 'Biomedical', 'df234305-8a47-4b4d-8efb-716a6b695428', 'a26d6275-308c-43c2-b6a0-456ab1674534', '2025-07-01 22:15:07', '2025-07-01 22:15:07');
INSERT INTO `department` (`uuid`, `department`, `tenant_id`, `client_id`, `created_on`, `modified_on`) VALUES ('cc487109-f66c-460d-ab95-3e9c37f2d1e4', 'Aerospace', 'df234305-8a47-4b4d-8efb-716a6b695428', 'a26d6275-308c-43c2-b6a0-456ab1674534', '2025-07-01 22:15:07', '2025-07-01 22:15:07');
INSERT INTO `client` (`uuid`, `client_name`, `client_code`, `is_active`, `tenant_id`, `created_on`, `modified_on`) VALUES ('4980683e-7140-4cfc-98e0-d8703497cf0a', 'Kelly, Torres and Ward', 1136, 1, 'df234305-8a47-4b4d-8efb-716a6b695428', '2025-07-01 22:15:07', '2025-07-01 22:15:07');
INSERT INTO `department` (`uuid`, `department`, `tenant_id`, `client_id`, `created_on`, `modified_on`) VALUES ('a2a945ba-cf13-4cf0-ab07-81d3a4a29627', 'Biomedical', 'df234305-8a47-4b4d-8efb-716a6b695428', '4980683e-7140-4cfc-98e0-d8703497cf0a', '2025-07-01 22:15:07', '2025-07-01 22:15:07');
INSERT INTO `department` (`uuid`, `department`, `tenant_id`, `client_id`, `created_on`, `modified_on`) VALUES ('03cdf138-4b6d-44c6-84f8-93f514c0fa6d', 'Aerospace', 'df234305-8a47-4b4d-8efb-716a6b695428', '4980683e-7140-4cfc-98e0-d8703497cf0a', '2025-07-01 22:15:07', '2025-07-01 22:15:07');
INSERT INTO `department` (`uuid`, `department`, `tenant_id`, `client_id`, `created_on`, `modified_on`) VALUES ('dfe31dd0-1772-40a1-b449-d752ae03b99e', 'Robotics', 'df234305-8a47-4b4d-8efb-716a6b695428', '4980683e-7140-4cfc-98e0-d8703497cf0a', '2025-07-01 22:15:07', '2025-07-01 22:15:07');
INSERT INTO `department` (`uuid`, `department`, `tenant_id`, `client_id`, `created_on`, `modified_on`) VALUES ('deb2c706-4a2e-4c64-979f-d36f6dd6d9c5', 'Civil Systems', 'df234305-8a47-4b4d-8efb-716a6b695428', '4980683e-7140-4cfc-98e0-d8703497cf0a', '2025-07-01 22:15:07', '2025-07-01 22:15:07');
INSERT INTO `department` (`uuid`, `department`, `tenant_id`, `client_id`, `created_on`, `modified_on`) VALUES ('3585791d-a4db-457f-b855-5996d056d0f1', 'AI Solutions', 'df234305-8a47-4b4d-8efb-716a6b695428', '4980683e-7140-4cfc-98e0-d8703497cf0a', '2025-07-01 22:15:07', '2025-07-01 22:15:07');
INSERT INTO `department` (`uuid`, `department`, `tenant_id`, `client_id`, `created_on`, `modified_on`) VALUES ('67468b10-7fa6-4323-b24b-fedfe82a3189', 'Cybersecurity', 'df234305-8a47-4b4d-8efb-716a6b695428', '4980683e-7140-4cfc-98e0-d8703497cf0a', '2025-07-01 22:15:07', '2025-07-01 22:15:07');
INSERT INTO `client` (`uuid`, `client_name`, `client_code`, `is_active`, `tenant_id`, `created_on`, `modified_on`) VALUES ('57182cbd-e320-4a44-813f-b077ac013b02', 'Hebert-Schwartz', 1137, 1, 'df234305-8a47-4b4d-8efb-716a6b695428', '2025-07-01 22:15:07', '2025-07-01 22:15:07');
INSERT INTO `department` (`uuid`, `department`, `tenant_id`, `client_id`, `created_on`, `modified_on`) VALUES ('a1d7609a-3cb4-4c63-a473-f8351113ea11', 'AI Solutions', 'df234305-8a47-4b4d-8efb-716a6b695428', '57182cbd-e320-4a44-813f-b077ac013b02', '2025-07-01 22:15:07', '2025-07-01 22:15:07');
INSERT INTO `department` (`uuid`, `department`, `tenant_id`, `client_id`, `created_on`, `modified_on`) VALUES ('0ec532f1-d2fe-46a3-8bf7-8d6d2916f92a', 'Biomedical', 'df234305-8a47-4b4d-8efb-716a6b695428', '57182cbd-e320-4a44-813f-b077ac013b02', '2025-07-01 22:15:07', '2025-07-01 22:15:07');
INSERT INTO `department` (`uuid`, `department`, `tenant_id`, `client_id`, `created_on`, `modified_on`) VALUES ('fdd64607-98eb-4c36-a770-9d2b7642a715', 'Civil Systems', 'df234305-8a47-4b4d-8efb-716a6b695428', '57182cbd-e320-4a44-813f-b077ac013b02', '2025-07-01 22:15:07', '2025-07-01 22:15:07');
INSERT INTO `department` (`uuid`, `department`, `tenant_id`, `client_id`, `created_on`, `modified_on`) VALUES ('d526d2cc-71ad-41af-a15a-e5751b4c5409', 'Robotics', 'df234305-8a47-4b4d-8efb-716a6b695428', '57182cbd-e320-4a44-813f-b077ac013b02', '2025-07-01 22:15:07', '2025-07-01 22:15:07');
INSERT INTO `department` (`uuid`, `department`, `tenant_id`, `client_id`, `created_on`, `modified_on`) VALUES ('4ac3cad7-5fb7-4722-aea3-b29123554ecd', 'Cybersecurity', 'df234305-8a47-4b4d-8efb-716a6b695428', '57182cbd-e320-4a44-813f-b077ac013b02', '2025-07-01 22:15:07', '2025-07-01 22:15:07');
INSERT INTO `department` (`uuid`, `department`, `tenant_id`, `client_id`, `created_on`, `modified_on`) VALUES ('00f1f244-8c12-4f9d-a0e9-6e5467cc93b8', 'Aerospace', 'df234305-8a47-4b4d-8efb-716a6b695428', '57182cbd-e320-4a44-813f-b077ac013b02', '2025-07-01 22:15:07', '2025-07-01 22:15:07');
INSERT INTO `client` (`uuid`, `client_name`, `client_code`, `is_active`, `tenant_id`, `created_on`, `modified_on`) VALUES ('707bb525-4861-4688-b1ef-e08dcb42dfbb', 'Williams Inc', 1138, 1, 'df234305-8a47-4b4d-8efb-716a6b695428', '2025-07-01 22:15:07', '2025-07-01 22:15:07');
INSERT INTO `department` (`uuid`, `department`, `tenant_id`, `client_id`, `created_on`, `modified_on`) VALUES ('834d593b-1472-4496-8ae6-e52232888a97', 'Aerospace', 'df234305-8a47-4b4d-8efb-716a6b695428', '707bb525-4861-4688-b1ef-e08dcb42dfbb', '2025-07-01 22:15:07', '2025-07-01 22:15:07');
INSERT INTO `department` (`uuid`, `department`, `tenant_id`, `client_id`, `created_on`, `modified_on`) VALUES ('1938eca8-a5a7-4574-a846-f93fcaa92fa5', 'Robotics', 'df234305-8a47-4b4d-8efb-716a6b695428', '707bb525-4861-4688-b1ef-e08dcb42dfbb', '2025-07-01 22:15:07', '2025-07-01 22:15:07');
INSERT INTO `department` (`uuid`, `department`, `tenant_id`, `client_id`, `created_on`, `modified_on`) VALUES ('3701ed70-d34d-4b1a-b532-a7d9789a2b22', 'Civil Systems', 'df234305-8a47-4b4d-8efb-716a6b695428', '707bb525-4861-4688-b1ef-e08dcb42dfbb', '2025-07-01 22:15:07', '2025-07-01 22:15:07');
INSERT INTO `department` (`uuid`, `department`, `tenant_id`, `client_id`, `created_on`, `modified_on`) VALUES ('9f0b527a-613a-410c-852e-0844e4b24bc7', 'Biomedical', 'df234305-8a47-4b4d-8efb-716a6b695428', '707bb525-4861-4688-b1ef-e08dcb42dfbb', '2025-07-01 22:15:07', '2025-07-01 22:15:07');
INSERT INTO `department` (`uuid`, `department`, `tenant_id`, `client_id`, `created_on`, `modified_on`) VALUES ('13ecf590-eb3c-4050-b22e-7ba17a7f64de', 'Cybersecurity', 'df234305-8a47-4b4d-8efb-716a6b695428', '707bb525-4861-4688-b1ef-e08dcb42dfbb', '2025-07-01 22:15:07', '2025-07-01 22:15:07');
INSERT INTO `client` (`uuid`, `client_name`, `client_code`, `is_active`, `tenant_id`, `created_on`, `modified_on`) VALUES ('6801850f-dcae-4918-9db6-3372eeb8f0cf', 'Peck-Phelps', 1139, 1, 'df234305-8a47-4b4d-8efb-716a6b695428', '2025-07-01 22:15:07', '2025-07-01 22:15:07');
INSERT INTO `department` (`uuid`, `department`, `tenant_id`, `client_id`, `created_on`, `modified_on`) VALUES ('06862178-0705-4a19-a687-d931149ed83e', 'Biomedical', 'df234305-8a47-4b4d-8efb-716a6b695428', '6801850f-dcae-4918-9db6-3372eeb8f0cf', '2025-07-01 22:15:07', '2025-07-01 22:15:07');
INSERT INTO `department` (`uuid`, `department`, `tenant_id`, `client_id`, `created_on`, `modified_on`) VALUES ('7e51019e-6416-4d6c-bab2-5f38ab2de542', 'Civil Systems', 'df234305-8a47-4b4d-8efb-716a6b695428', '6801850f-dcae-4918-9db6-3372eeb8f0cf', '2025-07-01 22:15:07', '2025-07-01 22:15:07');
INSERT INTO `department` (`uuid`, `department`, `tenant_id`, `client_id`, `created_on`, `modified_on`) VALUES ('834af5ff-bfca-4439-ad5a-855ede7a3f44', 'Robotics', 'df234305-8a47-4b4d-8efb-716a6b695428', '6801850f-dcae-4918-9db6-3372eeb8f0cf', '2025-07-01 22:15:07', '2025-07-01 22:15:07');
INSERT INTO `department` (`uuid`, `department`, `tenant_id`, `client_id`, `created_on`, `modified_on`) VALUES ('48badccc-7a0c-46aa-b38b-d58b03587889', 'AI Solutions', 'df234305-8a47-4b4d-8efb-716a6b695428', '6801850f-dcae-4918-9db6-3372eeb8f0cf', '2025-07-01 22:15:07', '2025-07-01 22:15:07');
INSERT INTO `client` (`uuid`, `client_name`, `client_code`, `is_active`, `tenant_id`, `created_on`, `modified_on`) VALUES ('d8076338-9615-4d6b-84cd-55cc11eab3cf', 'Gutierrez, Griffin and Gardner', 1140, 1, 'df234305-8a47-4b4d-8efb-716a6b695428', '2025-07-01 22:15:07', '2025-07-01 22:15:07');
INSERT INTO `department` (`uuid`, `department`, `tenant_id`, `client_id`, `created_on`, `modified_on`) VALUES ('4be098b8-d877-49e9-a326-ad22648fd073', 'Aerospace', 'df234305-8a47-4b4d-8efb-716a6b695428', 'd8076338-9615-4d6b-84cd-55cc11eab3cf', '2025-07-01 22:15:07', '2025-07-01 22:15:07');
INSERT INTO `department` (`uuid`, `department`, `tenant_id`, `client_id`, `created_on`, `modified_on`) VALUES ('474b0e5a-9d7c-4a8d-9a0a-0f9af46ed669', 'Biomedical', 'df234305-8a47-4b4d-8efb-716a6b695428', 'd8076338-9615-4d6b-84cd-55cc11eab3cf', '2025-07-01 22:15:07', '2025-07-01 22:15:07');
INSERT INTO `department` (`uuid`, `department`, `tenant_id`, `client_id`, `created_on`, `modified_on`) VALUES ('8e970e0c-347f-44f5-b81f-87c5ab3ded0d', 'Cybersecurity', 'df234305-8a47-4b4d-8efb-716a6b695428', 'd8076338-9615-4d6b-84cd-55cc11eab3cf', '2025-07-01 22:15:07', '2025-07-01 22:15:07');
INSERT INTO `department` (`uuid`, `department`, `tenant_id`, `client_id`, `created_on`, `modified_on`) VALUES ('7e19bf9e-4e9d-4b68-9519-c3d9d764fd5b', 'AI Solutions', 'df234305-8a47-4b4d-8efb-716a6b695428', 'd8076338-9615-4d6b-84cd-55cc11eab3cf', '2025-07-01 22:15:07', '2025-07-01 22:15:07');
INSERT INTO `department` (`uuid`, `department`, `tenant_id`, `client_id`, `created_on`, `modified_on`) VALUES ('d68465e5-f454-469f-b3f9-d102353784d4', 'Civil Systems', 'df234305-8a47-4b4d-8efb-716a6b695428', 'd8076338-9615-4d6b-84cd-55cc11eab3cf', '2025-07-01 22:15:07', '2025-07-01 22:15:07');
INSERT INTO `department` (`uuid`, `department`, `tenant_id`, `client_id`, `created_on`, `modified_on`) VALUES ('7a21a649-069d-450c-95bf-18bce33df02a', 'Robotics', 'df234305-8a47-4b4d-8efb-716a6b695428', 'd8076338-9615-4d6b-84cd-55cc11eab3cf', '2025-07-01 22:15:07', '2025-07-01 22:15:07');
INSERT INTO `client` (`uuid`, `client_name`, `client_code`, `is_active`, `tenant_id`, `created_on`, `modified_on`) VALUES ('93299427-9bba-4f05-836d-85231defac35', 'Garcia Group', 1141, 1, 'df234305-8a47-4b4d-8efb-716a6b695428', '2025-07-01 22:15:07', '2025-07-01 22:15:07');
INSERT INTO `department` (`uuid`, `department`, `tenant_id`, `client_id`, `created_on`, `modified_on`) VALUES ('5e0f73d5-40f7-41d1-96b7-e70117ddb093', 'Aerospace', 'df234305-8a47-4b4d-8efb-716a6b695428', '93299427-9bba-4f05-836d-85231defac35', '2025-07-01 22:15:07', '2025-07-01 22:15:07');
INSERT INTO `department` (`uuid`, `department`, `tenant_id`, `client_id`, `created_on`, `modified_on`) VALUES ('350e36ce-7530-4673-8bc4-a4e5738e1b5d', 'Civil Systems', 'df234305-8a47-4b4d-8efb-716a6b695428', '93299427-9bba-4f05-836d-85231defac35', '2025-07-01 22:15:07', '2025-07-01 22:15:07');
INSERT INTO `department` (`uuid`, `department`, `tenant_id`, `client_id`, `created_on`, `modified_on`) VALUES ('577d2bc5-7d7f-4e6d-b2d7-f644d999dd8b', 'AI Solutions', 'df234305-8a47-4b4d-8efb-716a6b695428', '93299427-9bba-4f05-836d-85231defac35', '2025-07-01 22:15:07', '2025-07-01 22:15:07');
INSERT INTO `department` (`uuid`, `department`, `tenant_id`, `client_id`, `created_on`, `modified_on`) VALUES ('c8bcdab8-6167-4689-80cd-e1b13c9b3197', 'Robotics', 'df234305-8a47-4b4d-8efb-716a6b695428', '93299427-9bba-4f05-836d-85231defac35', '2025-07-01 22:15:07', '2025-07-01 22:15:07');
INSERT INTO `department` (`uuid`, `department`, `tenant_id`, `client_id`, `created_on`, `modified_on`) VALUES ('8b0d20cc-09d4-4ba1-a701-664f85b6b566', 'Biomedical', 'df234305-8a47-4b4d-8efb-716a6b695428', '93299427-9bba-4f05-836d-85231defac35', '2025-07-01 22:15:07', '2025-07-01 22:15:07');
INSERT INTO `department` (`uuid`, `department`, `tenant_id`, `client_id`, `created_on`, `modified_on`) VALUES ('cf69f2af-7dd1-4936-9dc6-5923ebd36497', 'Cybersecurity', 'df234305-8a47-4b4d-8efb-716a6b695428', '93299427-9bba-4f05-836d-85231defac35', '2025-07-01 22:15:07', '2025-07-01 22:15:07');
INSERT INTO `client` (`uuid`, `client_name`, `client_code`, `is_active`, `tenant_id`, `created_on`, `modified_on`) VALUES ('fd55321b-5355-4659-85f5-f12037f48d02', 'Houston PLC', 1142, 1, 'df234305-8a47-4b4d-8efb-716a6b695428', '2025-07-01 22:15:07', '2025-07-01 22:15:07');
INSERT INTO `department` (`uuid`, `department`, `tenant_id`, `client_id`, `created_on`, `modified_on`) VALUES ('f04ac486-c150-4e30-8872-e2cf22d0b6d2', 'Cybersecurity', 'df234305-8a47-4b4d-8efb-716a6b695428', 'fd55321b-5355-4659-85f5-f12037f48d02', '2025-07-01 22:15:07', '2025-07-01 22:15:07');
INSERT INTO `department` (`uuid`, `department`, `tenant_id`, `client_id`, `created_on`, `modified_on`) VALUES ('1b48779b-0f9f-4f23-977e-95e5b1c23616', 'Robotics', 'df234305-8a47-4b4d-8efb-716a6b695428', 'fd55321b-5355-4659-85f5-f12037f48d02', '2025-07-01 22:15:07', '2025-07-01 22:15:07');
INSERT INTO `department` (`uuid`, `department`, `tenant_id`, `client_id`, `created_on`, `modified_on`) VALUES ('7bea481d-52cb-45b6-9c86-75ac4944e66a', 'Biomedical', 'df234305-8a47-4b4d-8efb-716a6b695428', 'fd55321b-5355-4659-85f5-f12037f48d02', '2025-07-01 22:15:07', '2025-07-01 22:15:07');
INSERT INTO `department` (`uuid`, `department`, `tenant_id`, `client_id`, `created_on`, `modified_on`) VALUES ('9756561d-c503-469f-86c7-fec948c121f9', 'AI Solutions', 'df234305-8a47-4b4d-8efb-716a6b695428', 'fd55321b-5355-4659-85f5-f12037f48d02', '2025-07-01 22:15:07', '2025-07-01 22:15:07');
INSERT INTO `department` (`uuid`, `department`, `tenant_id`, `client_id`, `created_on`, `modified_on`) VALUES ('2903cb57-69a9-4b42-a0d1-13dec057e40f', 'Aerospace', 'df234305-8a47-4b4d-8efb-716a6b695428', 'fd55321b-5355-4659-85f5-f12037f48d02', '2025-07-01 22:15:07', '2025-07-01 22:15:07');
INSERT INTO `department` (`uuid`, `department`, `tenant_id`, `client_id`, `created_on`, `modified_on`) VALUES ('ce90254e-cd95-4ed1-b643-b303a48f7ac2', 'Civil Systems', 'df234305-8a47-4b4d-8efb-716a6b695428', 'fd55321b-5355-4659-85f5-f12037f48d02', '2025-07-01 22:15:07', '2025-07-01 22:15:07');
INSERT INTO `client` (`uuid`, `client_name`, `client_code`, `is_active`, `tenant_id`, `created_on`, `modified_on`) VALUES ('285aaa2e-5063-4767-b84a-82e69374599e', 'Roberts, Bernard and Williamson', 1143, 1, 'df234305-8a47-4b4d-8efb-716a6b695428', '2025-07-01 22:15:07', '2025-07-01 22:15:07');
INSERT INTO `department` (`uuid`, `department`, `tenant_id`, `client_id`, `created_on`, `modified_on`) VALUES ('32e7c7f3-0148-4dea-bec9-851b4c74183e', 'Biomedical', 'df234305-8a47-4b4d-8efb-716a6b695428', '285aaa2e-5063-4767-b84a-82e69374599e', '2025-07-01 22:15:07', '2025-07-01 22:15:07');
INSERT INTO `department` (`uuid`, `department`, `tenant_id`, `client_id`, `created_on`, `modified_on`) VALUES ('e4975b15-59f3-4a6f-8a81-c5390ef8dfac', 'Civil Systems', 'df234305-8a47-4b4d-8efb-716a6b695428', '285aaa2e-5063-4767-b84a-82e69374599e', '2025-07-01 22:15:07', '2025-07-01 22:15:07');
INSERT INTO `department` (`uuid`, `department`, `tenant_id`, `client_id`, `created_on`, `modified_on`) VALUES ('0a148340-3349-406f-aab3-80ab23cb238e', 'Aerospace', 'df234305-8a47-4b4d-8efb-716a6b695428', '285aaa2e-5063-4767-b84a-82e69374599e', '2025-07-01 22:15:07', '2025-07-01 22:15:07');
INSERT INTO `department` (`uuid`, `department`, `tenant_id`, `client_id`, `created_on`, `modified_on`) VALUES ('62a221ae-9cfc-4825-9469-e18dfb1a62d1', 'Cybersecurity', 'df234305-8a47-4b4d-8efb-716a6b695428', '285aaa2e-5063-4767-b84a-82e69374599e', '2025-07-01 22:15:07', '2025-07-01 22:15:07');
INSERT INTO `client` (`uuid`, `client_name`, `client_code`, `is_active`, `tenant_id`, `created_on`, `modified_on`) VALUES ('d50b1ac6-3b54-44e7-b0fb-b17a652bf5fa', 'Osborne-Golden', 1144, 1, 'df234305-8a47-4b4d-8efb-716a6b695428', '2025-07-01 22:15:07', '2025-07-01 22:15:07');
INSERT INTO `department` (`uuid`, `department`, `tenant_id`, `client_id`, `created_on`, `modified_on`) VALUES ('7306e32c-05fa-4613-9b59-d7b9bf854ebc', 'Civil Systems', 'df234305-8a47-4b4d-8efb-716a6b695428', 'd50b1ac6-3b54-44e7-b0fb-b17a652bf5fa', '2025-07-01 22:15:07', '2025-07-01 22:15:07');
INSERT INTO `department` (`uuid`, `department`, `tenant_id`, `client_id`, `created_on`, `modified_on`) VALUES ('7791f782-3d0a-4da1-985d-f38f74ea8fe8', 'Robotics', 'df234305-8a47-4b4d-8efb-716a6b695428', 'd50b1ac6-3b54-44e7-b0fb-b17a652bf5fa', '2025-07-01 22:15:07', '2025-07-01 22:15:07');
INSERT INTO `department` (`uuid`, `department`, `tenant_id`, `client_id`, `created_on`, `modified_on`) VALUES ('75be0124-1562-48c7-943e-37c222d55412', 'AI Solutions', 'df234305-8a47-4b4d-8efb-716a6b695428', 'd50b1ac6-3b54-44e7-b0fb-b17a652bf5fa', '2025-07-01 22:15:07', '2025-07-01 22:15:07');
INSERT INTO `department` (`uuid`, `department`, `tenant_id`, `client_id`, `created_on`, `modified_on`) VALUES ('bb3cc951-f8d3-469a-aebb-b7a21a8cfce2', 'Cybersecurity', 'df234305-8a47-4b4d-8efb-716a6b695428', 'd50b1ac6-3b54-44e7-b0fb-b17a652bf5fa', '2025-07-01 22:15:07', '2025-07-01 22:15:07');
INSERT INTO `department` (`uuid`, `department`, `tenant_id`, `client_id`, `created_on`, `modified_on`) VALUES ('30e2b347-1e55-41a6-a467-acc09c271a73', 'Aerospace', 'df234305-8a47-4b4d-8efb-716a6b695428', 'd50b1ac6-3b54-44e7-b0fb-b17a652bf5fa', '2025-07-01 22:15:07', '2025-07-01 22:15:07');
INSERT INTO `department` (`uuid`, `department`, `tenant_id`, `client_id`, `created_on`, `modified_on`) VALUES ('f6ad3b0f-7bcb-4936-83c0-797f568254d2', 'Biomedical', 'df234305-8a47-4b4d-8efb-716a6b695428', 'd50b1ac6-3b54-44e7-b0fb-b17a652bf5fa', '2025-07-01 22:15:07', '2025-07-01 22:15:07');
INSERT INTO `client` (`uuid`, `client_name`, `client_code`, `is_active`, `tenant_id`, `created_on`, `modified_on`) VALUES ('b1dfcb8d-e219-47dc-86ac-8969065b4c1c', 'Robertson-Miller', 1145, 1, 'df234305-8a47-4b4d-8efb-716a6b695428', '2025-07-01 22:15:07', '2025-07-01 22:15:07');
INSERT INTO `department` (`uuid`, `department`, `tenant_id`, `client_id`, `created_on`, `modified_on`) VALUES ('f5fa7b54-bcef-4ae5-8ffd-a1a97abd3739', 'Biomedical', 'df234305-8a47-4b4d-8efb-716a6b695428', 'b1dfcb8d-e219-47dc-86ac-8969065b4c1c', '2025-07-01 22:15:07', '2025-07-01 22:15:07');
INSERT INTO `department` (`uuid`, `department`, `tenant_id`, `client_id`, `created_on`, `modified_on`) VALUES ('76372756-f21d-4ca9-a878-c606ecd3fa77', 'AI Solutions', 'df234305-8a47-4b4d-8efb-716a6b695428', 'b1dfcb8d-e219-47dc-86ac-8969065b4c1c', '2025-07-01 22:15:07', '2025-07-01 22:15:07');
INSERT INTO `department` (`uuid`, `department`, `tenant_id`, `client_id`, `created_on`, `modified_on`) VALUES ('d56bcdfd-6b19-4a88-a10f-fdb3bbef7f39', 'Cybersecurity', 'df234305-8a47-4b4d-8efb-716a6b695428', 'b1dfcb8d-e219-47dc-86ac-8969065b4c1c', '2025-07-01 22:15:07', '2025-07-01 22:15:07');
INSERT INTO `department` (`uuid`, `department`, `tenant_id`, `client_id`, `created_on`, `modified_on`) VALUES ('3c824540-da3e-4d9f-aa0e-62a67974097a', 'Robotics', 'df234305-8a47-4b4d-8efb-716a6b695428', 'b1dfcb8d-e219-47dc-86ac-8969065b4c1c', '2025-07-01 22:15:07', '2025-07-01 22:15:07');
INSERT INTO `department` (`uuid`, `department`, `tenant_id`, `client_id`, `created_on`, `modified_on`) VALUES ('00f9f46b-4ff0-46bb-be9b-0a908ec9fab5', 'Civil Systems', 'df234305-8a47-4b4d-8efb-716a6b695428', 'b1dfcb8d-e219-47dc-86ac-8969065b4c1c', '2025-07-01 22:15:07', '2025-07-01 22:15:07');
INSERT INTO `client` (`uuid`, `client_name`, `client_code`, `is_active`, `tenant_id`, `created_on`, `modified_on`) VALUES ('4592bd36-4227-4f90-bb90-d375ccebd9cb', 'Robinson LLC', 1146, 1, 'df234305-8a47-4b4d-8efb-716a6b695428', '2025-07-01 22:15:07', '2025-07-01 22:15:07');
INSERT INTO `department` (`uuid`, `department`, `tenant_id`, `client_id`, `created_on`, `modified_on`) VALUES ('7a1354f8-4181-49a4-9d48-6cb107763163', 'Robotics', 'df234305-8a47-4b4d-8efb-716a6b695428', '4592bd36-4227-4f90-bb90-d375ccebd9cb', '2025-07-01 22:15:07', '2025-07-01 22:15:07');
INSERT INTO `department` (`uuid`, `department`, `tenant_id`, `client_id`, `created_on`, `modified_on`) VALUES ('07c5e2fe-92f0-43b7-a437-904c0d042ea0', 'Cybersecurity', 'df234305-8a47-4b4d-8efb-716a6b695428', '4592bd36-4227-4f90-bb90-d375ccebd9cb', '2025-07-01 22:15:07', '2025-07-01 22:15:07');
INSERT INTO `department` (`uuid`, `department`, `tenant_id`, `client_id`, `created_on`, `modified_on`) VALUES ('536b84c3-f4a0-4001-b7f0-ab6f41cff8bb', 'Civil Systems', 'df234305-8a47-4b4d-8efb-716a6b695428', '4592bd36-4227-4f90-bb90-d375ccebd9cb', '2025-07-01 22:15:07', '2025-07-01 22:15:07');
INSERT INTO `department` (`uuid`, `department`, `tenant_id`, `client_id`, `created_on`, `modified_on`) VALUES ('fa6a7f82-06e1-4296-96e0-c30fdb0b4e19', 'Biomedical', 'df234305-8a47-4b4d-8efb-716a6b695428', '4592bd36-4227-4f90-bb90-d375ccebd9cb', '2025-07-01 22:15:07', '2025-07-01 22:15:07');
INSERT INTO `department` (`uuid`, `department`, `tenant_id`, `client_id`, `created_on`, `modified_on`) VALUES ('ac15b48e-74de-4bd6-a80f-82b370283e95', 'Aerospace', 'df234305-8a47-4b4d-8efb-716a6b695428', '4592bd36-4227-4f90-bb90-d375ccebd9cb', '2025-07-01 22:15:07', '2025-07-01 22:15:07');
INSERT INTO `department` (`uuid`, `department`, `tenant_id`, `client_id`, `created_on`, `modified_on`) VALUES ('0d21b9e4-18ee-4a0e-996d-5e0c6cd12241', 'AI Solutions', 'df234305-8a47-4b4d-8efb-716a6b695428', '4592bd36-4227-4f90-bb90-d375ccebd9cb', '2025-07-01 22:15:07', '2025-07-01 22:15:07');
INSERT INTO `client` (`uuid`, `client_name`, `client_code`, `is_active`, `tenant_id`, `created_on`, `modified_on`) VALUES ('8dac0aa7-7b4f-430d-aa14-f79b3f11aa47', 'Rogers, Waters and Cantrell', 1147, 1, 'df234305-8a47-4b4d-8efb-716a6b695428', '2025-07-01 22:15:07', '2025-07-01 22:15:07');
INSERT INTO `department` (`uuid`, `department`, `tenant_id`, `client_id`, `created_on`, `modified_on`) VALUES ('842a07f6-1bb8-4e66-8f1e-4c1a063cbc48', 'AI Solutions', 'df234305-8a47-4b4d-8efb-716a6b695428', '8dac0aa7-7b4f-430d-aa14-f79b3f11aa47', '2025-07-01 22:15:07', '2025-07-01 22:15:07');
INSERT INTO `department` (`uuid`, `department`, `tenant_id`, `client_id`, `created_on`, `modified_on`) VALUES ('a728b9b4-85e8-4fa7-bfac-33f482d5c34d', 'Biomedical', 'df234305-8a47-4b4d-8efb-716a6b695428', '8dac0aa7-7b4f-430d-aa14-f79b3f11aa47', '2025-07-01 22:15:07', '2025-07-01 22:15:07');
INSERT INTO `department` (`uuid`, `department`, `tenant_id`, `client_id`, `created_on`, `modified_on`) VALUES ('d65c50b4-3c74-45db-83c3-ff8d8e6aec1c', 'Civil Systems', 'df234305-8a47-4b4d-8efb-716a6b695428', '8dac0aa7-7b4f-430d-aa14-f79b3f11aa47', '2025-07-01 22:15:07', '2025-07-01 22:15:07');
INSERT INTO `department` (`uuid`, `department`, `tenant_id`, `client_id`, `created_on`, `modified_on`) VALUES ('a8576229-3c9d-47fd-a116-1e645e44f0c7', 'Robotics', 'df234305-8a47-4b4d-8efb-716a6b695428', '8dac0aa7-7b4f-430d-aa14-f79b3f11aa47', '2025-07-01 22:15:07', '2025-07-01 22:15:07');
INSERT INTO `department` (`uuid`, `department`, `tenant_id`, `client_id`, `created_on`, `modified_on`) VALUES ('a7dd3dc8-f0db-4f8f-b0c8-6f771e084639', 'Aerospace', 'df234305-8a47-4b4d-8efb-716a6b695428', '8dac0aa7-7b4f-430d-aa14-f79b3f11aa47', '2025-07-01 22:15:07', '2025-07-01 22:15:07');
INSERT INTO `department` (`uuid`, `department`, `tenant_id`, `client_id`, `created_on`, `modified_on`) VALUES ('7f5b52ca-ead9-4157-a302-3a76366fb4da', 'Cybersecurity', 'df234305-8a47-4b4d-8efb-716a6b695428', '8dac0aa7-7b4f-430d-aa14-f79b3f11aa47', '2025-07-01 22:15:07', '2025-07-01 22:15:07');
INSERT INTO `client` (`uuid`, `client_name`, `client_code`, `is_active`, `tenant_id`, `created_on`, `modified_on`) VALUES ('3b392430-c99d-4589-b786-23f5368701f4', 'Mccoy, Brooks and Brown', 1148, 1, 'df234305-8a47-4b4d-8efb-716a6b695428', '2025-07-01 22:15:07', '2025-07-01 22:15:07');
INSERT INTO `department` (`uuid`, `department`, `tenant_id`, `client_id`, `created_on`, `modified_on`) VALUES ('1303e5fa-dc7b-4b02-af36-2ef922440cc3', 'Aerospace', 'df234305-8a47-4b4d-8efb-716a6b695428', '3b392430-c99d-4589-b786-23f5368701f4', '2025-07-01 22:15:07', '2025-07-01 22:15:07');
INSERT INTO `department` (`uuid`, `department`, `tenant_id`, `client_id`, `created_on`, `modified_on`) VALUES ('3de35278-580a-4767-99ab-8b0fe28db8b3', 'Cybersecurity', 'df234305-8a47-4b4d-8efb-716a6b695428', '3b392430-c99d-4589-b786-23f5368701f4', '2025-07-01 22:15:07', '2025-07-01 22:15:07');
INSERT INTO `department` (`uuid`, `department`, `tenant_id`, `client_id`, `created_on`, `modified_on`) VALUES ('d0a5f2d5-cb24-4f7e-8411-47c40d83436e', 'AI Solutions', 'df234305-8a47-4b4d-8efb-716a6b695428', '3b392430-c99d-4589-b786-23f5368701f4', '2025-07-01 22:15:07', '2025-07-01 22:15:07');
INSERT INTO `department` (`uuid`, `department`, `tenant_id`, `client_id`, `created_on`, `modified_on`) VALUES ('ac913e8d-73d9-407e-9342-ca601ae26521', 'Robotics', 'df234305-8a47-4b4d-8efb-716a6b695428', '3b392430-c99d-4589-b786-23f5368701f4', '2025-07-01 22:15:07', '2025-07-01 22:15:07');
INSERT INTO `department` (`uuid`, `department`, `tenant_id`, `client_id`, `created_on`, `modified_on`) VALUES ('9c8ad426-1d98-4e4a-8cbd-a2918760f5cc', 'Biomedical', 'df234305-8a47-4b4d-8efb-716a6b695428', '3b392430-c99d-4589-b786-23f5368701f4', '2025-07-01 22:15:07', '2025-07-01 22:15:07');
INSERT INTO `department` (`uuid`, `department`, `tenant_id`, `client_id`, `created_on`, `modified_on`) VALUES ('6198ba02-8613-4a4f-8a70-555e83ad1369', 'Civil Systems', 'df234305-8a47-4b4d-8efb-716a6b695428', '3b392430-c99d-4589-b786-23f5368701f4', '2025-07-01 22:15:07', '2025-07-01 22:15:07');
INSERT INTO `client` (`uuid`, `client_name`, `client_code`, `is_active`, `tenant_id`, `created_on`, `modified_on`) VALUES ('49182c46-c0c4-429c-921e-9441327eb103', 'Kerr-Ortiz', 1149, 1, 'df234305-8a47-4b4d-8efb-716a6b695428', '2025-07-01 22:15:07', '2025-07-01 22:15:07');
INSERT INTO `department` (`uuid`, `department`, `tenant_id`, `client_id`, `created_on`, `modified_on`) VALUES ('659134dd-309d-4729-9c3e-114f91a937e0', 'Robotics', 'df234305-8a47-4b4d-8efb-716a6b695428', '49182c46-c0c4-429c-921e-9441327eb103', '2025-07-01 22:15:07', '2025-07-01 22:15:07');
INSERT INTO `department` (`uuid`, `department`, `tenant_id`, `client_id`, `created_on`, `modified_on`) VALUES ('2c084f3f-57d1-4f08-8ed9-daf06dca5d81', 'Aerospace', 'df234305-8a47-4b4d-8efb-716a6b695428', '49182c46-c0c4-429c-921e-9441327eb103', '2025-07-01 22:15:07', '2025-07-01 22:15:07');
INSERT INTO `department` (`uuid`, `department`, `tenant_id`, `client_id`, `created_on`, `modified_on`) VALUES ('5318bf19-88f9-460f-9014-6618c3854aaf', 'AI Solutions', 'df234305-8a47-4b4d-8efb-716a6b695428', '49182c46-c0c4-429c-921e-9441327eb103', '2025-07-01 22:15:07', '2025-07-01 22:15:07');
INSERT INTO `department` (`uuid`, `department`, `tenant_id`, `client_id`, `created_on`, `modified_on`) VALUES ('2b697ad2-52fb-4e9e-89e7-71aeddca6c7b', 'Biomedical', 'df234305-8a47-4b4d-8efb-716a6b695428', '49182c46-c0c4-429c-921e-9441327eb103', '2025-07-01 22:15:07', '2025-07-01 22:15:07');
INSERT INTO `department` (`uuid`, `department`, `tenant_id`, `client_id`, `created_on`, `modified_on`) VALUES ('810083c6-dd4e-4e4e-b6af-210524a4e63e', 'Cybersecurity', 'df234305-8a47-4b4d-8efb-716a6b695428', '49182c46-c0c4-429c-921e-9441327eb103', '2025-07-01 22:15:07', '2025-07-01 22:15:07');
INSERT INTO `department` (`uuid`, `department`, `tenant_id`, `client_id`, `created_on`, `modified_on`) VALUES ('3a3f104a-2517-4751-a85b-1489e876d447', 'Civil Systems', 'df234305-8a47-4b4d-8efb-716a6b695428', '49182c46-c0c4-429c-921e-9441327eb103', '2025-07-01 22:15:07', '2025-07-01 22:15:07');