-- Generated SQL inserts for INVD database

INSERT INTO `user` (`full_name`, `uuid`, `first_name`, `last_name`, `tenant_id`, `email`, `deleted`, `inactive`) VALUES ('Admin Tekip', 'bf255bcc-e2db-4d47-8e3e-5b8b7b4f105d', 'Admin', 'Tekip', 'df234305-8a47-4b4d-8efb-716a6b695428', 'admin.tekip@example.com', 0, 0);
INSERT INTO `user` (`full_name`, `uuid`, `first_name`, `last_name`, `tenant_id`, `email`, `deleted`, `inactive`) VALUES ('Henry Anderson', '0bbd8d91-6c8f-40d9-a38d-4b5cb787f553', 'Henry', 'Anderson', 'df234305-8a47-4b4d-8efb-716a6b695428', 'henry.anderson@example.com', 0, 0);
INSERT INTO `user` (`full_name`, `uuid`, `first_name`, `last_name`, `tenant_id`, `email`, `deleted`, `inactive`) VALUES ('David Richardson', 'ea9532aa-9280-4e72-87f6-5e6b072cb985', 'David', 'Richardson', 'df234305-8a47-4b4d-8efb-716a6b695428', 'david.richardson@example.com', 0, 0);
INSERT INTO `user` (`full_name`, `uuid`, `first_name`, `last_name`, `tenant_id`, `email`, `deleted`, `inactive`) VALUES ('Mr. Joseph Matthews MD', 'dee674a3-ef7a-4f4b-acdc-c7f8afb8216e', 'Mr.', 'Joseph Matthews MD', 'df234305-8a47-4b4d-8efb-716a6b695428', 'mr..josephmatthewsmd@example.com', 0, 0);
INSERT INTO `user` (`full_name`, `uuid`, `first_name`, `last_name`, `tenant_id`, `email`, `deleted`, `inactive`) VALUES ('Joshua Richardson', 'bd967375-ee28-4e81-9bee-25a1a2db09de', 'Joshua', 'Richardson', 'df234305-8a47-4b4d-8efb-716a6b695428', 'joshua.richardson@example.com', 0, 0);
INSERT INTO `user` (`full_name`, `uuid`, `first_name`, `last_name`, `tenant_id`, `email`, `deleted`, `inactive`) VALUES ('Nicholas Scott', 'a9387df2-9dd3-4f46-99b8-a10fcd0d1d0d', 'Nicholas', 'Scott', 'df234305-8a47-4b4d-8efb-716a6b695428', 'nicholas.scott@example.com', 0, 0);
INSERT INTO `user` (`full_name`, `uuid`, `first_name`, `last_name`, `tenant_id`, `email`, `deleted`, `inactive`) VALUES ('James Cervantes', 'd2c8aefa-5e13-414b-99f1-c0e875f28b62', 'James', 'Cervantes', 'df234305-8a47-4b4d-8efb-716a6b695428', 'james.cervantes@example.com', 0, 0);
INSERT INTO `user` (`full_name`, `uuid`, `first_name`, `last_name`, `tenant_id`, `email`, `deleted`, `inactive`) VALUES ('Kathy Gay', 'fa38c942-8948-4f08-8405-8537a7ec2527', 'Kathy', 'Gay', 'df234305-8a47-4b4d-8efb-716a6b695428', 'kathy.gay@example.com', 0, 0);
INSERT INTO `user` (`full_name`, `uuid`, `first_name`, `last_name`, `tenant_id`, `email`, `deleted`, `inactive`) VALUES ('Joan Turner', '75c041ea-b841-4148-8a43-7f64de1c0f4f', 'Joan', 'Turner', 'df234305-8a47-4b4d-8efb-716a6b695428', 'joan.turner@example.com', 0, 0);
INSERT INTO `user` (`full_name`, `uuid`, `first_name`, `last_name`, `tenant_id`, `email`, `deleted`, `inactive`) VALUES ('Susan George', '105508a6-5e3b-4a98-a4f5-a1db5cac873b', 'Susan', 'George', 'df234305-8a47-4b4d-8efb-716a6b695428', 'susan.george@example.com', 0, 0);
INSERT INTO `user` (`full_name`, `uuid`, `first_name`, `last_name`, `tenant_id`, `email`, `deleted`, `inactive`) VALUES ('Jay Santiago', '0498d6cf-9000-4c12-9616-a2c62158a1d3', 'Jay', 'Santiago', 'df234305-8a47-4b4d-8efb-716a6b695428', 'jay.santiago@example.com', 0, 0);
INSERT INTO `user` (`full_name`, `uuid`, `first_name`, `last_name`, `tenant_id`, `email`, `deleted`, `inactive`) VALUES ('Kelsey Brown', '255538e5-dfe7-4b54-badc-2240083de1cf', 'Kelsey', 'Brown', 'df234305-8a47-4b4d-8efb-716a6b695428', 'kelsey.brown@example.com', 0, 0);
INSERT INTO `user` (`full_name`, `uuid`, `first_name`, `last_name`, `tenant_id`, `email`, `deleted`, `inactive`) VALUES ('Christopher Cohen', 'a9931178-ed94-4322-99e2-3193401fe653', 'Christopher', 'Cohen', 'df234305-8a47-4b4d-8efb-716a6b695428', 'christopher.cohen@example.com', 0, 0);
INSERT INTO `user` (`full_name`, `uuid`, `first_name`, `last_name`, `tenant_id`, `email`, `deleted`, `inactive`) VALUES ('Sue Baird', 'c88e7384-3bd7-4f3e-8bae-30cf5eeb8c38', 'Sue', 'Baird', 'df234305-8a47-4b4d-8efb-716a6b695428', 'sue.baird@example.com', 0, 0);
INSERT INTO `user` (`full_name`, `uuid`, `first_name`, `last_name`, `tenant_id`, `email`, `deleted`, `inactive`) VALUES ('Gregory Lewis', '97c92fd7-f4ea-4d7c-b0e9-21cabf92e36a', 'Gregory', 'Lewis', 'df234305-8a47-4b4d-8efb-716a6b695428', 'gregory.lewis@example.com', 0, 0);
INSERT INTO `user` (`full_name`, `uuid`, `first_name`, `last_name`, `tenant_id`, `email`, `deleted`, `inactive`) VALUES ('Eric Jackson', '616830ed-f780-43ab-8824-ce709676f2e3', 'Eric', 'Jackson', 'df234305-8a47-4b4d-8efb-716a6b695428', 'eric.jackson@example.com', 0, 0);
INSERT INTO `user` (`full_name`, `uuid`, `first_name`, `last_name`, `tenant_id`, `email`, `deleted`, `inactive`) VALUES ('James Jackson', '0270dc47-eda7-411a-834e-2786c4812fb4', 'James', 'Jackson', 'df234305-8a47-4b4d-8efb-716a6b695428', 'james.jackson@example.com', 0, 0);
INSERT INTO `user` (`full_name`, `uuid`, `first_name`, `last_name`, `tenant_id`, `email`, `deleted`, `inactive`) VALUES ('Catherine Smith', 'c61c3789-508d-46c4-837a-1fdc4eb46395', 'Catherine', 'Smith', 'df234305-8a47-4b4d-8efb-716a6b695428', 'catherine.smith@example.com', 0, 0);
INSERT INTO `user` (`full_name`, `uuid`, `first_name`, `last_name`, `tenant_id`, `email`, `deleted`, `inactive`) VALUES ('Dr. Jacqueline Watson', '74ca8374-eae4-474d-af98-5ec00521ec79', 'Dr.', 'Jacqueline Watson', 'df234305-8a47-4b4d-8efb-716a6b695428', 'dr..jacquelinewatson@example.com', 0, 0);
INSERT INTO `user` (`full_name`, `uuid`, `first_name`, `last_name`, `tenant_id`, `email`, `deleted`, `inactive`) VALUES ('Daniel Miller', '2a0b1544-0f55-472c-b6d5-7874e090909e', 'Daniel', 'Miller', 'df234305-8a47-4b4d-8efb-716a6b695428', 'daniel.miller@example.com', 0, 0);
INSERT INTO `user` (`full_name`, `uuid`, `first_name`, `last_name`, `tenant_id`, `email`, `deleted`, `inactive`) VALUES ('Heather Hopkins', 'f1e5ea14-1cef-4fa9-a9e8-59111a56a67a', 'Heather', 'Hopkins', 'df234305-8a47-4b4d-8efb-716a6b695428', 'heather.hopkins@example.com', 0, 0);
INSERT INTO `user` (`full_name`, `uuid`, `first_name`, `last_name`, `tenant_id`, `email`, `deleted`, `inactive`) VALUES ('Tiffany Walls', '7bf80844-73d1-40c7-9b7c-273f9bfb0ee0', 'Tiffany', 'Walls', 'df234305-8a47-4b4d-8efb-716a6b695428', 'tiffany.walls@example.com', 0, 0);
INSERT INTO `user` (`full_name`, `uuid`, `first_name`, `last_name`, `tenant_id`, `email`, `deleted`, `inactive`) VALUES ('James English', '4531cc2e-a115-4bb7-bdce-b610b8874ec7', 'James', 'English', 'df234305-8a47-4b4d-8efb-716a6b695428', 'james.english@example.com', 0, 0);
INSERT INTO `user` (`full_name`, `uuid`, `first_name`, `last_name`, `tenant_id`, `email`, `deleted`, `inactive`) VALUES ('Elizabeth Farrell', '7b5dbc2f-d5f4-46eb-99a7-87692c553c6e', 'Elizabeth', 'Farrell', 'df234305-8a47-4b4d-8efb-716a6b695428', 'elizabeth.farrell@example.com', 0, 0);
INSERT INTO `user` (`full_name`, `uuid`, `first_name`, `last_name`, `tenant_id`, `email`, `deleted`, `inactive`) VALUES ('Brenda Collins', '3afa560c-7554-4ece-8b15-3f6b3c916f47', 'Brenda', 'Collins', 'df234305-8a47-4b4d-8efb-716a6b695428', 'brenda.collins@example.com', 0, 0);
INSERT INTO `user` (`full_name`, `uuid`, `first_name`, `last_name`, `tenant_id`, `email`, `deleted`, `inactive`) VALUES ('Yvonne Davis', '14f30acd-86ad-4266-828c-3dc9100c9d31', 'Yvonne', 'Davis', 'df234305-8a47-4b4d-8efb-716a6b695428', 'yvonne.davis@example.com', 0, 0);
INSERT INTO `user` (`full_name`, `uuid`, `first_name`, `last_name`, `tenant_id`, `email`, `deleted`, `inactive`) VALUES ('Michelle Garcia', '176c2ef2-9ed1-43f7-bff5-7d2af96fe07c', 'Michelle', 'Garcia', 'df234305-8a47-4b4d-8efb-716a6b695428', 'michelle.garcia@example.com', 0, 0);
INSERT INTO `user` (`full_name`, `uuid`, `first_name`, `last_name`, `tenant_id`, `email`, `deleted`, `inactive`) VALUES ('Thomas Whitehead', '6aa13dcb-19b8-4f8a-bf5b-67536d19b205', 'Thomas', 'Whitehead', 'df234305-8a47-4b4d-8efb-716a6b695428', 'thomas.whitehead@example.com', 0, 0);
INSERT INTO `user` (`full_name`, `uuid`, `first_name`, `last_name`, `tenant_id`, `email`, `deleted`, `inactive`) VALUES ('Jennifer Larson', 'e849c0d5-69f3-4819-b325-2d9239a86821', 'Jennifer', 'Larson', 'df234305-8a47-4b4d-8efb-716a6b695428', 'jennifer.larson@example.com', 0, 0);
INSERT INTO `user` (`full_name`, `uuid`, `first_name`, `last_name`, `tenant_id`, `email`, `deleted`, `inactive`) VALUES ('Brenda Williams', '11009859-2f33-4e21-9327-f7b44ed94a80', 'Brenda', 'Williams', 'df234305-8a47-4b4d-8efb-716a6b695428', 'brenda.williams@example.com', 0, 0);
INSERT INTO `user` (`full_name`, `uuid`, `first_name`, `last_name`, `tenant_id`, `email`, `deleted`, `inactive`) VALUES ('Brandon Wright PhD', 'bd3a225d-fb2b-454b-b4e3-32922ea311c7', 'Brandon', 'Wright PhD', 'df234305-8a47-4b4d-8efb-716a6b695428', 'brandon.wrightphd@example.com', 0, 0);
INSERT INTO `user` (`full_name`, `uuid`, `first_name`, `last_name`, `tenant_id`, `email`, `deleted`, `inactive`) VALUES ('Christina Martinez', 'a84ec7a4-7ba8-4e4f-b94c-8161249aaae7', 'Christina', 'Martinez', 'df234305-8a47-4b4d-8efb-716a6b695428', 'christina.martinez@example.com', 0, 0);
INSERT INTO `user` (`full_name`, `uuid`, `first_name`, `last_name`, `tenant_id`, `email`, `deleted`, `inactive`) VALUES ('Kyle Sandoval', 'b973e601-10a0-4344-adbe-4c6b00d724f3', 'Kyle', 'Sandoval', 'df234305-8a47-4b4d-8efb-716a6b695428', 'kyle.sandoval@example.com', 0, 0);
INSERT INTO `user` (`full_name`, `uuid`, `first_name`, `last_name`, `tenant_id`, `email`, `deleted`, `inactive`) VALUES ('Raymond Simpson', 'f73cefa7-2413-49e0-ba62-be66f101bcca', 'Raymond', 'Simpson', 'df234305-8a47-4b4d-8efb-716a6b695428', 'raymond.simpson@example.com', 0, 0);
INSERT INTO `user` (`full_name`, `uuid`, `first_name`, `last_name`, `tenant_id`, `email`, `deleted`, `inactive`) VALUES ('Ashley Reyes', 'bad53043-6669-4e61-9710-60bf592e7b6b', 'Ashley', 'Reyes', 'df234305-8a47-4b4d-8efb-716a6b695428', 'ashley.reyes@example.com', 0, 0);
INSERT INTO `user` (`full_name`, `uuid`, `first_name`, `last_name`, `tenant_id`, `email`, `deleted`, `inactive`) VALUES ('John Garcia', '91dc6bbe-a078-457d-888c-59cf5f078caf', 'John', 'Garcia', 'df234305-8a47-4b4d-8efb-716a6b695428', 'john.garcia@example.com', 0, 0);
INSERT INTO `user` (`full_name`, `uuid`, `first_name`, `last_name`, `tenant_id`, `email`, `deleted`, `inactive`) VALUES ('James Wood', '02f1d34d-1ec8-40e6-98b2-5255cc7c73b6', 'James', 'Wood', 'df234305-8a47-4b4d-8efb-716a6b695428', 'james.wood@example.com', 0, 0);
INSERT INTO `user` (`full_name`, `uuid`, `first_name`, `last_name`, `tenant_id`, `email`, `deleted`, `inactive`) VALUES ('Yvonne Jimenez', '84d14fb9-f844-4141-983e-083769190ac3', 'Yvonne', 'Jimenez', 'df234305-8a47-4b4d-8efb-716a6b695428', 'yvonne.jimenez@example.com', 0, 0);
INSERT INTO `user` (`full_name`, `uuid`, `first_name`, `last_name`, `tenant_id`, `email`, `deleted`, `inactive`) VALUES ('Emma Perez', '92a093b9-9bc1-4666-9992-7bd521df4275', 'Emma', 'Perez', 'df234305-8a47-4b4d-8efb-716a6b695428', 'emma.perez@example.com', 0, 0);
INSERT INTO `user` (`full_name`, `uuid`, `first_name`, `last_name`, `tenant_id`, `email`, `deleted`, `inactive`) VALUES ('Stephanie Fernandez', '3e176d63-f1c8-417b-931d-507be5c14f51', 'Stephanie', 'Fernandez', 'df234305-8a47-4b4d-8efb-716a6b695428', 'stephanie.fernandez@example.com', 0, 0);
INSERT INTO `user` (`full_name`, `uuid`, `first_name`, `last_name`, `tenant_id`, `email`, `deleted`, `inactive`) VALUES ('James Torres', '9194c652-1bed-4413-8aca-8c65c5fc66fa', 'James', 'Torres', 'df234305-8a47-4b4d-8efb-716a6b695428', 'james.torres@example.com', 0, 0);
INSERT INTO `user` (`full_name`, `uuid`, `first_name`, `last_name`, `tenant_id`, `email`, `deleted`, `inactive`) VALUES ('John Owens', 'a323af0d-f132-42a5-8ed4-76b8530e8afd', 'John', 'Owens', 'df234305-8a47-4b4d-8efb-716a6b695428', 'john.owens@example.com', 0, 0);
INSERT INTO `user` (`full_name`, `uuid`, `first_name`, `last_name`, `tenant_id`, `email`, `deleted`, `inactive`) VALUES ('Matthew Hart', '5cfaf1af-149e-4ef8-b949-d3bea75d28c4', 'Matthew', 'Hart', 'df234305-8a47-4b4d-8efb-716a6b695428', 'matthew.hart@example.com', 0, 0);
INSERT INTO `user` (`full_name`, `uuid`, `first_name`, `last_name`, `tenant_id`, `email`, `deleted`, `inactive`) VALUES ('Ryan Morgan', 'aefda202-4518-45f0-8743-0662ef0f344d', 'Ryan', 'Morgan', 'df234305-8a47-4b4d-8efb-716a6b695428', 'ryan.morgan@example.com', 0, 0);
INSERT INTO `user` (`full_name`, `uuid`, `first_name`, `last_name`, `tenant_id`, `email`, `deleted`, `inactive`) VALUES ('Diane Sanders', '335dc0d3-0902-4666-b1ea-ba2ac65ec246', 'Diane', 'Sanders', 'df234305-8a47-4b4d-8efb-716a6b695428', 'diane.sanders@example.com', 0, 0);
INSERT INTO `user` (`full_name`, `uuid`, `first_name`, `last_name`, `tenant_id`, `email`, `deleted`, `inactive`) VALUES ('Julia Burns', 'caebcb5e-147b-4866-974c-04779db0dd5c', 'Julia', 'Burns', 'df234305-8a47-4b4d-8efb-716a6b695428', 'julia.burns@example.com', 0, 0);
INSERT INTO `user` (`full_name`, `uuid`, `first_name`, `last_name`, `tenant_id`, `email`, `deleted`, `inactive`) VALUES ('Jeffrey Walker', '0fda2971-4444-4ce6-bf80-5c5991355bb9', 'Jeffrey', 'Walker', 'df234305-8a47-4b4d-8efb-716a6b695428', 'jeffrey.walker@example.com', 0, 0);
INSERT INTO `user` (`full_name`, `uuid`, `first_name`, `last_name`, `tenant_id`, `email`, `deleted`, `inactive`) VALUES ('Mrs. Amy Lopez', '25ba2922-daf0-48da-b645-8967cfd1582d', 'Mrs.', 'Amy Lopez', 'df234305-8a47-4b4d-8efb-716a6b695428', 'mrs..amylopez@example.com', 0, 0);
INSERT INTO `user` (`full_name`, `uuid`, `first_name`, `last_name`, `tenant_id`, `email`, `deleted`, `inactive`) VALUES ('Martin Hicks', '8c9ff380-c6bf-4a07-9578-d888360be16c', 'Martin', 'Hicks', 'df234305-8a47-4b4d-8efb-716a6b695428', 'martin.hicks@example.com', 0, 0);
INSERT INTO `user` (`full_name`, `uuid`, `first_name`, `last_name`, `tenant_id`, `email`, `deleted`, `inactive`) VALUES ('Alyssa Kennedy', '962eefb0-098e-4aa3-844f-741875450f28', 'Alyssa', 'Kennedy', 'df234305-8a47-4b4d-8efb-716a6b695428', 'alyssa.kennedy@example.com', 0, 0);
INSERT INTO `user` (`full_name`, `uuid`, `first_name`, `last_name`, `tenant_id`, `email`, `deleted`, `inactive`) VALUES ('Jennifer Ryan', '94ce0291-4572-4ca4-88e3-50db5d17a97c', 'Jennifer', 'Ryan', 'df234305-8a47-4b4d-8efb-716a6b695428', 'jennifer.ryan@example.com', 0, 0);
INSERT INTO `user` (`full_name`, `uuid`, `first_name`, `last_name`, `tenant_id`, `email`, `deleted`, `inactive`) VALUES ('Blake Williams', '962edc4e-b718-4826-8ec6-5374e56c22e0', 'Blake', 'Williams', 'df234305-8a47-4b4d-8efb-716a6b695428', 'blake.williams@example.com', 0, 0);
INSERT INTO `user` (`full_name`, `uuid`, `first_name`, `last_name`, `tenant_id`, `email`, `deleted`, `inactive`) VALUES ('Anthony Frank', 'fb03aa2d-d959-4bc0-9f30-954e2a5c1f75', 'Anthony', 'Frank', 'df234305-8a47-4b4d-8efb-716a6b695428', 'anthony.frank@example.com', 0, 0);
INSERT INTO `user` (`full_name`, `uuid`, `first_name`, `last_name`, `tenant_id`, `email`, `deleted`, `inactive`) VALUES ('Jane Kerr', '1ffe1e3d-3381-49c2-9ce6-f68bc2f7d359', 'Jane', 'Kerr', 'df234305-8a47-4b4d-8efb-716a6b695428', 'jane.kerr@example.com', 0, 0);
INSERT INTO `user` (`full_name`, `uuid`, `first_name`, `last_name`, `tenant_id`, `email`, `deleted`, `inactive`) VALUES ('Edward Gallagher', 'b0887d9a-d61b-4bf0-9a20-41eab8515d1d', 'Edward', 'Gallagher', 'df234305-8a47-4b4d-8efb-716a6b695428', 'edward.gallagher@example.com', 0, 0);
INSERT INTO `user` (`full_name`, `uuid`, `first_name`, `last_name`, `tenant_id`, `email`, `deleted`, `inactive`) VALUES ('Jesus Smith', '8c169691-3c82-4275-ba96-16639cb3364c', 'Jesus', 'Smith', 'df234305-8a47-4b4d-8efb-716a6b695428', 'jesus.smith@example.com', 0, 0);
INSERT INTO `user` (`full_name`, `uuid`, `first_name`, `last_name`, `tenant_id`, `email`, `deleted`, `inactive`) VALUES ('Thomas Boyle', '9711810f-d2d7-4af9-ae07-ee0bb767e868', 'Thomas', 'Boyle', 'df234305-8a47-4b4d-8efb-716a6b695428', 'thomas.boyle@example.com', 0, 0);
INSERT INTO `user` (`full_name`, `uuid`, `first_name`, `last_name`, `tenant_id`, `email`, `deleted`, `inactive`) VALUES ('Meghan Martinez', 'ce2eb93e-fcc5-496f-8931-e5af1bfddf89', 'Meghan', 'Martinez', 'df234305-8a47-4b4d-8efb-716a6b695428', 'meghan.martinez@example.com', 0, 0);
INSERT INTO `user` (`full_name`, `uuid`, `first_name`, `last_name`, `tenant_id`, `email`, `deleted`, `inactive`) VALUES ('Kayla Dawson', 'f668a401-36ee-49b5-a3d7-4b3bc86f8729', 'Kayla', 'Dawson', 'df234305-8a47-4b4d-8efb-716a6b695428', 'kayla.dawson@example.com', 0, 0);
INSERT INTO `user` (`full_name`, `uuid`, `first_name`, `last_name`, `tenant_id`, `email`, `deleted`, `inactive`) VALUES ('Denise Bradley', '36c73a3d-b846-4e60-a604-5605b2c59343', 'Denise', 'Bradley', 'df234305-8a47-4b4d-8efb-716a6b695428', 'denise.bradley@example.com', 0, 0);
INSERT INTO `user` (`full_name`, `uuid`, `first_name`, `last_name`, `tenant_id`, `email`, `deleted`, `inactive`) VALUES ('Paul Flores', 'f21b3aa0-e39f-48a5-94fb-a64ab2fc6fd7', 'Paul', 'Flores', 'df234305-8a47-4b4d-8efb-716a6b695428', 'paul.flores@example.com', 0, 0);
INSERT INTO `user` (`full_name`, `uuid`, `first_name`, `last_name`, `tenant_id`, `email`, `deleted`, `inactive`) VALUES ('James Higgins', '31710912-4ff3-4092-b898-e1eea44d16fc', 'James', 'Higgins', 'df234305-8a47-4b4d-8efb-716a6b695428', 'james.higgins@example.com', 0, 0);
INSERT INTO `user` (`full_name`, `uuid`, `first_name`, `last_name`, `tenant_id`, `email`, `deleted`, `inactive`) VALUES ('Michael Long', 'f419c353-284b-4638-926e-65332358a8ff', 'Michael', 'Long', 'df234305-8a47-4b4d-8efb-716a6b695428', 'michael.long@example.com', 0, 0);
INSERT INTO `user` (`full_name`, `uuid`, `first_name`, `last_name`, `tenant_id`, `email`, `deleted`, `inactive`) VALUES ('Michael Santiago', 'a3493e65-02b0-4645-8223-010e1dfd7a8e', 'Michael', 'Santiago', 'df234305-8a47-4b4d-8efb-716a6b695428', 'michael.santiago@example.com', 0, 0);
INSERT INTO `user` (`full_name`, `uuid`, `first_name`, `last_name`, `tenant_id`, `email`, `deleted`, `inactive`) VALUES ('Eric Baker', '8fa32dc9-2a4b-4ee0-a117-a195c150f528', 'Eric', 'Baker', 'df234305-8a47-4b4d-8efb-716a6b695428', 'eric.baker@example.com', 0, 0);
INSERT INTO `user` (`full_name`, `uuid`, `first_name`, `last_name`, `tenant_id`, `email`, `deleted`, `inactive`) VALUES ('Mrs. Debra Friedman', '34ee5733-1137-49a6-9936-166fdd774058', 'Mrs.', 'Debra Friedman', 'df234305-8a47-4b4d-8efb-716a6b695428', 'mrs..debrafriedman@example.com', 0, 0);
INSERT INTO `user` (`full_name`, `uuid`, `first_name`, `last_name`, `tenant_id`, `email`, `deleted`, `inactive`) VALUES ('Tony Green', '544d57e4-d461-4f11-bfcd-d1cf88bc5f13', 'Tony', 'Green', 'df234305-8a47-4b4d-8efb-716a6b695428', 'tony.green@example.com', 0, 0);
INSERT INTO `user` (`full_name`, `uuid`, `first_name`, `last_name`, `tenant_id`, `email`, `deleted`, `inactive`) VALUES ('Kathleen Hopkins', '4990eab7-0f45-4e0a-be63-8f6b060731a8', 'Kathleen', 'Hopkins', 'df234305-8a47-4b4d-8efb-716a6b695428', 'kathleen.hopkins@example.com', 0, 0);
INSERT INTO `user` (`full_name`, `uuid`, `first_name`, `last_name`, `tenant_id`, `email`, `deleted`, `inactive`) VALUES ('Mr. Brandon Lewis', 'bb08c208-881e-4157-ac57-5e305f664d87', 'Mr.', 'Brandon Lewis', 'df234305-8a47-4b4d-8efb-716a6b695428', 'mr..brandonlewis@example.com', 0, 0);
INSERT INTO `user` (`full_name`, `uuid`, `first_name`, `last_name`, `tenant_id`, `email`, `deleted`, `inactive`) VALUES ('Robert Weaver', 'd6ca1426-aece-438c-adf4-8a77d486e675', 'Robert', 'Weaver', 'df234305-8a47-4b4d-8efb-716a6b695428', 'robert.weaver@example.com', 0, 0);
INSERT INTO `user` (`full_name`, `uuid`, `first_name`, `last_name`, `tenant_id`, `email`, `deleted`, `inactive`) VALUES ('Michael Elliott', 'dff89848-ea27-4374-9394-5ff1bca2548d', 'Michael', 'Elliott', 'df234305-8a47-4b4d-8efb-716a6b695428', 'michael.elliott@example.com', 0, 0);
INSERT INTO `user` (`full_name`, `uuid`, `first_name`, `last_name`, `tenant_id`, `email`, `deleted`, `inactive`) VALUES ('Pamela Garcia', '325beba5-999c-4f76-918a-4695d99262a4', 'Pamela', 'Garcia', 'df234305-8a47-4b4d-8efb-716a6b695428', 'pamela.garcia@example.com', 0, 0);
INSERT INTO `user` (`full_name`, `uuid`, `first_name`, `last_name`, `tenant_id`, `email`, `deleted`, `inactive`) VALUES ('Brett Thompson', '62bed5b3-0c53-4be3-9c5f-76d2e28b1694', 'Brett', 'Thompson', 'df234305-8a47-4b4d-8efb-716a6b695428', 'brett.thompson@example.com', 0, 0);
INSERT INTO `user` (`full_name`, `uuid`, `first_name`, `last_name`, `tenant_id`, `email`, `deleted`, `inactive`) VALUES ('Nicholas Rivera', 'b5e45670-a03b-4540-96e0-f4bb13703c04', 'Nicholas', 'Rivera', 'df234305-8a47-4b4d-8efb-716a6b695428', 'nicholas.rivera@example.com', 0, 0);
INSERT INTO `user` (`full_name`, `uuid`, `first_name`, `last_name`, `tenant_id`, `email`, `deleted`, `inactive`) VALUES ('Shannon Larson', '04dc3112-2e0e-4c15-b207-5f568dde1d5d', 'Shannon', 'Larson', 'df234305-8a47-4b4d-8efb-716a6b695428', 'shannon.larson@example.com', 0, 0);
INSERT INTO `user` (`full_name`, `uuid`, `first_name`, `last_name`, `tenant_id`, `email`, `deleted`, `inactive`) VALUES ('Jessica Alvarez', '6a8844de-da66-4c36-a4a9-9e269cebe36f', 'Jessica', 'Alvarez', 'df234305-8a47-4b4d-8efb-716a6b695428', 'jessica.alvarez@example.com', 0, 0);
INSERT INTO `user` (`full_name`, `uuid`, `first_name`, `last_name`, `tenant_id`, `email`, `deleted`, `inactive`) VALUES ('Sheri Robbins', 'd0c7ddc7-39e4-4fc2-8812-ee1e012b43c7', 'Sheri', 'Robbins', 'df234305-8a47-4b4d-8efb-716a6b695428', 'sheri.robbins@example.com', 0, 0);
INSERT INTO `user` (`full_name`, `uuid`, `first_name`, `last_name`, `tenant_id`, `email`, `deleted`, `inactive`) VALUES ('Amanda Cox', '5cbc1ea5-4932-4241-8904-c8fddc4b89b5', 'Amanda', 'Cox', 'df234305-8a47-4b4d-8efb-716a6b695428', 'amanda.cox@example.com', 0, 0);
INSERT INTO `user` (`full_name`, `uuid`, `first_name`, `last_name`, `tenant_id`, `email`, `deleted`, `inactive`) VALUES ('Mark Smith Jr.', '65249fa7-e01f-4b3f-ae4f-1e439bc1be7e', 'Mark', 'Smith Jr.', 'df234305-8a47-4b4d-8efb-716a6b695428', 'mark.smithjr.@example.com', 0, 0);
INSERT INTO `user` (`full_name`, `uuid`, `first_name`, `last_name`, `tenant_id`, `email`, `deleted`, `inactive`) VALUES ('Lori Barton', '6f8ad66f-a5fb-4459-95c3-025d21185cf6', 'Lori', 'Barton', 'df234305-8a47-4b4d-8efb-716a6b695428', 'lori.barton@example.com', 0, 0);
INSERT INTO `user` (`full_name`, `uuid`, `first_name`, `last_name`, `tenant_id`, `email`, `deleted`, `inactive`) VALUES ('Emily Diaz', '6e895982-e38a-4d90-8676-47d65ba2a716', 'Emily', 'Diaz', 'df234305-8a47-4b4d-8efb-716a6b695428', 'emily.diaz@example.com', 0, 0);
INSERT INTO `user` (`full_name`, `uuid`, `first_name`, `last_name`, `tenant_id`, `email`, `deleted`, `inactive`) VALUES ('Troy Peterson', '4caa50b3-e0dc-487f-97a0-fe936545c5d5', 'Troy', 'Peterson', 'df234305-8a47-4b4d-8efb-716a6b695428', 'troy.peterson@example.com', 0, 0);
INSERT INTO `user` (`full_name`, `uuid`, `first_name`, `last_name`, `tenant_id`, `email`, `deleted`, `inactive`) VALUES ('Gerald Long', '80049390-afed-4a06-b570-3886fee86240', 'Gerald', 'Long', 'df234305-8a47-4b4d-8efb-716a6b695428', 'gerald.long@example.com', 0, 0);
INSERT INTO `user` (`full_name`, `uuid`, `first_name`, `last_name`, `tenant_id`, `email`, `deleted`, `inactive`) VALUES ('Kevin Todd', '229b3ed7-0b6b-496b-a661-46bfd750cf00', 'Kevin', 'Todd', 'df234305-8a47-4b4d-8efb-716a6b695428', 'kevin.todd@example.com', 0, 0);
INSERT INTO `user` (`full_name`, `uuid`, `first_name`, `last_name`, `tenant_id`, `email`, `deleted`, `inactive`) VALUES ('Anthony Johnson', '86ff8fd3-e9a3-47b5-a5e8-f89db945c9ab', 'Anthony', 'Johnson', 'df234305-8a47-4b4d-8efb-716a6b695428', 'anthony.johnson@example.com', 0, 0);
INSERT INTO `user` (`full_name`, `uuid`, `first_name`, `last_name`, `tenant_id`, `email`, `deleted`, `inactive`) VALUES ('Beth Baker', '4fc572a2-6b16-46b0-8a51-619e2f8a1f90', 'Beth', 'Baker', 'df234305-8a47-4b4d-8efb-716a6b695428', 'beth.baker@example.com', 0, 0);
INSERT INTO `user` (`full_name`, `uuid`, `first_name`, `last_name`, `tenant_id`, `email`, `deleted`, `inactive`) VALUES ('Anthony Mack', '63f8c0ce-5cce-4398-82da-28516b8c9283', 'Anthony', 'Mack', 'df234305-8a47-4b4d-8efb-716a6b695428', 'anthony.mack@example.com', 0, 0);
INSERT INTO `user` (`full_name`, `uuid`, `first_name`, `last_name`, `tenant_id`, `email`, `deleted`, `inactive`) VALUES ('Katherine Robbins', '3daa0fda-f225-4d1b-be79-1788c6675ef8', 'Katherine', 'Robbins', 'df234305-8a47-4b4d-8efb-716a6b695428', 'katherine.robbins@example.com', 0, 0);
INSERT INTO `user` (`full_name`, `uuid`, `first_name`, `last_name`, `tenant_id`, `email`, `deleted`, `inactive`) VALUES ('Catherine Robertson', '78cc18b2-7a64-4443-9541-51829310fbc9', 'Catherine', 'Robertson', 'df234305-8a47-4b4d-8efb-716a6b695428', 'catherine.robertson@example.com', 0, 0);
INSERT INTO `user` (`full_name`, `uuid`, `first_name`, `last_name`, `tenant_id`, `email`, `deleted`, `inactive`) VALUES ('Jody Tran', '1a6b370a-23a8-4683-afcf-3a1cf4647a78', 'Jody', 'Tran', 'df234305-8a47-4b4d-8efb-716a6b695428', 'jody.tran@example.com', 0, 0);
INSERT INTO `user` (`full_name`, `uuid`, `first_name`, `last_name`, `tenant_id`, `email`, `deleted`, `inactive`) VALUES ('Kayla Macias', 'f061a661-7c08-4c02-9959-150320b87998', 'Kayla', 'Macias', 'df234305-8a47-4b4d-8efb-716a6b695428', 'kayla.macias@example.com', 0, 0);
INSERT INTO `user` (`full_name`, `uuid`, `first_name`, `last_name`, `tenant_id`, `email`, `deleted`, `inactive`) VALUES ('Stephen Morgan', '3b301915-89fd-4ebb-9834-1fd5c15fba40', 'Stephen', 'Morgan', 'df234305-8a47-4b4d-8efb-716a6b695428', 'stephen.morgan@example.com', 0, 0);
INSERT INTO `user` (`full_name`, `uuid`, `first_name`, `last_name`, `tenant_id`, `email`, `deleted`, `inactive`) VALUES ('Alicia Thomas', 'c613dab1-7b72-4c39-a868-0f0e5a926d17', 'Alicia', 'Thomas', 'df234305-8a47-4b4d-8efb-716a6b695428', 'alicia.thomas@example.com', 0, 0);
INSERT INTO `user` (`full_name`, `uuid`, `first_name`, `last_name`, `tenant_id`, `email`, `deleted`, `inactive`) VALUES ('Hector Matthews', '4a9a4f21-3a84-4c28-a4cc-6f472a87698d', 'Hector', 'Matthews', 'df234305-8a47-4b4d-8efb-716a6b695428', 'hector.matthews@example.com', 0, 0);
INSERT INTO `user` (`full_name`, `uuid`, `first_name`, `last_name`, `tenant_id`, `email`, `deleted`, `inactive`) VALUES ('Michael Armstrong', 'fd61a1f7-47a8-4f01-b697-fc5478b3d2d4', 'Michael', 'Armstrong', 'df234305-8a47-4b4d-8efb-716a6b695428', 'michael.armstrong@example.com', 0, 0);
INSERT INTO `user` (`full_name`, `uuid`, `first_name`, `last_name`, `tenant_id`, `email`, `deleted`, `inactive`) VALUES ('Mrs. Misty Morris', '48a8cb1b-cdeb-4aa7-830b-7a2fc61d0e2a', 'Mrs.', 'Misty Morris', 'df234305-8a47-4b4d-8efb-716a6b695428', 'mrs..mistymorris@example.com', 0, 0);
INSERT INTO `user` (`full_name`, `uuid`, `first_name`, `last_name`, `tenant_id`, `email`, `deleted`, `inactive`) VALUES ('Caroline Trujillo', '161a17ef-1a44-42a3-83fe-662bfbfc5106', 'Caroline', 'Trujillo', 'df234305-8a47-4b4d-8efb-716a6b695428', 'caroline.trujillo@example.com', 0, 0);
INSERT INTO `user` (`full_name`, `uuid`, `first_name`, `last_name`, `tenant_id`, `email`, `deleted`, `inactive`) VALUES ('Ashley Gonzalez', '9dbf1519-ae44-4c52-bcbb-51a3f5e624c5', 'Ashley', 'Gonzalez', 'df234305-8a47-4b4d-8efb-716a6b695428', 'ashley.gonzalez@example.com', 0, 0);
INSERT INTO `user` (`full_name`, `uuid`, `first_name`, `last_name`, `tenant_id`, `email`, `deleted`, `inactive`) VALUES ('Jennifer Lee', '6cca8a63-20a4-41e9-b358-cdeddd655277', 'Jennifer', 'Lee', 'df234305-8a47-4b4d-8efb-716a6b695428', 'jennifer.lee@example.com', 0, 0);
INSERT INTO `user` (`full_name`, `uuid`, `first_name`, `last_name`, `tenant_id`, `email`, `deleted`, `inactive`) VALUES ('James Fowler', '44ca841d-406c-4da4-867a-4ae6f544d22b', 'James', 'Fowler', 'df234305-8a47-4b4d-8efb-716a6b695428', 'james.fowler@example.com', 0, 0);
INSERT INTO `user` (`full_name`, `uuid`, `first_name`, `last_name`, `tenant_id`, `email`, `deleted`, `inactive`) VALUES ('Alice Raymond', '508433b9-e57e-4c1a-ad04-bafe3927e179', 'Alice', 'Raymond', 'df234305-8a47-4b4d-8efb-716a6b695428', 'alice.raymond@example.com', 0, 0);
INSERT INTO `user` (`full_name`, `uuid`, `first_name`, `last_name`, `tenant_id`, `email`, `deleted`, `inactive`) VALUES ('Daniel Williams', '98d9fdae-f9ca-46d1-a434-6cb61a46989b', 'Daniel', 'Williams', 'df234305-8a47-4b4d-8efb-716a6b695428', 'daniel.williams@example.com', 0, 0);
INSERT INTO `user` (`full_name`, `uuid`, `first_name`, `last_name`, `tenant_id`, `email`, `deleted`, `inactive`) VALUES ('Thomas Gray', 'c071e19c-928a-4336-bbbb-891178d769e9', 'Thomas', 'Gray', 'df234305-8a47-4b4d-8efb-716a6b695428', 'thomas.gray@example.com', 0, 0);
INSERT INTO `user` (`full_name`, `uuid`, `first_name`, `last_name`, `tenant_id`, `email`, `deleted`, `inactive`) VALUES ('Cameron Hammond', '014116e3-acbb-442f-88d2-600d06468c7f', 'Cameron', 'Hammond', 'df234305-8a47-4b4d-8efb-716a6b695428', 'cameron.hammond@example.com', 0, 0);
INSERT INTO `user` (`full_name`, `uuid`, `first_name`, `last_name`, `tenant_id`, `email`, `deleted`, `inactive`) VALUES ('Linda Henry', '90b8072d-e8dc-4067-b71a-838436e51f09', 'Linda', 'Henry', 'df234305-8a47-4b4d-8efb-716a6b695428', 'linda.henry@example.com', 0, 0);
INSERT INTO `user` (`full_name`, `uuid`, `first_name`, `last_name`, `tenant_id`, `email`, `deleted`, `inactive`) VALUES ('Angel Clark', 'e11a2afb-1531-44f8-9ecb-f26d1fdf5142', 'Angel', 'Clark', 'df234305-8a47-4b4d-8efb-716a6b695428', 'angel.clark@example.com', 0, 0);
INSERT INTO `user` (`full_name`, `uuid`, `first_name`, `last_name`, `tenant_id`, `email`, `deleted`, `inactive`) VALUES ('Benjamin Griffin', 'e29b7dea-d5cb-4f06-af9b-aabc31fb5f26', 'Benjamin', 'Griffin', 'df234305-8a47-4b4d-8efb-716a6b695428', 'benjamin.griffin@example.com', 0, 0);
INSERT INTO `user` (`full_name`, `uuid`, `first_name`, `last_name`, `tenant_id`, `email`, `deleted`, `inactive`) VALUES ('Cheryl Johnson', '89ccdef6-434c-4999-a780-030512fdf1ee', 'Cheryl', 'Johnson', 'df234305-8a47-4b4d-8efb-716a6b695428', 'cheryl.johnson@example.com', 0, 0);
INSERT INTO `user` (`full_name`, `uuid`, `first_name`, `last_name`, `tenant_id`, `email`, `deleted`, `inactive`) VALUES ('Valerie Ray', '7bfcba6e-0087-4be2-9004-e5bb2c386398', 'Valerie', 'Ray', 'df234305-8a47-4b4d-8efb-716a6b695428', 'valerie.ray@example.com', 0, 0);
INSERT INTO `user` (`full_name`, `uuid`, `first_name`, `last_name`, `tenant_id`, `email`, `deleted`, `inactive`) VALUES ('Ronald Berry', 'cb84444e-e1a7-4dc0-98fd-cdbe1705e44f', 'Ronald', 'Berry', 'df234305-8a47-4b4d-8efb-716a6b695428', 'ronald.berry@example.com', 0, 0);
INSERT INTO `user` (`full_name`, `uuid`, `first_name`, `last_name`, `tenant_id`, `email`, `deleted`, `inactive`) VALUES ('Mrs. Kathryn Peterson', '2d825907-cff7-4a4a-992c-8b7a8af0ff52', 'Mrs.', 'Kathryn Peterson', 'df234305-8a47-4b4d-8efb-716a6b695428', 'mrs..kathrynpeterson@example.com', 0, 0);
INSERT INTO `user` (`full_name`, `uuid`, `first_name`, `last_name`, `tenant_id`, `email`, `deleted`, `inactive`) VALUES ('Timothy Cohen', 'f8980fb2-1f64-4a4d-807e-1a4313ed1edd', 'Timothy', 'Cohen', 'df234305-8a47-4b4d-8efb-716a6b695428', 'timothy.cohen@example.com', 0, 0);
INSERT INTO `user` (`full_name`, `uuid`, `first_name`, `last_name`, `tenant_id`, `email`, `deleted`, `inactive`) VALUES ('Katherine Mooney', 'f8a37207-de64-40c5-9273-91d97b346810', 'Katherine', 'Mooney', 'df234305-8a47-4b4d-8efb-716a6b695428', 'katherine.mooney@example.com', 0, 0);
INSERT INTO `user` (`full_name`, `uuid`, `first_name`, `last_name`, `tenant_id`, `email`, `deleted`, `inactive`) VALUES ('Kara Mcfarland', '583e8c6f-fcaf-49eb-b356-e98a412b3efc', 'Kara', 'Mcfarland', 'df234305-8a47-4b4d-8efb-716a6b695428', 'kara.mcfarland@example.com', 0, 0);
INSERT INTO `user` (`full_name`, `uuid`, `first_name`, `last_name`, `tenant_id`, `email`, `deleted`, `inactive`) VALUES ('Kim Morrison', '9cb2138b-2c11-4f29-b1aa-23e397204fd4', 'Kim', 'Morrison', 'df234305-8a47-4b4d-8efb-716a6b695428', 'kim.morrison@example.com', 0, 0);
INSERT INTO `user` (`full_name`, `uuid`, `first_name`, `last_name`, `tenant_id`, `email`, `deleted`, `inactive`) VALUES ('Lisa Hammond', '36552e77-b2bf-4e60-ae68-c3be5e153be7', 'Lisa', 'Hammond', 'df234305-8a47-4b4d-8efb-716a6b695428', 'lisa.hammond@example.com', 0, 0);
INSERT INTO `user` (`full_name`, `uuid`, `first_name`, `last_name`, `tenant_id`, `email`, `deleted`, `inactive`) VALUES ('John Cisneros', '0abb1756-582d-4fd0-9456-17691ba22b7e', 'John', 'Cisneros', 'df234305-8a47-4b4d-8efb-716a6b695428', 'john.cisneros@example.com', 0, 0);
INSERT INTO `user` (`full_name`, `uuid`, `first_name`, `last_name`, `tenant_id`, `email`, `deleted`, `inactive`) VALUES ('Scott Johnson', '0f8a0604-4cb8-4198-9ee6-b0a0f169aa88', 'Scott', 'Johnson', 'df234305-8a47-4b4d-8efb-716a6b695428', 'scott.johnson@example.com', 0, 0);
INSERT INTO `user` (`full_name`, `uuid`, `first_name`, `last_name`, `tenant_id`, `email`, `deleted`, `inactive`) VALUES ('Tyler Wright', '7b479edb-5709-44d5-b8f1-e0dc2e31c2b2', 'Tyler', 'Wright', 'df234305-8a47-4b4d-8efb-716a6b695428', 'tyler.wright@example.com', 0, 0);
INSERT INTO `user` (`full_name`, `uuid`, `first_name`, `last_name`, `tenant_id`, `email`, `deleted`, `inactive`) VALUES ('Mr. Jared Meyer', 'a17c9121-7082-43b6-8658-2660e5a0b843', 'Mr.', 'Jared Meyer', 'df234305-8a47-4b4d-8efb-716a6b695428', 'mr..jaredmeyer@example.com', 0, 0);
INSERT INTO `user` (`full_name`, `uuid`, `first_name`, `last_name`, `tenant_id`, `email`, `deleted`, `inactive`) VALUES ('Rhonda Daniels', '08923b0a-5ee3-4f46-b7ac-53d61510f543', 'Rhonda', 'Daniels', 'df234305-8a47-4b4d-8efb-716a6b695428', 'rhonda.daniels@example.com', 0, 0);
INSERT INTO `user` (`full_name`, `uuid`, `first_name`, `last_name`, `tenant_id`, `email`, `deleted`, `inactive`) VALUES ('Jennifer Patel MD', 'f521d1c5-68ea-4e32-aaa7-2a1d72373f2e', 'Jennifer', 'Patel MD', 'df234305-8a47-4b4d-8efb-716a6b695428', 'jennifer.patelmd@example.com', 0, 0);
INSERT INTO `user` (`full_name`, `uuid`, `first_name`, `last_name`, `tenant_id`, `email`, `deleted`, `inactive`) VALUES ('Lisa Carter', '5d61d4a8-e3c8-43df-b209-6e5569b321ee', 'Lisa', 'Carter', 'df234305-8a47-4b4d-8efb-716a6b695428', 'lisa.carter@example.com', 0, 0);
INSERT INTO `user` (`full_name`, `uuid`, `first_name`, `last_name`, `tenant_id`, `email`, `deleted`, `inactive`) VALUES ('Jason Thomas', '4015e2a1-a58e-4934-bd0d-4d750e3926cc', 'Jason', 'Thomas', 'df234305-8a47-4b4d-8efb-716a6b695428', 'jason.thomas@example.com', 0, 0);
INSERT INTO `user` (`full_name`, `uuid`, `first_name`, `last_name`, `tenant_id`, `email`, `deleted`, `inactive`) VALUES ('Jonathon Mckee', '4a8bf08d-b841-4c99-9724-f456f460f683', 'Jonathon', 'Mckee', 'df234305-8a47-4b4d-8efb-716a6b695428', 'jonathon.mckee@example.com', 0, 0);
INSERT INTO `user` (`full_name`, `uuid`, `first_name`, `last_name`, `tenant_id`, `email`, `deleted`, `inactive`) VALUES ('Sue Frazier', '9f1327b9-3d28-496a-bdbc-9db0a0ae0f7d', 'Sue', 'Frazier', 'df234305-8a47-4b4d-8efb-716a6b695428', 'sue.frazier@example.com', 0, 0);
INSERT INTO `user` (`full_name`, `uuid`, `first_name`, `last_name`, `tenant_id`, `email`, `deleted`, `inactive`) VALUES ('John Ryan', 'ba2b20b9-00ca-43b3-a0c0-10ac468a0951', 'John', 'Ryan', 'df234305-8a47-4b4d-8efb-716a6b695428', 'john.ryan@example.com', 0, 0);
INSERT INTO `user` (`full_name`, `uuid`, `first_name`, `last_name`, `tenant_id`, `email`, `deleted`, `inactive`) VALUES ('Daniel Hughes', 'b22959de-1953-4551-8a0f-d75d7fff9be2', 'Daniel', 'Hughes', 'df234305-8a47-4b4d-8efb-716a6b695428', 'daniel.hughes@example.com', 0, 0);
INSERT INTO `user` (`full_name`, `uuid`, `first_name`, `last_name`, `tenant_id`, `email`, `deleted`, `inactive`) VALUES ('Jasmine Carter', '781538d7-30ee-4522-b792-8f9359017880', 'Jasmine', 'Carter', 'df234305-8a47-4b4d-8efb-716a6b695428', 'jasmine.carter@example.com', 0, 0);
INSERT INTO `user` (`full_name`, `uuid`, `first_name`, `last_name`, `tenant_id`, `email`, `deleted`, `inactive`) VALUES ('Jerry Ingram', '1172026d-5e01-421b-a16e-266d98d58c77', 'Jerry', 'Ingram', 'df234305-8a47-4b4d-8efb-716a6b695428', 'jerry.ingram@example.com', 0, 0);
INSERT INTO `user` (`full_name`, `uuid`, `first_name`, `last_name`, `tenant_id`, `email`, `deleted`, `inactive`) VALUES ('Rhonda Burnett', '48b0532b-5c9d-4432-a15d-bdac667c0ed8', 'Rhonda', 'Burnett', 'df234305-8a47-4b4d-8efb-716a6b695428', 'rhonda.burnett@example.com', 0, 0);
INSERT INTO `user` (`full_name`, `uuid`, `first_name`, `last_name`, `tenant_id`, `email`, `deleted`, `inactive`) VALUES ('Ryan Mcdonald', 'e24f7576-009a-448e-ab9c-9387cf9c3df2', 'Ryan', 'Mcdonald', 'df234305-8a47-4b4d-8efb-716a6b695428', 'ryan.mcdonald@example.com', 0, 0);
INSERT INTO `user` (`full_name`, `uuid`, `first_name`, `last_name`, `tenant_id`, `email`, `deleted`, `inactive`) VALUES ('Mark Gonzales', '496099b9-b4d9-4ec7-9464-f063031a6def', 'Mark', 'Gonzales', 'df234305-8a47-4b4d-8efb-716a6b695428', 'mark.gonzales@example.com', 0, 0);
INSERT INTO `user` (`full_name`, `uuid`, `first_name`, `last_name`, `tenant_id`, `email`, `deleted`, `inactive`) VALUES ('Elizabeth Williams', '57cf7293-c105-4b3b-9d38-addc2108deb1', 'Elizabeth', 'Williams', 'df234305-8a47-4b4d-8efb-716a6b695428', 'elizabeth.williams@example.com', 0, 0);
INSERT INTO `user` (`full_name`, `uuid`, `first_name`, `last_name`, `tenant_id`, `email`, `deleted`, `inactive`) VALUES ('Jasmine Thompson', 'd9ea77f3-30a2-47e3-b7c1-566f130dfef6', 'Jasmine', 'Thompson', 'df234305-8a47-4b4d-8efb-716a6b695428', 'jasmine.thompson@example.com', 0, 0);
INSERT INTO `user` (`full_name`, `uuid`, `first_name`, `last_name`, `tenant_id`, `email`, `deleted`, `inactive`) VALUES ('Brandon Trevino', 'e5729380-edef-4e87-bc52-f53e7431448f', 'Brandon', 'Trevino', 'df234305-8a47-4b4d-8efb-716a6b695428', 'brandon.trevino@example.com', 0, 0);
INSERT INTO `user` (`full_name`, `uuid`, `first_name`, `last_name`, `tenant_id`, `email`, `deleted`, `inactive`) VALUES ('Deborah Young', 'd323b687-21b5-4b31-a844-807580852019', 'Deborah', 'Young', 'df234305-8a47-4b4d-8efb-716a6b695428', 'deborah.young@example.com', 0, 0);
INSERT INTO `user` (`full_name`, `uuid`, `first_name`, `last_name`, `tenant_id`, `email`, `deleted`, `inactive`) VALUES ('Timothy Hale', '20d520af-f113-4b75-a12e-e9f4d4e27432', 'Timothy', 'Hale', 'df234305-8a47-4b4d-8efb-716a6b695428', 'timothy.hale@example.com', 0, 0);
INSERT INTO `user` (`full_name`, `uuid`, `first_name`, `last_name`, `tenant_id`, `email`, `deleted`, `inactive`) VALUES ('Brandon Phelps', '1be0810e-0a4b-46d2-bb3f-ead28595aa41', 'Brandon', 'Phelps', 'df234305-8a47-4b4d-8efb-716a6b695428', 'brandon.phelps@example.com', 0, 0);
INSERT INTO `user` (`full_name`, `uuid`, `first_name`, `last_name`, `tenant_id`, `email`, `deleted`, `inactive`) VALUES ('Krista Jones', '5d835195-b2e4-43a7-874d-4f4a13ec63fc', 'Krista', 'Jones', 'df234305-8a47-4b4d-8efb-716a6b695428', 'krista.jones@example.com', 0, 0);
INSERT INTO `user` (`full_name`, `uuid`, `first_name`, `last_name`, `tenant_id`, `email`, `deleted`, `inactive`) VALUES ('Erika Davis', '32a7696c-2db2-451d-a574-da29806d839e', 'Erika', 'Davis', 'df234305-8a47-4b4d-8efb-716a6b695428', 'erika.davis@example.com', 0, 0);
INSERT INTO `user` (`full_name`, `uuid`, `first_name`, `last_name`, `tenant_id`, `email`, `deleted`, `inactive`) VALUES ('Brian King', '3e8a6427-cf83-4359-80ca-6898b8878d71', 'Brian', 'King', 'df234305-8a47-4b4d-8efb-716a6b695428', 'brian.king@example.com', 0, 0);
INSERT INTO `user` (`full_name`, `uuid`, `first_name`, `last_name`, `tenant_id`, `email`, `deleted`, `inactive`) VALUES ('Eugene Obrien', '8b8453db-87b3-46f3-9ffc-b01e6a7be56b', 'Eugene', 'Obrien', 'df234305-8a47-4b4d-8efb-716a6b695428', 'eugene.obrien@example.com', 0, 0);
INSERT INTO `user` (`full_name`, `uuid`, `first_name`, `last_name`, `tenant_id`, `email`, `deleted`, `inactive`) VALUES ('Gary King', 'a6fa271b-6953-43e8-b194-7c847729699e', 'Gary', 'King', 'df234305-8a47-4b4d-8efb-716a6b695428', 'gary.king@example.com', 0, 0);
INSERT INTO `user` (`full_name`, `uuid`, `first_name`, `last_name`, `tenant_id`, `email`, `deleted`, `inactive`) VALUES ('Dr. Danielle Mcclain', '5d23773e-8967-454b-9764-e13f41347042', 'Dr.', 'Danielle Mcclain', 'df234305-8a47-4b4d-8efb-716a6b695428', 'dr..daniellemcclain@example.com', 0, 0);
INSERT INTO `user` (`full_name`, `uuid`, `first_name`, `last_name`, `tenant_id`, `email`, `deleted`, `inactive`) VALUES ('Samantha Collins', '5a1dd935-d6c1-422d-8fff-1f9c33886748', 'Samantha', 'Collins', 'df234305-8a47-4b4d-8efb-716a6b695428', 'samantha.collins@example.com', 0, 0);
INSERT INTO `user` (`full_name`, `uuid`, `first_name`, `last_name`, `tenant_id`, `email`, `deleted`, `inactive`) VALUES ('Andre Hall', '1e02036e-f11c-4970-8d35-0e5fe91d0da4', 'Andre', 'Hall', 'df234305-8a47-4b4d-8efb-716a6b695428', 'andre.hall@example.com', 0, 0);
INSERT INTO `user` (`full_name`, `uuid`, `first_name`, `last_name`, `tenant_id`, `email`, `deleted`, `inactive`) VALUES ('John Bauer', 'df32da01-c11f-404f-b25d-d9df70ff2bba', 'John', 'Bauer', 'df234305-8a47-4b4d-8efb-716a6b695428', 'john.bauer@example.com', 0, 0);
INSERT INTO `user` (`full_name`, `uuid`, `first_name`, `last_name`, `tenant_id`, `email`, `deleted`, `inactive`) VALUES ('Elizabeth Baker', 'e954d3a7-be41-412b-b8d9-add732077f11', 'Elizabeth', 'Baker', 'df234305-8a47-4b4d-8efb-716a6b695428', 'elizabeth.baker@example.com', 0, 0);
INSERT INTO `user` (`full_name`, `uuid`, `first_name`, `last_name`, `tenant_id`, `email`, `deleted`, `inactive`) VALUES ('Laurie Zamora', '853a4773-fbc3-452c-b895-9de797e56fe3', 'Laurie', 'Zamora', 'df234305-8a47-4b4d-8efb-716a6b695428', 'laurie.zamora@example.com', 0, 0);
INSERT INTO `user` (`full_name`, `uuid`, `first_name`, `last_name`, `tenant_id`, `email`, `deleted`, `inactive`) VALUES ('Jason Rojas', '25eeeefe-2b0e-4024-a642-ecafe20597e1', 'Jason', 'Rojas', 'df234305-8a47-4b4d-8efb-716a6b695428', 'jason.rojas@example.com', 0, 0);
INSERT INTO `user` (`full_name`, `uuid`, `first_name`, `last_name`, `tenant_id`, `email`, `deleted`, `inactive`) VALUES ('Tyler Malone', '4e837f90-7de7-4bf6-a86b-9915048ec078', 'Tyler', 'Malone', 'df234305-8a47-4b4d-8efb-716a6b695428', 'tyler.malone@example.com', 0, 0);
INSERT INTO `user` (`full_name`, `uuid`, `first_name`, `last_name`, `tenant_id`, `email`, `deleted`, `inactive`) VALUES ('Cindy Gordon', 'cc239695-891c-4a54-85d4-5ecef39da8a1', 'Cindy', 'Gordon', 'df234305-8a47-4b4d-8efb-716a6b695428', 'cindy.gordon@example.com', 0, 0);
INSERT INTO `user` (`full_name`, `uuid`, `first_name`, `last_name`, `tenant_id`, `email`, `deleted`, `inactive`) VALUES ('Tyler Foster', 'f09e9f92-4e95-42ca-bc51-960c13cdbe15', 'Tyler', 'Foster', 'df234305-8a47-4b4d-8efb-716a6b695428', 'tyler.foster@example.com', 0, 0);
INSERT INTO `user` (`full_name`, `uuid`, `first_name`, `last_name`, `tenant_id`, `email`, `deleted`, `inactive`) VALUES ('Johnny Beck', '139b8e55-adb1-4b72-b3f4-eb9d20b9505c', 'Johnny', 'Beck', 'df234305-8a47-4b4d-8efb-716a6b695428', 'johnny.beck@example.com', 0, 0);
INSERT INTO `user` (`full_name`, `uuid`, `first_name`, `last_name`, `tenant_id`, `email`, `deleted`, `inactive`) VALUES ('Latoya Gray', '28a3ca93-426b-42ff-8402-f5d02d329093', 'Latoya', 'Gray', 'df234305-8a47-4b4d-8efb-716a6b695428', 'latoya.gray@example.com', 0, 0);
INSERT INTO `user` (`full_name`, `uuid`, `first_name`, `last_name`, `tenant_id`, `email`, `deleted`, `inactive`) VALUES ('Austin Sullivan', '777ed714-85ee-47d4-aef0-ecadf69a7bbd', 'Austin', 'Sullivan', 'df234305-8a47-4b4d-8efb-716a6b695428', 'austin.sullivan@example.com', 0, 0);
INSERT INTO `user` (`full_name`, `uuid`, `first_name`, `last_name`, `tenant_id`, `email`, `deleted`, `inactive`) VALUES ('Brandon Miranda', '8948da37-e04e-44e6-9a68-e5f2e0b7acbc', 'Brandon', 'Miranda', 'df234305-8a47-4b4d-8efb-716a6b695428', 'brandon.miranda@example.com', 0, 0);
INSERT INTO `user` (`full_name`, `uuid`, `first_name`, `last_name`, `tenant_id`, `email`, `deleted`, `inactive`) VALUES ('David Moore', '38077e20-19b4-4e12-b2d4-658e697a3f81', 'David', 'Moore', 'df234305-8a47-4b4d-8efb-716a6b695428', 'david.moore@example.com', 0, 0);
INSERT INTO `user` (`full_name`, `uuid`, `first_name`, `last_name`, `tenant_id`, `email`, `deleted`, `inactive`) VALUES ('Danny Lawson', 'cdd5ac45-82ca-49c4-a671-68e45fff4071', 'Danny', 'Lawson', 'df234305-8a47-4b4d-8efb-716a6b695428', 'danny.lawson@example.com', 0, 0);
INSERT INTO `user` (`full_name`, `uuid`, `first_name`, `last_name`, `tenant_id`, `email`, `deleted`, `inactive`) VALUES ('Dawn Williamson', '6d859924-97a8-440c-b7e2-ef1caf78258a', 'Dawn', 'Williamson', 'df234305-8a47-4b4d-8efb-716a6b695428', 'dawn.williamson@example.com', 0, 0);
INSERT INTO `user` (`full_name`, `uuid`, `first_name`, `last_name`, `tenant_id`, `email`, `deleted`, `inactive`) VALUES ('Brandon Leonard', 'a2740d98-665a-4a7f-b175-9d07127c50ec', 'Brandon', 'Leonard', 'df234305-8a47-4b4d-8efb-716a6b695428', 'brandon.leonard@example.com', 0, 0);
INSERT INTO `user` (`full_name`, `uuid`, `first_name`, `last_name`, `tenant_id`, `email`, `deleted`, `inactive`) VALUES ('Jeff Henry', '063028a7-f9be-4d35-a431-9138f050f4df', 'Jeff', 'Henry', 'df234305-8a47-4b4d-8efb-716a6b695428', 'jeff.henry@example.com', 0, 0);
INSERT INTO `user` (`full_name`, `uuid`, `first_name`, `last_name`, `tenant_id`, `email`, `deleted`, `inactive`) VALUES ('Lisa Hughes', '315f7560-f5c7-493c-b08a-a58fa484127d', 'Lisa', 'Hughes', 'df234305-8a47-4b4d-8efb-716a6b695428', 'lisa.hughes@example.com', 0, 0);
INSERT INTO `user` (`full_name`, `uuid`, `first_name`, `last_name`, `tenant_id`, `email`, `deleted`, `inactive`) VALUES ('Brandon Briggs', '91ce653d-f473-4bdf-84cd-a8f809fa6a21', 'Brandon', 'Briggs', 'df234305-8a47-4b4d-8efb-716a6b695428', 'brandon.briggs@example.com', 0, 0);
INSERT INTO `user` (`full_name`, `uuid`, `first_name`, `last_name`, `tenant_id`, `email`, `deleted`, `inactive`) VALUES ('Jennifer Howard', '81c80328-7820-405d-8218-7e736fa12af4', 'Jennifer', 'Howard', 'df234305-8a47-4b4d-8efb-716a6b695428', 'jennifer.howard@example.com', 0, 0);
INSERT INTO `user` (`full_name`, `uuid`, `first_name`, `last_name`, `tenant_id`, `email`, `deleted`, `inactive`) VALUES ('Jeffrey Brock', '4c4f9e3e-390b-4ffd-aab3-fd5e9caef62f', 'Jeffrey', 'Brock', 'df234305-8a47-4b4d-8efb-716a6b695428', 'jeffrey.brock@example.com', 0, 0);
INSERT INTO `user` (`full_name`, `uuid`, `first_name`, `last_name`, `tenant_id`, `email`, `deleted`, `inactive`) VALUES ('Michael Schroeder', '959f38cd-a405-425a-8d5d-60610c34c215', 'Michael', 'Schroeder', 'df234305-8a47-4b4d-8efb-716a6b695428', 'michael.schroeder@example.com', 0, 0);
INSERT INTO `user` (`full_name`, `uuid`, `first_name`, `last_name`, `tenant_id`, `email`, `deleted`, `inactive`) VALUES ('Jennifer Trevino', 'c9c7d100-de57-4b6f-92e8-ed48fc9e7068', 'Jennifer', 'Trevino', 'df234305-8a47-4b4d-8efb-716a6b695428', 'jennifer.trevino@example.com', 0, 0);
INSERT INTO `user` (`full_name`, `uuid`, `first_name`, `last_name`, `tenant_id`, `email`, `deleted`, `inactive`) VALUES ('Kevin Peters', '5e55db68-fe53-466d-b472-c91e995c2dc4', 'Kevin', 'Peters', 'df234305-8a47-4b4d-8efb-716a6b695428', 'kevin.peters@example.com', 0, 0);
INSERT INTO `user` (`full_name`, `uuid`, `first_name`, `last_name`, `tenant_id`, `email`, `deleted`, `inactive`) VALUES ('Virginia Miller', '1ebffbde-3d44-4689-b3aa-691e8dce42a8', 'Virginia', 'Miller', 'df234305-8a47-4b4d-8efb-716a6b695428', 'virginia.miller@example.com', 0, 0);
INSERT INTO `user` (`full_name`, `uuid`, `first_name`, `last_name`, `tenant_id`, `email`, `deleted`, `inactive`) VALUES ('Marc Ramos', 'd3f93d85-2434-46b3-8be2-c297984112f9', 'Marc', 'Ramos', 'df234305-8a47-4b4d-8efb-716a6b695428', 'marc.ramos@example.com', 0, 0);
INSERT INTO `user` (`full_name`, `uuid`, `first_name`, `last_name`, `tenant_id`, `email`, `deleted`, `inactive`) VALUES ('Jonathan Thomas Jr.', 'e94d0d32-fa86-451b-a4b4-9687b8955cdb', 'Jonathan', 'Thomas Jr.', 'df234305-8a47-4b4d-8efb-716a6b695428', 'jonathan.thomasjr.@example.com', 0, 0);
INSERT INTO `user` (`full_name`, `uuid`, `first_name`, `last_name`, `tenant_id`, `email`, `deleted`, `inactive`) VALUES ('Megan Dalton', '5ac952eb-f878-4b0d-ad24-fb53dcdd8c14', 'Megan', 'Dalton', 'df234305-8a47-4b4d-8efb-716a6b695428', 'megan.dalton@example.com', 0, 0);
INSERT INTO `user` (`full_name`, `uuid`, `first_name`, `last_name`, `tenant_id`, `email`, `deleted`, `inactive`) VALUES ('Dale Herman', 'ab993e80-df11-44f3-8afe-b53babcbea2f', 'Dale', 'Herman', 'df234305-8a47-4b4d-8efb-716a6b695428', 'dale.herman@example.com', 0, 0);
INSERT INTO `user` (`full_name`, `uuid`, `first_name`, `last_name`, `tenant_id`, `email`, `deleted`, `inactive`) VALUES ('Heather Bennett', 'e0c17467-3e30-4742-8109-18447f97f114', 'Heather', 'Bennett', 'df234305-8a47-4b4d-8efb-716a6b695428', 'heather.bennett@example.com', 0, 0);
INSERT INTO `user` (`full_name`, `uuid`, `first_name`, `last_name`, `tenant_id`, `email`, `deleted`, `inactive`) VALUES ('Matthew Todd', '6dd7e225-56d4-4440-a28d-3ad181d31f8f', 'Matthew', 'Todd', 'df234305-8a47-4b4d-8efb-716a6b695428', 'matthew.todd@example.com', 0, 0);
INSERT INTO `user` (`full_name`, `uuid`, `first_name`, `last_name`, `tenant_id`, `email`, `deleted`, `inactive`) VALUES ('Bryan Martinez', '7d18c858-9d81-4d91-b711-3baca0def003', 'Bryan', 'Martinez', 'df234305-8a47-4b4d-8efb-716a6b695428', 'bryan.martinez@example.com', 0, 0);
INSERT INTO `user` (`full_name`, `uuid`, `first_name`, `last_name`, `tenant_id`, `email`, `deleted`, `inactive`) VALUES ('Roger Moreno', 'b18f5b18-d42c-4c0f-a1c5-11fdf0e78f9e', 'Roger', 'Moreno', 'df234305-8a47-4b4d-8efb-716a6b695428', 'roger.moreno@example.com', 0, 0);
INSERT INTO `user` (`full_name`, `uuid`, `first_name`, `last_name`, `tenant_id`, `email`, `deleted`, `inactive`) VALUES ('David Henson', '6c36445c-d854-4674-b335-bf08c0e7d16f', 'David', 'Henson', 'df234305-8a47-4b4d-8efb-716a6b695428', 'david.henson@example.com', 0, 0);
INSERT INTO `user` (`full_name`, `uuid`, `first_name`, `last_name`, `tenant_id`, `email`, `deleted`, `inactive`) VALUES ('Patricia Cooke', 'b1834e51-4529-4672-bb41-2eb56e4d8eee', 'Patricia', 'Cooke', 'df234305-8a47-4b4d-8efb-716a6b695428', 'patricia.cooke@example.com', 0, 0);
INSERT INTO `user` (`full_name`, `uuid`, `first_name`, `last_name`, `tenant_id`, `email`, `deleted`, `inactive`) VALUES ('John Smith', 'f1e9e7c6-fac3-4e81-9c33-956a6e6a8c65', 'John', 'Smith', 'df234305-8a47-4b4d-8efb-716a6b695428', 'john.smith@example.com', 0, 0);
INSERT INTO `user` (`full_name`, `uuid`, `first_name`, `last_name`, `tenant_id`, `email`, `deleted`, `inactive`) VALUES ('Randy Patterson', '7af945cc-f992-4fd6-a21a-c3e9c4e55690', 'Randy', 'Patterson', 'df234305-8a47-4b4d-8efb-716a6b695428', 'randy.patterson@example.com', 0, 0);
INSERT INTO `user` (`full_name`, `uuid`, `first_name`, `last_name`, `tenant_id`, `email`, `deleted`, `inactive`) VALUES ('Mr. Brian Wiley', 'bd661a21-b0ed-4ebc-bd48-b86879213ff6', 'Mr.', 'Brian Wiley', 'df234305-8a47-4b4d-8efb-716a6b695428', 'mr..brianwiley@example.com', 0, 0);
INSERT INTO `user` (`full_name`, `uuid`, `first_name`, `last_name`, `tenant_id`, `email`, `deleted`, `inactive`) VALUES ('David Goodwin', '2bb748e8-8fc0-4345-a0ce-96059241fe39', 'David', 'Goodwin', 'df234305-8a47-4b4d-8efb-716a6b695428', 'david.goodwin@example.com', 0, 0);
INSERT INTO `user` (`full_name`, `uuid`, `first_name`, `last_name`, `tenant_id`, `email`, `deleted`, `inactive`) VALUES ('Heather Horne', 'fcd2db2c-eafc-4a1f-871d-0dd7b38f6cf1', 'Heather', 'Horne', 'df234305-8a47-4b4d-8efb-716a6b695428', 'heather.horne@example.com', 0, 0);
INSERT INTO `user` (`full_name`, `uuid`, `first_name`, `last_name`, `tenant_id`, `email`, `deleted`, `inactive`) VALUES ('Maria Vargas', 'bbd2489e-06eb-421b-a8a3-93fbb6616c0b', 'Maria', 'Vargas', 'df234305-8a47-4b4d-8efb-716a6b695428', 'maria.vargas@example.com', 0, 0);
INSERT INTO `user` (`full_name`, `uuid`, `first_name`, `last_name`, `tenant_id`, `email`, `deleted`, `inactive`) VALUES ('Angela Wells', '80c7ae58-ef24-48a4-992a-08d6f0c00820', 'Angela', 'Wells', 'df234305-8a47-4b4d-8efb-716a6b695428', 'angela.wells@example.com', 0, 0);
INSERT INTO `user` (`full_name`, `uuid`, `first_name`, `last_name`, `tenant_id`, `email`, `deleted`, `inactive`) VALUES ('Joseph Ferguson', '7e62f987-1f02-46f5-b36f-2aed0d4740a9', 'Joseph', 'Ferguson', 'df234305-8a47-4b4d-8efb-716a6b695428', 'joseph.ferguson@example.com', 0, 0);
INSERT INTO `user` (`full_name`, `uuid`, `first_name`, `last_name`, `tenant_id`, `email`, `deleted`, `inactive`) VALUES ('Randy Taylor', 'd7c012a3-ceb2-46f0-9890-8aa699fb5ac8', 'Randy', 'Taylor', 'df234305-8a47-4b4d-8efb-716a6b695428', 'randy.taylor@example.com', 0, 0);
INSERT INTO `user` (`full_name`, `uuid`, `first_name`, `last_name`, `tenant_id`, `email`, `deleted`, `inactive`) VALUES ('John Alvarado', 'abd06cff-069b-4cdb-8b74-b2f44a92eb29', 'John', 'Alvarado', 'df234305-8a47-4b4d-8efb-716a6b695428', 'john.alvarado@example.com', 0, 0);
INSERT INTO `user` (`full_name`, `uuid`, `first_name`, `last_name`, `tenant_id`, `email`, `deleted`, `inactive`) VALUES ('Jeffrey Evans', '03357819-d8b6-4f20-9cfe-bb510ae0494f', 'Jeffrey', 'Evans', 'df234305-8a47-4b4d-8efb-716a6b695428', 'jeffrey.evans@example.com', 0, 0);
INSERT INTO `user` (`full_name`, `uuid`, `first_name`, `last_name`, `tenant_id`, `email`, `deleted`, `inactive`) VALUES ('Kelsey Martinez', '5ff9080c-af77-4fd2-87e3-90968a9fc581', 'Kelsey', 'Martinez', 'df234305-8a47-4b4d-8efb-716a6b695428', 'kelsey.martinez@example.com', 0, 0);
INSERT INTO `user` (`full_name`, `uuid`, `first_name`, `last_name`, `tenant_id`, `email`, `deleted`, `inactive`) VALUES ('Kristen Jackson', '6d5b7474-4fb2-4886-9ed3-80489a6d02e8', 'Kristen', 'Jackson', 'df234305-8a47-4b4d-8efb-716a6b695428', 'kristen.jackson@example.com', 0, 0);
INSERT INTO `user` (`full_name`, `uuid`, `first_name`, `last_name`, `tenant_id`, `email`, `deleted`, `inactive`) VALUES ('Tamara Simmons', 'a7296ac9-7d25-465b-a23c-4da0d8aad9b6', 'Tamara', 'Simmons', 'df234305-8a47-4b4d-8efb-716a6b695428', 'tamara.simmons@example.com', 0, 0);
INSERT INTO `user` (`full_name`, `uuid`, `first_name`, `last_name`, `tenant_id`, `email`, `deleted`, `inactive`) VALUES ('David Johnson', '20da1ba0-349b-4481-95d5-7a6fd1ad2ea3', 'David', 'Johnson', 'df234305-8a47-4b4d-8efb-716a6b695428', 'david.johnson@example.com', 0, 0);
INSERT INTO `user` (`full_name`, `uuid`, `first_name`, `last_name`, `tenant_id`, `email`, `deleted`, `inactive`) VALUES ('Jose James', '0a660921-904d-45fe-acfd-485e227f080c', 'Jose', 'James', 'df234305-8a47-4b4d-8efb-716a6b695428', 'jose.james@example.com', 0, 0);
INSERT INTO `user` (`full_name`, `uuid`, `first_name`, `last_name`, `tenant_id`, `email`, `deleted`, `inactive`) VALUES ('Michael Randall', '88f7e481-5fa1-49cb-8e27-341fb9bd841c', 'Michael', 'Randall', 'df234305-8a47-4b4d-8efb-716a6b695428', 'michael.randall@example.com', 0, 0);
INSERT INTO `user` (`full_name`, `uuid`, `first_name`, `last_name`, `tenant_id`, `email`, `deleted`, `inactive`) VALUES ('Edward Weaver', 'da5fd11c-2962-4ea9-9ca3-6e6288a87ce8', 'Edward', 'Weaver', 'df234305-8a47-4b4d-8efb-716a6b695428', 'edward.weaver@example.com', 0, 0);
INSERT INTO `user` (`full_name`, `uuid`, `first_name`, `last_name`, `tenant_id`, `email`, `deleted`, `inactive`) VALUES ('Amanda Collins', '1fa4e3a3-a735-4185-a233-b68e14309635', 'Amanda', 'Collins', 'df234305-8a47-4b4d-8efb-716a6b695428', 'amanda.collins@example.com', 0, 0);
INSERT INTO `user` (`full_name`, `uuid`, `first_name`, `last_name`, `tenant_id`, `email`, `deleted`, `inactive`) VALUES ('Catherine Harding', 'ea3427f9-aa64-431e-a1b0-2db9b58cbbc6', 'Catherine', 'Harding', 'df234305-8a47-4b4d-8efb-716a6b695428', 'catherine.harding@example.com', 0, 0);
INSERT INTO `client` (`uuid`, `tenant_id`, `client_name`, `client_code`, `is_active`) VALUES ('875889b0-d554-4500-8f84-e2721baa2567', 'df234305-8a47-4b4d-8efb-716a6b695428', 'Watson-Carpenter', 1001, 1);
INSERT INTO `department` (`uuid`, `tenant_id`, `client_id`, `department`) VALUES ('fce5bd30-5852-4b9d-8650-48cc4ad5ea5f', 'df234305-8a47-4b4d-8efb-716a6b695428', '875889b0-d554-4500-8f84-e2721baa2567', 'AI Solutions');
INSERT INTO `department` (`uuid`, `tenant_id`, `client_id`, `department`) VALUES ('8fe8a0a4-004a-4813-a96e-2532b9a164d6', 'df234305-8a47-4b4d-8efb-716a6b695428', '875889b0-d554-4500-8f84-e2721baa2567', 'Robotics');
INSERT INTO `department` (`uuid`, `tenant_id`, `client_id`, `department`) VALUES ('4bcc4373-ccaf-4de0-8c60-e8437d994697', 'df234305-8a47-4b4d-8efb-716a6b695428', '875889b0-d554-4500-8f84-e2721baa2567', 'Civil Systems');
INSERT INTO `department` (`uuid`, `tenant_id`, `client_id`, `department`) VALUES ('0caa00e1-101e-446f-b457-8b2871494952', 'df234305-8a47-4b4d-8efb-716a6b695428', '875889b0-d554-4500-8f84-e2721baa2567', 'Aerospace');
INSERT INTO `department` (`uuid`, `tenant_id`, `client_id`, `department`) VALUES ('aff07806-5c39-456e-b816-b67b3dc5f370', 'df234305-8a47-4b4d-8efb-716a6b695428', '875889b0-d554-4500-8f84-e2721baa2567', 'Biomedical');
INSERT INTO `department` (`uuid`, `tenant_id`, `client_id`, `department`) VALUES ('91586579-bc3e-4b34-bca4-009d9a21ef49', 'df234305-8a47-4b4d-8efb-716a6b695428', '875889b0-d554-4500-8f84-e2721baa2567', 'Cybersecurity');
INSERT INTO `client_division` (`id`, `division_name`, `tenant_id`, `client_id`, `is_active`) VALUES ('b3d75ccc-6242-4b4e-a574-b51f7d6b6eeb', 'Core Tech', 'df234305-8a47-4b4d-8efb-716a6b695428', '875889b0-d554-4500-8f84-e2721baa2567', 1);
INSERT INTO `client_division` (`id`, `division_name`, `tenant_id`, `client_id`, `is_active`) VALUES ('38363202-1e56-4672-8dcb-ffb0a64b4187', 'R&D', 'df234305-8a47-4b4d-8efb-716a6b695428', '875889b0-d554-4500-8f84-e2721baa2567', 1);
INSERT INTO `client_division` (`id`, `division_name`, `tenant_id`, `client_id`, `is_active`) VALUES ('d00c2bdb-d068-42af-8eb1-f58cab9ab0a5', 'Engineering', 'df234305-8a47-4b4d-8efb-716a6b695428', '875889b0-d554-4500-8f84-e2721baa2567', 1);
INSERT INTO `client_division` (`id`, `division_name`, `tenant_id`, `client_id`, `is_active`) VALUES ('777728e4-b619-416a-a2e5-a483a9b8953b', 'Product Dev', 'df234305-8a47-4b4d-8efb-716a6b695428', '875889b0-d554-4500-8f84-e2721baa2567', 1);
INSERT INTO `client` (`uuid`, `tenant_id`, `client_name`, `client_code`, `is_active`) VALUES ('0341f0da-1299-4a8c-9ca7-24ece23d678a', 'df234305-8a47-4b4d-8efb-716a6b695428', 'Mueller Group', 1002, 1);
INSERT INTO `department` (`uuid`, `tenant_id`, `client_id`, `department`) VALUES ('01ae6972-0a78-4e23-a271-d913b153a833', 'df234305-8a47-4b4d-8efb-716a6b695428', '0341f0da-1299-4a8c-9ca7-24ece23d678a', 'Cybersecurity');
INSERT INTO `department` (`uuid`, `tenant_id`, `client_id`, `department`) VALUES ('e0adae3b-eb47-463e-8e70-8d1dae3f56c5', 'df234305-8a47-4b4d-8efb-716a6b695428', '0341f0da-1299-4a8c-9ca7-24ece23d678a', 'AI Solutions');
INSERT INTO `department` (`uuid`, `tenant_id`, `client_id`, `department`) VALUES ('025446f4-25c6-4bdd-a645-27a21ef4d094', 'df234305-8a47-4b4d-8efb-716a6b695428', '0341f0da-1299-4a8c-9ca7-24ece23d678a', 'Robotics');
INSERT INTO `department` (`uuid`, `tenant_id`, `client_id`, `department`) VALUES ('fb38d6b9-6168-4fb9-8361-adb2b8e579c9', 'df234305-8a47-4b4d-8efb-716a6b695428', '0341f0da-1299-4a8c-9ca7-24ece23d678a', 'Biomedical');
INSERT INTO `department` (`uuid`, `tenant_id`, `client_id`, `department`) VALUES ('6829b9d8-b7af-4400-9d9a-b3318244e2c2', 'df234305-8a47-4b4d-8efb-716a6b695428', '0341f0da-1299-4a8c-9ca7-24ece23d678a', 'Aerospace');
INSERT INTO `client_division` (`id`, `division_name`, `tenant_id`, `client_id`, `is_active`) VALUES ('5cece137-14b1-4f11-b24d-60b45f6d9ac7', 'R&D', 'df234305-8a47-4b4d-8efb-716a6b695428', '0341f0da-1299-4a8c-9ca7-24ece23d678a', 1);
INSERT INTO `client_division` (`id`, `division_name`, `tenant_id`, `client_id`, `is_active`) VALUES ('2f775aab-0728-4f73-a99a-59e1670d94b1', 'Product Dev', 'df234305-8a47-4b4d-8efb-716a6b695428', '0341f0da-1299-4a8c-9ca7-24ece23d678a', 1);
INSERT INTO `client_division` (`id`, `division_name`, `tenant_id`, `client_id`, `is_active`) VALUES ('10841162-13f2-40fb-8d3c-b8ef31bc5468', 'Engineering', 'df234305-8a47-4b4d-8efb-716a6b695428', '0341f0da-1299-4a8c-9ca7-24ece23d678a', 1);
INSERT INTO `client_division` (`id`, `division_name`, `tenant_id`, `client_id`, `is_active`) VALUES ('992cba38-8a4a-41e1-9dd9-18c7163ad840', 'Innovation Lab', 'df234305-8a47-4b4d-8efb-716a6b695428', '0341f0da-1299-4a8c-9ca7-24ece23d678a', 1);
INSERT INTO `client_division` (`id`, `division_name`, `tenant_id`, `client_id`, `is_active`) VALUES ('6746b829-e3c7-45ed-90ce-a7ffaeba7af2', 'Core Tech', 'df234305-8a47-4b4d-8efb-716a6b695428', '0341f0da-1299-4a8c-9ca7-24ece23d678a', 1);
INSERT INTO `client` (`uuid`, `tenant_id`, `client_name`, `client_code`, `is_active`) VALUES ('c197971b-5c48-4e44-a696-52eb68be873b', 'df234305-8a47-4b4d-8efb-716a6b695428', 'Booker Ltd', 1003, 1);
INSERT INTO `department` (`uuid`, `tenant_id`, `client_id`, `department`) VALUES ('d5091bf6-93dc-44e5-9f9e-50117996185c', 'df234305-8a47-4b4d-8efb-716a6b695428', 'c197971b-5c48-4e44-a696-52eb68be873b', 'Robotics');
INSERT INTO `department` (`uuid`, `tenant_id`, `client_id`, `department`) VALUES ('68e708c0-4acf-445b-948f-8180088b648b', 'df234305-8a47-4b4d-8efb-716a6b695428', 'c197971b-5c48-4e44-a696-52eb68be873b', 'Civil Systems');
INSERT INTO `department` (`uuid`, `tenant_id`, `client_id`, `department`) VALUES ('eea2d577-2117-4b42-8937-18b90e5ad8d9', 'df234305-8a47-4b4d-8efb-716a6b695428', 'c197971b-5c48-4e44-a696-52eb68be873b', 'Aerospace');
INSERT INTO `department` (`uuid`, `tenant_id`, `client_id`, `department`) VALUES ('edd9dd65-f9e7-4c0e-925e-5ae2fc59a376', 'df234305-8a47-4b4d-8efb-716a6b695428', 'c197971b-5c48-4e44-a696-52eb68be873b', 'Biomedical');
INSERT INTO `department` (`uuid`, `tenant_id`, `client_id`, `department`) VALUES ('3759153f-1d26-402a-9cc0-1cb93b374339', 'df234305-8a47-4b4d-8efb-716a6b695428', 'c197971b-5c48-4e44-a696-52eb68be873b', 'AI Solutions');
INSERT INTO `client_division` (`id`, `division_name`, `tenant_id`, `client_id`, `is_active`) VALUES ('5b0e65d6-e7a4-4e79-b61a-5a2f3bfa198d', 'Product Dev', 'df234305-8a47-4b4d-8efb-716a6b695428', 'c197971b-5c48-4e44-a696-52eb68be873b', 1);
INSERT INTO `client_division` (`id`, `division_name`, `tenant_id`, `client_id`, `is_active`) VALUES ('23497ae6-d843-47d6-94f4-23ed61d2baa1', 'Innovation Lab', 'df234305-8a47-4b4d-8efb-716a6b695428', 'c197971b-5c48-4e44-a696-52eb68be873b', 1);
INSERT INTO `client_division` (`id`, `division_name`, `tenant_id`, `client_id`, `is_active`) VALUES ('eaaa08c8-c942-49c0-a1b1-8ba3ae06fa21', 'Core Tech', 'df234305-8a47-4b4d-8efb-716a6b695428', 'c197971b-5c48-4e44-a696-52eb68be873b', 1);
INSERT INTO `client_division` (`id`, `division_name`, `tenant_id`, `client_id`, `is_active`) VALUES ('dea7c2fb-e87c-4f68-b0e8-b0e52a752fc2', 'R&D', 'df234305-8a47-4b4d-8efb-716a6b695428', 'c197971b-5c48-4e44-a696-52eb68be873b', 1);
INSERT INTO `client_division` (`id`, `division_name`, `tenant_id`, `client_id`, `is_active`) VALUES ('151fa250-e4ab-46d3-b239-50384401bc1b', 'Engineering', 'df234305-8a47-4b4d-8efb-716a6b695428', 'c197971b-5c48-4e44-a696-52eb68be873b', 1);
INSERT INTO `client` (`uuid`, `tenant_id`, `client_name`, `client_code`, `is_active`) VALUES ('f3f6a801-c580-46ff-b808-d2b1fd92b804', 'df234305-8a47-4b4d-8efb-716a6b695428', 'Green-Green', 1004, 1);
INSERT INTO `department` (`uuid`, `tenant_id`, `client_id`, `department`) VALUES ('b96d336b-96da-4221-805b-718f9226bbb2', 'df234305-8a47-4b4d-8efb-716a6b695428', 'f3f6a801-c580-46ff-b808-d2b1fd92b804', 'Cybersecurity');
INSERT INTO `department` (`uuid`, `tenant_id`, `client_id`, `department`) VALUES ('6c3f95ef-518a-4f56-887d-cfa436d36ff4', 'df234305-8a47-4b4d-8efb-716a6b695428', 'f3f6a801-c580-46ff-b808-d2b1fd92b804', 'Biomedical');
INSERT INTO `department` (`uuid`, `tenant_id`, `client_id`, `department`) VALUES ('61349522-b6f1-48f7-8f89-55090983feef', 'df234305-8a47-4b4d-8efb-716a6b695428', 'f3f6a801-c580-46ff-b808-d2b1fd92b804', 'Civil Systems');
INSERT INTO `department` (`uuid`, `tenant_id`, `client_id`, `department`) VALUES ('df0d2c18-b151-40a3-8588-993cdf14b0c0', 'df234305-8a47-4b4d-8efb-716a6b695428', 'f3f6a801-c580-46ff-b808-d2b1fd92b804', 'AI Solutions');
INSERT INTO `department` (`uuid`, `tenant_id`, `client_id`, `department`) VALUES ('529865ba-9428-47cb-92d6-685d5205ba9e', 'df234305-8a47-4b4d-8efb-716a6b695428', 'f3f6a801-c580-46ff-b808-d2b1fd92b804', 'Aerospace');
INSERT INTO `department` (`uuid`, `tenant_id`, `client_id`, `department`) VALUES ('8e3d9ede-68af-4e8e-8a5a-b68ce35b44ba', 'df234305-8a47-4b4d-8efb-716a6b695428', 'f3f6a801-c580-46ff-b808-d2b1fd92b804', 'Robotics');
INSERT INTO `client_division` (`id`, `division_name`, `tenant_id`, `client_id`, `is_active`) VALUES ('530c6303-8389-4545-8c40-9c913943095a', 'Product Dev', 'df234305-8a47-4b4d-8efb-716a6b695428', 'f3f6a801-c580-46ff-b808-d2b1fd92b804', 1);
INSERT INTO `client_division` (`id`, `division_name`, `tenant_id`, `client_id`, `is_active`) VALUES ('ca185477-7cd6-4afd-a83b-10ebbcaab8d1', 'Core Tech', 'df234305-8a47-4b4d-8efb-716a6b695428', 'f3f6a801-c580-46ff-b808-d2b1fd92b804', 1);
INSERT INTO `client_division` (`id`, `division_name`, `tenant_id`, `client_id`, `is_active`) VALUES ('adc4ebcf-7412-4095-b497-1ca80b2bf5fa', 'Innovation Lab', 'df234305-8a47-4b4d-8efb-716a6b695428', 'f3f6a801-c580-46ff-b808-d2b1fd92b804', 1);
INSERT INTO `client_division` (`id`, `division_name`, `tenant_id`, `client_id`, `is_active`) VALUES ('29417ac4-8115-4d45-b25c-337c9a1b8311', 'R&D', 'df234305-8a47-4b4d-8efb-716a6b695428', 'f3f6a801-c580-46ff-b808-d2b1fd92b804', 1);
INSERT INTO `client_division` (`id`, `division_name`, `tenant_id`, `client_id`, `is_active`) VALUES ('111d0db3-927b-45c0-b915-98a1fc6fb169', 'Engineering', 'df234305-8a47-4b4d-8efb-716a6b695428', 'f3f6a801-c580-46ff-b808-d2b1fd92b804', 1);
INSERT INTO `client` (`uuid`, `tenant_id`, `client_name`, `client_code`, `is_active`) VALUES ('63d43cdd-bce1-4ce6-8ca5-c7b9c460922d', 'df234305-8a47-4b4d-8efb-716a6b695428', 'Jarvis-James', 1005, 1);
INSERT INTO `department` (`uuid`, `tenant_id`, `client_id`, `department`) VALUES ('889e0a9b-566a-4d21-a866-87ed40741ddb', 'df234305-8a47-4b4d-8efb-716a6b695428', '63d43cdd-bce1-4ce6-8ca5-c7b9c460922d', 'Robotics');
INSERT INTO `department` (`uuid`, `tenant_id`, `client_id`, `department`) VALUES ('7dee0522-7101-4c9f-8a30-27e733098b24', 'df234305-8a47-4b4d-8efb-716a6b695428', '63d43cdd-bce1-4ce6-8ca5-c7b9c460922d', 'AI Solutions');
INSERT INTO `department` (`uuid`, `tenant_id`, `client_id`, `department`) VALUES ('b4cfcb6d-0a10-4ca4-83aa-7c227a492118', 'df234305-8a47-4b4d-8efb-716a6b695428', '63d43cdd-bce1-4ce6-8ca5-c7b9c460922d', 'Cybersecurity');
INSERT INTO `department` (`uuid`, `tenant_id`, `client_id`, `department`) VALUES ('2cbb2f6d-0d7f-4b24-aebd-e7bd14eb6c93', 'df234305-8a47-4b4d-8efb-716a6b695428', '63d43cdd-bce1-4ce6-8ca5-c7b9c460922d', 'Aerospace');
INSERT INTO `department` (`uuid`, `tenant_id`, `client_id`, `department`) VALUES ('0569e542-15d3-4d05-9267-242359210399', 'df234305-8a47-4b4d-8efb-716a6b695428', '63d43cdd-bce1-4ce6-8ca5-c7b9c460922d', 'Civil Systems');
INSERT INTO `department` (`uuid`, `tenant_id`, `client_id`, `department`) VALUES ('7f2387b9-739e-48b7-a4e6-a97cc5b5becd', 'df234305-8a47-4b4d-8efb-716a6b695428', '63d43cdd-bce1-4ce6-8ca5-c7b9c460922d', 'Biomedical');
INSERT INTO `client_division` (`id`, `division_name`, `tenant_id`, `client_id`, `is_active`) VALUES ('6f180aa9-6aec-490f-a3ea-892b1a858c78', 'Engineering', 'df234305-8a47-4b4d-8efb-716a6b695428', '63d43cdd-bce1-4ce6-8ca5-c7b9c460922d', 1);
INSERT INTO `client_division` (`id`, `division_name`, `tenant_id`, `client_id`, `is_active`) VALUES ('14fc17a3-da9a-4993-87bc-3bd5219dcc1b', 'R&D', 'df234305-8a47-4b4d-8efb-716a6b695428', '63d43cdd-bce1-4ce6-8ca5-c7b9c460922d', 1);
INSERT INTO `client_division` (`id`, `division_name`, `tenant_id`, `client_id`, `is_active`) VALUES ('d7042bc5-9185-4ae6-81a3-130c8ddc3ac2', 'Core Tech', 'df234305-8a47-4b4d-8efb-716a6b695428', '63d43cdd-bce1-4ce6-8ca5-c7b9c460922d', 1);
INSERT INTO `client_division` (`id`, `division_name`, `tenant_id`, `client_id`, `is_active`) VALUES ('fd1779c9-333c-4664-b557-2d48bac85523', 'Innovation Lab', 'df234305-8a47-4b4d-8efb-716a6b695428', '63d43cdd-bce1-4ce6-8ca5-c7b9c460922d', 1);
INSERT INTO `client_division` (`id`, `division_name`, `tenant_id`, `client_id`, `is_active`) VALUES ('247ae0c3-59bc-4961-8ede-636e23bcc0c1', 'Product Dev', 'df234305-8a47-4b4d-8efb-716a6b695428', '63d43cdd-bce1-4ce6-8ca5-c7b9c460922d', 1);
INSERT INTO `client` (`uuid`, `tenant_id`, `client_name`, `client_code`, `is_active`) VALUES ('d5039922-ea33-4459-a0d4-89519390e550', 'df234305-8a47-4b4d-8efb-716a6b695428', 'Ramsey Inc', 1006, 1);
INSERT INTO `department` (`uuid`, `tenant_id`, `client_id`, `department`) VALUES ('a66d6b01-dd75-4065-bbe1-9ea52fa3a9af', 'df234305-8a47-4b4d-8efb-716a6b695428', 'd5039922-ea33-4459-a0d4-89519390e550', 'Aerospace');
INSERT INTO `department` (`uuid`, `tenant_id`, `client_id`, `department`) VALUES ('26862f7b-a541-4e5e-8ee3-ae7c71d12c3a', 'df234305-8a47-4b4d-8efb-716a6b695428', 'd5039922-ea33-4459-a0d4-89519390e550', 'AI Solutions');
INSERT INTO `department` (`uuid`, `tenant_id`, `client_id`, `department`) VALUES ('7f28b3ec-d39a-4742-8481-78118bd946c9', 'df234305-8a47-4b4d-8efb-716a6b695428', 'd5039922-ea33-4459-a0d4-89519390e550', 'Biomedical');
INSERT INTO `department` (`uuid`, `tenant_id`, `client_id`, `department`) VALUES ('1f8ffa4f-e23f-40bc-ac9d-45b4788c878f', 'df234305-8a47-4b4d-8efb-716a6b695428', 'd5039922-ea33-4459-a0d4-89519390e550', 'Civil Systems');
INSERT INTO `department` (`uuid`, `tenant_id`, `client_id`, `department`) VALUES ('fd0809c4-b7f0-41b2-94ba-dac0cc300438', 'df234305-8a47-4b4d-8efb-716a6b695428', 'd5039922-ea33-4459-a0d4-89519390e550', 'Cybersecurity');
INSERT INTO `department` (`uuid`, `tenant_id`, `client_id`, `department`) VALUES ('65b00d39-0ca1-4e54-93b9-ccea58e2d0f3', 'df234305-8a47-4b4d-8efb-716a6b695428', 'd5039922-ea33-4459-a0d4-89519390e550', 'Robotics');
INSERT INTO `client_division` (`id`, `division_name`, `tenant_id`, `client_id`, `is_active`) VALUES ('1da036be-c40d-4ea4-9a4c-1f853cb6db1f', 'Engineering', 'df234305-8a47-4b4d-8efb-716a6b695428', 'd5039922-ea33-4459-a0d4-89519390e550', 1);
INSERT INTO `client_division` (`id`, `division_name`, `tenant_id`, `client_id`, `is_active`) VALUES ('2890dfb0-503b-4424-bc07-44e10911bb17', 'Core Tech', 'df234305-8a47-4b4d-8efb-716a6b695428', 'd5039922-ea33-4459-a0d4-89519390e550', 1);
INSERT INTO `client_division` (`id`, `division_name`, `tenant_id`, `client_id`, `is_active`) VALUES ('5c4390d3-7d7c-4798-a4da-b2270cb3d5f5', 'Innovation Lab', 'df234305-8a47-4b4d-8efb-716a6b695428', 'd5039922-ea33-4459-a0d4-89519390e550', 1);
INSERT INTO `client_division` (`id`, `division_name`, `tenant_id`, `client_id`, `is_active`) VALUES ('cb177bed-1e68-4e18-b5d1-473f2b70f91d', 'R&D', 'df234305-8a47-4b4d-8efb-716a6b695428', 'd5039922-ea33-4459-a0d4-89519390e550', 1);
INSERT INTO `client_division` (`id`, `division_name`, `tenant_id`, `client_id`, `is_active`) VALUES ('3008bd70-aa9e-4b86-9472-8231aefbb300', 'Product Dev', 'df234305-8a47-4b4d-8efb-716a6b695428', 'd5039922-ea33-4459-a0d4-89519390e550', 1);
INSERT INTO `client` (`uuid`, `tenant_id`, `client_name`, `client_code`, `is_active`) VALUES ('6307f222-83f9-4e91-8ee1-bdba5a29d8aa', 'df234305-8a47-4b4d-8efb-716a6b695428', 'Chang LLC', 1007, 1);
INSERT INTO `department` (`uuid`, `tenant_id`, `client_id`, `department`) VALUES ('33a1fe00-be92-4039-ad96-bf1215592e44', 'df234305-8a47-4b4d-8efb-716a6b695428', '6307f222-83f9-4e91-8ee1-bdba5a29d8aa', 'Biomedical');
INSERT INTO `department` (`uuid`, `tenant_id`, `client_id`, `department`) VALUES ('93ee24a8-1ebd-4c45-917b-5c6a10909be7', 'df234305-8a47-4b4d-8efb-716a6b695428', '6307f222-83f9-4e91-8ee1-bdba5a29d8aa', 'Robotics');
INSERT INTO `department` (`uuid`, `tenant_id`, `client_id`, `department`) VALUES ('104c546b-23fa-49fc-84ca-c4048bbadc83', 'df234305-8a47-4b4d-8efb-716a6b695428', '6307f222-83f9-4e91-8ee1-bdba5a29d8aa', 'AI Solutions');
INSERT INTO `department` (`uuid`, `tenant_id`, `client_id`, `department`) VALUES ('90180a59-1f30-4168-b559-dabc24ff99d2', 'df234305-8a47-4b4d-8efb-716a6b695428', '6307f222-83f9-4e91-8ee1-bdba5a29d8aa', 'Civil Systems');
INSERT INTO `department` (`uuid`, `tenant_id`, `client_id`, `department`) VALUES ('18af739a-75af-4ac1-bbe6-1d68285eac43', 'df234305-8a47-4b4d-8efb-716a6b695428', '6307f222-83f9-4e91-8ee1-bdba5a29d8aa', 'Cybersecurity');
INSERT INTO `department` (`uuid`, `tenant_id`, `client_id`, `department`) VALUES ('1c9cd347-4908-4e6b-a98a-6ca5778c4822', 'df234305-8a47-4b4d-8efb-716a6b695428', '6307f222-83f9-4e91-8ee1-bdba5a29d8aa', 'Aerospace');
INSERT INTO `client_division` (`id`, `division_name`, `tenant_id`, `client_id`, `is_active`) VALUES ('19d5f3e3-b41e-4d5c-8def-ace972f50f5f', 'Core Tech', 'df234305-8a47-4b4d-8efb-716a6b695428', '6307f222-83f9-4e91-8ee1-bdba5a29d8aa', 1);
INSERT INTO `client_division` (`id`, `division_name`, `tenant_id`, `client_id`, `is_active`) VALUES ('f82a2273-d014-48a9-835c-c28eb42cd861', 'Innovation Lab', 'df234305-8a47-4b4d-8efb-716a6b695428', '6307f222-83f9-4e91-8ee1-bdba5a29d8aa', 1);
INSERT INTO `client_division` (`id`, `division_name`, `tenant_id`, `client_id`, `is_active`) VALUES ('bb0e1ebd-8125-4dc2-9acb-c1de3db11f3c', 'Product Dev', 'df234305-8a47-4b4d-8efb-716a6b695428', '6307f222-83f9-4e91-8ee1-bdba5a29d8aa', 1);
INSERT INTO `client_division` (`id`, `division_name`, `tenant_id`, `client_id`, `is_active`) VALUES ('181c8638-d41b-4da3-aa39-a4d7595bbe80', 'Engineering', 'df234305-8a47-4b4d-8efb-716a6b695428', '6307f222-83f9-4e91-8ee1-bdba5a29d8aa', 1);
INSERT INTO `client_division` (`id`, `division_name`, `tenant_id`, `client_id`, `is_active`) VALUES ('c26d57e3-7f82-40d1-b1e4-bb8a544ece69', 'R&D', 'df234305-8a47-4b4d-8efb-716a6b695428', '6307f222-83f9-4e91-8ee1-bdba5a29d8aa', 1);
INSERT INTO `client` (`uuid`, `tenant_id`, `client_name`, `client_code`, `is_active`) VALUES ('efd8c053-7658-4e2d-9cc3-090a2857740a', 'df234305-8a47-4b4d-8efb-716a6b695428', 'Fuller, Sanchez and Lopez', 1008, 1);
INSERT INTO `department` (`uuid`, `tenant_id`, `client_id`, `department`) VALUES ('cb75a98c-5be7-4af6-801d-e781d23509e5', 'df234305-8a47-4b4d-8efb-716a6b695428', 'efd8c053-7658-4e2d-9cc3-090a2857740a', 'Cybersecurity');
INSERT INTO `department` (`uuid`, `tenant_id`, `client_id`, `department`) VALUES ('53e6d0d0-1b75-4dc1-8c70-afff550145bf', 'df234305-8a47-4b4d-8efb-716a6b695428', 'efd8c053-7658-4e2d-9cc3-090a2857740a', 'AI Solutions');
INSERT INTO `department` (`uuid`, `tenant_id`, `client_id`, `department`) VALUES ('80141a76-4661-4b98-b1a7-979ee03e7a30', 'df234305-8a47-4b4d-8efb-716a6b695428', 'efd8c053-7658-4e2d-9cc3-090a2857740a', 'Robotics');
INSERT INTO `department` (`uuid`, `tenant_id`, `client_id`, `department`) VALUES ('5adf0a38-56c5-4247-b296-429a4d7236f1', 'df234305-8a47-4b4d-8efb-716a6b695428', 'efd8c053-7658-4e2d-9cc3-090a2857740a', 'Civil Systems');
INSERT INTO `department` (`uuid`, `tenant_id`, `client_id`, `department`) VALUES ('42d81bb0-7a13-4355-a265-ef6126144c43', 'df234305-8a47-4b4d-8efb-716a6b695428', 'efd8c053-7658-4e2d-9cc3-090a2857740a', 'Biomedical');
INSERT INTO `client_division` (`id`, `division_name`, `tenant_id`, `client_id`, `is_active`) VALUES ('0e94f8d1-94fa-42c2-bdd5-07892d5294c8', 'Product Dev', 'df234305-8a47-4b4d-8efb-716a6b695428', 'efd8c053-7658-4e2d-9cc3-090a2857740a', 1);
INSERT INTO `client_division` (`id`, `division_name`, `tenant_id`, `client_id`, `is_active`) VALUES ('f0093c54-411b-44d2-9480-076c52a4a323', 'Innovation Lab', 'df234305-8a47-4b4d-8efb-716a6b695428', 'efd8c053-7658-4e2d-9cc3-090a2857740a', 1);
INSERT INTO `client_division` (`id`, `division_name`, `tenant_id`, `client_id`, `is_active`) VALUES ('4dc6049f-8e17-4783-8454-ccdefb469888', 'Core Tech', 'df234305-8a47-4b4d-8efb-716a6b695428', 'efd8c053-7658-4e2d-9cc3-090a2857740a', 1);
INSERT INTO `client_division` (`id`, `division_name`, `tenant_id`, `client_id`, `is_active`) VALUES ('21d84809-90a7-4ad7-830f-7f37c6dc6f32', 'R&D', 'df234305-8a47-4b4d-8efb-716a6b695428', 'efd8c053-7658-4e2d-9cc3-090a2857740a', 1);
INSERT INTO `client_division` (`id`, `division_name`, `tenant_id`, `client_id`, `is_active`) VALUES ('8bef40ba-4b9e-44c5-aa87-ae134ff38d44', 'Engineering', 'df234305-8a47-4b4d-8efb-716a6b695428', 'efd8c053-7658-4e2d-9cc3-090a2857740a', 1);
INSERT INTO `client` (`uuid`, `tenant_id`, `client_name`, `client_code`, `is_active`) VALUES ('ec882dd2-75fd-4bed-852c-1d1f3757a801', 'df234305-8a47-4b4d-8efb-716a6b695428', 'Hernandez-Duncan', 1009, 1);
INSERT INTO `department` (`uuid`, `tenant_id`, `client_id`, `department`) VALUES ('6ec2d6eb-2d03-452e-9625-46170b88a495', 'df234305-8a47-4b4d-8efb-716a6b695428', 'ec882dd2-75fd-4bed-852c-1d1f3757a801', 'Biomedical');
INSERT INTO `department` (`uuid`, `tenant_id`, `client_id`, `department`) VALUES ('05ed970a-58c2-479d-915e-92ca73441287', 'df234305-8a47-4b4d-8efb-716a6b695428', 'ec882dd2-75fd-4bed-852c-1d1f3757a801', 'Aerospace');
INSERT INTO `department` (`uuid`, `tenant_id`, `client_id`, `department`) VALUES ('d3a1b709-3cb1-41a1-a243-12c263d1f715', 'df234305-8a47-4b4d-8efb-716a6b695428', 'ec882dd2-75fd-4bed-852c-1d1f3757a801', 'AI Solutions');
INSERT INTO `department` (`uuid`, `tenant_id`, `client_id`, `department`) VALUES ('76c23ec4-fefc-4f6b-8462-190364f0ebc3', 'df234305-8a47-4b4d-8efb-716a6b695428', 'ec882dd2-75fd-4bed-852c-1d1f3757a801', 'Civil Systems');
INSERT INTO `department` (`uuid`, `tenant_id`, `client_id`, `department`) VALUES ('7d44a61f-fea7-44cb-9b01-ad7e1cf47dfe', 'df234305-8a47-4b4d-8efb-716a6b695428', 'ec882dd2-75fd-4bed-852c-1d1f3757a801', 'Cybersecurity');
INSERT INTO `department` (`uuid`, `tenant_id`, `client_id`, `department`) VALUES ('62368563-f0fd-4156-981c-0cde9f1eb834', 'df234305-8a47-4b4d-8efb-716a6b695428', 'ec882dd2-75fd-4bed-852c-1d1f3757a801', 'Robotics');
INSERT INTO `client_division` (`id`, `division_name`, `tenant_id`, `client_id`, `is_active`) VALUES ('64bd81f6-8f64-485f-bc23-92f9c986f041', 'Product Dev', 'df234305-8a47-4b4d-8efb-716a6b695428', 'ec882dd2-75fd-4bed-852c-1d1f3757a801', 1);
INSERT INTO `client_division` (`id`, `division_name`, `tenant_id`, `client_id`, `is_active`) VALUES ('9579ce72-04e6-4325-885e-8cb2731388ec', 'R&D', 'df234305-8a47-4b4d-8efb-716a6b695428', 'ec882dd2-75fd-4bed-852c-1d1f3757a801', 1);
INSERT INTO `client_division` (`id`, `division_name`, `tenant_id`, `client_id`, `is_active`) VALUES ('e4d80844-aa39-44c1-bf1a-57a34414ce3f', 'Engineering', 'df234305-8a47-4b4d-8efb-716a6b695428', 'ec882dd2-75fd-4bed-852c-1d1f3757a801', 1);
INSERT INTO `client_division` (`id`, `division_name`, `tenant_id`, `client_id`, `is_active`) VALUES ('bdbcbaa1-fd4b-45d7-a375-9e6f75bf1df1', 'Innovation Lab', 'df234305-8a47-4b4d-8efb-716a6b695428', 'ec882dd2-75fd-4bed-852c-1d1f3757a801', 1);
INSERT INTO `client_division` (`id`, `division_name`, `tenant_id`, `client_id`, `is_active`) VALUES ('a5e23cf0-05eb-4b7b-9a68-915c4c6f65ce', 'Core Tech', 'df234305-8a47-4b4d-8efb-716a6b695428', 'ec882dd2-75fd-4bed-852c-1d1f3757a801', 1);
INSERT INTO `client` (`uuid`, `tenant_id`, `client_name`, `client_code`, `is_active`) VALUES ('825ae48b-c3a6-4a85-a873-c4e9e8cc7c51', 'df234305-8a47-4b4d-8efb-716a6b695428', 'Mata-Fuller', 1010, 1);
INSERT INTO `department` (`uuid`, `tenant_id`, `client_id`, `department`) VALUES ('56cb9636-adba-4bc2-99cb-84f558cd7638', 'df234305-8a47-4b4d-8efb-716a6b695428', '825ae48b-c3a6-4a85-a873-c4e9e8cc7c51', 'Robotics');
INSERT INTO `department` (`uuid`, `tenant_id`, `client_id`, `department`) VALUES ('ffbb4247-90bd-44c2-8ea0-2bca201f3b9a', 'df234305-8a47-4b4d-8efb-716a6b695428', '825ae48b-c3a6-4a85-a873-c4e9e8cc7c51', 'Civil Systems');
INSERT INTO `department` (`uuid`, `tenant_id`, `client_id`, `department`) VALUES ('4d87a7bb-0038-4da0-a7d0-00871d5e70ed', 'df234305-8a47-4b4d-8efb-716a6b695428', '825ae48b-c3a6-4a85-a873-c4e9e8cc7c51', 'Biomedical');
INSERT INTO `department` (`uuid`, `tenant_id`, `client_id`, `department`) VALUES ('9d6f7769-454b-4d32-b574-812953347700', 'df234305-8a47-4b4d-8efb-716a6b695428', '825ae48b-c3a6-4a85-a873-c4e9e8cc7c51', 'Cybersecurity');
INSERT INTO `department` (`uuid`, `tenant_id`, `client_id`, `department`) VALUES ('53607a9a-7cad-4c0d-b9c9-97da27ae9e3f', 'df234305-8a47-4b4d-8efb-716a6b695428', '825ae48b-c3a6-4a85-a873-c4e9e8cc7c51', 'AI Solutions');
INSERT INTO `department` (`uuid`, `tenant_id`, `client_id`, `department`) VALUES ('8e423d71-60fd-4162-8bcc-169cb25785c5', 'df234305-8a47-4b4d-8efb-716a6b695428', '825ae48b-c3a6-4a85-a873-c4e9e8cc7c51', 'Aerospace');
INSERT INTO `client_division` (`id`, `division_name`, `tenant_id`, `client_id`, `is_active`) VALUES ('c58edceb-0670-4ab1-b435-69f969bbe6c2', 'R&D', 'df234305-8a47-4b4d-8efb-716a6b695428', '825ae48b-c3a6-4a85-a873-c4e9e8cc7c51', 1);
INSERT INTO `client_division` (`id`, `division_name`, `tenant_id`, `client_id`, `is_active`) VALUES ('6fb24fdb-fa25-46e8-a29c-f3cece0a2545', 'Innovation Lab', 'df234305-8a47-4b4d-8efb-716a6b695428', '825ae48b-c3a6-4a85-a873-c4e9e8cc7c51', 1);
INSERT INTO `client_division` (`id`, `division_name`, `tenant_id`, `client_id`, `is_active`) VALUES ('71bf9a02-1f66-4bb5-a1a6-7b0245e3202f', 'Product Dev', 'df234305-8a47-4b4d-8efb-716a6b695428', '825ae48b-c3a6-4a85-a873-c4e9e8cc7c51', 1);
INSERT INTO `client_division` (`id`, `division_name`, `tenant_id`, `client_id`, `is_active`) VALUES ('d5610784-4a92-4e06-a474-c80f3b44b247', 'Core Tech', 'df234305-8a47-4b4d-8efb-716a6b695428', '825ae48b-c3a6-4a85-a873-c4e9e8cc7c51', 1);
INSERT INTO `client_division` (`id`, `division_name`, `tenant_id`, `client_id`, `is_active`) VALUES ('0363186d-7f3e-47d5-985d-cabfca5d0d01', 'Engineering', 'df234305-8a47-4b4d-8efb-716a6b695428', '825ae48b-c3a6-4a85-a873-c4e9e8cc7c51', 1);
INSERT INTO `client` (`uuid`, `tenant_id`, `client_name`, `client_code`, `is_active`) VALUES ('383cca5e-b716-4cdd-acec-c6b4bcbc7120', 'df234305-8a47-4b4d-8efb-716a6b695428', 'Kennedy Ltd', 1011, 1);
INSERT INTO `department` (`uuid`, `tenant_id`, `client_id`, `department`) VALUES ('820e4a13-6690-4fa2-8dc6-6a5498a350ec', 'df234305-8a47-4b4d-8efb-716a6b695428', '383cca5e-b716-4cdd-acec-c6b4bcbc7120', 'Civil Systems');
INSERT INTO `department` (`uuid`, `tenant_id`, `client_id`, `department`) VALUES ('d3ccaa3d-2d24-4a47-b969-1ac3f23344db', 'df234305-8a47-4b4d-8efb-716a6b695428', '383cca5e-b716-4cdd-acec-c6b4bcbc7120', 'Cybersecurity');
INSERT INTO `department` (`uuid`, `tenant_id`, `client_id`, `department`) VALUES ('f06f6abe-3b6b-497d-af9e-5a78a2064ed3', 'df234305-8a47-4b4d-8efb-716a6b695428', '383cca5e-b716-4cdd-acec-c6b4bcbc7120', 'Robotics');
INSERT INTO `department` (`uuid`, `tenant_id`, `client_id`, `department`) VALUES ('ee87b419-76da-4d3a-9b02-ab61b817b9e4', 'df234305-8a47-4b4d-8efb-716a6b695428', '383cca5e-b716-4cdd-acec-c6b4bcbc7120', 'AI Solutions');
INSERT INTO `department` (`uuid`, `tenant_id`, `client_id`, `department`) VALUES ('4afe8daf-7069-43c1-9dfc-d45e52e109ec', 'df234305-8a47-4b4d-8efb-716a6b695428', '383cca5e-b716-4cdd-acec-c6b4bcbc7120', 'Biomedical');
INSERT INTO `department` (`uuid`, `tenant_id`, `client_id`, `department`) VALUES ('12c5b4ac-6cad-45e7-bce0-53815043d18f', 'df234305-8a47-4b4d-8efb-716a6b695428', '383cca5e-b716-4cdd-acec-c6b4bcbc7120', 'Aerospace');
INSERT INTO `client_division` (`id`, `division_name`, `tenant_id`, `client_id`, `is_active`) VALUES ('1002b727-5d28-408e-8b39-f389e2347958', 'Engineering', 'df234305-8a47-4b4d-8efb-716a6b695428', '383cca5e-b716-4cdd-acec-c6b4bcbc7120', 1);
INSERT INTO `client_division` (`id`, `division_name`, `tenant_id`, `client_id`, `is_active`) VALUES ('7d0df266-31dc-4d9d-9067-146ff30abfe9', 'R&D', 'df234305-8a47-4b4d-8efb-716a6b695428', '383cca5e-b716-4cdd-acec-c6b4bcbc7120', 1);
INSERT INTO `client_division` (`id`, `division_name`, `tenant_id`, `client_id`, `is_active`) VALUES ('2385962e-2f60-40a4-b90a-49f96afd59ce', 'Innovation Lab', 'df234305-8a47-4b4d-8efb-716a6b695428', '383cca5e-b716-4cdd-acec-c6b4bcbc7120', 1);
INSERT INTO `client_division` (`id`, `division_name`, `tenant_id`, `client_id`, `is_active`) VALUES ('341c7c87-87dc-4520-8ab5-e92d7728f8ea', 'Product Dev', 'df234305-8a47-4b4d-8efb-716a6b695428', '383cca5e-b716-4cdd-acec-c6b4bcbc7120', 1);
INSERT INTO `client_division` (`id`, `division_name`, `tenant_id`, `client_id`, `is_active`) VALUES ('96d48246-8b91-4c95-9368-6c2a4443a819', 'Core Tech', 'df234305-8a47-4b4d-8efb-716a6b695428', '383cca5e-b716-4cdd-acec-c6b4bcbc7120', 1);
INSERT INTO `client` (`uuid`, `tenant_id`, `client_name`, `client_code`, `is_active`) VALUES ('62a30e2a-d109-46f6-8d9e-0573c09a8649', 'df234305-8a47-4b4d-8efb-716a6b695428', 'Schaefer, Green and Morris', 1012, 1);
INSERT INTO `department` (`uuid`, `tenant_id`, `client_id`, `department`) VALUES ('d74f2895-0502-459c-a1ff-d117f76f23b1', 'df234305-8a47-4b4d-8efb-716a6b695428', '62a30e2a-d109-46f6-8d9e-0573c09a8649', 'Civil Systems');
INSERT INTO `department` (`uuid`, `tenant_id`, `client_id`, `department`) VALUES ('f4ca0151-a572-4b63-aa64-9b4ae4a203fb', 'df234305-8a47-4b4d-8efb-716a6b695428', '62a30e2a-d109-46f6-8d9e-0573c09a8649', 'Robotics');
INSERT INTO `department` (`uuid`, `tenant_id`, `client_id`, `department`) VALUES ('e286ba9c-677d-4c3d-81dc-7eac867e0092', 'df234305-8a47-4b4d-8efb-716a6b695428', '62a30e2a-d109-46f6-8d9e-0573c09a8649', 'Aerospace');
INSERT INTO `department` (`uuid`, `tenant_id`, `client_id`, `department`) VALUES ('f2ac993c-0614-4d81-887e-d0e1b1663c97', 'df234305-8a47-4b4d-8efb-716a6b695428', '62a30e2a-d109-46f6-8d9e-0573c09a8649', 'AI Solutions');
INSERT INTO `department` (`uuid`, `tenant_id`, `client_id`, `department`) VALUES ('b3a1e38c-f0b4-4f68-92ab-3bbbb01dfcf6', 'df234305-8a47-4b4d-8efb-716a6b695428', '62a30e2a-d109-46f6-8d9e-0573c09a8649', 'Cybersecurity');
INSERT INTO `department` (`uuid`, `tenant_id`, `client_id`, `department`) VALUES ('446f504c-757e-4e5d-806a-e4244f945950', 'df234305-8a47-4b4d-8efb-716a6b695428', '62a30e2a-d109-46f6-8d9e-0573c09a8649', 'Biomedical');
INSERT INTO `client_division` (`id`, `division_name`, `tenant_id`, `client_id`, `is_active`) VALUES ('6b5d7e73-4b38-402f-a383-e36efec71bd3', 'Product Dev', 'df234305-8a47-4b4d-8efb-716a6b695428', '62a30e2a-d109-46f6-8d9e-0573c09a8649', 1);
INSERT INTO `client_division` (`id`, `division_name`, `tenant_id`, `client_id`, `is_active`) VALUES ('2728daee-d30d-48eb-b85e-3ba93ed6eac1', 'R&D', 'df234305-8a47-4b4d-8efb-716a6b695428', '62a30e2a-d109-46f6-8d9e-0573c09a8649', 1);
INSERT INTO `client_division` (`id`, `division_name`, `tenant_id`, `client_id`, `is_active`) VALUES ('49abdc86-0e86-4336-87a0-69b3b520c49b', 'Core Tech', 'df234305-8a47-4b4d-8efb-716a6b695428', '62a30e2a-d109-46f6-8d9e-0573c09a8649', 1);
INSERT INTO `client_division` (`id`, `division_name`, `tenant_id`, `client_id`, `is_active`) VALUES ('6d3e6107-f290-410a-a58b-f9adc3087332', 'Innovation Lab', 'df234305-8a47-4b4d-8efb-716a6b695428', '62a30e2a-d109-46f6-8d9e-0573c09a8649', 1);
INSERT INTO `client_division` (`id`, `division_name`, `tenant_id`, `client_id`, `is_active`) VALUES ('60c25b3f-fa3a-4ed3-8f19-ba473b84fc2f', 'Engineering', 'df234305-8a47-4b4d-8efb-716a6b695428', '62a30e2a-d109-46f6-8d9e-0573c09a8649', 1);
INSERT INTO `client` (`uuid`, `tenant_id`, `client_name`, `client_code`, `is_active`) VALUES ('ba4e9f9b-46b8-4137-91dc-79f73efa73c3', 'df234305-8a47-4b4d-8efb-716a6b695428', 'Black-Nixon', 1013, 1);
INSERT INTO `department` (`uuid`, `tenant_id`, `client_id`, `department`) VALUES ('614e6eea-6d7e-48c0-a5a7-154e652bb558', 'df234305-8a47-4b4d-8efb-716a6b695428', 'ba4e9f9b-46b8-4137-91dc-79f73efa73c3', 'Robotics');
INSERT INTO `department` (`uuid`, `tenant_id`, `client_id`, `department`) VALUES ('99039d4d-999e-49b5-8a8d-31af838ad267', 'df234305-8a47-4b4d-8efb-716a6b695428', 'ba4e9f9b-46b8-4137-91dc-79f73efa73c3', 'Cybersecurity');
INSERT INTO `department` (`uuid`, `tenant_id`, `client_id`, `department`) VALUES ('b223456f-e607-468e-a715-389f8b56b1d9', 'df234305-8a47-4b4d-8efb-716a6b695428', 'ba4e9f9b-46b8-4137-91dc-79f73efa73c3', 'Aerospace');
INSERT INTO `department` (`uuid`, `tenant_id`, `client_id`, `department`) VALUES ('4242c0c4-a598-44a2-b8e4-4cc1c5ab529f', 'df234305-8a47-4b4d-8efb-716a6b695428', 'ba4e9f9b-46b8-4137-91dc-79f73efa73c3', 'Civil Systems');
INSERT INTO `department` (`uuid`, `tenant_id`, `client_id`, `department`) VALUES ('e4df6cdf-3f74-4a8a-af4c-b0fe3e025892', 'df234305-8a47-4b4d-8efb-716a6b695428', 'ba4e9f9b-46b8-4137-91dc-79f73efa73c3', 'AI Solutions');
INSERT INTO `department` (`uuid`, `tenant_id`, `client_id`, `department`) VALUES ('915feabf-57f0-451a-b4bb-7a4fb96b3ea3', 'df234305-8a47-4b4d-8efb-716a6b695428', 'ba4e9f9b-46b8-4137-91dc-79f73efa73c3', 'Biomedical');
INSERT INTO `client_division` (`id`, `division_name`, `tenant_id`, `client_id`, `is_active`) VALUES ('81f13ef7-1668-4078-adae-104d2abba3b7', 'Innovation Lab', 'df234305-8a47-4b4d-8efb-716a6b695428', 'ba4e9f9b-46b8-4137-91dc-79f73efa73c3', 1);
INSERT INTO `client_division` (`id`, `division_name`, `tenant_id`, `client_id`, `is_active`) VALUES ('a34cbbf0-3959-430d-865c-80785e805909', 'Engineering', 'df234305-8a47-4b4d-8efb-716a6b695428', 'ba4e9f9b-46b8-4137-91dc-79f73efa73c3', 1);
INSERT INTO `client_division` (`id`, `division_name`, `tenant_id`, `client_id`, `is_active`) VALUES ('16078d6a-e97d-43ee-aaa1-88a96c24b088', 'Product Dev', 'df234305-8a47-4b4d-8efb-716a6b695428', 'ba4e9f9b-46b8-4137-91dc-79f73efa73c3', 1);
INSERT INTO `client_division` (`id`, `division_name`, `tenant_id`, `client_id`, `is_active`) VALUES ('98272546-125d-4453-8986-d3bd5bbbc088', 'Core Tech', 'df234305-8a47-4b4d-8efb-716a6b695428', 'ba4e9f9b-46b8-4137-91dc-79f73efa73c3', 1);
INSERT INTO `client_division` (`id`, `division_name`, `tenant_id`, `client_id`, `is_active`) VALUES ('20254734-2aa7-4536-9c4f-01277f524680', 'R&D', 'df234305-8a47-4b4d-8efb-716a6b695428', 'ba4e9f9b-46b8-4137-91dc-79f73efa73c3', 1);
INSERT INTO `client` (`uuid`, `tenant_id`, `client_name`, `client_code`, `is_active`) VALUES ('6dd06b26-afd3-444f-9326-15b50b6ddb7c', 'df234305-8a47-4b4d-8efb-716a6b695428', 'Campbell-Graham', 1014, 1);
INSERT INTO `department` (`uuid`, `tenant_id`, `client_id`, `department`) VALUES ('5be9b68c-0e96-4d02-83d4-3f25133a2cc3', 'df234305-8a47-4b4d-8efb-716a6b695428', '6dd06b26-afd3-444f-9326-15b50b6ddb7c', 'AI Solutions');
INSERT INTO `department` (`uuid`, `tenant_id`, `client_id`, `department`) VALUES ('5b114eff-aab0-498b-b9be-4cb4c19c3168', 'df234305-8a47-4b4d-8efb-716a6b695428', '6dd06b26-afd3-444f-9326-15b50b6ddb7c', 'Cybersecurity');
INSERT INTO `department` (`uuid`, `tenant_id`, `client_id`, `department`) VALUES ('809c7c97-8b69-4038-a183-d6c4662665b5', 'df234305-8a47-4b4d-8efb-716a6b695428', '6dd06b26-afd3-444f-9326-15b50b6ddb7c', 'Aerospace');
INSERT INTO `department` (`uuid`, `tenant_id`, `client_id`, `department`) VALUES ('2436b36f-1cf3-4507-8b04-75be6bd6407b', 'df234305-8a47-4b4d-8efb-716a6b695428', '6dd06b26-afd3-444f-9326-15b50b6ddb7c', 'Robotics');
INSERT INTO `department` (`uuid`, `tenant_id`, `client_id`, `department`) VALUES ('51b483ff-de4c-4eaa-839f-298fa2d0b84e', 'df234305-8a47-4b4d-8efb-716a6b695428', '6dd06b26-afd3-444f-9326-15b50b6ddb7c', 'Biomedical');
INSERT INTO `client_division` (`id`, `division_name`, `tenant_id`, `client_id`, `is_active`) VALUES ('39931183-91b8-447f-8098-f974bcc6063d', 'Product Dev', 'df234305-8a47-4b4d-8efb-716a6b695428', '6dd06b26-afd3-444f-9326-15b50b6ddb7c', 1);
INSERT INTO `client_division` (`id`, `division_name`, `tenant_id`, `client_id`, `is_active`) VALUES ('bf83f5f7-b34c-40b6-bcda-e4b63fd42254', 'R&D', 'df234305-8a47-4b4d-8efb-716a6b695428', '6dd06b26-afd3-444f-9326-15b50b6ddb7c', 1);
INSERT INTO `client_division` (`id`, `division_name`, `tenant_id`, `client_id`, `is_active`) VALUES ('b7011830-84f2-459b-bd2f-a20b09e4c3fc', 'Innovation Lab', 'df234305-8a47-4b4d-8efb-716a6b695428', '6dd06b26-afd3-444f-9326-15b50b6ddb7c', 1);
INSERT INTO `client_division` (`id`, `division_name`, `tenant_id`, `client_id`, `is_active`) VALUES ('14210237-5254-4df5-8b9f-4cbde1edeb6a', 'Engineering', 'df234305-8a47-4b4d-8efb-716a6b695428', '6dd06b26-afd3-444f-9326-15b50b6ddb7c', 1);
INSERT INTO `client_division` (`id`, `division_name`, `tenant_id`, `client_id`, `is_active`) VALUES ('003ae7c2-344d-499f-8f53-af1102edf548', 'Core Tech', 'df234305-8a47-4b4d-8efb-716a6b695428', '6dd06b26-afd3-444f-9326-15b50b6ddb7c', 1);
INSERT INTO `client` (`uuid`, `tenant_id`, `client_name`, `client_code`, `is_active`) VALUES ('7b2de168-8dc2-4033-89c5-8d1363906388', 'df234305-8a47-4b4d-8efb-716a6b695428', 'Smith-Simmons', 1015, 1);
INSERT INTO `department` (`uuid`, `tenant_id`, `client_id`, `department`) VALUES ('a4495049-0f3a-43ce-9f05-938e2e3ffc46', 'df234305-8a47-4b4d-8efb-716a6b695428', '7b2de168-8dc2-4033-89c5-8d1363906388', 'Civil Systems');
INSERT INTO `department` (`uuid`, `tenant_id`, `client_id`, `department`) VALUES ('890babd8-7d25-4713-bdb2-8db610113694', 'df234305-8a47-4b4d-8efb-716a6b695428', '7b2de168-8dc2-4033-89c5-8d1363906388', 'Biomedical');
INSERT INTO `department` (`uuid`, `tenant_id`, `client_id`, `department`) VALUES ('b87b42b9-5918-40e6-8c4d-61cdef76947f', 'df234305-8a47-4b4d-8efb-716a6b695428', '7b2de168-8dc2-4033-89c5-8d1363906388', 'Aerospace');
INSERT INTO `department` (`uuid`, `tenant_id`, `client_id`, `department`) VALUES ('c2f408c8-cca0-41dc-9488-e5f8c897c9ee', 'df234305-8a47-4b4d-8efb-716a6b695428', '7b2de168-8dc2-4033-89c5-8d1363906388', 'Cybersecurity');
INSERT INTO `department` (`uuid`, `tenant_id`, `client_id`, `department`) VALUES ('c072c968-c2b5-4f01-9850-ccd6439393a0', 'df234305-8a47-4b4d-8efb-716a6b695428', '7b2de168-8dc2-4033-89c5-8d1363906388', 'AI Solutions');
INSERT INTO `department` (`uuid`, `tenant_id`, `client_id`, `department`) VALUES ('cb97ee5e-8b2f-45f5-8fe9-bb36a9db864e', 'df234305-8a47-4b4d-8efb-716a6b695428', '7b2de168-8dc2-4033-89c5-8d1363906388', 'Robotics');
INSERT INTO `client_division` (`id`, `division_name`, `tenant_id`, `client_id`, `is_active`) VALUES ('3e9b1b5b-48f2-4fba-9359-14a5a6cb1e93', 'Product Dev', 'df234305-8a47-4b4d-8efb-716a6b695428', '7b2de168-8dc2-4033-89c5-8d1363906388', 1);
INSERT INTO `client_division` (`id`, `division_name`, `tenant_id`, `client_id`, `is_active`) VALUES ('ea331784-d672-4c3e-ab85-b3756db7cf22', 'Engineering', 'df234305-8a47-4b4d-8efb-716a6b695428', '7b2de168-8dc2-4033-89c5-8d1363906388', 1);
INSERT INTO `client_division` (`id`, `division_name`, `tenant_id`, `client_id`, `is_active`) VALUES ('5be37d4a-3490-44f5-bb48-dabb718684c8', 'Core Tech', 'df234305-8a47-4b4d-8efb-716a6b695428', '7b2de168-8dc2-4033-89c5-8d1363906388', 1);
INSERT INTO `client_division` (`id`, `division_name`, `tenant_id`, `client_id`, `is_active`) VALUES ('759609c6-eb5c-491f-886f-e44df60a41a0', 'R&D', 'df234305-8a47-4b4d-8efb-716a6b695428', '7b2de168-8dc2-4033-89c5-8d1363906388', 1);
INSERT INTO `client_division` (`id`, `division_name`, `tenant_id`, `client_id`, `is_active`) VALUES ('c039912f-ee7e-4537-bad4-ab75bb7ba1a4', 'Innovation Lab', 'df234305-8a47-4b4d-8efb-716a6b695428', '7b2de168-8dc2-4033-89c5-8d1363906388', 1);
INSERT INTO `client` (`uuid`, `tenant_id`, `client_name`, `client_code`, `is_active`) VALUES ('fe204f9b-52ce-490f-b478-849aab94ef5f', 'df234305-8a47-4b4d-8efb-716a6b695428', 'Wilson, Mcdonald and White', 1016, 1);
INSERT INTO `department` (`uuid`, `tenant_id`, `client_id`, `department`) VALUES ('b37e9059-29b2-454c-80fa-ea99eee0c5b1', 'df234305-8a47-4b4d-8efb-716a6b695428', 'fe204f9b-52ce-490f-b478-849aab94ef5f', 'Cybersecurity');
INSERT INTO `department` (`uuid`, `tenant_id`, `client_id`, `department`) VALUES ('c05cae96-4f6d-45ab-ac66-723a6bf1fe52', 'df234305-8a47-4b4d-8efb-716a6b695428', 'fe204f9b-52ce-490f-b478-849aab94ef5f', 'AI Solutions');
INSERT INTO `department` (`uuid`, `tenant_id`, `client_id`, `department`) VALUES ('c4a5143f-6adf-4975-96bf-545aeffd7673', 'df234305-8a47-4b4d-8efb-716a6b695428', 'fe204f9b-52ce-490f-b478-849aab94ef5f', 'Robotics');
INSERT INTO `department` (`uuid`, `tenant_id`, `client_id`, `department`) VALUES ('25f40736-8036-489f-88d7-f4ad4da26cdb', 'df234305-8a47-4b4d-8efb-716a6b695428', 'fe204f9b-52ce-490f-b478-849aab94ef5f', 'Biomedical');
INSERT INTO `department` (`uuid`, `tenant_id`, `client_id`, `department`) VALUES ('ffd5981d-0f72-4533-a402-e695ba92d1c5', 'df234305-8a47-4b4d-8efb-716a6b695428', 'fe204f9b-52ce-490f-b478-849aab94ef5f', 'Civil Systems');
INSERT INTO `department` (`uuid`, `tenant_id`, `client_id`, `department`) VALUES ('c6211e08-da0d-4ee2-a287-7f65d77f4067', 'df234305-8a47-4b4d-8efb-716a6b695428', 'fe204f9b-52ce-490f-b478-849aab94ef5f', 'Aerospace');
INSERT INTO `client_division` (`id`, `division_name`, `tenant_id`, `client_id`, `is_active`) VALUES ('96440694-041e-42f1-b3a7-6ee58211f533', 'Core Tech', 'df234305-8a47-4b4d-8efb-716a6b695428', 'fe204f9b-52ce-490f-b478-849aab94ef5f', 1);
INSERT INTO `client_division` (`id`, `division_name`, `tenant_id`, `client_id`, `is_active`) VALUES ('a20f8b38-90ee-4bf9-8e18-72997f31dc34', 'Innovation Lab', 'df234305-8a47-4b4d-8efb-716a6b695428', 'fe204f9b-52ce-490f-b478-849aab94ef5f', 1);
INSERT INTO `client_division` (`id`, `division_name`, `tenant_id`, `client_id`, `is_active`) VALUES ('10851fcc-0df4-4fe8-847a-3973a5d6d48c', 'Engineering', 'df234305-8a47-4b4d-8efb-716a6b695428', 'fe204f9b-52ce-490f-b478-849aab94ef5f', 1);
INSERT INTO `client_division` (`id`, `division_name`, `tenant_id`, `client_id`, `is_active`) VALUES ('9f0a68a2-b22b-4a40-8d41-4dc1305eebc0', 'R&D', 'df234305-8a47-4b4d-8efb-716a6b695428', 'fe204f9b-52ce-490f-b478-849aab94ef5f', 1);
INSERT INTO `client_division` (`id`, `division_name`, `tenant_id`, `client_id`, `is_active`) VALUES ('c418f852-8370-48e5-be62-40b8343a6987', 'Product Dev', 'df234305-8a47-4b4d-8efb-716a6b695428', 'fe204f9b-52ce-490f-b478-849aab94ef5f', 1);
INSERT INTO `client` (`uuid`, `tenant_id`, `client_name`, `client_code`, `is_active`) VALUES ('8a4c2f8f-92ce-4724-b823-3a4991770274', 'df234305-8a47-4b4d-8efb-716a6b695428', 'Wagner Ltd', 1017, 1);
INSERT INTO `department` (`uuid`, `tenant_id`, `client_id`, `department`) VALUES ('c48310dc-80d1-415f-a2d1-6c3e1677cedc', 'df234305-8a47-4b4d-8efb-716a6b695428', '8a4c2f8f-92ce-4724-b823-3a4991770274', 'Biomedical');
INSERT INTO `department` (`uuid`, `tenant_id`, `client_id`, `department`) VALUES ('ea9398e1-3517-45a5-817e-cfc317f981e4', 'df234305-8a47-4b4d-8efb-716a6b695428', '8a4c2f8f-92ce-4724-b823-3a4991770274', 'Civil Systems');
INSERT INTO `department` (`uuid`, `tenant_id`, `client_id`, `department`) VALUES ('4764a821-ff73-4a65-9f7c-8ee9a2a1d66a', 'df234305-8a47-4b4d-8efb-716a6b695428', '8a4c2f8f-92ce-4724-b823-3a4991770274', 'Robotics');
INSERT INTO `department` (`uuid`, `tenant_id`, `client_id`, `department`) VALUES ('961f1396-fd45-4a03-a90f-39641f551ccc', 'df234305-8a47-4b4d-8efb-716a6b695428', '8a4c2f8f-92ce-4724-b823-3a4991770274', 'Cybersecurity');
INSERT INTO `department` (`uuid`, `tenant_id`, `client_id`, `department`) VALUES ('c368a0d6-867a-479d-a74e-8bde0fc09c1a', 'df234305-8a47-4b4d-8efb-716a6b695428', '8a4c2f8f-92ce-4724-b823-3a4991770274', 'Aerospace');
INSERT INTO `client_division` (`id`, `division_name`, `tenant_id`, `client_id`, `is_active`) VALUES ('5dffda07-b507-45ea-a8bb-b028053c0cb5', 'Engineering', 'df234305-8a47-4b4d-8efb-716a6b695428', '8a4c2f8f-92ce-4724-b823-3a4991770274', 1);
INSERT INTO `client_division` (`id`, `division_name`, `tenant_id`, `client_id`, `is_active`) VALUES ('d7c50be7-4268-42e4-92f5-154251ae5ca1', 'Product Dev', 'df234305-8a47-4b4d-8efb-716a6b695428', '8a4c2f8f-92ce-4724-b823-3a4991770274', 1);
INSERT INTO `client_division` (`id`, `division_name`, `tenant_id`, `client_id`, `is_active`) VALUES ('b7e08991-8aa0-4f5d-b6d4-1ba99aae80bd', 'Innovation Lab', 'df234305-8a47-4b4d-8efb-716a6b695428', '8a4c2f8f-92ce-4724-b823-3a4991770274', 1);
INSERT INTO `client_division` (`id`, `division_name`, `tenant_id`, `client_id`, `is_active`) VALUES ('82484422-81c7-4e71-bad6-9c32c440f7f5', 'Core Tech', 'df234305-8a47-4b4d-8efb-716a6b695428', '8a4c2f8f-92ce-4724-b823-3a4991770274', 1);
INSERT INTO `client_division` (`id`, `division_name`, `tenant_id`, `client_id`, `is_active`) VALUES ('ec028bc7-bda6-4ca3-876b-9d9bf7410229', 'R&D', 'df234305-8a47-4b4d-8efb-716a6b695428', '8a4c2f8f-92ce-4724-b823-3a4991770274', 1);
INSERT INTO `client` (`uuid`, `tenant_id`, `client_name`, `client_code`, `is_active`) VALUES ('38739443-7eeb-4034-9beb-40a536e07cba', 'df234305-8a47-4b4d-8efb-716a6b695428', 'Garcia PLC', 1018, 1);
INSERT INTO `department` (`uuid`, `tenant_id`, `client_id`, `department`) VALUES ('b9ab100e-9658-4e32-a4f6-7b0403e7dae8', 'df234305-8a47-4b4d-8efb-716a6b695428', '38739443-7eeb-4034-9beb-40a536e07cba', 'Aerospace');
INSERT INTO `department` (`uuid`, `tenant_id`, `client_id`, `department`) VALUES ('ee44541e-067e-4eb9-b139-81483922c19b', 'df234305-8a47-4b4d-8efb-716a6b695428', '38739443-7eeb-4034-9beb-40a536e07cba', 'Civil Systems');
INSERT INTO `department` (`uuid`, `tenant_id`, `client_id`, `department`) VALUES ('eee63a2b-75c8-42cc-8f97-ab3461baa013', 'df234305-8a47-4b4d-8efb-716a6b695428', '38739443-7eeb-4034-9beb-40a536e07cba', 'Cybersecurity');
INSERT INTO `department` (`uuid`, `tenant_id`, `client_id`, `department`) VALUES ('be5dc68d-9359-4854-bdd6-24c5cb824873', 'df234305-8a47-4b4d-8efb-716a6b695428', '38739443-7eeb-4034-9beb-40a536e07cba', 'Robotics');
INSERT INTO `department` (`uuid`, `tenant_id`, `client_id`, `department`) VALUES ('b74d4ad5-8511-4028-900f-c0a038998b84', 'df234305-8a47-4b4d-8efb-716a6b695428', '38739443-7eeb-4034-9beb-40a536e07cba', 'AI Solutions');
INSERT INTO `department` (`uuid`, `tenant_id`, `client_id`, `department`) VALUES ('26a571d9-fa9e-48cb-aa2c-57e2ac3d2cc4', 'df234305-8a47-4b4d-8efb-716a6b695428', '38739443-7eeb-4034-9beb-40a536e07cba', 'Biomedical');
INSERT INTO `client_division` (`id`, `division_name`, `tenant_id`, `client_id`, `is_active`) VALUES ('f92b686b-aeab-45eb-aefe-7bd610fe6d94', 'Innovation Lab', 'df234305-8a47-4b4d-8efb-716a6b695428', '38739443-7eeb-4034-9beb-40a536e07cba', 1);
INSERT INTO `client_division` (`id`, `division_name`, `tenant_id`, `client_id`, `is_active`) VALUES ('af2d0fa8-8d2e-43ff-a220-6273e7f5b770', 'R&D', 'df234305-8a47-4b4d-8efb-716a6b695428', '38739443-7eeb-4034-9beb-40a536e07cba', 1);
INSERT INTO `client_division` (`id`, `division_name`, `tenant_id`, `client_id`, `is_active`) VALUES ('9a4ab6d2-92cd-4667-b3c1-4f5f50d3261b', 'Core Tech', 'df234305-8a47-4b4d-8efb-716a6b695428', '38739443-7eeb-4034-9beb-40a536e07cba', 1);
INSERT INTO `client_division` (`id`, `division_name`, `tenant_id`, `client_id`, `is_active`) VALUES ('57c92c0f-aac8-4fb3-9174-a4173091c1e1', 'Engineering', 'df234305-8a47-4b4d-8efb-716a6b695428', '38739443-7eeb-4034-9beb-40a536e07cba', 1);
INSERT INTO `client_division` (`id`, `division_name`, `tenant_id`, `client_id`, `is_active`) VALUES ('28544590-a5b2-4192-828d-37f80673bb2e', 'Product Dev', 'df234305-8a47-4b4d-8efb-716a6b695428', '38739443-7eeb-4034-9beb-40a536e07cba', 1);
INSERT INTO `client` (`uuid`, `tenant_id`, `client_name`, `client_code`, `is_active`) VALUES ('d33461c4-3f0e-40b5-9159-289adf33a92f', 'df234305-8a47-4b4d-8efb-716a6b695428', 'Olson, Jones and Horton', 1019, 1);
INSERT INTO `department` (`uuid`, `tenant_id`, `client_id`, `department`) VALUES ('825c9d8a-a347-493b-99ec-de245be36797', 'df234305-8a47-4b4d-8efb-716a6b695428', 'd33461c4-3f0e-40b5-9159-289adf33a92f', 'Robotics');
INSERT INTO `department` (`uuid`, `tenant_id`, `client_id`, `department`) VALUES ('d63b5046-08ae-4d03-a884-43a79d50a591', 'df234305-8a47-4b4d-8efb-716a6b695428', 'd33461c4-3f0e-40b5-9159-289adf33a92f', 'Biomedical');
INSERT INTO `department` (`uuid`, `tenant_id`, `client_id`, `department`) VALUES ('34a1cef8-1560-4ab9-9b4a-741af9481663', 'df234305-8a47-4b4d-8efb-716a6b695428', 'd33461c4-3f0e-40b5-9159-289adf33a92f', 'AI Solutions');
INSERT INTO `department` (`uuid`, `tenant_id`, `client_id`, `department`) VALUES ('20a92799-a6d7-45be-b8d1-c6af80d29914', 'df234305-8a47-4b4d-8efb-716a6b695428', 'd33461c4-3f0e-40b5-9159-289adf33a92f', 'Aerospace');
INSERT INTO `department` (`uuid`, `tenant_id`, `client_id`, `department`) VALUES ('22dc19fc-624d-4f12-8138-a0395a53406d', 'df234305-8a47-4b4d-8efb-716a6b695428', 'd33461c4-3f0e-40b5-9159-289adf33a92f', 'Civil Systems');
INSERT INTO `department` (`uuid`, `tenant_id`, `client_id`, `department`) VALUES ('b8a841da-d210-4e31-b46e-a68a2448cabc', 'df234305-8a47-4b4d-8efb-716a6b695428', 'd33461c4-3f0e-40b5-9159-289adf33a92f', 'Cybersecurity');
INSERT INTO `client_division` (`id`, `division_name`, `tenant_id`, `client_id`, `is_active`) VALUES ('8cd627ac-6e49-448f-905b-26c3c1332fe7', 'Innovation Lab', 'df234305-8a47-4b4d-8efb-716a6b695428', 'd33461c4-3f0e-40b5-9159-289adf33a92f', 1);
INSERT INTO `client_division` (`id`, `division_name`, `tenant_id`, `client_id`, `is_active`) VALUES ('37127602-a834-4c25-8573-0ce788df54fb', 'Core Tech', 'df234305-8a47-4b4d-8efb-716a6b695428', 'd33461c4-3f0e-40b5-9159-289adf33a92f', 1);
INSERT INTO `client_division` (`id`, `division_name`, `tenant_id`, `client_id`, `is_active`) VALUES ('31d8e1d7-73fd-449b-8c66-13110b9db137', 'Engineering', 'df234305-8a47-4b4d-8efb-716a6b695428', 'd33461c4-3f0e-40b5-9159-289adf33a92f', 1);
INSERT INTO `client_division` (`id`, `division_name`, `tenant_id`, `client_id`, `is_active`) VALUES ('42a48e26-9098-427b-ae39-5177d65b03e1', 'R&D', 'df234305-8a47-4b4d-8efb-716a6b695428', 'd33461c4-3f0e-40b5-9159-289adf33a92f', 1);
INSERT INTO `client_division` (`id`, `division_name`, `tenant_id`, `client_id`, `is_active`) VALUES ('a2e8a44a-ce5e-41ae-bc8d-f0e95d0b00fa', 'Product Dev', 'df234305-8a47-4b4d-8efb-716a6b695428', 'd33461c4-3f0e-40b5-9159-289adf33a92f', 1);
INSERT INTO `client` (`uuid`, `tenant_id`, `client_name`, `client_code`, `is_active`) VALUES ('12c8226d-2601-43a2-91e4-ccb7e259e646', 'df234305-8a47-4b4d-8efb-716a6b695428', 'Johnson, James and Mayo', 1020, 1);
INSERT INTO `department` (`uuid`, `tenant_id`, `client_id`, `department`) VALUES ('2b6132e1-0302-47b8-a95e-56694932a8f1', 'df234305-8a47-4b4d-8efb-716a6b695428', '12c8226d-2601-43a2-91e4-ccb7e259e646', 'Civil Systems');
INSERT INTO `department` (`uuid`, `tenant_id`, `client_id`, `department`) VALUES ('c5fb7a3c-6fd4-47e9-8619-ebe748ba6c9c', 'df234305-8a47-4b4d-8efb-716a6b695428', '12c8226d-2601-43a2-91e4-ccb7e259e646', 'Robotics');
INSERT INTO `department` (`uuid`, `tenant_id`, `client_id`, `department`) VALUES ('4dcc5dfe-b4af-4d4b-bf08-94f69e2548b1', 'df234305-8a47-4b4d-8efb-716a6b695428', '12c8226d-2601-43a2-91e4-ccb7e259e646', 'AI Solutions');
INSERT INTO `department` (`uuid`, `tenant_id`, `client_id`, `department`) VALUES ('b98bb518-20b7-47b5-b6a6-eefc07deaf3a', 'df234305-8a47-4b4d-8efb-716a6b695428', '12c8226d-2601-43a2-91e4-ccb7e259e646', 'Biomedical');
INSERT INTO `department` (`uuid`, `tenant_id`, `client_id`, `department`) VALUES ('aa581ba0-a406-45cf-a424-55e507a533f7', 'df234305-8a47-4b4d-8efb-716a6b695428', '12c8226d-2601-43a2-91e4-ccb7e259e646', 'Cybersecurity');
INSERT INTO `department` (`uuid`, `tenant_id`, `client_id`, `department`) VALUES ('56d2ee36-da61-44a5-aed0-390a80ebf7bc', 'df234305-8a47-4b4d-8efb-716a6b695428', '12c8226d-2601-43a2-91e4-ccb7e259e646', 'Aerospace');
INSERT INTO `client_division` (`id`, `division_name`, `tenant_id`, `client_id`, `is_active`) VALUES ('c8e8cdf6-e0ab-4664-b4f3-be1c36fd9284', 'Product Dev', 'df234305-8a47-4b4d-8efb-716a6b695428', '12c8226d-2601-43a2-91e4-ccb7e259e646', 1);
INSERT INTO `client_division` (`id`, `division_name`, `tenant_id`, `client_id`, `is_active`) VALUES ('c2785237-447f-43c2-816f-f8a26371c9cc', 'Innovation Lab', 'df234305-8a47-4b4d-8efb-716a6b695428', '12c8226d-2601-43a2-91e4-ccb7e259e646', 1);
INSERT INTO `client_division` (`id`, `division_name`, `tenant_id`, `client_id`, `is_active`) VALUES ('c58dfbb0-e601-455a-9955-1881168699a3', 'Engineering', 'df234305-8a47-4b4d-8efb-716a6b695428', '12c8226d-2601-43a2-91e4-ccb7e259e646', 1);
INSERT INTO `client_division` (`id`, `division_name`, `tenant_id`, `client_id`, `is_active`) VALUES ('5c2b1f95-4a04-44f3-b030-923774a7f9fd', 'R&D', 'df234305-8a47-4b4d-8efb-716a6b695428', '12c8226d-2601-43a2-91e4-ccb7e259e646', 1);
INSERT INTO `client_division` (`id`, `division_name`, `tenant_id`, `client_id`, `is_active`) VALUES ('5dd3f4be-c317-4c9d-bc14-3cc63a3345a8', 'Core Tech', 'df234305-8a47-4b4d-8efb-716a6b695428', '12c8226d-2601-43a2-91e4-ccb7e259e646', 1);
INSERT INTO `client` (`uuid`, `tenant_id`, `client_name`, `client_code`, `is_active`) VALUES ('43d9f276-b659-49d2-8358-7c25c572f2d0', 'df234305-8a47-4b4d-8efb-716a6b695428', 'Jones-Griffin', 1021, 1);
INSERT INTO `department` (`uuid`, `tenant_id`, `client_id`, `department`) VALUES ('10429ebb-d9c7-4e49-a023-6e96b6d0cd22', 'df234305-8a47-4b4d-8efb-716a6b695428', '43d9f276-b659-49d2-8358-7c25c572f2d0', 'Cybersecurity');
INSERT INTO `department` (`uuid`, `tenant_id`, `client_id`, `department`) VALUES ('5540068a-389a-4115-b9e9-22baebfd18d8', 'df234305-8a47-4b4d-8efb-716a6b695428', '43d9f276-b659-49d2-8358-7c25c572f2d0', 'AI Solutions');
INSERT INTO `department` (`uuid`, `tenant_id`, `client_id`, `department`) VALUES ('26324685-e5b2-4fb4-8df9-c7ed56396242', 'df234305-8a47-4b4d-8efb-716a6b695428', '43d9f276-b659-49d2-8358-7c25c572f2d0', 'Robotics');
INSERT INTO `department` (`uuid`, `tenant_id`, `client_id`, `department`) VALUES ('abe04ec8-5fbc-4ac4-a63e-ffde22e0be0c', 'df234305-8a47-4b4d-8efb-716a6b695428', '43d9f276-b659-49d2-8358-7c25c572f2d0', 'Civil Systems');
INSERT INTO `department` (`uuid`, `tenant_id`, `client_id`, `department`) VALUES ('cb716576-e7ba-419b-b17f-39aaa11d2b69', 'df234305-8a47-4b4d-8efb-716a6b695428', '43d9f276-b659-49d2-8358-7c25c572f2d0', 'Biomedical');
INSERT INTO `client_division` (`id`, `division_name`, `tenant_id`, `client_id`, `is_active`) VALUES ('a9a55afe-64e1-40ef-8423-0b692faab6b0', 'R&D', 'df234305-8a47-4b4d-8efb-716a6b695428', '43d9f276-b659-49d2-8358-7c25c572f2d0', 1);
INSERT INTO `client_division` (`id`, `division_name`, `tenant_id`, `client_id`, `is_active`) VALUES ('68e0f528-c21c-49a0-a750-3785e41a6cd4', 'Innovation Lab', 'df234305-8a47-4b4d-8efb-716a6b695428', '43d9f276-b659-49d2-8358-7c25c572f2d0', 1);
INSERT INTO `client_division` (`id`, `division_name`, `tenant_id`, `client_id`, `is_active`) VALUES ('36ee916c-1133-4d31-9f34-d3a01c488d68', 'Engineering', 'df234305-8a47-4b4d-8efb-716a6b695428', '43d9f276-b659-49d2-8358-7c25c572f2d0', 1);
INSERT INTO `client_division` (`id`, `division_name`, `tenant_id`, `client_id`, `is_active`) VALUES ('ff4a7dba-3eae-4ee9-bf03-7cc7797a39f9', 'Core Tech', 'df234305-8a47-4b4d-8efb-716a6b695428', '43d9f276-b659-49d2-8358-7c25c572f2d0', 1);
INSERT INTO `client_division` (`id`, `division_name`, `tenant_id`, `client_id`, `is_active`) VALUES ('c848cf09-ca70-48a9-9a63-94d7a8edc0ca', 'Product Dev', 'df234305-8a47-4b4d-8efb-716a6b695428', '43d9f276-b659-49d2-8358-7c25c572f2d0', 1);
INSERT INTO `client` (`uuid`, `tenant_id`, `client_name`, `client_code`, `is_active`) VALUES ('07194192-8eed-472d-bb66-feeb4f8dc38a', 'df234305-8a47-4b4d-8efb-716a6b695428', 'Dickson Inc', 1022, 1);
INSERT INTO `department` (`uuid`, `tenant_id`, `client_id`, `department`) VALUES ('9a68235b-a1a5-40b6-b85e-40399b76e241', 'df234305-8a47-4b4d-8efb-716a6b695428', '07194192-8eed-472d-bb66-feeb4f8dc38a', 'Biomedical');
INSERT INTO `department` (`uuid`, `tenant_id`, `client_id`, `department`) VALUES ('aed167a4-9aa1-4299-b73e-97652ae973f0', 'df234305-8a47-4b4d-8efb-716a6b695428', '07194192-8eed-472d-bb66-feeb4f8dc38a', 'Civil Systems');
INSERT INTO `department` (`uuid`, `tenant_id`, `client_id`, `department`) VALUES ('35fe6b8e-c144-428f-a484-215bdca2a548', 'df234305-8a47-4b4d-8efb-716a6b695428', '07194192-8eed-472d-bb66-feeb4f8dc38a', 'Robotics');
INSERT INTO `department` (`uuid`, `tenant_id`, `client_id`, `department`) VALUES ('56a159b1-fe73-42fd-8a78-4acae76df40a', 'df234305-8a47-4b4d-8efb-716a6b695428', '07194192-8eed-472d-bb66-feeb4f8dc38a', 'AI Solutions');
INSERT INTO `department` (`uuid`, `tenant_id`, `client_id`, `department`) VALUES ('2019ad9d-262a-4e77-b70a-039b9f92ce0e', 'df234305-8a47-4b4d-8efb-716a6b695428', '07194192-8eed-472d-bb66-feeb4f8dc38a', 'Aerospace');
INSERT INTO `department` (`uuid`, `tenant_id`, `client_id`, `department`) VALUES ('2371bd6c-ecab-4ca3-80f6-a9732a99973f', 'df234305-8a47-4b4d-8efb-716a6b695428', '07194192-8eed-472d-bb66-feeb4f8dc38a', 'Cybersecurity');
INSERT INTO `client_division` (`id`, `division_name`, `tenant_id`, `client_id`, `is_active`) VALUES ('4f3cdf66-ba3f-4c60-b986-06435abfcc55', 'Innovation Lab', 'df234305-8a47-4b4d-8efb-716a6b695428', '07194192-8eed-472d-bb66-feeb4f8dc38a', 1);
INSERT INTO `client_division` (`id`, `division_name`, `tenant_id`, `client_id`, `is_active`) VALUES ('f594479d-b646-4b77-a687-232779c62818', 'Product Dev', 'df234305-8a47-4b4d-8efb-716a6b695428', '07194192-8eed-472d-bb66-feeb4f8dc38a', 1);
INSERT INTO `client_division` (`id`, `division_name`, `tenant_id`, `client_id`, `is_active`) VALUES ('45c17979-fc0d-4b65-8647-766a84659f33', 'Core Tech', 'df234305-8a47-4b4d-8efb-716a6b695428', '07194192-8eed-472d-bb66-feeb4f8dc38a', 1);
INSERT INTO `client_division` (`id`, `division_name`, `tenant_id`, `client_id`, `is_active`) VALUES ('e0318f66-7c51-4eee-ac03-bb15882bc6a3', 'Engineering', 'df234305-8a47-4b4d-8efb-716a6b695428', '07194192-8eed-472d-bb66-feeb4f8dc38a', 1);
INSERT INTO `client_division` (`id`, `division_name`, `tenant_id`, `client_id`, `is_active`) VALUES ('71e2ed3b-3b23-4277-ab15-733d84349dac', 'R&D', 'df234305-8a47-4b4d-8efb-716a6b695428', '07194192-8eed-472d-bb66-feeb4f8dc38a', 1);
INSERT INTO `client` (`uuid`, `tenant_id`, `client_name`, `client_code`, `is_active`) VALUES ('9f4b58dd-ed9f-4858-b80f-b129cd26bfaf', 'df234305-8a47-4b4d-8efb-716a6b695428', 'Alvarado-Mckay', 1023, 1);
INSERT INTO `department` (`uuid`, `tenant_id`, `client_id`, `department`) VALUES ('77a28674-750d-44df-ae4c-149407568ff2', 'df234305-8a47-4b4d-8efb-716a6b695428', '9f4b58dd-ed9f-4858-b80f-b129cd26bfaf', 'Biomedical');
INSERT INTO `department` (`uuid`, `tenant_id`, `client_id`, `department`) VALUES ('0cd6a18f-e9f9-4ea4-9610-195106abe647', 'df234305-8a47-4b4d-8efb-716a6b695428', '9f4b58dd-ed9f-4858-b80f-b129cd26bfaf', 'Cybersecurity');
INSERT INTO `department` (`uuid`, `tenant_id`, `client_id`, `department`) VALUES ('e20c6a00-c974-4e33-98f2-42de3734b851', 'df234305-8a47-4b4d-8efb-716a6b695428', '9f4b58dd-ed9f-4858-b80f-b129cd26bfaf', 'AI Solutions');
INSERT INTO `department` (`uuid`, `tenant_id`, `client_id`, `department`) VALUES ('e8295f86-2fb3-4e3e-b85a-049778eae47a', 'df234305-8a47-4b4d-8efb-716a6b695428', '9f4b58dd-ed9f-4858-b80f-b129cd26bfaf', 'Robotics');
INSERT INTO `department` (`uuid`, `tenant_id`, `client_id`, `department`) VALUES ('392690a0-fab1-486d-8cd2-06f61e6a6b1e', 'df234305-8a47-4b4d-8efb-716a6b695428', '9f4b58dd-ed9f-4858-b80f-b129cd26bfaf', 'Aerospace');
INSERT INTO `department` (`uuid`, `tenant_id`, `client_id`, `department`) VALUES ('139778cf-d588-44b7-b1e2-b838ec0050c9', 'df234305-8a47-4b4d-8efb-716a6b695428', '9f4b58dd-ed9f-4858-b80f-b129cd26bfaf', 'Civil Systems');
INSERT INTO `client_division` (`id`, `division_name`, `tenant_id`, `client_id`, `is_active`) VALUES ('898a2ef3-b121-4557-8cbf-94921e7c8d5a', 'Product Dev', 'df234305-8a47-4b4d-8efb-716a6b695428', '9f4b58dd-ed9f-4858-b80f-b129cd26bfaf', 1);
INSERT INTO `client_division` (`id`, `division_name`, `tenant_id`, `client_id`, `is_active`) VALUES ('8784a98f-f646-4acb-9208-e7cd78e51c1b', 'R&D', 'df234305-8a47-4b4d-8efb-716a6b695428', '9f4b58dd-ed9f-4858-b80f-b129cd26bfaf', 1);
INSERT INTO `client_division` (`id`, `division_name`, `tenant_id`, `client_id`, `is_active`) VALUES ('cbb2cb0b-5c67-4094-9ff1-4c2b38088215', 'Core Tech', 'df234305-8a47-4b4d-8efb-716a6b695428', '9f4b58dd-ed9f-4858-b80f-b129cd26bfaf', 1);
INSERT INTO `client_division` (`id`, `division_name`, `tenant_id`, `client_id`, `is_active`) VALUES ('29f7d4bf-3b37-4bc0-b725-1a8d3880ada6', 'Engineering', 'df234305-8a47-4b4d-8efb-716a6b695428', '9f4b58dd-ed9f-4858-b80f-b129cd26bfaf', 1);
INSERT INTO `client_division` (`id`, `division_name`, `tenant_id`, `client_id`, `is_active`) VALUES ('41ea69be-f722-495d-af6b-a4ab155545e5', 'Innovation Lab', 'df234305-8a47-4b4d-8efb-716a6b695428', '9f4b58dd-ed9f-4858-b80f-b129cd26bfaf', 1);
INSERT INTO `client` (`uuid`, `tenant_id`, `client_name`, `client_code`, `is_active`) VALUES ('30daab18-b698-4282-862e-6a3f43592c3d', 'df234305-8a47-4b4d-8efb-716a6b695428', 'Murray, Washington and Bell', 1024, 1);
INSERT INTO `department` (`uuid`, `tenant_id`, `client_id`, `department`) VALUES ('8b467add-b836-4c85-9690-874afd250372', 'df234305-8a47-4b4d-8efb-716a6b695428', '30daab18-b698-4282-862e-6a3f43592c3d', 'Cybersecurity');
INSERT INTO `department` (`uuid`, `tenant_id`, `client_id`, `department`) VALUES ('b9228e7a-aa83-4465-a050-985722db458b', 'df234305-8a47-4b4d-8efb-716a6b695428', '30daab18-b698-4282-862e-6a3f43592c3d', 'AI Solutions');
INSERT INTO `department` (`uuid`, `tenant_id`, `client_id`, `department`) VALUES ('801ab2cd-5d6c-41fb-9833-b48aa80f1194', 'df234305-8a47-4b4d-8efb-716a6b695428', '30daab18-b698-4282-862e-6a3f43592c3d', 'Robotics');
INSERT INTO `department` (`uuid`, `tenant_id`, `client_id`, `department`) VALUES ('a21576b7-6d05-4296-830a-5c37dc1a34f5', 'df234305-8a47-4b4d-8efb-716a6b695428', '30daab18-b698-4282-862e-6a3f43592c3d', 'Biomedical');
INSERT INTO `department` (`uuid`, `tenant_id`, `client_id`, `department`) VALUES ('35edfd77-53fd-4d28-85b2-bfd96ba0416f', 'df234305-8a47-4b4d-8efb-716a6b695428', '30daab18-b698-4282-862e-6a3f43592c3d', 'Civil Systems');
INSERT INTO `department` (`uuid`, `tenant_id`, `client_id`, `department`) VALUES ('167f3505-23b6-4e79-b9f3-36aec5d573c3', 'df234305-8a47-4b4d-8efb-716a6b695428', '30daab18-b698-4282-862e-6a3f43592c3d', 'Aerospace');
INSERT INTO `client_division` (`id`, `division_name`, `tenant_id`, `client_id`, `is_active`) VALUES ('b5129653-d8b3-4b8e-86e7-630d143f130b', 'Product Dev', 'df234305-8a47-4b4d-8efb-716a6b695428', '30daab18-b698-4282-862e-6a3f43592c3d', 1);
INSERT INTO `client_division` (`id`, `division_name`, `tenant_id`, `client_id`, `is_active`) VALUES ('1f120e2c-8618-4deb-a831-a1a25cc2a045', 'R&D', 'df234305-8a47-4b4d-8efb-716a6b695428', '30daab18-b698-4282-862e-6a3f43592c3d', 1);
INSERT INTO `client_division` (`id`, `division_name`, `tenant_id`, `client_id`, `is_active`) VALUES ('5529a9fb-3cfa-48db-b6e5-1870b430fc74', 'Innovation Lab', 'df234305-8a47-4b4d-8efb-716a6b695428', '30daab18-b698-4282-862e-6a3f43592c3d', 1);
INSERT INTO `client_division` (`id`, `division_name`, `tenant_id`, `client_id`, `is_active`) VALUES ('5b61d453-fd43-4377-941b-b5703b46dc63', 'Engineering', 'df234305-8a47-4b4d-8efb-716a6b695428', '30daab18-b698-4282-862e-6a3f43592c3d', 1);
INSERT INTO `client_division` (`id`, `division_name`, `tenant_id`, `client_id`, `is_active`) VALUES ('24d4470e-442a-4156-98b6-912e761c61f5', 'Core Tech', 'df234305-8a47-4b4d-8efb-716a6b695428', '30daab18-b698-4282-862e-6a3f43592c3d', 1);
INSERT INTO `client` (`uuid`, `tenant_id`, `client_name`, `client_code`, `is_active`) VALUES ('76938ba4-7a2c-4d5b-aa5b-ed4ac44b0b05', 'df234305-8a47-4b4d-8efb-716a6b695428', 'Roth-Reed', 1025, 1);
INSERT INTO `department` (`uuid`, `tenant_id`, `client_id`, `department`) VALUES ('e808eadc-ecbc-4eef-aade-593f37775e29', 'df234305-8a47-4b4d-8efb-716a6b695428', '76938ba4-7a2c-4d5b-aa5b-ed4ac44b0b05', 'Robotics');
INSERT INTO `department` (`uuid`, `tenant_id`, `client_id`, `department`) VALUES ('30a70694-384d-4406-87db-35efcf09fefa', 'df234305-8a47-4b4d-8efb-716a6b695428', '76938ba4-7a2c-4d5b-aa5b-ed4ac44b0b05', 'Biomedical');
INSERT INTO `department` (`uuid`, `tenant_id`, `client_id`, `department`) VALUES ('ed064c0b-7502-4dc2-aa13-22c63e29f791', 'df234305-8a47-4b4d-8efb-716a6b695428', '76938ba4-7a2c-4d5b-aa5b-ed4ac44b0b05', 'Aerospace');
INSERT INTO `department` (`uuid`, `tenant_id`, `client_id`, `department`) VALUES ('d1d28c1a-aa89-4fef-bccf-af80624202b4', 'df234305-8a47-4b4d-8efb-716a6b695428', '76938ba4-7a2c-4d5b-aa5b-ed4ac44b0b05', 'Civil Systems');
INSERT INTO `department` (`uuid`, `tenant_id`, `client_id`, `department`) VALUES ('b886d9f8-9603-4c15-a3e8-4a1a742a07e8', 'df234305-8a47-4b4d-8efb-716a6b695428', '76938ba4-7a2c-4d5b-aa5b-ed4ac44b0b05', 'Cybersecurity');
INSERT INTO `department` (`uuid`, `tenant_id`, `client_id`, `department`) VALUES ('ba53dd32-8cf1-4bdd-ae50-96de9f78719d', 'df234305-8a47-4b4d-8efb-716a6b695428', '76938ba4-7a2c-4d5b-aa5b-ed4ac44b0b05', 'AI Solutions');
INSERT INTO `client_division` (`id`, `division_name`, `tenant_id`, `client_id`, `is_active`) VALUES ('e89fd1f7-4401-46bd-b95b-de99dc3ea141', 'Engineering', 'df234305-8a47-4b4d-8efb-716a6b695428', '76938ba4-7a2c-4d5b-aa5b-ed4ac44b0b05', 1);
INSERT INTO `client_division` (`id`, `division_name`, `tenant_id`, `client_id`, `is_active`) VALUES ('796e1b1d-3139-42b7-ad54-603bb753e2b9', 'R&D', 'df234305-8a47-4b4d-8efb-716a6b695428', '76938ba4-7a2c-4d5b-aa5b-ed4ac44b0b05', 1);
INSERT INTO `client_division` (`id`, `division_name`, `tenant_id`, `client_id`, `is_active`) VALUES ('bdc44bf6-2a65-46f2-b45a-fd025a7cbe70', 'Product Dev', 'df234305-8a47-4b4d-8efb-716a6b695428', '76938ba4-7a2c-4d5b-aa5b-ed4ac44b0b05', 1);
INSERT INTO `client_division` (`id`, `division_name`, `tenant_id`, `client_id`, `is_active`) VALUES ('dce70d46-d8d8-4ec6-b5a6-428d30063a20', 'Innovation Lab', 'df234305-8a47-4b4d-8efb-716a6b695428', '76938ba4-7a2c-4d5b-aa5b-ed4ac44b0b05', 1);
INSERT INTO `client_division` (`id`, `division_name`, `tenant_id`, `client_id`, `is_active`) VALUES ('a98f14aa-4c65-46aa-86f2-31f732714dba', 'Core Tech', 'df234305-8a47-4b4d-8efb-716a6b695428', '76938ba4-7a2c-4d5b-aa5b-ed4ac44b0b05', 1);
INSERT INTO `client` (`uuid`, `tenant_id`, `client_name`, `client_code`, `is_active`) VALUES ('fe89ccb0-b58d-4db5-8cf4-d656dd401cbc', 'df234305-8a47-4b4d-8efb-716a6b695428', 'Freeman-Cole', 1026, 1);
INSERT INTO `department` (`uuid`, `tenant_id`, `client_id`, `department`) VALUES ('485afee8-74df-4f2f-a4bd-394cad36b640', 'df234305-8a47-4b4d-8efb-716a6b695428', 'fe89ccb0-b58d-4db5-8cf4-d656dd401cbc', 'Civil Systems');
INSERT INTO `department` (`uuid`, `tenant_id`, `client_id`, `department`) VALUES ('b4ad4762-b595-47f3-8bb7-3f0bf3e3825b', 'df234305-8a47-4b4d-8efb-716a6b695428', 'fe89ccb0-b58d-4db5-8cf4-d656dd401cbc', 'AI Solutions');
INSERT INTO `department` (`uuid`, `tenant_id`, `client_id`, `department`) VALUES ('2efd2611-1138-4124-b730-e7116582700f', 'df234305-8a47-4b4d-8efb-716a6b695428', 'fe89ccb0-b58d-4db5-8cf4-d656dd401cbc', 'Cybersecurity');
INSERT INTO `department` (`uuid`, `tenant_id`, `client_id`, `department`) VALUES ('7dfaacb9-99fc-4be3-90ce-7eae8949d979', 'df234305-8a47-4b4d-8efb-716a6b695428', 'fe89ccb0-b58d-4db5-8cf4-d656dd401cbc', 'Aerospace');
INSERT INTO `department` (`uuid`, `tenant_id`, `client_id`, `department`) VALUES ('aa04ae16-ad51-4d46-9388-4fd067289cab', 'df234305-8a47-4b4d-8efb-716a6b695428', 'fe89ccb0-b58d-4db5-8cf4-d656dd401cbc', 'Biomedical');
INSERT INTO `department` (`uuid`, `tenant_id`, `client_id`, `department`) VALUES ('8b5e3a27-b0b5-4fb6-a126-d0592c50d1d3', 'df234305-8a47-4b4d-8efb-716a6b695428', 'fe89ccb0-b58d-4db5-8cf4-d656dd401cbc', 'Robotics');
INSERT INTO `client_division` (`id`, `division_name`, `tenant_id`, `client_id`, `is_active`) VALUES ('86c8f167-f25d-4be2-a98d-11b100b6361f', 'Innovation Lab', 'df234305-8a47-4b4d-8efb-716a6b695428', 'fe89ccb0-b58d-4db5-8cf4-d656dd401cbc', 1);
INSERT INTO `client_division` (`id`, `division_name`, `tenant_id`, `client_id`, `is_active`) VALUES ('6bb1456c-79c4-4f67-a0a5-1ce758b45f7c', 'Core Tech', 'df234305-8a47-4b4d-8efb-716a6b695428', 'fe89ccb0-b58d-4db5-8cf4-d656dd401cbc', 1);
INSERT INTO `client_division` (`id`, `division_name`, `tenant_id`, `client_id`, `is_active`) VALUES ('04dc9d3a-b160-49f3-b360-a7cab3d6d09e', 'Product Dev', 'df234305-8a47-4b4d-8efb-716a6b695428', 'fe89ccb0-b58d-4db5-8cf4-d656dd401cbc', 1);
INSERT INTO `client_division` (`id`, `division_name`, `tenant_id`, `client_id`, `is_active`) VALUES ('2c141cdc-1730-4e25-9e73-428979eee1a9', 'Engineering', 'df234305-8a47-4b4d-8efb-716a6b695428', 'fe89ccb0-b58d-4db5-8cf4-d656dd401cbc', 1);
INSERT INTO `client_division` (`id`, `division_name`, `tenant_id`, `client_id`, `is_active`) VALUES ('40c23b23-45c0-4d9f-a1f1-973d37d2941b', 'R&D', 'df234305-8a47-4b4d-8efb-716a6b695428', 'fe89ccb0-b58d-4db5-8cf4-d656dd401cbc', 1);
INSERT INTO `client` (`uuid`, `tenant_id`, `client_name`, `client_code`, `is_active`) VALUES ('c9aba0cc-4d89-4c11-80ab-1ed233263261', 'df234305-8a47-4b4d-8efb-716a6b695428', 'Duncan-Robinson', 1027, 1);
INSERT INTO `department` (`uuid`, `tenant_id`, `client_id`, `department`) VALUES ('4a2b5e67-047f-408e-8c0e-8c5dbf6dec35', 'df234305-8a47-4b4d-8efb-716a6b695428', 'c9aba0cc-4d89-4c11-80ab-1ed233263261', 'Civil Systems');
INSERT INTO `department` (`uuid`, `tenant_id`, `client_id`, `department`) VALUES ('83ace5ef-1cb2-4048-9422-bca7b14e3a93', 'df234305-8a47-4b4d-8efb-716a6b695428', 'c9aba0cc-4d89-4c11-80ab-1ed233263261', 'Cybersecurity');
INSERT INTO `department` (`uuid`, `tenant_id`, `client_id`, `department`) VALUES ('5480929f-692b-44bc-8366-5dda7c0b9052', 'df234305-8a47-4b4d-8efb-716a6b695428', 'c9aba0cc-4d89-4c11-80ab-1ed233263261', 'Biomedical');
INSERT INTO `department` (`uuid`, `tenant_id`, `client_id`, `department`) VALUES ('438f0817-921e-481d-8ef9-4c7d30d83e08', 'df234305-8a47-4b4d-8efb-716a6b695428', 'c9aba0cc-4d89-4c11-80ab-1ed233263261', 'AI Solutions');
INSERT INTO `department` (`uuid`, `tenant_id`, `client_id`, `department`) VALUES ('3aa2d993-be86-4f35-8145-4e4ce0fc81ad', 'df234305-8a47-4b4d-8efb-716a6b695428', 'c9aba0cc-4d89-4c11-80ab-1ed233263261', 'Robotics');
INSERT INTO `department` (`uuid`, `tenant_id`, `client_id`, `department`) VALUES ('2d0441f6-5d89-48ab-8a00-dbcd6b441d85', 'df234305-8a47-4b4d-8efb-716a6b695428', 'c9aba0cc-4d89-4c11-80ab-1ed233263261', 'Aerospace');
INSERT INTO `client_division` (`id`, `division_name`, `tenant_id`, `client_id`, `is_active`) VALUES ('7f511f3c-e7da-444a-ad28-3933b6956e61', 'Engineering', 'df234305-8a47-4b4d-8efb-716a6b695428', 'c9aba0cc-4d89-4c11-80ab-1ed233263261', 1);
INSERT INTO `client_division` (`id`, `division_name`, `tenant_id`, `client_id`, `is_active`) VALUES ('6f58743e-65f1-486e-b9e4-04525a73a5a8', 'Product Dev', 'df234305-8a47-4b4d-8efb-716a6b695428', 'c9aba0cc-4d89-4c11-80ab-1ed233263261', 1);
INSERT INTO `client_division` (`id`, `division_name`, `tenant_id`, `client_id`, `is_active`) VALUES ('c51f0b85-bcaf-4de0-aff3-185cd59d4cf7', 'Core Tech', 'df234305-8a47-4b4d-8efb-716a6b695428', 'c9aba0cc-4d89-4c11-80ab-1ed233263261', 1);
INSERT INTO `client_division` (`id`, `division_name`, `tenant_id`, `client_id`, `is_active`) VALUES ('0dbfcced-5469-4b63-b570-3d3e293c81d2', 'Innovation Lab', 'df234305-8a47-4b4d-8efb-716a6b695428', 'c9aba0cc-4d89-4c11-80ab-1ed233263261', 1);
INSERT INTO `client_division` (`id`, `division_name`, `tenant_id`, `client_id`, `is_active`) VALUES ('448c3e1d-9112-43c0-a9d2-3a0efa64b444', 'R&D', 'df234305-8a47-4b4d-8efb-716a6b695428', 'c9aba0cc-4d89-4c11-80ab-1ed233263261', 1);
INSERT INTO `client` (`uuid`, `tenant_id`, `client_name`, `client_code`, `is_active`) VALUES ('45e06931-5243-42da-af88-b10e8cbad7a1', 'df234305-8a47-4b4d-8efb-716a6b695428', 'Sherman and Sons', 1028, 1);
INSERT INTO `department` (`uuid`, `tenant_id`, `client_id`, `department`) VALUES ('4acc7953-3cb6-4164-b870-e750880a277a', 'df234305-8a47-4b4d-8efb-716a6b695428', '45e06931-5243-42da-af88-b10e8cbad7a1', 'Robotics');
INSERT INTO `department` (`uuid`, `tenant_id`, `client_id`, `department`) VALUES ('c10cd0bd-96bd-4591-a5c3-cb8119a4901d', 'df234305-8a47-4b4d-8efb-716a6b695428', '45e06931-5243-42da-af88-b10e8cbad7a1', 'Cybersecurity');
INSERT INTO `department` (`uuid`, `tenant_id`, `client_id`, `department`) VALUES ('e75d9e94-ac8c-4404-bc87-c11538cbcd55', 'df234305-8a47-4b4d-8efb-716a6b695428', '45e06931-5243-42da-af88-b10e8cbad7a1', 'Aerospace');
INSERT INTO `department` (`uuid`, `tenant_id`, `client_id`, `department`) VALUES ('37277629-4c59-4d50-9065-17772a84ac61', 'df234305-8a47-4b4d-8efb-716a6b695428', '45e06931-5243-42da-af88-b10e8cbad7a1', 'Biomedical');
INSERT INTO `department` (`uuid`, `tenant_id`, `client_id`, `department`) VALUES ('f09a93f5-e463-43c6-a169-4865a7637caa', 'df234305-8a47-4b4d-8efb-716a6b695428', '45e06931-5243-42da-af88-b10e8cbad7a1', 'AI Solutions');
INSERT INTO `department` (`uuid`, `tenant_id`, `client_id`, `department`) VALUES ('e995d395-9a54-4f75-8d0b-a79f6e7b5ab3', 'df234305-8a47-4b4d-8efb-716a6b695428', '45e06931-5243-42da-af88-b10e8cbad7a1', 'Civil Systems');
INSERT INTO `client_division` (`id`, `division_name`, `tenant_id`, `client_id`, `is_active`) VALUES ('abfe3290-aec1-4de9-aaf2-010ed5bde9d1', 'R&D', 'df234305-8a47-4b4d-8efb-716a6b695428', '45e06931-5243-42da-af88-b10e8cbad7a1', 1);
INSERT INTO `client_division` (`id`, `division_name`, `tenant_id`, `client_id`, `is_active`) VALUES ('735fac66-68e2-4bd7-9af9-0e42286641eb', 'Core Tech', 'df234305-8a47-4b4d-8efb-716a6b695428', '45e06931-5243-42da-af88-b10e8cbad7a1', 1);
INSERT INTO `client_division` (`id`, `division_name`, `tenant_id`, `client_id`, `is_active`) VALUES ('24b8f6d0-9f7e-41a3-99b6-ec0f5bc4801c', 'Innovation Lab', 'df234305-8a47-4b4d-8efb-716a6b695428', '45e06931-5243-42da-af88-b10e8cbad7a1', 1);
INSERT INTO `client_division` (`id`, `division_name`, `tenant_id`, `client_id`, `is_active`) VALUES ('e5cfb25a-3d6a-45d8-b9ff-928731936bec', 'Engineering', 'df234305-8a47-4b4d-8efb-716a6b695428', '45e06931-5243-42da-af88-b10e8cbad7a1', 1);
INSERT INTO `client_division` (`id`, `division_name`, `tenant_id`, `client_id`, `is_active`) VALUES ('22ea4eea-8189-41dd-aa45-3220c2577ed6', 'Product Dev', 'df234305-8a47-4b4d-8efb-716a6b695428', '45e06931-5243-42da-af88-b10e8cbad7a1', 1);
INSERT INTO `client` (`uuid`, `tenant_id`, `client_name`, `client_code`, `is_active`) VALUES ('567a47a7-686c-484e-a6ad-15a66999a314', 'df234305-8a47-4b4d-8efb-716a6b695428', 'Smith-Hernandez', 1029, 1);
INSERT INTO `department` (`uuid`, `tenant_id`, `client_id`, `department`) VALUES ('b518984e-f492-46ca-a58b-c4cc0020be95', 'df234305-8a47-4b4d-8efb-716a6b695428', '567a47a7-686c-484e-a6ad-15a66999a314', 'Robotics');
INSERT INTO `department` (`uuid`, `tenant_id`, `client_id`, `department`) VALUES ('79e3d86c-8694-4955-b8cf-207cade41f2a', 'df234305-8a47-4b4d-8efb-716a6b695428', '567a47a7-686c-484e-a6ad-15a66999a314', 'Biomedical');
INSERT INTO `department` (`uuid`, `tenant_id`, `client_id`, `department`) VALUES ('05632ab7-0329-422d-9c10-2936b0d791fe', 'df234305-8a47-4b4d-8efb-716a6b695428', '567a47a7-686c-484e-a6ad-15a66999a314', 'AI Solutions');
INSERT INTO `department` (`uuid`, `tenant_id`, `client_id`, `department`) VALUES ('2d617944-8a04-4a69-b2d5-e8bebe13daf9', 'df234305-8a47-4b4d-8efb-716a6b695428', '567a47a7-686c-484e-a6ad-15a66999a314', 'Civil Systems');
INSERT INTO `department` (`uuid`, `tenant_id`, `client_id`, `department`) VALUES ('aedd22b0-d18d-4bfe-8336-d58e593a5faf', 'df234305-8a47-4b4d-8efb-716a6b695428', '567a47a7-686c-484e-a6ad-15a66999a314', 'Aerospace');
INSERT INTO `department` (`uuid`, `tenant_id`, `client_id`, `department`) VALUES ('f1a88239-8ccb-4f3f-90a6-59b0486bec01', 'df234305-8a47-4b4d-8efb-716a6b695428', '567a47a7-686c-484e-a6ad-15a66999a314', 'Cybersecurity');
INSERT INTO `client_division` (`id`, `division_name`, `tenant_id`, `client_id`, `is_active`) VALUES ('777c0e52-bd46-468e-b98b-a934379cd551', 'R&D', 'df234305-8a47-4b4d-8efb-716a6b695428', '567a47a7-686c-484e-a6ad-15a66999a314', 1);
INSERT INTO `client_division` (`id`, `division_name`, `tenant_id`, `client_id`, `is_active`) VALUES ('fa936e99-3f40-43a2-a07e-bd130a6a623a', 'Engineering', 'df234305-8a47-4b4d-8efb-716a6b695428', '567a47a7-686c-484e-a6ad-15a66999a314', 1);
INSERT INTO `client_division` (`id`, `division_name`, `tenant_id`, `client_id`, `is_active`) VALUES ('51d01834-2beb-4fcc-aa85-007bbd87368c', 'Innovation Lab', 'df234305-8a47-4b4d-8efb-716a6b695428', '567a47a7-686c-484e-a6ad-15a66999a314', 1);
INSERT INTO `client_division` (`id`, `division_name`, `tenant_id`, `client_id`, `is_active`) VALUES ('d49eb104-d414-4a0f-80a2-a817b2c8e844', 'Core Tech', 'df234305-8a47-4b4d-8efb-716a6b695428', '567a47a7-686c-484e-a6ad-15a66999a314', 1);
INSERT INTO `client_division` (`id`, `division_name`, `tenant_id`, `client_id`, `is_active`) VALUES ('958ffaf4-9ed2-4e38-bfaf-3d91549a3b6b', 'Product Dev', 'df234305-8a47-4b4d-8efb-716a6b695428', '567a47a7-686c-484e-a6ad-15a66999a314', 1);
INSERT INTO `client` (`uuid`, `tenant_id`, `client_name`, `client_code`, `is_active`) VALUES ('74ce3826-8106-472a-99cf-eee1bfffec31', 'df234305-8a47-4b4d-8efb-716a6b695428', 'Williams and Sons', 1030, 1);
INSERT INTO `department` (`uuid`, `tenant_id`, `client_id`, `department`) VALUES ('4481609f-7606-40c3-9143-c5d4ced414a9', 'df234305-8a47-4b4d-8efb-716a6b695428', '74ce3826-8106-472a-99cf-eee1bfffec31', 'Cybersecurity');
INSERT INTO `department` (`uuid`, `tenant_id`, `client_id`, `department`) VALUES ('7790349d-1874-4503-9a4f-10f010640a95', 'df234305-8a47-4b4d-8efb-716a6b695428', '74ce3826-8106-472a-99cf-eee1bfffec31', 'Civil Systems');
INSERT INTO `department` (`uuid`, `tenant_id`, `client_id`, `department`) VALUES ('8af99f3b-b051-45b2-ba86-7846b783f5d4', 'df234305-8a47-4b4d-8efb-716a6b695428', '74ce3826-8106-472a-99cf-eee1bfffec31', 'AI Solutions');
INSERT INTO `department` (`uuid`, `tenant_id`, `client_id`, `department`) VALUES ('2faac37c-95a3-4879-a2cb-b6a688cf44c1', 'df234305-8a47-4b4d-8efb-716a6b695428', '74ce3826-8106-472a-99cf-eee1bfffec31', 'Robotics');
INSERT INTO `department` (`uuid`, `tenant_id`, `client_id`, `department`) VALUES ('bb3c794d-03e4-4982-a7c4-39351ab54795', 'df234305-8a47-4b4d-8efb-716a6b695428', '74ce3826-8106-472a-99cf-eee1bfffec31', 'Aerospace');
INSERT INTO `department` (`uuid`, `tenant_id`, `client_id`, `department`) VALUES ('0639684d-51ce-4578-b380-5fde8eb63cb4', 'df234305-8a47-4b4d-8efb-716a6b695428', '74ce3826-8106-472a-99cf-eee1bfffec31', 'Biomedical');
INSERT INTO `client_division` (`id`, `division_name`, `tenant_id`, `client_id`, `is_active`) VALUES ('7e3c93f6-750f-4e2a-b045-251d61edb803', 'Product Dev', 'df234305-8a47-4b4d-8efb-716a6b695428', '74ce3826-8106-472a-99cf-eee1bfffec31', 1);
INSERT INTO `client_division` (`id`, `division_name`, `tenant_id`, `client_id`, `is_active`) VALUES ('e343517d-d783-45de-b093-d217271c97e8', 'Innovation Lab', 'df234305-8a47-4b4d-8efb-716a6b695428', '74ce3826-8106-472a-99cf-eee1bfffec31', 1);
INSERT INTO `client_division` (`id`, `division_name`, `tenant_id`, `client_id`, `is_active`) VALUES ('23ecaf96-0257-4fad-a78c-4b3fd3c84a45', 'Core Tech', 'df234305-8a47-4b4d-8efb-716a6b695428', '74ce3826-8106-472a-99cf-eee1bfffec31', 1);
INSERT INTO `client_division` (`id`, `division_name`, `tenant_id`, `client_id`, `is_active`) VALUES ('46787256-a47f-4a73-8242-5aa56e593148', 'R&D', 'df234305-8a47-4b4d-8efb-716a6b695428', '74ce3826-8106-472a-99cf-eee1bfffec31', 1);
INSERT INTO `client_division` (`id`, `division_name`, `tenant_id`, `client_id`, `is_active`) VALUES ('ddfb5a58-7c51-4ee1-ad5f-7426c3b69c96', 'Engineering', 'df234305-8a47-4b4d-8efb-716a6b695428', '74ce3826-8106-472a-99cf-eee1bfffec31', 1);
INSERT INTO `client` (`uuid`, `tenant_id`, `client_name`, `client_code`, `is_active`) VALUES ('69a2b5bb-ca8f-4fa9-aa43-795dec520971', 'df234305-8a47-4b4d-8efb-716a6b695428', 'Bryant Group', 1031, 1);
INSERT INTO `department` (`uuid`, `tenant_id`, `client_id`, `department`) VALUES ('84ff9106-57e6-4477-aeef-de4593290b38', 'df234305-8a47-4b4d-8efb-716a6b695428', '69a2b5bb-ca8f-4fa9-aa43-795dec520971', 'Biomedical');
INSERT INTO `department` (`uuid`, `tenant_id`, `client_id`, `department`) VALUES ('826636d6-6a42-46b5-a5f9-14ebea2d2294', 'df234305-8a47-4b4d-8efb-716a6b695428', '69a2b5bb-ca8f-4fa9-aa43-795dec520971', 'Civil Systems');
INSERT INTO `department` (`uuid`, `tenant_id`, `client_id`, `department`) VALUES ('8510e2f7-1dc3-4aec-a736-4f4461d8cd40', 'df234305-8a47-4b4d-8efb-716a6b695428', '69a2b5bb-ca8f-4fa9-aa43-795dec520971', 'AI Solutions');
INSERT INTO `department` (`uuid`, `tenant_id`, `client_id`, `department`) VALUES ('3485feb3-1388-4859-b260-6179a8111525', 'df234305-8a47-4b4d-8efb-716a6b695428', '69a2b5bb-ca8f-4fa9-aa43-795dec520971', 'Aerospace');
INSERT INTO `department` (`uuid`, `tenant_id`, `client_id`, `department`) VALUES ('f6420d51-269e-4379-b21e-2a95732f66c9', 'df234305-8a47-4b4d-8efb-716a6b695428', '69a2b5bb-ca8f-4fa9-aa43-795dec520971', 'Cybersecurity');
INSERT INTO `client_division` (`id`, `division_name`, `tenant_id`, `client_id`, `is_active`) VALUES ('e3fb5c59-c25f-48d3-ac7b-d55ef8d33fcc', 'Engineering', 'df234305-8a47-4b4d-8efb-716a6b695428', '69a2b5bb-ca8f-4fa9-aa43-795dec520971', 1);
INSERT INTO `client_division` (`id`, `division_name`, `tenant_id`, `client_id`, `is_active`) VALUES ('b8be5c4f-1b6f-43f0-adb8-b20c121ad8ac', 'R&D', 'df234305-8a47-4b4d-8efb-716a6b695428', '69a2b5bb-ca8f-4fa9-aa43-795dec520971', 1);
INSERT INTO `client_division` (`id`, `division_name`, `tenant_id`, `client_id`, `is_active`) VALUES ('bbd3de4d-5f39-45f1-aff2-19557312cc7f', 'Innovation Lab', 'df234305-8a47-4b4d-8efb-716a6b695428', '69a2b5bb-ca8f-4fa9-aa43-795dec520971', 1);
INSERT INTO `client_division` (`id`, `division_name`, `tenant_id`, `client_id`, `is_active`) VALUES ('c0aec034-51dc-4a06-b521-8c5bdeae3001', 'Product Dev', 'df234305-8a47-4b4d-8efb-716a6b695428', '69a2b5bb-ca8f-4fa9-aa43-795dec520971', 1);
INSERT INTO `client_division` (`id`, `division_name`, `tenant_id`, `client_id`, `is_active`) VALUES ('aa317300-4c3b-4140-b7e5-b7bd3ea67066', 'Core Tech', 'df234305-8a47-4b4d-8efb-716a6b695428', '69a2b5bb-ca8f-4fa9-aa43-795dec520971', 1);
INSERT INTO `client` (`uuid`, `tenant_id`, `client_name`, `client_code`, `is_active`) VALUES ('6a032c42-3246-440a-8016-6e8e907c318a', 'df234305-8a47-4b4d-8efb-716a6b695428', 'Wright Inc', 1032, 1);
INSERT INTO `department` (`uuid`, `tenant_id`, `client_id`, `department`) VALUES ('e2bc8672-e3cf-4933-b358-706ca08cbfa1', 'df234305-8a47-4b4d-8efb-716a6b695428', '6a032c42-3246-440a-8016-6e8e907c318a', 'Civil Systems');
INSERT INTO `department` (`uuid`, `tenant_id`, `client_id`, `department`) VALUES ('d20b3a54-ed2c-43ba-ab88-ef787eed6c57', 'df234305-8a47-4b4d-8efb-716a6b695428', '6a032c42-3246-440a-8016-6e8e907c318a', 'Biomedical');
INSERT INTO `department` (`uuid`, `tenant_id`, `client_id`, `department`) VALUES ('ea2df38b-d8ef-44db-a702-a92c17917d54', 'df234305-8a47-4b4d-8efb-716a6b695428', '6a032c42-3246-440a-8016-6e8e907c318a', 'AI Solutions');
INSERT INTO `department` (`uuid`, `tenant_id`, `client_id`, `department`) VALUES ('750fa8e2-f997-4154-af0d-c6d776e904cd', 'df234305-8a47-4b4d-8efb-716a6b695428', '6a032c42-3246-440a-8016-6e8e907c318a', 'Aerospace');
INSERT INTO `department` (`uuid`, `tenant_id`, `client_id`, `department`) VALUES ('f3bc525b-860d-4a05-b362-672c319c62f9', 'df234305-8a47-4b4d-8efb-716a6b695428', '6a032c42-3246-440a-8016-6e8e907c318a', 'Robotics');
INSERT INTO `department` (`uuid`, `tenant_id`, `client_id`, `department`) VALUES ('4b50b856-bb17-429f-9a3f-930f9aefaf47', 'df234305-8a47-4b4d-8efb-716a6b695428', '6a032c42-3246-440a-8016-6e8e907c318a', 'Cybersecurity');
INSERT INTO `client_division` (`id`, `division_name`, `tenant_id`, `client_id`, `is_active`) VALUES ('b5d1b773-e379-45c3-a6ae-e17bb98876ce', 'Core Tech', 'df234305-8a47-4b4d-8efb-716a6b695428', '6a032c42-3246-440a-8016-6e8e907c318a', 1);
INSERT INTO `client_division` (`id`, `division_name`, `tenant_id`, `client_id`, `is_active`) VALUES ('4bfc1ce1-90e3-497a-b84c-238b66cb5f54', 'Engineering', 'df234305-8a47-4b4d-8efb-716a6b695428', '6a032c42-3246-440a-8016-6e8e907c318a', 1);
INSERT INTO `client_division` (`id`, `division_name`, `tenant_id`, `client_id`, `is_active`) VALUES ('a4c024a1-230f-4b1b-a0b5-207ba26c71a4', 'Innovation Lab', 'df234305-8a47-4b4d-8efb-716a6b695428', '6a032c42-3246-440a-8016-6e8e907c318a', 1);
INSERT INTO `client_division` (`id`, `division_name`, `tenant_id`, `client_id`, `is_active`) VALUES ('c060a8d5-593a-46c4-94cd-1ea765f64273', 'R&D', 'df234305-8a47-4b4d-8efb-716a6b695428', '6a032c42-3246-440a-8016-6e8e907c318a', 1);
INSERT INTO `client_division` (`id`, `division_name`, `tenant_id`, `client_id`, `is_active`) VALUES ('bc30f61f-c122-4575-8cdb-bb42e8fafa8a', 'Product Dev', 'df234305-8a47-4b4d-8efb-716a6b695428', '6a032c42-3246-440a-8016-6e8e907c318a', 1);
INSERT INTO `client` (`uuid`, `tenant_id`, `client_name`, `client_code`, `is_active`) VALUES ('b3d1c6ee-8f55-4fb1-9fd0-cc85693a1d4c', 'df234305-8a47-4b4d-8efb-716a6b695428', 'Blackwell-Hobbs', 1033, 1);
INSERT INTO `department` (`uuid`, `tenant_id`, `client_id`, `department`) VALUES ('480d52dc-1f30-4d6c-8e08-7cf78eb8182f', 'df234305-8a47-4b4d-8efb-716a6b695428', 'b3d1c6ee-8f55-4fb1-9fd0-cc85693a1d4c', 'Robotics');
INSERT INTO `department` (`uuid`, `tenant_id`, `client_id`, `department`) VALUES ('8652b3d7-6854-48d2-8d6b-c8e5b39c2c8b', 'df234305-8a47-4b4d-8efb-716a6b695428', 'b3d1c6ee-8f55-4fb1-9fd0-cc85693a1d4c', 'Civil Systems');
INSERT INTO `department` (`uuid`, `tenant_id`, `client_id`, `department`) VALUES ('234369d5-1aa5-4a01-ba40-046aac919f11', 'df234305-8a47-4b4d-8efb-716a6b695428', 'b3d1c6ee-8f55-4fb1-9fd0-cc85693a1d4c', 'Aerospace');
INSERT INTO `department` (`uuid`, `tenant_id`, `client_id`, `department`) VALUES ('e454edcc-7a2a-47e1-b526-0aa9be9c4338', 'df234305-8a47-4b4d-8efb-716a6b695428', 'b3d1c6ee-8f55-4fb1-9fd0-cc85693a1d4c', 'AI Solutions');
INSERT INTO `department` (`uuid`, `tenant_id`, `client_id`, `department`) VALUES ('d2bc1df7-17ae-4bc8-90e1-c719f97a4af5', 'df234305-8a47-4b4d-8efb-716a6b695428', 'b3d1c6ee-8f55-4fb1-9fd0-cc85693a1d4c', 'Cybersecurity');
INSERT INTO `client_division` (`id`, `division_name`, `tenant_id`, `client_id`, `is_active`) VALUES ('69685477-d5b6-4421-93c0-6eb34caa62c6', 'Engineering', 'df234305-8a47-4b4d-8efb-716a6b695428', 'b3d1c6ee-8f55-4fb1-9fd0-cc85693a1d4c', 1);
INSERT INTO `client_division` (`id`, `division_name`, `tenant_id`, `client_id`, `is_active`) VALUES ('75c70254-c935-488e-af0b-5997e5f27ca9', 'R&D', 'df234305-8a47-4b4d-8efb-716a6b695428', 'b3d1c6ee-8f55-4fb1-9fd0-cc85693a1d4c', 1);
INSERT INTO `client_division` (`id`, `division_name`, `tenant_id`, `client_id`, `is_active`) VALUES ('7d906cb1-016d-474f-b111-ce94b74bd305', 'Core Tech', 'df234305-8a47-4b4d-8efb-716a6b695428', 'b3d1c6ee-8f55-4fb1-9fd0-cc85693a1d4c', 1);
INSERT INTO `client_division` (`id`, `division_name`, `tenant_id`, `client_id`, `is_active`) VALUES ('a8fd9235-67d5-48ba-9ae0-5b5febe0b8ee', 'Innovation Lab', 'df234305-8a47-4b4d-8efb-716a6b695428', 'b3d1c6ee-8f55-4fb1-9fd0-cc85693a1d4c', 1);
INSERT INTO `client_division` (`id`, `division_name`, `tenant_id`, `client_id`, `is_active`) VALUES ('4eb8446a-1867-40c7-88e5-2adae88a56d3', 'Product Dev', 'df234305-8a47-4b4d-8efb-716a6b695428', 'b3d1c6ee-8f55-4fb1-9fd0-cc85693a1d4c', 1);
INSERT INTO `client` (`uuid`, `tenant_id`, `client_name`, `client_code`, `is_active`) VALUES ('ac0c81a1-997e-4bb5-b940-858d0fa6bd13', 'df234305-8a47-4b4d-8efb-716a6b695428', 'Miller, Thornton and Larson', 1034, 1);
INSERT INTO `department` (`uuid`, `tenant_id`, `client_id`, `department`) VALUES ('f2dafe6d-95c3-4752-b3f8-d607cd5ec8c1', 'df234305-8a47-4b4d-8efb-716a6b695428', 'ac0c81a1-997e-4bb5-b940-858d0fa6bd13', 'Biomedical');
INSERT INTO `department` (`uuid`, `tenant_id`, `client_id`, `department`) VALUES ('79d37ed6-429f-45cd-9f4a-72073f3eda6d', 'df234305-8a47-4b4d-8efb-716a6b695428', 'ac0c81a1-997e-4bb5-b940-858d0fa6bd13', 'Aerospace');
INSERT INTO `department` (`uuid`, `tenant_id`, `client_id`, `department`) VALUES ('214e8e2b-a33b-47d4-beda-db2c86578db7', 'df234305-8a47-4b4d-8efb-716a6b695428', 'ac0c81a1-997e-4bb5-b940-858d0fa6bd13', 'Cybersecurity');
INSERT INTO `department` (`uuid`, `tenant_id`, `client_id`, `department`) VALUES ('4474052b-60ee-43e3-b868-db123bf738ad', 'df234305-8a47-4b4d-8efb-716a6b695428', 'ac0c81a1-997e-4bb5-b940-858d0fa6bd13', 'Civil Systems');
INSERT INTO `department` (`uuid`, `tenant_id`, `client_id`, `department`) VALUES ('19c68fd8-7c41-467d-a836-e8e26e0bbd6d', 'df234305-8a47-4b4d-8efb-716a6b695428', 'ac0c81a1-997e-4bb5-b940-858d0fa6bd13', 'AI Solutions');
INSERT INTO `department` (`uuid`, `tenant_id`, `client_id`, `department`) VALUES ('8cc49ab6-5843-4d41-ad62-24304d3fb4d9', 'df234305-8a47-4b4d-8efb-716a6b695428', 'ac0c81a1-997e-4bb5-b940-858d0fa6bd13', 'Robotics');
INSERT INTO `client_division` (`id`, `division_name`, `tenant_id`, `client_id`, `is_active`) VALUES ('92dc3bb1-3b54-4ec5-8ce3-1a2ace075323', 'Innovation Lab', 'df234305-8a47-4b4d-8efb-716a6b695428', 'ac0c81a1-997e-4bb5-b940-858d0fa6bd13', 1);
INSERT INTO `client_division` (`id`, `division_name`, `tenant_id`, `client_id`, `is_active`) VALUES ('12832b99-20ca-4c50-ac55-af198a58338e', 'Engineering', 'df234305-8a47-4b4d-8efb-716a6b695428', 'ac0c81a1-997e-4bb5-b940-858d0fa6bd13', 1);
INSERT INTO `client_division` (`id`, `division_name`, `tenant_id`, `client_id`, `is_active`) VALUES ('cef27ad9-a909-4892-8e64-24fef99fbc82', 'Core Tech', 'df234305-8a47-4b4d-8efb-716a6b695428', 'ac0c81a1-997e-4bb5-b940-858d0fa6bd13', 1);
INSERT INTO `client_division` (`id`, `division_name`, `tenant_id`, `client_id`, `is_active`) VALUES ('30b40286-5ad1-44be-a8fa-cb155a144012', 'Product Dev', 'df234305-8a47-4b4d-8efb-716a6b695428', 'ac0c81a1-997e-4bb5-b940-858d0fa6bd13', 1);
INSERT INTO `client_division` (`id`, `division_name`, `tenant_id`, `client_id`, `is_active`) VALUES ('0b7fa3ed-e06a-4bb8-bb04-3920d3374ed2', 'R&D', 'df234305-8a47-4b4d-8efb-716a6b695428', 'ac0c81a1-997e-4bb5-b940-858d0fa6bd13', 1);
INSERT INTO `client` (`uuid`, `tenant_id`, `client_name`, `client_code`, `is_active`) VALUES ('5e0d9fb7-b4fb-4dfe-b2c1-3d722d7e7ec0', 'df234305-8a47-4b4d-8efb-716a6b695428', 'Francis-Chavez', 1035, 1);
INSERT INTO `department` (`uuid`, `tenant_id`, `client_id`, `department`) VALUES ('8c891388-68de-428f-8dc3-db972ca3f9d9', 'df234305-8a47-4b4d-8efb-716a6b695428', '5e0d9fb7-b4fb-4dfe-b2c1-3d722d7e7ec0', 'Aerospace');
INSERT INTO `department` (`uuid`, `tenant_id`, `client_id`, `department`) VALUES ('45fad424-2000-442e-9c65-347e45302c26', 'df234305-8a47-4b4d-8efb-716a6b695428', '5e0d9fb7-b4fb-4dfe-b2c1-3d722d7e7ec0', 'Cybersecurity');
INSERT INTO `department` (`uuid`, `tenant_id`, `client_id`, `department`) VALUES ('65f6683a-25db-4fd5-a504-04ce25c8b6d1', 'df234305-8a47-4b4d-8efb-716a6b695428', '5e0d9fb7-b4fb-4dfe-b2c1-3d722d7e7ec0', 'Robotics');
INSERT INTO `department` (`uuid`, `tenant_id`, `client_id`, `department`) VALUES ('835af3b9-de98-42a3-9ab1-b32b822e56ca', 'df234305-8a47-4b4d-8efb-716a6b695428', '5e0d9fb7-b4fb-4dfe-b2c1-3d722d7e7ec0', 'Civil Systems');
INSERT INTO `department` (`uuid`, `tenant_id`, `client_id`, `department`) VALUES ('992782b4-2d8a-477a-96f1-f6405e6f11a2', 'df234305-8a47-4b4d-8efb-716a6b695428', '5e0d9fb7-b4fb-4dfe-b2c1-3d722d7e7ec0', 'AI Solutions');
INSERT INTO `department` (`uuid`, `tenant_id`, `client_id`, `department`) VALUES ('fc8e56fc-8926-415e-899a-6f0656f0e772', 'df234305-8a47-4b4d-8efb-716a6b695428', '5e0d9fb7-b4fb-4dfe-b2c1-3d722d7e7ec0', 'Biomedical');
INSERT INTO `client_division` (`id`, `division_name`, `tenant_id`, `client_id`, `is_active`) VALUES ('1851c377-1b9a-406b-9af8-e0ce52e90736', 'Core Tech', 'df234305-8a47-4b4d-8efb-716a6b695428', '5e0d9fb7-b4fb-4dfe-b2c1-3d722d7e7ec0', 1);
INSERT INTO `client_division` (`id`, `division_name`, `tenant_id`, `client_id`, `is_active`) VALUES ('a08190c2-72c3-4e97-a73c-5c08d93fc237', 'R&D', 'df234305-8a47-4b4d-8efb-716a6b695428', '5e0d9fb7-b4fb-4dfe-b2c1-3d722d7e7ec0', 1);
INSERT INTO `client_division` (`id`, `division_name`, `tenant_id`, `client_id`, `is_active`) VALUES ('8e67af5e-ced6-4d56-acc2-f1db31f0031f', 'Engineering', 'df234305-8a47-4b4d-8efb-716a6b695428', '5e0d9fb7-b4fb-4dfe-b2c1-3d722d7e7ec0', 1);
INSERT INTO `client_division` (`id`, `division_name`, `tenant_id`, `client_id`, `is_active`) VALUES ('b7213c83-b2b5-4c4b-9ee2-2ac6ba333be3', 'Innovation Lab', 'df234305-8a47-4b4d-8efb-716a6b695428', '5e0d9fb7-b4fb-4dfe-b2c1-3d722d7e7ec0', 1);
INSERT INTO `client_division` (`id`, `division_name`, `tenant_id`, `client_id`, `is_active`) VALUES ('fb40dbfc-6151-4a13-9054-1b332e6d3597', 'Product Dev', 'df234305-8a47-4b4d-8efb-716a6b695428', '5e0d9fb7-b4fb-4dfe-b2c1-3d722d7e7ec0', 1);
INSERT INTO `client` (`uuid`, `tenant_id`, `client_name`, `client_code`, `is_active`) VALUES ('4004828f-f9e5-41d4-8596-4135d35146f1', 'df234305-8a47-4b4d-8efb-716a6b695428', 'Anderson Inc', 1036, 1);
INSERT INTO `department` (`uuid`, `tenant_id`, `client_id`, `department`) VALUES ('be30d962-7895-4320-974b-51a07365b6da', 'df234305-8a47-4b4d-8efb-716a6b695428', '4004828f-f9e5-41d4-8596-4135d35146f1', 'AI Solutions');
INSERT INTO `department` (`uuid`, `tenant_id`, `client_id`, `department`) VALUES ('ba468670-0919-46a5-9e18-5fb44c1ea747', 'df234305-8a47-4b4d-8efb-716a6b695428', '4004828f-f9e5-41d4-8596-4135d35146f1', 'Biomedical');
INSERT INTO `department` (`uuid`, `tenant_id`, `client_id`, `department`) VALUES ('6fd3d124-6920-4a41-b4c6-b146d75f7f14', 'df234305-8a47-4b4d-8efb-716a6b695428', '4004828f-f9e5-41d4-8596-4135d35146f1', 'Robotics');
INSERT INTO `department` (`uuid`, `tenant_id`, `client_id`, `department`) VALUES ('ebacad5f-7ec0-49b1-ab22-e85ac169ff43', 'df234305-8a47-4b4d-8efb-716a6b695428', '4004828f-f9e5-41d4-8596-4135d35146f1', 'Civil Systems');
INSERT INTO `client_division` (`id`, `division_name`, `tenant_id`, `client_id`, `is_active`) VALUES ('91e5421a-2222-4878-b8c2-d99513ae8543', 'Innovation Lab', 'df234305-8a47-4b4d-8efb-716a6b695428', '4004828f-f9e5-41d4-8596-4135d35146f1', 1);
INSERT INTO `client_division` (`id`, `division_name`, `tenant_id`, `client_id`, `is_active`) VALUES ('b883468e-cdcd-4958-a8c3-e802de3b5869', 'R&D', 'df234305-8a47-4b4d-8efb-716a6b695428', '4004828f-f9e5-41d4-8596-4135d35146f1', 1);
INSERT INTO `client_division` (`id`, `division_name`, `tenant_id`, `client_id`, `is_active`) VALUES ('9420114a-f9ca-4a82-8d2e-bd3c60fbd176', 'Product Dev', 'df234305-8a47-4b4d-8efb-716a6b695428', '4004828f-f9e5-41d4-8596-4135d35146f1', 1);
INSERT INTO `client_division` (`id`, `division_name`, `tenant_id`, `client_id`, `is_active`) VALUES ('80079f11-68fa-4c49-bd81-c6eb45c8662c', 'Core Tech', 'df234305-8a47-4b4d-8efb-716a6b695428', '4004828f-f9e5-41d4-8596-4135d35146f1', 1);
INSERT INTO `client_division` (`id`, `division_name`, `tenant_id`, `client_id`, `is_active`) VALUES ('049bb441-896d-40e0-abdc-6f8ebeb91367', 'Engineering', 'df234305-8a47-4b4d-8efb-716a6b695428', '4004828f-f9e5-41d4-8596-4135d35146f1', 1);
INSERT INTO `client` (`uuid`, `tenant_id`, `client_name`, `client_code`, `is_active`) VALUES ('d1d1a443-0586-4890-8cb3-e5732e9521a4', 'df234305-8a47-4b4d-8efb-716a6b695428', 'Johnson and Sons', 1037, 1);
INSERT INTO `department` (`uuid`, `tenant_id`, `client_id`, `department`) VALUES ('4d54b98d-7f28-43d2-ba0d-802129337d73', 'df234305-8a47-4b4d-8efb-716a6b695428', 'd1d1a443-0586-4890-8cb3-e5732e9521a4', 'Biomedical');
INSERT INTO `department` (`uuid`, `tenant_id`, `client_id`, `department`) VALUES ('29b00340-d4c7-48a4-95cc-a5c531fe7885', 'df234305-8a47-4b4d-8efb-716a6b695428', 'd1d1a443-0586-4890-8cb3-e5732e9521a4', 'Robotics');
INSERT INTO `department` (`uuid`, `tenant_id`, `client_id`, `department`) VALUES ('1391d482-10d1-46cc-9d76-e3b8667dec39', 'df234305-8a47-4b4d-8efb-716a6b695428', 'd1d1a443-0586-4890-8cb3-e5732e9521a4', 'Cybersecurity');
INSERT INTO `department` (`uuid`, `tenant_id`, `client_id`, `department`) VALUES ('c16ca186-11fd-4fb2-bb95-691c1a718a03', 'df234305-8a47-4b4d-8efb-716a6b695428', 'd1d1a443-0586-4890-8cb3-e5732e9521a4', 'AI Solutions');
INSERT INTO `department` (`uuid`, `tenant_id`, `client_id`, `department`) VALUES ('56c99a40-88b4-4868-8c55-8edea3e5fbe1', 'df234305-8a47-4b4d-8efb-716a6b695428', 'd1d1a443-0586-4890-8cb3-e5732e9521a4', 'Aerospace');
INSERT INTO `department` (`uuid`, `tenant_id`, `client_id`, `department`) VALUES ('cd90b8b6-6276-4c76-a6d1-40269c508952', 'df234305-8a47-4b4d-8efb-716a6b695428', 'd1d1a443-0586-4890-8cb3-e5732e9521a4', 'Civil Systems');
INSERT INTO `client_division` (`id`, `division_name`, `tenant_id`, `client_id`, `is_active`) VALUES ('1c8693a2-0d73-4016-b176-e85f68750e44', 'Product Dev', 'df234305-8a47-4b4d-8efb-716a6b695428', 'd1d1a443-0586-4890-8cb3-e5732e9521a4', 1);
INSERT INTO `client_division` (`id`, `division_name`, `tenant_id`, `client_id`, `is_active`) VALUES ('c01db938-6815-47a5-9555-a8938707f32b', 'Innovation Lab', 'df234305-8a47-4b4d-8efb-716a6b695428', 'd1d1a443-0586-4890-8cb3-e5732e9521a4', 1);
INSERT INTO `client_division` (`id`, `division_name`, `tenant_id`, `client_id`, `is_active`) VALUES ('18b3abff-be5e-45f6-9f20-31e92075b736', 'R&D', 'df234305-8a47-4b4d-8efb-716a6b695428', 'd1d1a443-0586-4890-8cb3-e5732e9521a4', 1);
INSERT INTO `client_division` (`id`, `division_name`, `tenant_id`, `client_id`, `is_active`) VALUES ('b7e6a93f-ef0c-41ef-8376-cffdbb690a23', 'Core Tech', 'df234305-8a47-4b4d-8efb-716a6b695428', 'd1d1a443-0586-4890-8cb3-e5732e9521a4', 1);
INSERT INTO `client_division` (`id`, `division_name`, `tenant_id`, `client_id`, `is_active`) VALUES ('9245f033-9402-41c6-9484-fa207361f125', 'Engineering', 'df234305-8a47-4b4d-8efb-716a6b695428', 'd1d1a443-0586-4890-8cb3-e5732e9521a4', 1);
INSERT INTO `client` (`uuid`, `tenant_id`, `client_name`, `client_code`, `is_active`) VALUES ('6bc066c8-2971-48b5-b56f-18954a084901', 'df234305-8a47-4b4d-8efb-716a6b695428', 'Wade, Garcia and Martinez', 1038, 1);
INSERT INTO `department` (`uuid`, `tenant_id`, `client_id`, `department`) VALUES ('26709ec8-c6b1-45b3-af26-49eda2071e12', 'df234305-8a47-4b4d-8efb-716a6b695428', '6bc066c8-2971-48b5-b56f-18954a084901', 'Biomedical');
INSERT INTO `department` (`uuid`, `tenant_id`, `client_id`, `department`) VALUES ('da426f8d-0011-4522-8c15-70badd45018b', 'df234305-8a47-4b4d-8efb-716a6b695428', '6bc066c8-2971-48b5-b56f-18954a084901', 'AI Solutions');
INSERT INTO `department` (`uuid`, `tenant_id`, `client_id`, `department`) VALUES ('7a8eaff2-3863-4812-b6b6-c010ed19c732', 'df234305-8a47-4b4d-8efb-716a6b695428', '6bc066c8-2971-48b5-b56f-18954a084901', 'Cybersecurity');
INSERT INTO `department` (`uuid`, `tenant_id`, `client_id`, `department`) VALUES ('47e10854-f2b5-4c75-85ae-bed0a1f9cfc6', 'df234305-8a47-4b4d-8efb-716a6b695428', '6bc066c8-2971-48b5-b56f-18954a084901', 'Civil Systems');
INSERT INTO `department` (`uuid`, `tenant_id`, `client_id`, `department`) VALUES ('d86ee894-4480-4a17-8b55-d0b584f84a03', 'df234305-8a47-4b4d-8efb-716a6b695428', '6bc066c8-2971-48b5-b56f-18954a084901', 'Robotics');
INSERT INTO `department` (`uuid`, `tenant_id`, `client_id`, `department`) VALUES ('1ba28dcb-27b4-4fc7-b55c-d0a0d379179b', 'df234305-8a47-4b4d-8efb-716a6b695428', '6bc066c8-2971-48b5-b56f-18954a084901', 'Aerospace');
INSERT INTO `client_division` (`id`, `division_name`, `tenant_id`, `client_id`, `is_active`) VALUES ('5a2d7b19-dd4d-4d05-b6e0-6218e149efd1', 'Innovation Lab', 'df234305-8a47-4b4d-8efb-716a6b695428', '6bc066c8-2971-48b5-b56f-18954a084901', 1);
INSERT INTO `client_division` (`id`, `division_name`, `tenant_id`, `client_id`, `is_active`) VALUES ('99c1346c-bcf9-496e-9cfb-339f80aa61cf', 'R&D', 'df234305-8a47-4b4d-8efb-716a6b695428', '6bc066c8-2971-48b5-b56f-18954a084901', 1);
INSERT INTO `client_division` (`id`, `division_name`, `tenant_id`, `client_id`, `is_active`) VALUES ('44d12869-9857-4c3e-ba64-c8e39625be06', 'Product Dev', 'df234305-8a47-4b4d-8efb-716a6b695428', '6bc066c8-2971-48b5-b56f-18954a084901', 1);
INSERT INTO `client_division` (`id`, `division_name`, `tenant_id`, `client_id`, `is_active`) VALUES ('4cdbd490-bce6-4899-b02b-d714c299f00f', 'Core Tech', 'df234305-8a47-4b4d-8efb-716a6b695428', '6bc066c8-2971-48b5-b56f-18954a084901', 1);
INSERT INTO `client_division` (`id`, `division_name`, `tenant_id`, `client_id`, `is_active`) VALUES ('65358428-46b8-4a86-80ba-d13224a4fc64', 'Engineering', 'df234305-8a47-4b4d-8efb-716a6b695428', '6bc066c8-2971-48b5-b56f-18954a084901', 1);
INSERT INTO `client` (`uuid`, `tenant_id`, `client_name`, `client_code`, `is_active`) VALUES ('ace746de-0400-4616-954c-1dae0d9788a7', 'df234305-8a47-4b4d-8efb-716a6b695428', 'Woodard-Lopez', 1039, 1);
INSERT INTO `department` (`uuid`, `tenant_id`, `client_id`, `department`) VALUES ('e8c84d3e-ae23-43b0-a930-9abe76829df5', 'df234305-8a47-4b4d-8efb-716a6b695428', 'ace746de-0400-4616-954c-1dae0d9788a7', 'Robotics');
INSERT INTO `department` (`uuid`, `tenant_id`, `client_id`, `department`) VALUES ('6f8afad2-e5b2-4139-8226-49ea2dee2f0b', 'df234305-8a47-4b4d-8efb-716a6b695428', 'ace746de-0400-4616-954c-1dae0d9788a7', 'AI Solutions');
INSERT INTO `department` (`uuid`, `tenant_id`, `client_id`, `department`) VALUES ('4a6f2eee-427f-4f68-8509-45402b0764a4', 'df234305-8a47-4b4d-8efb-716a6b695428', 'ace746de-0400-4616-954c-1dae0d9788a7', 'Aerospace');
INSERT INTO `department` (`uuid`, `tenant_id`, `client_id`, `department`) VALUES ('2e823bd6-3241-453b-b640-552b71ea6005', 'df234305-8a47-4b4d-8efb-716a6b695428', 'ace746de-0400-4616-954c-1dae0d9788a7', 'Biomedical');
INSERT INTO `client_division` (`id`, `division_name`, `tenant_id`, `client_id`, `is_active`) VALUES ('76ea60ef-7dff-4cbb-8dc9-2257f312d6a6', 'Engineering', 'df234305-8a47-4b4d-8efb-716a6b695428', 'ace746de-0400-4616-954c-1dae0d9788a7', 1);
INSERT INTO `client_division` (`id`, `division_name`, `tenant_id`, `client_id`, `is_active`) VALUES ('e76ef2dd-4e31-4982-a318-ca4797992e64', 'R&D', 'df234305-8a47-4b4d-8efb-716a6b695428', 'ace746de-0400-4616-954c-1dae0d9788a7', 1);
INSERT INTO `client_division` (`id`, `division_name`, `tenant_id`, `client_id`, `is_active`) VALUES ('c5180a29-a0d6-47ac-aa5e-d62c9ca94e40', 'Innovation Lab', 'df234305-8a47-4b4d-8efb-716a6b695428', 'ace746de-0400-4616-954c-1dae0d9788a7', 1);
INSERT INTO `client_division` (`id`, `division_name`, `tenant_id`, `client_id`, `is_active`) VALUES ('daeec87f-6ea2-4458-934e-78e426adf872', 'Product Dev', 'df234305-8a47-4b4d-8efb-716a6b695428', 'ace746de-0400-4616-954c-1dae0d9788a7', 1);
INSERT INTO `client_division` (`id`, `division_name`, `tenant_id`, `client_id`, `is_active`) VALUES ('e24abee3-3935-4f26-a897-097ab07c9e03', 'Core Tech', 'df234305-8a47-4b4d-8efb-716a6b695428', 'ace746de-0400-4616-954c-1dae0d9788a7', 1);
INSERT INTO `client` (`uuid`, `tenant_id`, `client_name`, `client_code`, `is_active`) VALUES ('bf8178af-5bf5-45a0-89af-a5977f23d7f5', 'df234305-8a47-4b4d-8efb-716a6b695428', 'Blair PLC', 1040, 1);
INSERT INTO `department` (`uuid`, `tenant_id`, `client_id`, `department`) VALUES ('800e9428-4ce7-44f0-b583-afa212f2c4f6', 'df234305-8a47-4b4d-8efb-716a6b695428', 'bf8178af-5bf5-45a0-89af-a5977f23d7f5', 'Aerospace');
INSERT INTO `department` (`uuid`, `tenant_id`, `client_id`, `department`) VALUES ('e01d88c3-a4d1-4a4e-999a-f9959e591345', 'df234305-8a47-4b4d-8efb-716a6b695428', 'bf8178af-5bf5-45a0-89af-a5977f23d7f5', 'Civil Systems');
INSERT INTO `department` (`uuid`, `tenant_id`, `client_id`, `department`) VALUES ('7173a18d-f9ae-4c3d-9a59-e4e3e1ec490d', 'df234305-8a47-4b4d-8efb-716a6b695428', 'bf8178af-5bf5-45a0-89af-a5977f23d7f5', 'Robotics');
INSERT INTO `department` (`uuid`, `tenant_id`, `client_id`, `department`) VALUES ('3f29794b-2ef2-4bdf-9af5-0d6fda7d38e3', 'df234305-8a47-4b4d-8efb-716a6b695428', 'bf8178af-5bf5-45a0-89af-a5977f23d7f5', 'Biomedical');
INSERT INTO `department` (`uuid`, `tenant_id`, `client_id`, `department`) VALUES ('0be1f09d-1a64-4ceb-8932-22bddf6e079b', 'df234305-8a47-4b4d-8efb-716a6b695428', 'bf8178af-5bf5-45a0-89af-a5977f23d7f5', 'Cybersecurity');
INSERT INTO `department` (`uuid`, `tenant_id`, `client_id`, `department`) VALUES ('34133684-624d-424f-8289-d10d687bebd2', 'df234305-8a47-4b4d-8efb-716a6b695428', 'bf8178af-5bf5-45a0-89af-a5977f23d7f5', 'AI Solutions');
INSERT INTO `client_division` (`id`, `division_name`, `tenant_id`, `client_id`, `is_active`) VALUES ('eec0d8b4-c179-459a-a061-690822398d99', 'Engineering', 'df234305-8a47-4b4d-8efb-716a6b695428', 'bf8178af-5bf5-45a0-89af-a5977f23d7f5', 1);
INSERT INTO `client_division` (`id`, `division_name`, `tenant_id`, `client_id`, `is_active`) VALUES ('ad2aec1f-107c-4873-a1c7-d154627762d9', 'Core Tech', 'df234305-8a47-4b4d-8efb-716a6b695428', 'bf8178af-5bf5-45a0-89af-a5977f23d7f5', 1);
INSERT INTO `client_division` (`id`, `division_name`, `tenant_id`, `client_id`, `is_active`) VALUES ('a056a754-fda8-405e-b2f0-40565f892c57', 'R&D', 'df234305-8a47-4b4d-8efb-716a6b695428', 'bf8178af-5bf5-45a0-89af-a5977f23d7f5', 1);
INSERT INTO `client_division` (`id`, `division_name`, `tenant_id`, `client_id`, `is_active`) VALUES ('4540949e-dee1-4af4-8d05-d31b7be85aef', 'Product Dev', 'df234305-8a47-4b4d-8efb-716a6b695428', 'bf8178af-5bf5-45a0-89af-a5977f23d7f5', 1);
INSERT INTO `client_division` (`id`, `division_name`, `tenant_id`, `client_id`, `is_active`) VALUES ('68670dc9-ac6e-474a-8918-5533123904b8', 'Innovation Lab', 'df234305-8a47-4b4d-8efb-716a6b695428', 'bf8178af-5bf5-45a0-89af-a5977f23d7f5', 1);
INSERT INTO `client` (`uuid`, `tenant_id`, `client_name`, `client_code`, `is_active`) VALUES ('ddde2d8a-2d40-471e-8a70-9ba270159877', 'df234305-8a47-4b4d-8efb-716a6b695428', 'Brown PLC', 1041, 1);
INSERT INTO `department` (`uuid`, `tenant_id`, `client_id`, `department`) VALUES ('3007837c-fbfd-4bf7-b2bd-692a0d613121', 'df234305-8a47-4b4d-8efb-716a6b695428', 'ddde2d8a-2d40-471e-8a70-9ba270159877', 'Biomedical');
INSERT INTO `department` (`uuid`, `tenant_id`, `client_id`, `department`) VALUES ('224d2c1f-2f07-4980-b31b-a3b1ac288daa', 'df234305-8a47-4b4d-8efb-716a6b695428', 'ddde2d8a-2d40-471e-8a70-9ba270159877', 'Aerospace');
INSERT INTO `department` (`uuid`, `tenant_id`, `client_id`, `department`) VALUES ('30e2431f-4eff-4ae0-830a-9c05af210ca0', 'df234305-8a47-4b4d-8efb-716a6b695428', 'ddde2d8a-2d40-471e-8a70-9ba270159877', 'Cybersecurity');
INSERT INTO `department` (`uuid`, `tenant_id`, `client_id`, `department`) VALUES ('1deebd8d-adef-40dd-92d0-88fa5fb5d94d', 'df234305-8a47-4b4d-8efb-716a6b695428', 'ddde2d8a-2d40-471e-8a70-9ba270159877', 'Robotics');
INSERT INTO `department` (`uuid`, `tenant_id`, `client_id`, `department`) VALUES ('75b1abcd-3548-4ca6-b7e6-e33e06ae1524', 'df234305-8a47-4b4d-8efb-716a6b695428', 'ddde2d8a-2d40-471e-8a70-9ba270159877', 'Civil Systems');
INSERT INTO `department` (`uuid`, `tenant_id`, `client_id`, `department`) VALUES ('62a4fa1e-7e2e-4cc8-8a13-6ec17086bc95', 'df234305-8a47-4b4d-8efb-716a6b695428', 'ddde2d8a-2d40-471e-8a70-9ba270159877', 'AI Solutions');
INSERT INTO `client_division` (`id`, `division_name`, `tenant_id`, `client_id`, `is_active`) VALUES ('286514d1-5313-4e56-9a92-14bf4d247558', 'Core Tech', 'df234305-8a47-4b4d-8efb-716a6b695428', 'ddde2d8a-2d40-471e-8a70-9ba270159877', 1);
INSERT INTO `client_division` (`id`, `division_name`, `tenant_id`, `client_id`, `is_active`) VALUES ('3ce9f51e-3d01-436e-aaee-248a04ea3882', 'Engineering', 'df234305-8a47-4b4d-8efb-716a6b695428', 'ddde2d8a-2d40-471e-8a70-9ba270159877', 1);
INSERT INTO `client_division` (`id`, `division_name`, `tenant_id`, `client_id`, `is_active`) VALUES ('cbe6e6b4-e818-4eab-a787-12cc973cf233', 'Product Dev', 'df234305-8a47-4b4d-8efb-716a6b695428', 'ddde2d8a-2d40-471e-8a70-9ba270159877', 1);
INSERT INTO `client_division` (`id`, `division_name`, `tenant_id`, `client_id`, `is_active`) VALUES ('c74ed072-5a21-41bb-9661-0b31f9a00b27', 'R&D', 'df234305-8a47-4b4d-8efb-716a6b695428', 'ddde2d8a-2d40-471e-8a70-9ba270159877', 1);
INSERT INTO `client_division` (`id`, `division_name`, `tenant_id`, `client_id`, `is_active`) VALUES ('2b9e2c37-ec0c-4bff-97c5-4f8a997303cf', 'Innovation Lab', 'df234305-8a47-4b4d-8efb-716a6b695428', 'ddde2d8a-2d40-471e-8a70-9ba270159877', 1);
INSERT INTO `client` (`uuid`, `tenant_id`, `client_name`, `client_code`, `is_active`) VALUES ('f785ea39-7c01-494d-ba8b-91a524fec6c8', 'df234305-8a47-4b4d-8efb-716a6b695428', 'Robinson, Merritt and Robinson', 1042, 1);
INSERT INTO `department` (`uuid`, `tenant_id`, `client_id`, `department`) VALUES ('4c0472ab-959a-45ce-b770-8d525a8a1e61', 'df234305-8a47-4b4d-8efb-716a6b695428', 'f785ea39-7c01-494d-ba8b-91a524fec6c8', 'Aerospace');
INSERT INTO `department` (`uuid`, `tenant_id`, `client_id`, `department`) VALUES ('c4bf5bb7-cc31-48ff-ad96-540d35a693ea', 'df234305-8a47-4b4d-8efb-716a6b695428', 'f785ea39-7c01-494d-ba8b-91a524fec6c8', 'Biomedical');
INSERT INTO `department` (`uuid`, `tenant_id`, `client_id`, `department`) VALUES ('d1af2dd2-6e53-4aac-a965-f6f144851e20', 'df234305-8a47-4b4d-8efb-716a6b695428', 'f785ea39-7c01-494d-ba8b-91a524fec6c8', 'Cybersecurity');
INSERT INTO `department` (`uuid`, `tenant_id`, `client_id`, `department`) VALUES ('dc2b55ca-ccb3-4f20-b58c-1c7db609e8d5', 'df234305-8a47-4b4d-8efb-716a6b695428', 'f785ea39-7c01-494d-ba8b-91a524fec6c8', 'AI Solutions');
INSERT INTO `department` (`uuid`, `tenant_id`, `client_id`, `department`) VALUES ('44be980e-3a0f-4d77-be83-7b28a70eba27', 'df234305-8a47-4b4d-8efb-716a6b695428', 'f785ea39-7c01-494d-ba8b-91a524fec6c8', 'Robotics');
INSERT INTO `department` (`uuid`, `tenant_id`, `client_id`, `department`) VALUES ('9f974be7-057f-4379-81be-173c8ec5224e', 'df234305-8a47-4b4d-8efb-716a6b695428', 'f785ea39-7c01-494d-ba8b-91a524fec6c8', 'Civil Systems');
INSERT INTO `client_division` (`id`, `division_name`, `tenant_id`, `client_id`, `is_active`) VALUES ('2ec29e6f-5c8b-4920-b7fe-7eaa26d24030', 'Engineering', 'df234305-8a47-4b4d-8efb-716a6b695428', 'f785ea39-7c01-494d-ba8b-91a524fec6c8', 1);
INSERT INTO `client_division` (`id`, `division_name`, `tenant_id`, `client_id`, `is_active`) VALUES ('f87c2f71-bf8d-4e95-864d-83dc64a6f22f', 'R&D', 'df234305-8a47-4b4d-8efb-716a6b695428', 'f785ea39-7c01-494d-ba8b-91a524fec6c8', 1);
INSERT INTO `client_division` (`id`, `division_name`, `tenant_id`, `client_id`, `is_active`) VALUES ('a353d0c7-af8d-44bd-a39c-95b7447363b1', 'Product Dev', 'df234305-8a47-4b4d-8efb-716a6b695428', 'f785ea39-7c01-494d-ba8b-91a524fec6c8', 1);
INSERT INTO `client_division` (`id`, `division_name`, `tenant_id`, `client_id`, `is_active`) VALUES ('a461a57e-dea0-4597-814b-04175613d7d1', 'Core Tech', 'df234305-8a47-4b4d-8efb-716a6b695428', 'f785ea39-7c01-494d-ba8b-91a524fec6c8', 1);
INSERT INTO `client_division` (`id`, `division_name`, `tenant_id`, `client_id`, `is_active`) VALUES ('fe7cd82c-5606-46c8-a03e-01c2b1bf2b45', 'Innovation Lab', 'df234305-8a47-4b4d-8efb-716a6b695428', 'f785ea39-7c01-494d-ba8b-91a524fec6c8', 1);
INSERT INTO `client` (`uuid`, `tenant_id`, `client_name`, `client_code`, `is_active`) VALUES ('85e9f4ba-8fd6-446f-8b9b-b564d89e3206', 'df234305-8a47-4b4d-8efb-716a6b695428', 'Williams, Welch and Bradley', 1043, 1);
INSERT INTO `department` (`uuid`, `tenant_id`, `client_id`, `department`) VALUES ('9d7ec759-ff19-4a63-8fa1-7da2c8c5e4d4', 'df234305-8a47-4b4d-8efb-716a6b695428', '85e9f4ba-8fd6-446f-8b9b-b564d89e3206', 'Cybersecurity');
INSERT INTO `department` (`uuid`, `tenant_id`, `client_id`, `department`) VALUES ('8d9f4f9d-3075-4448-9841-4e08da79bf5e', 'df234305-8a47-4b4d-8efb-716a6b695428', '85e9f4ba-8fd6-446f-8b9b-b564d89e3206', 'Biomedical');
INSERT INTO `department` (`uuid`, `tenant_id`, `client_id`, `department`) VALUES ('1ab7bb71-e5c1-4445-82c4-b6fb594b54c9', 'df234305-8a47-4b4d-8efb-716a6b695428', '85e9f4ba-8fd6-446f-8b9b-b564d89e3206', 'Civil Systems');
INSERT INTO `department` (`uuid`, `tenant_id`, `client_id`, `department`) VALUES ('ebb6edf8-bd9c-452d-a1e0-346b10efe338', 'df234305-8a47-4b4d-8efb-716a6b695428', '85e9f4ba-8fd6-446f-8b9b-b564d89e3206', 'Robotics');
INSERT INTO `department` (`uuid`, `tenant_id`, `client_id`, `department`) VALUES ('b473209b-cec9-4a40-a40a-c6547eb99120', 'df234305-8a47-4b4d-8efb-716a6b695428', '85e9f4ba-8fd6-446f-8b9b-b564d89e3206', 'Aerospace');
INSERT INTO `client_division` (`id`, `division_name`, `tenant_id`, `client_id`, `is_active`) VALUES ('174a12ee-0a84-4e1c-83c1-196a764b8894', 'Core Tech', 'df234305-8a47-4b4d-8efb-716a6b695428', '85e9f4ba-8fd6-446f-8b9b-b564d89e3206', 1);
INSERT INTO `client_division` (`id`, `division_name`, `tenant_id`, `client_id`, `is_active`) VALUES ('97fe0d80-dfe5-4ce8-b7b6-c4e30c9ec7d3', 'Engineering', 'df234305-8a47-4b4d-8efb-716a6b695428', '85e9f4ba-8fd6-446f-8b9b-b564d89e3206', 1);
INSERT INTO `client_division` (`id`, `division_name`, `tenant_id`, `client_id`, `is_active`) VALUES ('4972275d-d78d-4446-811d-f883774cac79', 'Product Dev', 'df234305-8a47-4b4d-8efb-716a6b695428', '85e9f4ba-8fd6-446f-8b9b-b564d89e3206', 1);
INSERT INTO `client_division` (`id`, `division_name`, `tenant_id`, `client_id`, `is_active`) VALUES ('ce42117e-e359-4eeb-9d5c-e05e9e01e111', 'R&D', 'df234305-8a47-4b4d-8efb-716a6b695428', '85e9f4ba-8fd6-446f-8b9b-b564d89e3206', 1);
INSERT INTO `client_division` (`id`, `division_name`, `tenant_id`, `client_id`, `is_active`) VALUES ('98303a73-a704-4fa0-852d-d9f0c5317053', 'Innovation Lab', 'df234305-8a47-4b4d-8efb-716a6b695428', '85e9f4ba-8fd6-446f-8b9b-b564d89e3206', 1);
INSERT INTO `client` (`uuid`, `tenant_id`, `client_name`, `client_code`, `is_active`) VALUES ('265bda7c-d74d-4546-ba8f-7e589bd9fa6e', 'df234305-8a47-4b4d-8efb-716a6b695428', 'Chapman Group', 1044, 1);
INSERT INTO `department` (`uuid`, `tenant_id`, `client_id`, `department`) VALUES ('175eb896-3fe8-454a-8f31-2a62a5c12858', 'df234305-8a47-4b4d-8efb-716a6b695428', '265bda7c-d74d-4546-ba8f-7e589bd9fa6e', 'Robotics');
INSERT INTO `department` (`uuid`, `tenant_id`, `client_id`, `department`) VALUES ('ab95cb6c-582d-4cc7-bdc8-a2a1040835bd', 'df234305-8a47-4b4d-8efb-716a6b695428', '265bda7c-d74d-4546-ba8f-7e589bd9fa6e', 'AI Solutions');
INSERT INTO `department` (`uuid`, `tenant_id`, `client_id`, `department`) VALUES ('c5f6e5ab-d39f-4e16-9650-c7565457a47b', 'df234305-8a47-4b4d-8efb-716a6b695428', '265bda7c-d74d-4546-ba8f-7e589bd9fa6e', 'Biomedical');
INSERT INTO `department` (`uuid`, `tenant_id`, `client_id`, `department`) VALUES ('aff9397b-18a5-40c7-b847-05a473d78085', 'df234305-8a47-4b4d-8efb-716a6b695428', '265bda7c-d74d-4546-ba8f-7e589bd9fa6e', 'Aerospace');
INSERT INTO `department` (`uuid`, `tenant_id`, `client_id`, `department`) VALUES ('de569999-4a7d-4caa-91fb-43b4068ae1f4', 'df234305-8a47-4b4d-8efb-716a6b695428', '265bda7c-d74d-4546-ba8f-7e589bd9fa6e', 'Civil Systems');
INSERT INTO `department` (`uuid`, `tenant_id`, `client_id`, `department`) VALUES ('aad0abb3-c3b4-4f55-bb3a-166196d9498b', 'df234305-8a47-4b4d-8efb-716a6b695428', '265bda7c-d74d-4546-ba8f-7e589bd9fa6e', 'Cybersecurity');
INSERT INTO `client_division` (`id`, `division_name`, `tenant_id`, `client_id`, `is_active`) VALUES ('1956560e-962e-4c53-a71a-b6962d4ae3ed', 'Product Dev', 'df234305-8a47-4b4d-8efb-716a6b695428', '265bda7c-d74d-4546-ba8f-7e589bd9fa6e', 1);
INSERT INTO `client_division` (`id`, `division_name`, `tenant_id`, `client_id`, `is_active`) VALUES ('a5d7dd0d-7716-42cc-974f-c3c030338afc', 'Innovation Lab', 'df234305-8a47-4b4d-8efb-716a6b695428', '265bda7c-d74d-4546-ba8f-7e589bd9fa6e', 1);
INSERT INTO `client_division` (`id`, `division_name`, `tenant_id`, `client_id`, `is_active`) VALUES ('de544f82-7cbf-41b7-b46b-bedb4bc595b1', 'Core Tech', 'df234305-8a47-4b4d-8efb-716a6b695428', '265bda7c-d74d-4546-ba8f-7e589bd9fa6e', 1);
INSERT INTO `client_division` (`id`, `division_name`, `tenant_id`, `client_id`, `is_active`) VALUES ('657484a4-a86c-46f6-bbbe-f2465fd1fa76', 'Engineering', 'df234305-8a47-4b4d-8efb-716a6b695428', '265bda7c-d74d-4546-ba8f-7e589bd9fa6e', 1);
INSERT INTO `client_division` (`id`, `division_name`, `tenant_id`, `client_id`, `is_active`) VALUES ('52f3f5ce-0cfb-4310-a88e-462f30ab5d17', 'R&D', 'df234305-8a47-4b4d-8efb-716a6b695428', '265bda7c-d74d-4546-ba8f-7e589bd9fa6e', 1);
INSERT INTO `client` (`uuid`, `tenant_id`, `client_name`, `client_code`, `is_active`) VALUES ('a7136372-0018-49c7-9c8f-cfb85a8fde0c', 'df234305-8a47-4b4d-8efb-716a6b695428', 'Mann, Lopez and Brown', 1045, 1);
INSERT INTO `department` (`uuid`, `tenant_id`, `client_id`, `department`) VALUES ('944403a1-8654-484d-9ad0-6ebd43b61bd3', 'df234305-8a47-4b4d-8efb-716a6b695428', 'a7136372-0018-49c7-9c8f-cfb85a8fde0c', 'Cybersecurity');
INSERT INTO `department` (`uuid`, `tenant_id`, `client_id`, `department`) VALUES ('3fca2f6f-13aa-4a6e-8252-ed1d0633b814', 'df234305-8a47-4b4d-8efb-716a6b695428', 'a7136372-0018-49c7-9c8f-cfb85a8fde0c', 'Robotics');
INSERT INTO `department` (`uuid`, `tenant_id`, `client_id`, `department`) VALUES ('85da1cb9-19e8-4a2e-88f9-5f323d4704f7', 'df234305-8a47-4b4d-8efb-716a6b695428', 'a7136372-0018-49c7-9c8f-cfb85a8fde0c', 'Civil Systems');
INSERT INTO `department` (`uuid`, `tenant_id`, `client_id`, `department`) VALUES ('eb2d5619-3ed9-4261-991e-ddeae0abfab7', 'df234305-8a47-4b4d-8efb-716a6b695428', 'a7136372-0018-49c7-9c8f-cfb85a8fde0c', 'AI Solutions');
INSERT INTO `department` (`uuid`, `tenant_id`, `client_id`, `department`) VALUES ('ff8f1d07-c6cc-4769-a339-9a74ffad9211', 'df234305-8a47-4b4d-8efb-716a6b695428', 'a7136372-0018-49c7-9c8f-cfb85a8fde0c', 'Biomedical');
INSERT INTO `department` (`uuid`, `tenant_id`, `client_id`, `department`) VALUES ('3f3f885e-d251-4c9f-a210-df0b303e0fa5', 'df234305-8a47-4b4d-8efb-716a6b695428', 'a7136372-0018-49c7-9c8f-cfb85a8fde0c', 'Aerospace');
INSERT INTO `client_division` (`id`, `division_name`, `tenant_id`, `client_id`, `is_active`) VALUES ('1badb86f-1d0c-4461-9a7a-5dc1ce5765db', 'R&D', 'df234305-8a47-4b4d-8efb-716a6b695428', 'a7136372-0018-49c7-9c8f-cfb85a8fde0c', 1);
INSERT INTO `client_division` (`id`, `division_name`, `tenant_id`, `client_id`, `is_active`) VALUES ('6a12c5f0-2653-42af-b579-6f0396b3e7f3', 'Engineering', 'df234305-8a47-4b4d-8efb-716a6b695428', 'a7136372-0018-49c7-9c8f-cfb85a8fde0c', 1);
INSERT INTO `client_division` (`id`, `division_name`, `tenant_id`, `client_id`, `is_active`) VALUES ('c79d34a4-4bdf-48cf-9ac5-680821101be3', 'Core Tech', 'df234305-8a47-4b4d-8efb-716a6b695428', 'a7136372-0018-49c7-9c8f-cfb85a8fde0c', 1);
INSERT INTO `client_division` (`id`, `division_name`, `tenant_id`, `client_id`, `is_active`) VALUES ('69ee9577-ba57-4f3a-b674-851bdcbe44aa', 'Innovation Lab', 'df234305-8a47-4b4d-8efb-716a6b695428', 'a7136372-0018-49c7-9c8f-cfb85a8fde0c', 1);
INSERT INTO `client_division` (`id`, `division_name`, `tenant_id`, `client_id`, `is_active`) VALUES ('9193179c-a22c-42cb-a8a9-640d603475e5', 'Product Dev', 'df234305-8a47-4b4d-8efb-716a6b695428', 'a7136372-0018-49c7-9c8f-cfb85a8fde0c', 1);
INSERT INTO `client` (`uuid`, `tenant_id`, `client_name`, `client_code`, `is_active`) VALUES ('9e819e5e-1010-4ba3-a868-417ac6b337b0', 'df234305-8a47-4b4d-8efb-716a6b695428', 'Lambert, Powell and Mcclure', 1046, 1);
INSERT INTO `department` (`uuid`, `tenant_id`, `client_id`, `department`) VALUES ('bf5e3468-341a-4ca1-ad40-602be950403e', 'df234305-8a47-4b4d-8efb-716a6b695428', '9e819e5e-1010-4ba3-a868-417ac6b337b0', 'Robotics');
INSERT INTO `department` (`uuid`, `tenant_id`, `client_id`, `department`) VALUES ('07a73375-5980-467d-be08-32bf0dfac483', 'df234305-8a47-4b4d-8efb-716a6b695428', '9e819e5e-1010-4ba3-a868-417ac6b337b0', 'AI Solutions');
INSERT INTO `department` (`uuid`, `tenant_id`, `client_id`, `department`) VALUES ('5aa81bc9-70d3-4d4c-989c-7941712cacdc', 'df234305-8a47-4b4d-8efb-716a6b695428', '9e819e5e-1010-4ba3-a868-417ac6b337b0', 'Biomedical');
INSERT INTO `department` (`uuid`, `tenant_id`, `client_id`, `department`) VALUES ('0b490704-a1ba-4c75-9f4b-556fd1c2dddc', 'df234305-8a47-4b4d-8efb-716a6b695428', '9e819e5e-1010-4ba3-a868-417ac6b337b0', 'Civil Systems');
INSERT INTO `department` (`uuid`, `tenant_id`, `client_id`, `department`) VALUES ('aef34570-9f17-49ec-91f8-e517d8057430', 'df234305-8a47-4b4d-8efb-716a6b695428', '9e819e5e-1010-4ba3-a868-417ac6b337b0', 'Cybersecurity');
INSERT INTO `department` (`uuid`, `tenant_id`, `client_id`, `department`) VALUES ('8a80690d-9f18-434b-ada2-1ddb9488b57e', 'df234305-8a47-4b4d-8efb-716a6b695428', '9e819e5e-1010-4ba3-a868-417ac6b337b0', 'Aerospace');
INSERT INTO `client_division` (`id`, `division_name`, `tenant_id`, `client_id`, `is_active`) VALUES ('9288661e-efbd-442d-bea6-6d62964d1bb2', 'R&D', 'df234305-8a47-4b4d-8efb-716a6b695428', '9e819e5e-1010-4ba3-a868-417ac6b337b0', 1);
INSERT INTO `client_division` (`id`, `division_name`, `tenant_id`, `client_id`, `is_active`) VALUES ('32364fcd-0580-4288-b16c-9b2db3bce7a1', 'Product Dev', 'df234305-8a47-4b4d-8efb-716a6b695428', '9e819e5e-1010-4ba3-a868-417ac6b337b0', 1);
INSERT INTO `client_division` (`id`, `division_name`, `tenant_id`, `client_id`, `is_active`) VALUES ('2a832f02-c070-46f3-b57b-e73b28117254', 'Engineering', 'df234305-8a47-4b4d-8efb-716a6b695428', '9e819e5e-1010-4ba3-a868-417ac6b337b0', 1);
INSERT INTO `client_division` (`id`, `division_name`, `tenant_id`, `client_id`, `is_active`) VALUES ('b4bf4af4-6928-4b9e-b85a-359715755309', 'Core Tech', 'df234305-8a47-4b4d-8efb-716a6b695428', '9e819e5e-1010-4ba3-a868-417ac6b337b0', 1);
INSERT INTO `client_division` (`id`, `division_name`, `tenant_id`, `client_id`, `is_active`) VALUES ('bb85e977-bbb6-4584-8172-94db9481eb52', 'Innovation Lab', 'df234305-8a47-4b4d-8efb-716a6b695428', '9e819e5e-1010-4ba3-a868-417ac6b337b0', 1);
INSERT INTO `client` (`uuid`, `tenant_id`, `client_name`, `client_code`, `is_active`) VALUES ('fc8bedbb-e574-4c68-92b9-ad657ee3aa53', 'df234305-8a47-4b4d-8efb-716a6b695428', 'Murphy Inc', 1047, 1);
INSERT INTO `department` (`uuid`, `tenant_id`, `client_id`, `department`) VALUES ('5dfe0dd8-3989-4316-a3ae-14d278476126', 'df234305-8a47-4b4d-8efb-716a6b695428', 'fc8bedbb-e574-4c68-92b9-ad657ee3aa53', 'AI Solutions');
INSERT INTO `department` (`uuid`, `tenant_id`, `client_id`, `department`) VALUES ('6a8fe4d6-9b2d-4110-86ac-6e04d2ad9c9d', 'df234305-8a47-4b4d-8efb-716a6b695428', 'fc8bedbb-e574-4c68-92b9-ad657ee3aa53', 'Biomedical');
INSERT INTO `department` (`uuid`, `tenant_id`, `client_id`, `department`) VALUES ('1c2c25f2-8e69-4483-8d0c-f8cbecfd8096', 'df234305-8a47-4b4d-8efb-716a6b695428', 'fc8bedbb-e574-4c68-92b9-ad657ee3aa53', 'Robotics');
INSERT INTO `department` (`uuid`, `tenant_id`, `client_id`, `department`) VALUES ('179d404e-507b-48d2-9f14-163b932ec6aa', 'df234305-8a47-4b4d-8efb-716a6b695428', 'fc8bedbb-e574-4c68-92b9-ad657ee3aa53', 'Civil Systems');
INSERT INTO `department` (`uuid`, `tenant_id`, `client_id`, `department`) VALUES ('fbe67bbc-7822-4622-ab17-331f8ad0f04d', 'df234305-8a47-4b4d-8efb-716a6b695428', 'fc8bedbb-e574-4c68-92b9-ad657ee3aa53', 'Cybersecurity');
INSERT INTO `department` (`uuid`, `tenant_id`, `client_id`, `department`) VALUES ('27a0be24-3d4b-4a90-b868-eea139042a9a', 'df234305-8a47-4b4d-8efb-716a6b695428', 'fc8bedbb-e574-4c68-92b9-ad657ee3aa53', 'Aerospace');
INSERT INTO `client_division` (`id`, `division_name`, `tenant_id`, `client_id`, `is_active`) VALUES ('d98dafe0-00e8-4004-b9af-9f9d603d3fde', 'Product Dev', 'df234305-8a47-4b4d-8efb-716a6b695428', 'fc8bedbb-e574-4c68-92b9-ad657ee3aa53', 1);
INSERT INTO `client_division` (`id`, `division_name`, `tenant_id`, `client_id`, `is_active`) VALUES ('029ff70b-22e5-46a9-a451-c6a24dff3d4e', 'Core Tech', 'df234305-8a47-4b4d-8efb-716a6b695428', 'fc8bedbb-e574-4c68-92b9-ad657ee3aa53', 1);
INSERT INTO `client_division` (`id`, `division_name`, `tenant_id`, `client_id`, `is_active`) VALUES ('3c1b7aae-0d49-4a40-a53c-4785396477c7', 'Innovation Lab', 'df234305-8a47-4b4d-8efb-716a6b695428', 'fc8bedbb-e574-4c68-92b9-ad657ee3aa53', 1);
INSERT INTO `client_division` (`id`, `division_name`, `tenant_id`, `client_id`, `is_active`) VALUES ('6b375bfb-6f07-4ea0-afe9-620de7230595', 'Engineering', 'df234305-8a47-4b4d-8efb-716a6b695428', 'fc8bedbb-e574-4c68-92b9-ad657ee3aa53', 1);
INSERT INTO `client_division` (`id`, `division_name`, `tenant_id`, `client_id`, `is_active`) VALUES ('db1f46b6-0275-419a-8be4-cded43d098b0', 'R&D', 'df234305-8a47-4b4d-8efb-716a6b695428', 'fc8bedbb-e574-4c68-92b9-ad657ee3aa53', 1);
INSERT INTO `client` (`uuid`, `tenant_id`, `client_name`, `client_code`, `is_active`) VALUES ('73aaf20e-bac3-4749-9921-d9f3b82e171a', 'df234305-8a47-4b4d-8efb-716a6b695428', 'Ramirez and Sons', 1048, 1);
INSERT INTO `department` (`uuid`, `tenant_id`, `client_id`, `department`) VALUES ('99cf020f-503f-4b52-a4e6-5b17d8019760', 'df234305-8a47-4b4d-8efb-716a6b695428', '73aaf20e-bac3-4749-9921-d9f3b82e171a', 'Robotics');
INSERT INTO `department` (`uuid`, `tenant_id`, `client_id`, `department`) VALUES ('bd3a30a1-5dac-4d6c-a7cc-fd08a338deaa', 'df234305-8a47-4b4d-8efb-716a6b695428', '73aaf20e-bac3-4749-9921-d9f3b82e171a', 'Aerospace');
INSERT INTO `department` (`uuid`, `tenant_id`, `client_id`, `department`) VALUES ('29acc5bd-8e50-4f3f-b33f-04be62bf4d1f', 'df234305-8a47-4b4d-8efb-716a6b695428', '73aaf20e-bac3-4749-9921-d9f3b82e171a', 'Cybersecurity');
INSERT INTO `department` (`uuid`, `tenant_id`, `client_id`, `department`) VALUES ('7d31adfe-9db3-46ad-9025-ed1de9c2ecfc', 'df234305-8a47-4b4d-8efb-716a6b695428', '73aaf20e-bac3-4749-9921-d9f3b82e171a', 'Biomedical');
INSERT INTO `department` (`uuid`, `tenant_id`, `client_id`, `department`) VALUES ('a73319cd-7851-42ef-ae7e-ecb08262d5ed', 'df234305-8a47-4b4d-8efb-716a6b695428', '73aaf20e-bac3-4749-9921-d9f3b82e171a', 'AI Solutions');
INSERT INTO `department` (`uuid`, `tenant_id`, `client_id`, `department`) VALUES ('9b387a14-acba-4cd6-9e9a-cf5ef58302d7', 'df234305-8a47-4b4d-8efb-716a6b695428', '73aaf20e-bac3-4749-9921-d9f3b82e171a', 'Civil Systems');
INSERT INTO `client_division` (`id`, `division_name`, `tenant_id`, `client_id`, `is_active`) VALUES ('adeac9b9-ae6c-49bb-aed1-f195a29fd34e', 'Innovation Lab', 'df234305-8a47-4b4d-8efb-716a6b695428', '73aaf20e-bac3-4749-9921-d9f3b82e171a', 1);
INSERT INTO `client_division` (`id`, `division_name`, `tenant_id`, `client_id`, `is_active`) VALUES ('dbf8806c-aa29-4820-8a14-b4d77e8ad3ad', 'Core Tech', 'df234305-8a47-4b4d-8efb-716a6b695428', '73aaf20e-bac3-4749-9921-d9f3b82e171a', 1);
INSERT INTO `client_division` (`id`, `division_name`, `tenant_id`, `client_id`, `is_active`) VALUES ('cdad4fd0-7286-40d5-86b5-401176f6829c', 'R&D', 'df234305-8a47-4b4d-8efb-716a6b695428', '73aaf20e-bac3-4749-9921-d9f3b82e171a', 1);
INSERT INTO `client_division` (`id`, `division_name`, `tenant_id`, `client_id`, `is_active`) VALUES ('1ebc4289-136e-4047-9171-a73615714c2b', 'Product Dev', 'df234305-8a47-4b4d-8efb-716a6b695428', '73aaf20e-bac3-4749-9921-d9f3b82e171a', 1);
INSERT INTO `client_division` (`id`, `division_name`, `tenant_id`, `client_id`, `is_active`) VALUES ('fc85f477-30b4-45b6-a3f0-5abb80ea5b3f', 'Engineering', 'df234305-8a47-4b4d-8efb-716a6b695428', '73aaf20e-bac3-4749-9921-d9f3b82e171a', 1);
INSERT INTO `client` (`uuid`, `tenant_id`, `client_name`, `client_code`, `is_active`) VALUES ('92126352-3c42-49e1-9e50-d62392a7e945', 'df234305-8a47-4b4d-8efb-716a6b695428', 'White, Moore and Anderson', 1049, 1);
INSERT INTO `department` (`uuid`, `tenant_id`, `client_id`, `department`) VALUES ('dd3cca78-1607-4133-b8df-a126b4f2f94f', 'df234305-8a47-4b4d-8efb-716a6b695428', '92126352-3c42-49e1-9e50-d62392a7e945', 'Civil Systems');
INSERT INTO `department` (`uuid`, `tenant_id`, `client_id`, `department`) VALUES ('8d590bc8-7ac6-4c4d-8d2d-4076f9839f1d', 'df234305-8a47-4b4d-8efb-716a6b695428', '92126352-3c42-49e1-9e50-d62392a7e945', 'Robotics');
INSERT INTO `department` (`uuid`, `tenant_id`, `client_id`, `department`) VALUES ('fbbf89d8-c19b-476d-900b-8d0a40428c21', 'df234305-8a47-4b4d-8efb-716a6b695428', '92126352-3c42-49e1-9e50-d62392a7e945', 'Cybersecurity');
INSERT INTO `department` (`uuid`, `tenant_id`, `client_id`, `department`) VALUES ('c177117a-172f-4b76-bf28-e58592441568', 'df234305-8a47-4b4d-8efb-716a6b695428', '92126352-3c42-49e1-9e50-d62392a7e945', 'AI Solutions');
INSERT INTO `department` (`uuid`, `tenant_id`, `client_id`, `department`) VALUES ('3c3c317f-9407-425c-9bfe-0aac308c155d', 'df234305-8a47-4b4d-8efb-716a6b695428', '92126352-3c42-49e1-9e50-d62392a7e945', 'Aerospace');
INSERT INTO `department` (`uuid`, `tenant_id`, `client_id`, `department`) VALUES ('5ee7efeb-7bc4-4d29-93fa-d248d09dcc20', 'df234305-8a47-4b4d-8efb-716a6b695428', '92126352-3c42-49e1-9e50-d62392a7e945', 'Biomedical');
INSERT INTO `client_division` (`id`, `division_name`, `tenant_id`, `client_id`, `is_active`) VALUES ('7c2b5d1c-74bd-45a7-a01c-d180a2d21e8f', 'Core Tech', 'df234305-8a47-4b4d-8efb-716a6b695428', '92126352-3c42-49e1-9e50-d62392a7e945', 1);
INSERT INTO `client_division` (`id`, `division_name`, `tenant_id`, `client_id`, `is_active`) VALUES ('9249bca7-9535-4fa8-a251-5361874a03ba', 'Innovation Lab', 'df234305-8a47-4b4d-8efb-716a6b695428', '92126352-3c42-49e1-9e50-d62392a7e945', 1);
INSERT INTO `client_division` (`id`, `division_name`, `tenant_id`, `client_id`, `is_active`) VALUES ('2a0a1e4e-0a4c-41d0-b2f7-9479c7d0a7b5', 'R&D', 'df234305-8a47-4b4d-8efb-716a6b695428', '92126352-3c42-49e1-9e50-d62392a7e945', 1);
INSERT INTO `client_division` (`id`, `division_name`, `tenant_id`, `client_id`, `is_active`) VALUES ('4b704987-ecea-406f-a4e4-9d0f13786711', 'Engineering', 'df234305-8a47-4b4d-8efb-716a6b695428', '92126352-3c42-49e1-9e50-d62392a7e945', 1);
INSERT INTO `client_division` (`id`, `division_name`, `tenant_id`, `client_id`, `is_active`) VALUES ('050d2216-9eb0-413d-add5-ac15c0d744d4', 'Product Dev', 'df234305-8a47-4b4d-8efb-716a6b695428', '92126352-3c42-49e1-9e50-d62392a7e945', 1);
INSERT INTO `client` (`uuid`, `tenant_id`, `client_name`, `client_code`, `is_active`) VALUES ('45fdad51-e6ac-4466-a416-669a68b6b0d7', 'df234305-8a47-4b4d-8efb-716a6b695428', 'Patterson-Strickland', 1050, 1);
INSERT INTO `department` (`uuid`, `tenant_id`, `client_id`, `department`) VALUES ('fb98c6b1-c8bf-4c21-b27d-2793f61a93f9', 'df234305-8a47-4b4d-8efb-716a6b695428', '45fdad51-e6ac-4466-a416-669a68b6b0d7', 'Robotics');
INSERT INTO `department` (`uuid`, `tenant_id`, `client_id`, `department`) VALUES ('0254d732-b0c3-4470-9143-c7a209957448', 'df234305-8a47-4b4d-8efb-716a6b695428', '45fdad51-e6ac-4466-a416-669a68b6b0d7', 'Aerospace');
INSERT INTO `department` (`uuid`, `tenant_id`, `client_id`, `department`) VALUES ('7976c680-f3b4-4d60-8548-9e4f95396d64', 'df234305-8a47-4b4d-8efb-716a6b695428', '45fdad51-e6ac-4466-a416-669a68b6b0d7', 'AI Solutions');
INSERT INTO `department` (`uuid`, `tenant_id`, `client_id`, `department`) VALUES ('6d763953-f4d9-420f-880c-6e6c4d1ca3b7', 'df234305-8a47-4b4d-8efb-716a6b695428', '45fdad51-e6ac-4466-a416-669a68b6b0d7', 'Biomedical');
INSERT INTO `department` (`uuid`, `tenant_id`, `client_id`, `department`) VALUES ('d7da6c27-5830-49a2-9bf0-6556adffe317', 'df234305-8a47-4b4d-8efb-716a6b695428', '45fdad51-e6ac-4466-a416-669a68b6b0d7', 'Civil Systems');
INSERT INTO `department` (`uuid`, `tenant_id`, `client_id`, `department`) VALUES ('4e70b814-bd5d-406f-bbcd-167088e28a60', 'df234305-8a47-4b4d-8efb-716a6b695428', '45fdad51-e6ac-4466-a416-669a68b6b0d7', 'Cybersecurity');
INSERT INTO `client_division` (`id`, `division_name`, `tenant_id`, `client_id`, `is_active`) VALUES ('f7109e86-f16d-4eac-8f72-dc253374afd2', 'Engineering', 'df234305-8a47-4b4d-8efb-716a6b695428', '45fdad51-e6ac-4466-a416-669a68b6b0d7', 1);
INSERT INTO `client_division` (`id`, `division_name`, `tenant_id`, `client_id`, `is_active`) VALUES ('92b9d9dc-c23d-4bdf-aa7e-b0a9ee56e06b', 'Product Dev', 'df234305-8a47-4b4d-8efb-716a6b695428', '45fdad51-e6ac-4466-a416-669a68b6b0d7', 1);
INSERT INTO `client_division` (`id`, `division_name`, `tenant_id`, `client_id`, `is_active`) VALUES ('37d68118-8e20-42c8-af8d-ed2a5a72657a', 'R&D', 'df234305-8a47-4b4d-8efb-716a6b695428', '45fdad51-e6ac-4466-a416-669a68b6b0d7', 1);
INSERT INTO `client_division` (`id`, `division_name`, `tenant_id`, `client_id`, `is_active`) VALUES ('3bdfa52f-1372-45b5-aa18-2ae58ce68a10', 'Innovation Lab', 'df234305-8a47-4b4d-8efb-716a6b695428', '45fdad51-e6ac-4466-a416-669a68b6b0d7', 1);
INSERT INTO `client_division` (`id`, `division_name`, `tenant_id`, `client_id`, `is_active`) VALUES ('7356c57c-7b85-4718-a7b5-c5995e27aabe', 'Core Tech', 'df234305-8a47-4b4d-8efb-716a6b695428', '45fdad51-e6ac-4466-a416-669a68b6b0d7', 1);
INSERT INTO `client` (`uuid`, `tenant_id`, `client_name`, `client_code`, `is_active`) VALUES ('5b5275c5-6e05-4227-8537-98c12f6f8c22', 'df234305-8a47-4b4d-8efb-716a6b695428', 'Bonilla, Jones and Russell', 1051, 1);
INSERT INTO `department` (`uuid`, `tenant_id`, `client_id`, `department`) VALUES ('fe30ec4f-01b7-4e3b-b5bc-14eee20ba2c5', 'df234305-8a47-4b4d-8efb-716a6b695428', '5b5275c5-6e05-4227-8537-98c12f6f8c22', 'Robotics');
INSERT INTO `department` (`uuid`, `tenant_id`, `client_id`, `department`) VALUES ('d1c2d7a7-ee39-4db7-8963-873980570130', 'df234305-8a47-4b4d-8efb-716a6b695428', '5b5275c5-6e05-4227-8537-98c12f6f8c22', 'AI Solutions');
INSERT INTO `department` (`uuid`, `tenant_id`, `client_id`, `department`) VALUES ('7aacbffa-07ce-40d1-a245-c8244ad3d48b', 'df234305-8a47-4b4d-8efb-716a6b695428', '5b5275c5-6e05-4227-8537-98c12f6f8c22', 'Cybersecurity');
INSERT INTO `department` (`uuid`, `tenant_id`, `client_id`, `department`) VALUES ('8ade9133-13d0-4b04-8f14-f1bba4101a7c', 'df234305-8a47-4b4d-8efb-716a6b695428', '5b5275c5-6e05-4227-8537-98c12f6f8c22', 'Biomedical');
INSERT INTO `department` (`uuid`, `tenant_id`, `client_id`, `department`) VALUES ('9166e6d4-dd05-491f-a9b7-f707e63842af', 'df234305-8a47-4b4d-8efb-716a6b695428', '5b5275c5-6e05-4227-8537-98c12f6f8c22', 'Civil Systems');
INSERT INTO `department` (`uuid`, `tenant_id`, `client_id`, `department`) VALUES ('580948f2-5d17-446e-a83d-3f4dd73ba9c7', 'df234305-8a47-4b4d-8efb-716a6b695428', '5b5275c5-6e05-4227-8537-98c12f6f8c22', 'Aerospace');
INSERT INTO `client_division` (`id`, `division_name`, `tenant_id`, `client_id`, `is_active`) VALUES ('60dacf13-3d9e-4489-b7ea-a88ad400c890', 'Engineering', 'df234305-8a47-4b4d-8efb-716a6b695428', '5b5275c5-6e05-4227-8537-98c12f6f8c22', 1);
INSERT INTO `client_division` (`id`, `division_name`, `tenant_id`, `client_id`, `is_active`) VALUES ('fd997447-ba3a-41d9-9e0d-8e6224a8cb22', 'Innovation Lab', 'df234305-8a47-4b4d-8efb-716a6b695428', '5b5275c5-6e05-4227-8537-98c12f6f8c22', 1);
INSERT INTO `client_division` (`id`, `division_name`, `tenant_id`, `client_id`, `is_active`) VALUES ('cd0ca405-2d45-44d4-8aa5-b302ff59e445', 'Product Dev', 'df234305-8a47-4b4d-8efb-716a6b695428', '5b5275c5-6e05-4227-8537-98c12f6f8c22', 1);
INSERT INTO `client_division` (`id`, `division_name`, `tenant_id`, `client_id`, `is_active`) VALUES ('30cd3bac-766b-4c00-ba3f-bbd41033072c', 'R&D', 'df234305-8a47-4b4d-8efb-716a6b695428', '5b5275c5-6e05-4227-8537-98c12f6f8c22', 1);
INSERT INTO `client_division` (`id`, `division_name`, `tenant_id`, `client_id`, `is_active`) VALUES ('375041f2-7f86-4373-97b6-5393a1fc5429', 'Core Tech', 'df234305-8a47-4b4d-8efb-716a6b695428', '5b5275c5-6e05-4227-8537-98c12f6f8c22', 1);
INSERT INTO `client` (`uuid`, `tenant_id`, `client_name`, `client_code`, `is_active`) VALUES ('6fd1ddbe-f3a8-41b5-950c-ff47b395b8ef', 'df234305-8a47-4b4d-8efb-716a6b695428', 'Rodriguez, Barnes and Booth', 1052, 1);
INSERT INTO `department` (`uuid`, `tenant_id`, `client_id`, `department`) VALUES ('5a3fbb44-27cb-4529-87d0-fa7878c16e60', 'df234305-8a47-4b4d-8efb-716a6b695428', '6fd1ddbe-f3a8-41b5-950c-ff47b395b8ef', 'Aerospace');
INSERT INTO `department` (`uuid`, `tenant_id`, `client_id`, `department`) VALUES ('4f701c78-28f1-4a67-921e-6776d5de003b', 'df234305-8a47-4b4d-8efb-716a6b695428', '6fd1ddbe-f3a8-41b5-950c-ff47b395b8ef', 'Robotics');
INSERT INTO `department` (`uuid`, `tenant_id`, `client_id`, `department`) VALUES ('94829e23-4e1b-4bd5-89a5-0e4a9fb89573', 'df234305-8a47-4b4d-8efb-716a6b695428', '6fd1ddbe-f3a8-41b5-950c-ff47b395b8ef', 'AI Solutions');
INSERT INTO `department` (`uuid`, `tenant_id`, `client_id`, `department`) VALUES ('a9d39138-3535-4286-b95d-6fff5c48d2b8', 'df234305-8a47-4b4d-8efb-716a6b695428', '6fd1ddbe-f3a8-41b5-950c-ff47b395b8ef', 'Cybersecurity');
INSERT INTO `department` (`uuid`, `tenant_id`, `client_id`, `department`) VALUES ('d6ce840b-ece1-4776-bb53-a84bae892a51', 'df234305-8a47-4b4d-8efb-716a6b695428', '6fd1ddbe-f3a8-41b5-950c-ff47b395b8ef', 'Biomedical');
INSERT INTO `department` (`uuid`, `tenant_id`, `client_id`, `department`) VALUES ('43959205-5f38-4df9-8118-ac2e958dc276', 'df234305-8a47-4b4d-8efb-716a6b695428', '6fd1ddbe-f3a8-41b5-950c-ff47b395b8ef', 'Civil Systems');
INSERT INTO `client_division` (`id`, `division_name`, `tenant_id`, `client_id`, `is_active`) VALUES ('e5d20b74-1171-4f15-b07b-b77b0d7c188f', 'R&D', 'df234305-8a47-4b4d-8efb-716a6b695428', '6fd1ddbe-f3a8-41b5-950c-ff47b395b8ef', 1);
INSERT INTO `client_division` (`id`, `division_name`, `tenant_id`, `client_id`, `is_active`) VALUES ('f4ac4c37-1a94-4626-a4d1-d68c28b73f59', 'Core Tech', 'df234305-8a47-4b4d-8efb-716a6b695428', '6fd1ddbe-f3a8-41b5-950c-ff47b395b8ef', 1);
INSERT INTO `client_division` (`id`, `division_name`, `tenant_id`, `client_id`, `is_active`) VALUES ('cecbf937-c65d-46fb-81ca-29825c0f4196', 'Innovation Lab', 'df234305-8a47-4b4d-8efb-716a6b695428', '6fd1ddbe-f3a8-41b5-950c-ff47b395b8ef', 1);
INSERT INTO `client_division` (`id`, `division_name`, `tenant_id`, `client_id`, `is_active`) VALUES ('6428c328-1c00-4f2a-b580-f31490340028', 'Product Dev', 'df234305-8a47-4b4d-8efb-716a6b695428', '6fd1ddbe-f3a8-41b5-950c-ff47b395b8ef', 1);
INSERT INTO `client_division` (`id`, `division_name`, `tenant_id`, `client_id`, `is_active`) VALUES ('c3ddc578-6826-45f2-a110-2c4c09c434ba', 'Engineering', 'df234305-8a47-4b4d-8efb-716a6b695428', '6fd1ddbe-f3a8-41b5-950c-ff47b395b8ef', 1);
INSERT INTO `client` (`uuid`, `tenant_id`, `client_name`, `client_code`, `is_active`) VALUES ('ec578be9-f11f-42fb-a52a-99c9ec5a4aa9', 'df234305-8a47-4b4d-8efb-716a6b695428', 'Boyd and Sons', 1053, 1);
INSERT INTO `department` (`uuid`, `tenant_id`, `client_id`, `department`) VALUES ('d6fba394-f27b-46b5-9550-6efd7660db5c', 'df234305-8a47-4b4d-8efb-716a6b695428', 'ec578be9-f11f-42fb-a52a-99c9ec5a4aa9', 'Biomedical');
INSERT INTO `department` (`uuid`, `tenant_id`, `client_id`, `department`) VALUES ('45c5167d-6d72-49ec-9d7e-7facf47c6615', 'df234305-8a47-4b4d-8efb-716a6b695428', 'ec578be9-f11f-42fb-a52a-99c9ec5a4aa9', 'Civil Systems');
INSERT INTO `department` (`uuid`, `tenant_id`, `client_id`, `department`) VALUES ('781392cd-d32a-4869-bffe-193bb9e175f4', 'df234305-8a47-4b4d-8efb-716a6b695428', 'ec578be9-f11f-42fb-a52a-99c9ec5a4aa9', 'Aerospace');
INSERT INTO `department` (`uuid`, `tenant_id`, `client_id`, `department`) VALUES ('342009ce-1bcb-46e3-8a85-682505852214', 'df234305-8a47-4b4d-8efb-716a6b695428', 'ec578be9-f11f-42fb-a52a-99c9ec5a4aa9', 'Cybersecurity');
INSERT INTO `department` (`uuid`, `tenant_id`, `client_id`, `department`) VALUES ('d38e250c-fea2-4f03-b0ef-2c7afaaa32ca', 'df234305-8a47-4b4d-8efb-716a6b695428', 'ec578be9-f11f-42fb-a52a-99c9ec5a4aa9', 'AI Solutions');
INSERT INTO `client_division` (`id`, `division_name`, `tenant_id`, `client_id`, `is_active`) VALUES ('906ab1dd-bb3c-4a4a-b86e-9f8bd89a88b6', 'Product Dev', 'df234305-8a47-4b4d-8efb-716a6b695428', 'ec578be9-f11f-42fb-a52a-99c9ec5a4aa9', 1);
INSERT INTO `client_division` (`id`, `division_name`, `tenant_id`, `client_id`, `is_active`) VALUES ('851ff30b-75bd-48e9-ba93-adc49b86cbe0', 'Innovation Lab', 'df234305-8a47-4b4d-8efb-716a6b695428', 'ec578be9-f11f-42fb-a52a-99c9ec5a4aa9', 1);
INSERT INTO `client_division` (`id`, `division_name`, `tenant_id`, `client_id`, `is_active`) VALUES ('d96a9f8f-777e-4e3d-ab70-b2fb789c9b7e', 'Core Tech', 'df234305-8a47-4b4d-8efb-716a6b695428', 'ec578be9-f11f-42fb-a52a-99c9ec5a4aa9', 1);
INSERT INTO `client_division` (`id`, `division_name`, `tenant_id`, `client_id`, `is_active`) VALUES ('b59730ec-25fe-4aba-8fcb-c4f2b433480e', 'R&D', 'df234305-8a47-4b4d-8efb-716a6b695428', 'ec578be9-f11f-42fb-a52a-99c9ec5a4aa9', 1);
INSERT INTO `client_division` (`id`, `division_name`, `tenant_id`, `client_id`, `is_active`) VALUES ('8cfb9365-9cb5-4471-89a7-7edfcc9a3330', 'Engineering', 'df234305-8a47-4b4d-8efb-716a6b695428', 'ec578be9-f11f-42fb-a52a-99c9ec5a4aa9', 1);
INSERT INTO `client` (`uuid`, `tenant_id`, `client_name`, `client_code`, `is_active`) VALUES ('00fb897f-1a2e-4aef-abb3-29cf51cb112f', 'df234305-8a47-4b4d-8efb-716a6b695428', 'Johnson, Sanchez and Meyer', 1054, 1);
INSERT INTO `department` (`uuid`, `tenant_id`, `client_id`, `department`) VALUES ('01bd626e-7b67-46f0-98e8-056c109e0918', 'df234305-8a47-4b4d-8efb-716a6b695428', '00fb897f-1a2e-4aef-abb3-29cf51cb112f', 'AI Solutions');
INSERT INTO `department` (`uuid`, `tenant_id`, `client_id`, `department`) VALUES ('db912c29-1af5-4afe-81a0-8020daaa69a8', 'df234305-8a47-4b4d-8efb-716a6b695428', '00fb897f-1a2e-4aef-abb3-29cf51cb112f', 'Biomedical');
INSERT INTO `department` (`uuid`, `tenant_id`, `client_id`, `department`) VALUES ('6a76c508-05c2-4d27-8619-fbcae42b9a23', 'df234305-8a47-4b4d-8efb-716a6b695428', '00fb897f-1a2e-4aef-abb3-29cf51cb112f', 'Civil Systems');
INSERT INTO `department` (`uuid`, `tenant_id`, `client_id`, `department`) VALUES ('3d5dc402-108f-4131-bdf3-811287f39d51', 'df234305-8a47-4b4d-8efb-716a6b695428', '00fb897f-1a2e-4aef-abb3-29cf51cb112f', 'Robotics');
INSERT INTO `department` (`uuid`, `tenant_id`, `client_id`, `department`) VALUES ('3df14314-357b-4c9c-b400-636d9e687849', 'df234305-8a47-4b4d-8efb-716a6b695428', '00fb897f-1a2e-4aef-abb3-29cf51cb112f', 'Cybersecurity');
INSERT INTO `department` (`uuid`, `tenant_id`, `client_id`, `department`) VALUES ('0b5913ad-bfaa-468f-b724-c72298a10c01', 'df234305-8a47-4b4d-8efb-716a6b695428', '00fb897f-1a2e-4aef-abb3-29cf51cb112f', 'Aerospace');
INSERT INTO `client_division` (`id`, `division_name`, `tenant_id`, `client_id`, `is_active`) VALUES ('be6cd8fc-3f4a-4391-88ff-fa7ccdac1444', 'Core Tech', 'df234305-8a47-4b4d-8efb-716a6b695428', '00fb897f-1a2e-4aef-abb3-29cf51cb112f', 1);
INSERT INTO `client_division` (`id`, `division_name`, `tenant_id`, `client_id`, `is_active`) VALUES ('40730051-8ea3-46d3-b86b-9871ffb745aa', 'Engineering', 'df234305-8a47-4b4d-8efb-716a6b695428', '00fb897f-1a2e-4aef-abb3-29cf51cb112f', 1);
INSERT INTO `client_division` (`id`, `division_name`, `tenant_id`, `client_id`, `is_active`) VALUES ('98a6f16c-ce33-4c69-8d0b-c318586c7e41', 'Product Dev', 'df234305-8a47-4b4d-8efb-716a6b695428', '00fb897f-1a2e-4aef-abb3-29cf51cb112f', 1);
INSERT INTO `client_division` (`id`, `division_name`, `tenant_id`, `client_id`, `is_active`) VALUES ('53795db7-4cba-44fb-9410-4491e629b6e1', 'R&D', 'df234305-8a47-4b4d-8efb-716a6b695428', '00fb897f-1a2e-4aef-abb3-29cf51cb112f', 1);
INSERT INTO `client_division` (`id`, `division_name`, `tenant_id`, `client_id`, `is_active`) VALUES ('68df9c09-0524-457a-83b1-d0ea0646594d', 'Innovation Lab', 'df234305-8a47-4b4d-8efb-716a6b695428', '00fb897f-1a2e-4aef-abb3-29cf51cb112f', 1);
INSERT INTO `client` (`uuid`, `tenant_id`, `client_name`, `client_code`, `is_active`) VALUES ('3589f9a5-ded8-489f-b1d5-7aec4305aa0b', 'df234305-8a47-4b4d-8efb-716a6b695428', 'Carroll Group', 1055, 1);
INSERT INTO `department` (`uuid`, `tenant_id`, `client_id`, `department`) VALUES ('175f5351-ba37-4bf7-9aee-68b687e1e49d', 'df234305-8a47-4b4d-8efb-716a6b695428', '3589f9a5-ded8-489f-b1d5-7aec4305aa0b', 'Robotics');
INSERT INTO `department` (`uuid`, `tenant_id`, `client_id`, `department`) VALUES ('1618cfce-fb8d-4c8f-8fea-19b79aff998e', 'df234305-8a47-4b4d-8efb-716a6b695428', '3589f9a5-ded8-489f-b1d5-7aec4305aa0b', 'Civil Systems');
INSERT INTO `department` (`uuid`, `tenant_id`, `client_id`, `department`) VALUES ('e38e269f-be36-4b1a-a831-0aa89559ea1d', 'df234305-8a47-4b4d-8efb-716a6b695428', '3589f9a5-ded8-489f-b1d5-7aec4305aa0b', 'Cybersecurity');
INSERT INTO `department` (`uuid`, `tenant_id`, `client_id`, `department`) VALUES ('140d785b-482e-4405-ac62-60415f432639', 'df234305-8a47-4b4d-8efb-716a6b695428', '3589f9a5-ded8-489f-b1d5-7aec4305aa0b', 'AI Solutions');
INSERT INTO `department` (`uuid`, `tenant_id`, `client_id`, `department`) VALUES ('869bcf71-d25a-4ed3-988c-106b5f7e2ca9', 'df234305-8a47-4b4d-8efb-716a6b695428', '3589f9a5-ded8-489f-b1d5-7aec4305aa0b', 'Aerospace');
INSERT INTO `department` (`uuid`, `tenant_id`, `client_id`, `department`) VALUES ('105f5f7b-8c07-442b-8168-bfda075907fd', 'df234305-8a47-4b4d-8efb-716a6b695428', '3589f9a5-ded8-489f-b1d5-7aec4305aa0b', 'Biomedical');
INSERT INTO `client_division` (`id`, `division_name`, `tenant_id`, `client_id`, `is_active`) VALUES ('512fa6db-0c4b-4ab6-838a-451da5115ad4', 'Engineering', 'df234305-8a47-4b4d-8efb-716a6b695428', '3589f9a5-ded8-489f-b1d5-7aec4305aa0b', 1);
INSERT INTO `client_division` (`id`, `division_name`, `tenant_id`, `client_id`, `is_active`) VALUES ('6b8ddb32-533f-4f96-8a1e-e66dc6cde118', 'R&D', 'df234305-8a47-4b4d-8efb-716a6b695428', '3589f9a5-ded8-489f-b1d5-7aec4305aa0b', 1);
INSERT INTO `client_division` (`id`, `division_name`, `tenant_id`, `client_id`, `is_active`) VALUES ('93f21e7b-1688-48f0-b4cf-9cd579ca0b1c', 'Product Dev', 'df234305-8a47-4b4d-8efb-716a6b695428', '3589f9a5-ded8-489f-b1d5-7aec4305aa0b', 1);
INSERT INTO `client_division` (`id`, `division_name`, `tenant_id`, `client_id`, `is_active`) VALUES ('b7da5866-8e23-4279-ad2d-088204a985a9', 'Innovation Lab', 'df234305-8a47-4b4d-8efb-716a6b695428', '3589f9a5-ded8-489f-b1d5-7aec4305aa0b', 1);
INSERT INTO `client_division` (`id`, `division_name`, `tenant_id`, `client_id`, `is_active`) VALUES ('8f5ef558-f250-4db0-a8c8-7dec9e2a3a27', 'Core Tech', 'df234305-8a47-4b4d-8efb-716a6b695428', '3589f9a5-ded8-489f-b1d5-7aec4305aa0b', 1);
INSERT INTO `client` (`uuid`, `tenant_id`, `client_name`, `client_code`, `is_active`) VALUES ('e462ed1f-9dd9-48ee-bd18-6c0e37994ea4', 'df234305-8a47-4b4d-8efb-716a6b695428', 'Young-Atkins', 1056, 1);
INSERT INTO `department` (`uuid`, `tenant_id`, `client_id`, `department`) VALUES ('a242e3aa-b5b5-46ee-a629-4d4b609b5a43', 'df234305-8a47-4b4d-8efb-716a6b695428', 'e462ed1f-9dd9-48ee-bd18-6c0e37994ea4', 'Robotics');
INSERT INTO `department` (`uuid`, `tenant_id`, `client_id`, `department`) VALUES ('66d33a63-ef34-4f9b-a0a3-9be6376e8368', 'df234305-8a47-4b4d-8efb-716a6b695428', 'e462ed1f-9dd9-48ee-bd18-6c0e37994ea4', 'AI Solutions');
INSERT INTO `department` (`uuid`, `tenant_id`, `client_id`, `department`) VALUES ('88038d44-3394-47a1-9a77-e12fe752e5cc', 'df234305-8a47-4b4d-8efb-716a6b695428', 'e462ed1f-9dd9-48ee-bd18-6c0e37994ea4', 'Aerospace');
INSERT INTO `department` (`uuid`, `tenant_id`, `client_id`, `department`) VALUES ('77850bc0-c0a1-49fa-bc47-eff1f5f5f674', 'df234305-8a47-4b4d-8efb-716a6b695428', 'e462ed1f-9dd9-48ee-bd18-6c0e37994ea4', 'Civil Systems');
INSERT INTO `client_division` (`id`, `division_name`, `tenant_id`, `client_id`, `is_active`) VALUES ('6627494f-bdf1-4b34-bbff-b2192955c94d', 'Engineering', 'df234305-8a47-4b4d-8efb-716a6b695428', 'e462ed1f-9dd9-48ee-bd18-6c0e37994ea4', 1);
INSERT INTO `client_division` (`id`, `division_name`, `tenant_id`, `client_id`, `is_active`) VALUES ('a83441cb-2010-4231-b8ef-4e09eb1b36e6', 'Product Dev', 'df234305-8a47-4b4d-8efb-716a6b695428', 'e462ed1f-9dd9-48ee-bd18-6c0e37994ea4', 1);
INSERT INTO `client_division` (`id`, `division_name`, `tenant_id`, `client_id`, `is_active`) VALUES ('5f88f46a-41a3-4cb6-817b-a1a2b1e629de', 'Innovation Lab', 'df234305-8a47-4b4d-8efb-716a6b695428', 'e462ed1f-9dd9-48ee-bd18-6c0e37994ea4', 1);
INSERT INTO `client_division` (`id`, `division_name`, `tenant_id`, `client_id`, `is_active`) VALUES ('6284017d-f337-480b-bff8-292dd07ebf34', 'Core Tech', 'df234305-8a47-4b4d-8efb-716a6b695428', 'e462ed1f-9dd9-48ee-bd18-6c0e37994ea4', 1);
INSERT INTO `client_division` (`id`, `division_name`, `tenant_id`, `client_id`, `is_active`) VALUES ('4749b205-29a1-4c01-b894-9bf1ea53828c', 'R&D', 'df234305-8a47-4b4d-8efb-716a6b695428', 'e462ed1f-9dd9-48ee-bd18-6c0e37994ea4', 1);
INSERT INTO `client` (`uuid`, `tenant_id`, `client_name`, `client_code`, `is_active`) VALUES ('05c5cc1b-fca5-4034-a55b-375756a5d611', 'df234305-8a47-4b4d-8efb-716a6b695428', 'Graves, Crawford and Williams', 1057, 1);
INSERT INTO `department` (`uuid`, `tenant_id`, `client_id`, `department`) VALUES ('a3e4274c-46d5-40ff-8e66-a32cc11d63b6', 'df234305-8a47-4b4d-8efb-716a6b695428', '05c5cc1b-fca5-4034-a55b-375756a5d611', 'Cybersecurity');
INSERT INTO `department` (`uuid`, `tenant_id`, `client_id`, `department`) VALUES ('ee4b1fe0-734f-4d67-839b-834538c32503', 'df234305-8a47-4b4d-8efb-716a6b695428', '05c5cc1b-fca5-4034-a55b-375756a5d611', 'Robotics');
INSERT INTO `department` (`uuid`, `tenant_id`, `client_id`, `department`) VALUES ('30c2125d-c8bb-423a-9891-28228b34f522', 'df234305-8a47-4b4d-8efb-716a6b695428', '05c5cc1b-fca5-4034-a55b-375756a5d611', 'Biomedical');
INSERT INTO `department` (`uuid`, `tenant_id`, `client_id`, `department`) VALUES ('5e61690c-9816-4bbc-965d-b018c8024b64', 'df234305-8a47-4b4d-8efb-716a6b695428', '05c5cc1b-fca5-4034-a55b-375756a5d611', 'Aerospace');
INSERT INTO `department` (`uuid`, `tenant_id`, `client_id`, `department`) VALUES ('c80e99fd-0ef9-4668-87d7-43d956191fb1', 'df234305-8a47-4b4d-8efb-716a6b695428', '05c5cc1b-fca5-4034-a55b-375756a5d611', 'Civil Systems');
INSERT INTO `department` (`uuid`, `tenant_id`, `client_id`, `department`) VALUES ('1624e08c-c119-413e-80e7-076f77b524e7', 'df234305-8a47-4b4d-8efb-716a6b695428', '05c5cc1b-fca5-4034-a55b-375756a5d611', 'AI Solutions');
INSERT INTO `client_division` (`id`, `division_name`, `tenant_id`, `client_id`, `is_active`) VALUES ('468bef14-38a3-4842-a2f2-8ac41d642ca5', 'Engineering', 'df234305-8a47-4b4d-8efb-716a6b695428', '05c5cc1b-fca5-4034-a55b-375756a5d611', 1);
INSERT INTO `client_division` (`id`, `division_name`, `tenant_id`, `client_id`, `is_active`) VALUES ('d96a5485-e5a8-4fe0-a01f-dbcf6dbec20f', 'R&D', 'df234305-8a47-4b4d-8efb-716a6b695428', '05c5cc1b-fca5-4034-a55b-375756a5d611', 1);
INSERT INTO `client_division` (`id`, `division_name`, `tenant_id`, `client_id`, `is_active`) VALUES ('a507f496-0c72-4aab-81c6-8fced1bc2b09', 'Core Tech', 'df234305-8a47-4b4d-8efb-716a6b695428', '05c5cc1b-fca5-4034-a55b-375756a5d611', 1);
INSERT INTO `client_division` (`id`, `division_name`, `tenant_id`, `client_id`, `is_active`) VALUES ('60f23b5e-3347-49f6-bb3a-f5a7731b2dca', 'Product Dev', 'df234305-8a47-4b4d-8efb-716a6b695428', '05c5cc1b-fca5-4034-a55b-375756a5d611', 1);
INSERT INTO `client_division` (`id`, `division_name`, `tenant_id`, `client_id`, `is_active`) VALUES ('419d04ed-81a7-4a41-a11c-672590155da3', 'Innovation Lab', 'df234305-8a47-4b4d-8efb-716a6b695428', '05c5cc1b-fca5-4034-a55b-375756a5d611', 1);
INSERT INTO `client` (`uuid`, `tenant_id`, `client_name`, `client_code`, `is_active`) VALUES ('b2bb8844-4b52-46a8-a818-b0da93c9737a', 'df234305-8a47-4b4d-8efb-716a6b695428', 'Castillo-Johnson', 1058, 1);
INSERT INTO `department` (`uuid`, `tenant_id`, `client_id`, `department`) VALUES ('6f21e754-4ce1-4539-a975-4f2da9e6fc38', 'df234305-8a47-4b4d-8efb-716a6b695428', 'b2bb8844-4b52-46a8-a818-b0da93c9737a', 'Robotics');
INSERT INTO `department` (`uuid`, `tenant_id`, `client_id`, `department`) VALUES ('18a9c1c0-3136-488c-85d4-0e1f8ffe4bb0', 'df234305-8a47-4b4d-8efb-716a6b695428', 'b2bb8844-4b52-46a8-a818-b0da93c9737a', 'AI Solutions');
INSERT INTO `department` (`uuid`, `tenant_id`, `client_id`, `department`) VALUES ('230cbc83-9652-45b2-b1f9-abd7da1ce0d4', 'df234305-8a47-4b4d-8efb-716a6b695428', 'b2bb8844-4b52-46a8-a818-b0da93c9737a', 'Biomedical');
INSERT INTO `department` (`uuid`, `tenant_id`, `client_id`, `department`) VALUES ('9ce51908-dca7-4905-b7e3-07d94ab608f9', 'df234305-8a47-4b4d-8efb-716a6b695428', 'b2bb8844-4b52-46a8-a818-b0da93c9737a', 'Civil Systems');
INSERT INTO `department` (`uuid`, `tenant_id`, `client_id`, `department`) VALUES ('812867e0-35bb-4428-a0d6-a73f42b56ada', 'df234305-8a47-4b4d-8efb-716a6b695428', 'b2bb8844-4b52-46a8-a818-b0da93c9737a', 'Cybersecurity');
INSERT INTO `department` (`uuid`, `tenant_id`, `client_id`, `department`) VALUES ('2333f445-d203-46e0-88e3-5237901b6590', 'df234305-8a47-4b4d-8efb-716a6b695428', 'b2bb8844-4b52-46a8-a818-b0da93c9737a', 'Aerospace');
INSERT INTO `client_division` (`id`, `division_name`, `tenant_id`, `client_id`, `is_active`) VALUES ('a4117710-7b49-424f-8e05-6d6ffe2ca29d', 'Engineering', 'df234305-8a47-4b4d-8efb-716a6b695428', 'b2bb8844-4b52-46a8-a818-b0da93c9737a', 1);
INSERT INTO `client_division` (`id`, `division_name`, `tenant_id`, `client_id`, `is_active`) VALUES ('c67acd3e-e87e-42ba-8b4e-f6b55bd0b97a', 'Innovation Lab', 'df234305-8a47-4b4d-8efb-716a6b695428', 'b2bb8844-4b52-46a8-a818-b0da93c9737a', 1);
INSERT INTO `client_division` (`id`, `division_name`, `tenant_id`, `client_id`, `is_active`) VALUES ('d3819eab-0338-44b0-b9bf-b8a202e93360', 'Core Tech', 'df234305-8a47-4b4d-8efb-716a6b695428', 'b2bb8844-4b52-46a8-a818-b0da93c9737a', 1);
INSERT INTO `client_division` (`id`, `division_name`, `tenant_id`, `client_id`, `is_active`) VALUES ('e4a5ba92-e478-4ef7-b27d-835faf61565e', 'Product Dev', 'df234305-8a47-4b4d-8efb-716a6b695428', 'b2bb8844-4b52-46a8-a818-b0da93c9737a', 1);
INSERT INTO `client_division` (`id`, `division_name`, `tenant_id`, `client_id`, `is_active`) VALUES ('e24350f9-763b-4941-afef-a07b63d0e81d', 'R&D', 'df234305-8a47-4b4d-8efb-716a6b695428', 'b2bb8844-4b52-46a8-a818-b0da93c9737a', 1);
INSERT INTO `client` (`uuid`, `tenant_id`, `client_name`, `client_code`, `is_active`) VALUES ('00f76964-4a1a-48ad-92c9-b0d5045c42e4', 'df234305-8a47-4b4d-8efb-716a6b695428', 'Green PLC', 1059, 1);
INSERT INTO `department` (`uuid`, `tenant_id`, `client_id`, `department`) VALUES ('77e00d21-d658-4e71-8860-e1705aa77df3', 'df234305-8a47-4b4d-8efb-716a6b695428', '00f76964-4a1a-48ad-92c9-b0d5045c42e4', 'Civil Systems');
INSERT INTO `department` (`uuid`, `tenant_id`, `client_id`, `department`) VALUES ('4faae21e-53d7-4393-9cc0-d6ea164dc988', 'df234305-8a47-4b4d-8efb-716a6b695428', '00f76964-4a1a-48ad-92c9-b0d5045c42e4', 'AI Solutions');
INSERT INTO `department` (`uuid`, `tenant_id`, `client_id`, `department`) VALUES ('254f9c59-92af-487d-9808-0e2219119e8f', 'df234305-8a47-4b4d-8efb-716a6b695428', '00f76964-4a1a-48ad-92c9-b0d5045c42e4', 'Biomedical');
INSERT INTO `department` (`uuid`, `tenant_id`, `client_id`, `department`) VALUES ('a976a06b-027f-4993-9eb8-56f6c047f837', 'df234305-8a47-4b4d-8efb-716a6b695428', '00f76964-4a1a-48ad-92c9-b0d5045c42e4', 'Robotics');
INSERT INTO `department` (`uuid`, `tenant_id`, `client_id`, `department`) VALUES ('ec585b17-5805-4487-8c80-a1721f1692f5', 'df234305-8a47-4b4d-8efb-716a6b695428', '00f76964-4a1a-48ad-92c9-b0d5045c42e4', 'Cybersecurity');
INSERT INTO `client_division` (`id`, `division_name`, `tenant_id`, `client_id`, `is_active`) VALUES ('2511e6a3-3418-4554-bfce-c94a0b46b2a6', 'Product Dev', 'df234305-8a47-4b4d-8efb-716a6b695428', '00f76964-4a1a-48ad-92c9-b0d5045c42e4', 1);
INSERT INTO `client_division` (`id`, `division_name`, `tenant_id`, `client_id`, `is_active`) VALUES ('4f71dd00-256a-4c12-8b13-2096c6ad5611', 'R&D', 'df234305-8a47-4b4d-8efb-716a6b695428', '00f76964-4a1a-48ad-92c9-b0d5045c42e4', 1);
INSERT INTO `client_division` (`id`, `division_name`, `tenant_id`, `client_id`, `is_active`) VALUES ('835ec7bf-af8d-48e5-9dd6-f4dfc46f66ba', 'Innovation Lab', 'df234305-8a47-4b4d-8efb-716a6b695428', '00f76964-4a1a-48ad-92c9-b0d5045c42e4', 1);
INSERT INTO `client_division` (`id`, `division_name`, `tenant_id`, `client_id`, `is_active`) VALUES ('6a0040f8-3201-4984-b075-30cbb6063d34', 'Engineering', 'df234305-8a47-4b4d-8efb-716a6b695428', '00f76964-4a1a-48ad-92c9-b0d5045c42e4', 1);
INSERT INTO `client_division` (`id`, `division_name`, `tenant_id`, `client_id`, `is_active`) VALUES ('7961f198-c61b-4cf1-9716-2446ae3a37ea', 'Core Tech', 'df234305-8a47-4b4d-8efb-716a6b695428', '00f76964-4a1a-48ad-92c9-b0d5045c42e4', 1);
INSERT INTO `client` (`uuid`, `tenant_id`, `client_name`, `client_code`, `is_active`) VALUES ('6ad8784b-6a13-4fb4-96fa-ca4b127d0c15', 'df234305-8a47-4b4d-8efb-716a6b695428', 'Gutierrez LLC', 1060, 1);
INSERT INTO `department` (`uuid`, `tenant_id`, `client_id`, `department`) VALUES ('070c8a81-89ef-4b79-9e6c-5ee1f0c8a511', 'df234305-8a47-4b4d-8efb-716a6b695428', '6ad8784b-6a13-4fb4-96fa-ca4b127d0c15', 'Aerospace');
INSERT INTO `department` (`uuid`, `tenant_id`, `client_id`, `department`) VALUES ('cbc45661-7350-4f28-9e9f-b0e9e977318b', 'df234305-8a47-4b4d-8efb-716a6b695428', '6ad8784b-6a13-4fb4-96fa-ca4b127d0c15', 'Civil Systems');
INSERT INTO `department` (`uuid`, `tenant_id`, `client_id`, `department`) VALUES ('84af2a80-8114-4dd5-94ba-ed21d02642d7', 'df234305-8a47-4b4d-8efb-716a6b695428', '6ad8784b-6a13-4fb4-96fa-ca4b127d0c15', 'Biomedical');
INSERT INTO `department` (`uuid`, `tenant_id`, `client_id`, `department`) VALUES ('b49f0853-9a2c-41d5-9f9c-bb672eb0d5e7', 'df234305-8a47-4b4d-8efb-716a6b695428', '6ad8784b-6a13-4fb4-96fa-ca4b127d0c15', 'Cybersecurity');
INSERT INTO `department` (`uuid`, `tenant_id`, `client_id`, `department`) VALUES ('87f3217b-787d-4ca9-b78d-271d296dce7a', 'df234305-8a47-4b4d-8efb-716a6b695428', '6ad8784b-6a13-4fb4-96fa-ca4b127d0c15', 'AI Solutions');
INSERT INTO `department` (`uuid`, `tenant_id`, `client_id`, `department`) VALUES ('6bff1cbb-3355-4991-a6ac-56fb4528de55', 'df234305-8a47-4b4d-8efb-716a6b695428', '6ad8784b-6a13-4fb4-96fa-ca4b127d0c15', 'Robotics');
INSERT INTO `client_division` (`id`, `division_name`, `tenant_id`, `client_id`, `is_active`) VALUES ('884035e3-8a66-4414-9df4-ea4800558c76', 'R&D', 'df234305-8a47-4b4d-8efb-716a6b695428', '6ad8784b-6a13-4fb4-96fa-ca4b127d0c15', 1);
INSERT INTO `client_division` (`id`, `division_name`, `tenant_id`, `client_id`, `is_active`) VALUES ('70cf6380-3341-4755-99ef-ae20236e227e', 'Engineering', 'df234305-8a47-4b4d-8efb-716a6b695428', '6ad8784b-6a13-4fb4-96fa-ca4b127d0c15', 1);
INSERT INTO `client_division` (`id`, `division_name`, `tenant_id`, `client_id`, `is_active`) VALUES ('3864c848-3400-4a6d-8ae6-1f1799dbec64', 'Product Dev', 'df234305-8a47-4b4d-8efb-716a6b695428', '6ad8784b-6a13-4fb4-96fa-ca4b127d0c15', 1);
INSERT INTO `client_division` (`id`, `division_name`, `tenant_id`, `client_id`, `is_active`) VALUES ('0aab7705-0711-4eb9-aa2b-80b426de77c8', 'Core Tech', 'df234305-8a47-4b4d-8efb-716a6b695428', '6ad8784b-6a13-4fb4-96fa-ca4b127d0c15', 1);
INSERT INTO `client_division` (`id`, `division_name`, `tenant_id`, `client_id`, `is_active`) VALUES ('180840da-bad1-46ba-b808-3b8d97929f12', 'Innovation Lab', 'df234305-8a47-4b4d-8efb-716a6b695428', '6ad8784b-6a13-4fb4-96fa-ca4b127d0c15', 1);
INSERT INTO `client` (`uuid`, `tenant_id`, `client_name`, `client_code`, `is_active`) VALUES ('ac3d768b-6153-4cd0-a775-af89f122ea04', 'df234305-8a47-4b4d-8efb-716a6b695428', 'Johnson Inc', 1061, 1);
INSERT INTO `department` (`uuid`, `tenant_id`, `client_id`, `department`) VALUES ('a27f2ac2-7760-4ffa-baa2-8016345d317b', 'df234305-8a47-4b4d-8efb-716a6b695428', 'ac3d768b-6153-4cd0-a775-af89f122ea04', 'AI Solutions');
INSERT INTO `department` (`uuid`, `tenant_id`, `client_id`, `department`) VALUES ('403d7944-a168-4614-8746-f093e4511c5d', 'df234305-8a47-4b4d-8efb-716a6b695428', 'ac3d768b-6153-4cd0-a775-af89f122ea04', 'Cybersecurity');
INSERT INTO `department` (`uuid`, `tenant_id`, `client_id`, `department`) VALUES ('e631df2d-f4d5-4aa4-83e0-56c41fac2d01', 'df234305-8a47-4b4d-8efb-716a6b695428', 'ac3d768b-6153-4cd0-a775-af89f122ea04', 'Biomedical');
INSERT INTO `department` (`uuid`, `tenant_id`, `client_id`, `department`) VALUES ('ed7e70d7-5304-4dfb-a580-4aeeb7787655', 'df234305-8a47-4b4d-8efb-716a6b695428', 'ac3d768b-6153-4cd0-a775-af89f122ea04', 'Aerospace');
INSERT INTO `department` (`uuid`, `tenant_id`, `client_id`, `department`) VALUES ('acceda55-b5e5-4446-a9e4-e9e148ab4a9a', 'df234305-8a47-4b4d-8efb-716a6b695428', 'ac3d768b-6153-4cd0-a775-af89f122ea04', 'Robotics');
INSERT INTO `department` (`uuid`, `tenant_id`, `client_id`, `department`) VALUES ('b51e1122-f189-45c7-ac74-75c89d7ae693', 'df234305-8a47-4b4d-8efb-716a6b695428', 'ac3d768b-6153-4cd0-a775-af89f122ea04', 'Civil Systems');
INSERT INTO `client_division` (`id`, `division_name`, `tenant_id`, `client_id`, `is_active`) VALUES ('558d9300-271c-4e7c-b999-0d28a2cf9ded', 'R&D', 'df234305-8a47-4b4d-8efb-716a6b695428', 'ac3d768b-6153-4cd0-a775-af89f122ea04', 1);
INSERT INTO `client_division` (`id`, `division_name`, `tenant_id`, `client_id`, `is_active`) VALUES ('e501927f-c392-4fdb-b103-3a114b836574', 'Engineering', 'df234305-8a47-4b4d-8efb-716a6b695428', 'ac3d768b-6153-4cd0-a775-af89f122ea04', 1);
INSERT INTO `client_division` (`id`, `division_name`, `tenant_id`, `client_id`, `is_active`) VALUES ('79de5d67-1357-4991-8c20-7265cad7aca0', 'Core Tech', 'df234305-8a47-4b4d-8efb-716a6b695428', 'ac3d768b-6153-4cd0-a775-af89f122ea04', 1);
INSERT INTO `client_division` (`id`, `division_name`, `tenant_id`, `client_id`, `is_active`) VALUES ('62acec05-7531-480c-b355-fb4854521bc3', 'Innovation Lab', 'df234305-8a47-4b4d-8efb-716a6b695428', 'ac3d768b-6153-4cd0-a775-af89f122ea04', 1);
INSERT INTO `client_division` (`id`, `division_name`, `tenant_id`, `client_id`, `is_active`) VALUES ('5281b608-c1c3-482a-9e72-b92bae1b6640', 'Product Dev', 'df234305-8a47-4b4d-8efb-716a6b695428', 'ac3d768b-6153-4cd0-a775-af89f122ea04', 1);
INSERT INTO `client` (`uuid`, `tenant_id`, `client_name`, `client_code`, `is_active`) VALUES ('61d9d199-c2c6-4335-8022-47b6164df529', 'df234305-8a47-4b4d-8efb-716a6b695428', 'Black PLC', 1062, 1);
INSERT INTO `department` (`uuid`, `tenant_id`, `client_id`, `department`) VALUES ('50e6dec2-8639-4ad3-964a-df9718dc55f6', 'df234305-8a47-4b4d-8efb-716a6b695428', '61d9d199-c2c6-4335-8022-47b6164df529', 'Cybersecurity');
INSERT INTO `department` (`uuid`, `tenant_id`, `client_id`, `department`) VALUES ('04b2e371-48b4-4e74-8641-d6986d27932f', 'df234305-8a47-4b4d-8efb-716a6b695428', '61d9d199-c2c6-4335-8022-47b6164df529', 'Aerospace');
INSERT INTO `department` (`uuid`, `tenant_id`, `client_id`, `department`) VALUES ('4645190f-5d35-4450-91a5-afbe82e7c51e', 'df234305-8a47-4b4d-8efb-716a6b695428', '61d9d199-c2c6-4335-8022-47b6164df529', 'AI Solutions');
INSERT INTO `department` (`uuid`, `tenant_id`, `client_id`, `department`) VALUES ('7b72bc8c-8018-454f-b3d4-d0e644fa7364', 'df234305-8a47-4b4d-8efb-716a6b695428', '61d9d199-c2c6-4335-8022-47b6164df529', 'Biomedical');
INSERT INTO `department` (`uuid`, `tenant_id`, `client_id`, `department`) VALUES ('5f3c97d3-721e-4254-ae85-9681ccecfe74', 'df234305-8a47-4b4d-8efb-716a6b695428', '61d9d199-c2c6-4335-8022-47b6164df529', 'Robotics');
INSERT INTO `department` (`uuid`, `tenant_id`, `client_id`, `department`) VALUES ('051f2fd2-00aa-42b2-9b1c-349d61d4bfa9', 'df234305-8a47-4b4d-8efb-716a6b695428', '61d9d199-c2c6-4335-8022-47b6164df529', 'Civil Systems');
INSERT INTO `client_division` (`id`, `division_name`, `tenant_id`, `client_id`, `is_active`) VALUES ('1a6a8bbc-c7ec-4b5f-a3ea-bbab27daa7fa', 'Innovation Lab', 'df234305-8a47-4b4d-8efb-716a6b695428', '61d9d199-c2c6-4335-8022-47b6164df529', 1);
INSERT INTO `client_division` (`id`, `division_name`, `tenant_id`, `client_id`, `is_active`) VALUES ('cbacbab6-72c7-4841-9b14-d3e74032dc3a', 'Product Dev', 'df234305-8a47-4b4d-8efb-716a6b695428', '61d9d199-c2c6-4335-8022-47b6164df529', 1);
INSERT INTO `client_division` (`id`, `division_name`, `tenant_id`, `client_id`, `is_active`) VALUES ('7cf74fc7-242f-4eeb-90d8-86829a5546b4', 'R&D', 'df234305-8a47-4b4d-8efb-716a6b695428', '61d9d199-c2c6-4335-8022-47b6164df529', 1);
INSERT INTO `client_division` (`id`, `division_name`, `tenant_id`, `client_id`, `is_active`) VALUES ('e34ab401-2916-443a-93a1-4d897895224c', 'Core Tech', 'df234305-8a47-4b4d-8efb-716a6b695428', '61d9d199-c2c6-4335-8022-47b6164df529', 1);
INSERT INTO `client_division` (`id`, `division_name`, `tenant_id`, `client_id`, `is_active`) VALUES ('c8b5a0c6-b2b6-43c0-b5e4-af8ca8c09c91', 'Engineering', 'df234305-8a47-4b4d-8efb-716a6b695428', '61d9d199-c2c6-4335-8022-47b6164df529', 1);
INSERT INTO `client` (`uuid`, `tenant_id`, `client_name`, `client_code`, `is_active`) VALUES ('250d39c0-39a6-4d77-b99f-cc0b5ce0e1df', 'df234305-8a47-4b4d-8efb-716a6b695428', 'Washington-Davis', 1063, 1);
INSERT INTO `department` (`uuid`, `tenant_id`, `client_id`, `department`) VALUES ('305f9cd3-919c-41c0-b06d-e67737eb7920', 'df234305-8a47-4b4d-8efb-716a6b695428', '250d39c0-39a6-4d77-b99f-cc0b5ce0e1df', 'Robotics');
INSERT INTO `department` (`uuid`, `tenant_id`, `client_id`, `department`) VALUES ('09310ca1-961d-42ad-9681-98175af0195a', 'df234305-8a47-4b4d-8efb-716a6b695428', '250d39c0-39a6-4d77-b99f-cc0b5ce0e1df', 'AI Solutions');
INSERT INTO `department` (`uuid`, `tenant_id`, `client_id`, `department`) VALUES ('3626e2bb-4904-4d18-8ad5-9f238488bac8', 'df234305-8a47-4b4d-8efb-716a6b695428', '250d39c0-39a6-4d77-b99f-cc0b5ce0e1df', 'Biomedical');
INSERT INTO `department` (`uuid`, `tenant_id`, `client_id`, `department`) VALUES ('26774245-760b-429d-87ca-3f1da92a065a', 'df234305-8a47-4b4d-8efb-716a6b695428', '250d39c0-39a6-4d77-b99f-cc0b5ce0e1df', 'Aerospace');
INSERT INTO `department` (`uuid`, `tenant_id`, `client_id`, `department`) VALUES ('3f31ec8b-5a39-4ce2-8bfa-bccd5f58e18f', 'df234305-8a47-4b4d-8efb-716a6b695428', '250d39c0-39a6-4d77-b99f-cc0b5ce0e1df', 'Cybersecurity');
INSERT INTO `department` (`uuid`, `tenant_id`, `client_id`, `department`) VALUES ('d98dc135-717b-46c5-84c1-ce011541c91b', 'df234305-8a47-4b4d-8efb-716a6b695428', '250d39c0-39a6-4d77-b99f-cc0b5ce0e1df', 'Civil Systems');
INSERT INTO `client_division` (`id`, `division_name`, `tenant_id`, `client_id`, `is_active`) VALUES ('1a51d03c-94cc-4c25-9a04-03bcd2fa0e25', 'R&D', 'df234305-8a47-4b4d-8efb-716a6b695428', '250d39c0-39a6-4d77-b99f-cc0b5ce0e1df', 1);
INSERT INTO `client_division` (`id`, `division_name`, `tenant_id`, `client_id`, `is_active`) VALUES ('7c3d1d21-5b6f-4ba2-8136-eda425ab4afa', 'Core Tech', 'df234305-8a47-4b4d-8efb-716a6b695428', '250d39c0-39a6-4d77-b99f-cc0b5ce0e1df', 1);
INSERT INTO `client_division` (`id`, `division_name`, `tenant_id`, `client_id`, `is_active`) VALUES ('0d3d3252-f03e-4083-85bd-effcaae44c29', 'Product Dev', 'df234305-8a47-4b4d-8efb-716a6b695428', '250d39c0-39a6-4d77-b99f-cc0b5ce0e1df', 1);
INSERT INTO `client_division` (`id`, `division_name`, `tenant_id`, `client_id`, `is_active`) VALUES ('45b88dde-6b9b-4e56-b666-2874c5b24acf', 'Innovation Lab', 'df234305-8a47-4b4d-8efb-716a6b695428', '250d39c0-39a6-4d77-b99f-cc0b5ce0e1df', 1);
INSERT INTO `client_division` (`id`, `division_name`, `tenant_id`, `client_id`, `is_active`) VALUES ('a035a193-544a-41f2-8463-42a9523a61f7', 'Engineering', 'df234305-8a47-4b4d-8efb-716a6b695428', '250d39c0-39a6-4d77-b99f-cc0b5ce0e1df', 1);
INSERT INTO `client` (`uuid`, `tenant_id`, `client_name`, `client_code`, `is_active`) VALUES ('bf13b380-56b0-4c6d-bd84-566b3e9f6c2a', 'df234305-8a47-4b4d-8efb-716a6b695428', 'Aguirre Ltd', 1064, 1);
INSERT INTO `department` (`uuid`, `tenant_id`, `client_id`, `department`) VALUES ('2f3d4d0b-9262-4f57-9e41-101651b329fa', 'df234305-8a47-4b4d-8efb-716a6b695428', 'bf13b380-56b0-4c6d-bd84-566b3e9f6c2a', 'Biomedical');
INSERT INTO `department` (`uuid`, `tenant_id`, `client_id`, `department`) VALUES ('aa552c27-38a9-46ba-ba0d-cacdcb4c2425', 'df234305-8a47-4b4d-8efb-716a6b695428', 'bf13b380-56b0-4c6d-bd84-566b3e9f6c2a', 'AI Solutions');
INSERT INTO `department` (`uuid`, `tenant_id`, `client_id`, `department`) VALUES ('f1e796d7-b1df-420d-96bf-718da9fb69da', 'df234305-8a47-4b4d-8efb-716a6b695428', 'bf13b380-56b0-4c6d-bd84-566b3e9f6c2a', 'Cybersecurity');
INSERT INTO `department` (`uuid`, `tenant_id`, `client_id`, `department`) VALUES ('9da2cc2c-de5c-4342-b2a5-b5cf4eb400e6', 'df234305-8a47-4b4d-8efb-716a6b695428', 'bf13b380-56b0-4c6d-bd84-566b3e9f6c2a', 'Robotics');
INSERT INTO `department` (`uuid`, `tenant_id`, `client_id`, `department`) VALUES ('646b3116-efe1-4bf1-8030-5475f5bf4f80', 'df234305-8a47-4b4d-8efb-716a6b695428', 'bf13b380-56b0-4c6d-bd84-566b3e9f6c2a', 'Aerospace');
INSERT INTO `client_division` (`id`, `division_name`, `tenant_id`, `client_id`, `is_active`) VALUES ('89079ebb-6bfa-4b1a-97bd-a4dd2d10ffec', 'Core Tech', 'df234305-8a47-4b4d-8efb-716a6b695428', 'bf13b380-56b0-4c6d-bd84-566b3e9f6c2a', 1);
INSERT INTO `client_division` (`id`, `division_name`, `tenant_id`, `client_id`, `is_active`) VALUES ('559a99a2-4284-412c-bc30-112dbf12e8d4', 'Engineering', 'df234305-8a47-4b4d-8efb-716a6b695428', 'bf13b380-56b0-4c6d-bd84-566b3e9f6c2a', 1);
INSERT INTO `client_division` (`id`, `division_name`, `tenant_id`, `client_id`, `is_active`) VALUES ('977fbea9-2d4f-47d0-857c-1e887c346762', 'Product Dev', 'df234305-8a47-4b4d-8efb-716a6b695428', 'bf13b380-56b0-4c6d-bd84-566b3e9f6c2a', 1);
INSERT INTO `client_division` (`id`, `division_name`, `tenant_id`, `client_id`, `is_active`) VALUES ('afdea529-8f88-4502-af12-f45af07cca93', 'Innovation Lab', 'df234305-8a47-4b4d-8efb-716a6b695428', 'bf13b380-56b0-4c6d-bd84-566b3e9f6c2a', 1);
INSERT INTO `client_division` (`id`, `division_name`, `tenant_id`, `client_id`, `is_active`) VALUES ('c9275440-5f5c-4cda-823f-c365e8ec15e6', 'R&D', 'df234305-8a47-4b4d-8efb-716a6b695428', 'bf13b380-56b0-4c6d-bd84-566b3e9f6c2a', 1);
INSERT INTO `client` (`uuid`, `tenant_id`, `client_name`, `client_code`, `is_active`) VALUES ('5dea57be-514d-4b1f-8abc-adff5b4cbbee', 'df234305-8a47-4b4d-8efb-716a6b695428', 'Shaw Ltd', 1065, 1);
INSERT INTO `department` (`uuid`, `tenant_id`, `client_id`, `department`) VALUES ('6b387f69-7900-4409-a938-a1d03c18e430', 'df234305-8a47-4b4d-8efb-716a6b695428', '5dea57be-514d-4b1f-8abc-adff5b4cbbee', 'Biomedical');
INSERT INTO `department` (`uuid`, `tenant_id`, `client_id`, `department`) VALUES ('9801eea7-6363-40a5-b734-e1896da23cdf', 'df234305-8a47-4b4d-8efb-716a6b695428', '5dea57be-514d-4b1f-8abc-adff5b4cbbee', 'Civil Systems');
INSERT INTO `department` (`uuid`, `tenant_id`, `client_id`, `department`) VALUES ('20235ca3-30d2-4d91-91a9-7443e8a434eb', 'df234305-8a47-4b4d-8efb-716a6b695428', '5dea57be-514d-4b1f-8abc-adff5b4cbbee', 'Aerospace');
INSERT INTO `department` (`uuid`, `tenant_id`, `client_id`, `department`) VALUES ('e57a10bb-aa2f-4ece-8ba3-0c67856a75b0', 'df234305-8a47-4b4d-8efb-716a6b695428', '5dea57be-514d-4b1f-8abc-adff5b4cbbee', 'AI Solutions');
INSERT INTO `department` (`uuid`, `tenant_id`, `client_id`, `department`) VALUES ('531770f1-4af3-4d39-8943-d9f47fde8157', 'df234305-8a47-4b4d-8efb-716a6b695428', '5dea57be-514d-4b1f-8abc-adff5b4cbbee', 'Cybersecurity');
INSERT INTO `department` (`uuid`, `tenant_id`, `client_id`, `department`) VALUES ('066fa72a-98b7-4859-b8ce-ce75021a24e3', 'df234305-8a47-4b4d-8efb-716a6b695428', '5dea57be-514d-4b1f-8abc-adff5b4cbbee', 'Robotics');
INSERT INTO `client_division` (`id`, `division_name`, `tenant_id`, `client_id`, `is_active`) VALUES ('a5d626d2-d9f4-4d7f-baf0-4697658b2661', 'Product Dev', 'df234305-8a47-4b4d-8efb-716a6b695428', '5dea57be-514d-4b1f-8abc-adff5b4cbbee', 1);
INSERT INTO `client_division` (`id`, `division_name`, `tenant_id`, `client_id`, `is_active`) VALUES ('65d90dd8-9a0b-4233-8463-e138a05e056f', 'Engineering', 'df234305-8a47-4b4d-8efb-716a6b695428', '5dea57be-514d-4b1f-8abc-adff5b4cbbee', 1);
INSERT INTO `client_division` (`id`, `division_name`, `tenant_id`, `client_id`, `is_active`) VALUES ('d937f96d-73aa-4614-89c7-3de2aeeda955', 'Core Tech', 'df234305-8a47-4b4d-8efb-716a6b695428', '5dea57be-514d-4b1f-8abc-adff5b4cbbee', 1);
INSERT INTO `client_division` (`id`, `division_name`, `tenant_id`, `client_id`, `is_active`) VALUES ('e90bc92a-856e-4222-9f19-0b72aeb0d586', 'R&D', 'df234305-8a47-4b4d-8efb-716a6b695428', '5dea57be-514d-4b1f-8abc-adff5b4cbbee', 1);
INSERT INTO `client_division` (`id`, `division_name`, `tenant_id`, `client_id`, `is_active`) VALUES ('7c326e56-20b6-4995-86b5-bf78c4f084ff', 'Innovation Lab', 'df234305-8a47-4b4d-8efb-716a6b695428', '5dea57be-514d-4b1f-8abc-adff5b4cbbee', 1);
INSERT INTO `client` (`uuid`, `tenant_id`, `client_name`, `client_code`, `is_active`) VALUES ('6f247299-e2cf-4f08-9c5e-f6adfd8a794f', 'df234305-8a47-4b4d-8efb-716a6b695428', 'Campbell, Smith and Williams', 1066, 1);
INSERT INTO `department` (`uuid`, `tenant_id`, `client_id`, `department`) VALUES ('55771188-8ead-461f-8c3f-a8a1cd87179f', 'df234305-8a47-4b4d-8efb-716a6b695428', '6f247299-e2cf-4f08-9c5e-f6adfd8a794f', 'Civil Systems');
INSERT INTO `department` (`uuid`, `tenant_id`, `client_id`, `department`) VALUES ('8610891d-fd85-4cb0-9c4c-d9963cbffe14', 'df234305-8a47-4b4d-8efb-716a6b695428', '6f247299-e2cf-4f08-9c5e-f6adfd8a794f', 'Biomedical');
INSERT INTO `department` (`uuid`, `tenant_id`, `client_id`, `department`) VALUES ('1f275e92-1c2e-4780-8f57-794f1fcd47e7', 'df234305-8a47-4b4d-8efb-716a6b695428', '6f247299-e2cf-4f08-9c5e-f6adfd8a794f', 'Robotics');
INSERT INTO `department` (`uuid`, `tenant_id`, `client_id`, `department`) VALUES ('5d10bf1e-f442-4fb8-a093-a6f6d3de0141', 'df234305-8a47-4b4d-8efb-716a6b695428', '6f247299-e2cf-4f08-9c5e-f6adfd8a794f', 'AI Solutions');
INSERT INTO `department` (`uuid`, `tenant_id`, `client_id`, `department`) VALUES ('5f12c533-9929-4bf8-9e8c-3921f9dcf32e', 'df234305-8a47-4b4d-8efb-716a6b695428', '6f247299-e2cf-4f08-9c5e-f6adfd8a794f', 'Cybersecurity');
INSERT INTO `client_division` (`id`, `division_name`, `tenant_id`, `client_id`, `is_active`) VALUES ('9589f42f-8287-4c0c-93e3-d0f1a858dba0', 'R&D', 'df234305-8a47-4b4d-8efb-716a6b695428', '6f247299-e2cf-4f08-9c5e-f6adfd8a794f', 1);
INSERT INTO `client_division` (`id`, `division_name`, `tenant_id`, `client_id`, `is_active`) VALUES ('7727bdac-0748-4055-bf44-b51a4c149b30', 'Core Tech', 'df234305-8a47-4b4d-8efb-716a6b695428', '6f247299-e2cf-4f08-9c5e-f6adfd8a794f', 1);
INSERT INTO `client_division` (`id`, `division_name`, `tenant_id`, `client_id`, `is_active`) VALUES ('589c2007-de3d-4521-a3dd-f92e9d1b6963', 'Engineering', 'df234305-8a47-4b4d-8efb-716a6b695428', '6f247299-e2cf-4f08-9c5e-f6adfd8a794f', 1);
INSERT INTO `client_division` (`id`, `division_name`, `tenant_id`, `client_id`, `is_active`) VALUES ('f7ee30b2-7a07-476e-adaa-eb2db4db1249', 'Innovation Lab', 'df234305-8a47-4b4d-8efb-716a6b695428', '6f247299-e2cf-4f08-9c5e-f6adfd8a794f', 1);
INSERT INTO `client_division` (`id`, `division_name`, `tenant_id`, `client_id`, `is_active`) VALUES ('0d430bb9-75f7-4e3e-9b7a-3aef5b18b15e', 'Product Dev', 'df234305-8a47-4b4d-8efb-716a6b695428', '6f247299-e2cf-4f08-9c5e-f6adfd8a794f', 1);
INSERT INTO `client` (`uuid`, `tenant_id`, `client_name`, `client_code`, `is_active`) VALUES ('68e0bb6b-b6b3-4605-b68c-5b17524fc7bc', 'df234305-8a47-4b4d-8efb-716a6b695428', 'Lambert, Adams and Wright', 1067, 1);
INSERT INTO `department` (`uuid`, `tenant_id`, `client_id`, `department`) VALUES ('98394760-1252-4a97-8aaf-c8b656437e23', 'df234305-8a47-4b4d-8efb-716a6b695428', '68e0bb6b-b6b3-4605-b68c-5b17524fc7bc', 'Civil Systems');
INSERT INTO `department` (`uuid`, `tenant_id`, `client_id`, `department`) VALUES ('cc5039a9-9ebd-4028-ba99-c0ef6177dc07', 'df234305-8a47-4b4d-8efb-716a6b695428', '68e0bb6b-b6b3-4605-b68c-5b17524fc7bc', 'AI Solutions');
INSERT INTO `department` (`uuid`, `tenant_id`, `client_id`, `department`) VALUES ('e701d8f1-ee44-46e8-b32a-7ddd6f1c5c69', 'df234305-8a47-4b4d-8efb-716a6b695428', '68e0bb6b-b6b3-4605-b68c-5b17524fc7bc', 'Aerospace');
INSERT INTO `department` (`uuid`, `tenant_id`, `client_id`, `department`) VALUES ('19c9a1e6-36b0-4bfc-ad9b-e0d7cab163b2', 'df234305-8a47-4b4d-8efb-716a6b695428', '68e0bb6b-b6b3-4605-b68c-5b17524fc7bc', 'Robotics');
INSERT INTO `department` (`uuid`, `tenant_id`, `client_id`, `department`) VALUES ('a2365ad9-a317-4d7c-8326-589fc5bc77bc', 'df234305-8a47-4b4d-8efb-716a6b695428', '68e0bb6b-b6b3-4605-b68c-5b17524fc7bc', 'Cybersecurity');
INSERT INTO `department` (`uuid`, `tenant_id`, `client_id`, `department`) VALUES ('f0aefb07-0052-4387-80b7-f1faf3a4f698', 'df234305-8a47-4b4d-8efb-716a6b695428', '68e0bb6b-b6b3-4605-b68c-5b17524fc7bc', 'Biomedical');
INSERT INTO `client_division` (`id`, `division_name`, `tenant_id`, `client_id`, `is_active`) VALUES ('400f98da-d42c-4485-8e74-5ae1e363b1b5', 'Engineering', 'df234305-8a47-4b4d-8efb-716a6b695428', '68e0bb6b-b6b3-4605-b68c-5b17524fc7bc', 1);
INSERT INTO `client_division` (`id`, `division_name`, `tenant_id`, `client_id`, `is_active`) VALUES ('761f371e-1195-4f90-a517-16c47219a7ce', 'Core Tech', 'df234305-8a47-4b4d-8efb-716a6b695428', '68e0bb6b-b6b3-4605-b68c-5b17524fc7bc', 1);
INSERT INTO `client_division` (`id`, `division_name`, `tenant_id`, `client_id`, `is_active`) VALUES ('4b8bcffc-e525-4636-865c-0231e45db504', 'R&D', 'df234305-8a47-4b4d-8efb-716a6b695428', '68e0bb6b-b6b3-4605-b68c-5b17524fc7bc', 1);
INSERT INTO `client_division` (`id`, `division_name`, `tenant_id`, `client_id`, `is_active`) VALUES ('572e6764-1ce2-4447-8d6a-b4f33d02cfae', 'Product Dev', 'df234305-8a47-4b4d-8efb-716a6b695428', '68e0bb6b-b6b3-4605-b68c-5b17524fc7bc', 1);
INSERT INTO `client_division` (`id`, `division_name`, `tenant_id`, `client_id`, `is_active`) VALUES ('83487009-3513-4904-b5fe-ba8294478d26', 'Innovation Lab', 'df234305-8a47-4b4d-8efb-716a6b695428', '68e0bb6b-b6b3-4605-b68c-5b17524fc7bc', 1);
INSERT INTO `client` (`uuid`, `tenant_id`, `client_name`, `client_code`, `is_active`) VALUES ('b9b6ddf5-bbdb-4372-971d-d0d60dae4358', 'df234305-8a47-4b4d-8efb-716a6b695428', 'Cline-Ford', 1068, 1);
INSERT INTO `department` (`uuid`, `tenant_id`, `client_id`, `department`) VALUES ('6283fba4-d62c-4dab-8d2f-a5023459b1d6', 'df234305-8a47-4b4d-8efb-716a6b695428', 'b9b6ddf5-bbdb-4372-971d-d0d60dae4358', 'Civil Systems');
INSERT INTO `department` (`uuid`, `tenant_id`, `client_id`, `department`) VALUES ('d0ba1d7d-8599-415a-a48f-af77cd7d12af', 'df234305-8a47-4b4d-8efb-716a6b695428', 'b9b6ddf5-bbdb-4372-971d-d0d60dae4358', 'Aerospace');
INSERT INTO `department` (`uuid`, `tenant_id`, `client_id`, `department`) VALUES ('fcffa7ea-8779-4c22-8388-49bcb3ca2b8c', 'df234305-8a47-4b4d-8efb-716a6b695428', 'b9b6ddf5-bbdb-4372-971d-d0d60dae4358', 'Robotics');
INSERT INTO `department` (`uuid`, `tenant_id`, `client_id`, `department`) VALUES ('bdd3b291-f539-491e-a23e-27752df0d47b', 'df234305-8a47-4b4d-8efb-716a6b695428', 'b9b6ddf5-bbdb-4372-971d-d0d60dae4358', 'Cybersecurity');
INSERT INTO `department` (`uuid`, `tenant_id`, `client_id`, `department`) VALUES ('fee6427f-2b36-4f00-9586-0441043c79dd', 'df234305-8a47-4b4d-8efb-716a6b695428', 'b9b6ddf5-bbdb-4372-971d-d0d60dae4358', 'Biomedical');
INSERT INTO `department` (`uuid`, `tenant_id`, `client_id`, `department`) VALUES ('09072c47-d2b7-4f1a-ba87-2814ac669eef', 'df234305-8a47-4b4d-8efb-716a6b695428', 'b9b6ddf5-bbdb-4372-971d-d0d60dae4358', 'AI Solutions');
INSERT INTO `client_division` (`id`, `division_name`, `tenant_id`, `client_id`, `is_active`) VALUES ('c418ede5-6a8b-4299-9280-4808e4029fca', 'R&D', 'df234305-8a47-4b4d-8efb-716a6b695428', 'b9b6ddf5-bbdb-4372-971d-d0d60dae4358', 1);
INSERT INTO `client_division` (`id`, `division_name`, `tenant_id`, `client_id`, `is_active`) VALUES ('9083440c-7004-4f1a-b21f-3d5a8862b1cb', 'Innovation Lab', 'df234305-8a47-4b4d-8efb-716a6b695428', 'b9b6ddf5-bbdb-4372-971d-d0d60dae4358', 1);
INSERT INTO `client_division` (`id`, `division_name`, `tenant_id`, `client_id`, `is_active`) VALUES ('e5212a0b-a020-46d5-a905-0ccb61ff51e4', 'Product Dev', 'df234305-8a47-4b4d-8efb-716a6b695428', 'b9b6ddf5-bbdb-4372-971d-d0d60dae4358', 1);
INSERT INTO `client_division` (`id`, `division_name`, `tenant_id`, `client_id`, `is_active`) VALUES ('61a3634e-1e21-4a43-be51-44d8cd13dc9b', 'Core Tech', 'df234305-8a47-4b4d-8efb-716a6b695428', 'b9b6ddf5-bbdb-4372-971d-d0d60dae4358', 1);
INSERT INTO `client_division` (`id`, `division_name`, `tenant_id`, `client_id`, `is_active`) VALUES ('96546dd2-64ba-45f8-bcf4-fabc017885d9', 'Engineering', 'df234305-8a47-4b4d-8efb-716a6b695428', 'b9b6ddf5-bbdb-4372-971d-d0d60dae4358', 1);
INSERT INTO `client` (`uuid`, `tenant_id`, `client_name`, `client_code`, `is_active`) VALUES ('d404bc3b-d41e-4eb2-bec2-db7cc9a4f33d', 'df234305-8a47-4b4d-8efb-716a6b695428', 'Taylor LLC', 1069, 1);
INSERT INTO `department` (`uuid`, `tenant_id`, `client_id`, `department`) VALUES ('6389a292-1507-4623-a18a-143556deac6f', 'df234305-8a47-4b4d-8efb-716a6b695428', 'd404bc3b-d41e-4eb2-bec2-db7cc9a4f33d', 'Cybersecurity');
INSERT INTO `department` (`uuid`, `tenant_id`, `client_id`, `department`) VALUES ('645ae6c2-9b6b-4268-a155-401fe4af616b', 'df234305-8a47-4b4d-8efb-716a6b695428', 'd404bc3b-d41e-4eb2-bec2-db7cc9a4f33d', 'Aerospace');
INSERT INTO `department` (`uuid`, `tenant_id`, `client_id`, `department`) VALUES ('7e19af1b-88c1-4c86-8846-fc09d76bae7b', 'df234305-8a47-4b4d-8efb-716a6b695428', 'd404bc3b-d41e-4eb2-bec2-db7cc9a4f33d', 'Robotics');
INSERT INTO `department` (`uuid`, `tenant_id`, `client_id`, `department`) VALUES ('d4a5ba25-acfe-476d-85f9-daa12bf10d00', 'df234305-8a47-4b4d-8efb-716a6b695428', 'd404bc3b-d41e-4eb2-bec2-db7cc9a4f33d', 'Biomedical');
INSERT INTO `department` (`uuid`, `tenant_id`, `client_id`, `department`) VALUES ('69f094bc-fc4c-4dc7-aef5-f6922b4ce5fa', 'df234305-8a47-4b4d-8efb-716a6b695428', 'd404bc3b-d41e-4eb2-bec2-db7cc9a4f33d', 'Civil Systems');
INSERT INTO `client_division` (`id`, `division_name`, `tenant_id`, `client_id`, `is_active`) VALUES ('a6d8d56b-8628-4335-aeb3-27314435160d', 'Core Tech', 'df234305-8a47-4b4d-8efb-716a6b695428', 'd404bc3b-d41e-4eb2-bec2-db7cc9a4f33d', 1);
INSERT INTO `client_division` (`id`, `division_name`, `tenant_id`, `client_id`, `is_active`) VALUES ('499e334c-994a-4354-aee1-eab2eb21ac08', 'R&D', 'df234305-8a47-4b4d-8efb-716a6b695428', 'd404bc3b-d41e-4eb2-bec2-db7cc9a4f33d', 1);
INSERT INTO `client_division` (`id`, `division_name`, `tenant_id`, `client_id`, `is_active`) VALUES ('40c91269-9833-47af-8568-9912eb18cb5b', 'Product Dev', 'df234305-8a47-4b4d-8efb-716a6b695428', 'd404bc3b-d41e-4eb2-bec2-db7cc9a4f33d', 1);
INSERT INTO `client_division` (`id`, `division_name`, `tenant_id`, `client_id`, `is_active`) VALUES ('3b2b80a7-de55-45da-91c5-b6c207d35598', 'Innovation Lab', 'df234305-8a47-4b4d-8efb-716a6b695428', 'd404bc3b-d41e-4eb2-bec2-db7cc9a4f33d', 1);
INSERT INTO `client_division` (`id`, `division_name`, `tenant_id`, `client_id`, `is_active`) VALUES ('660b7327-a25e-42d2-bd1c-e0652ed1ba25', 'Engineering', 'df234305-8a47-4b4d-8efb-716a6b695428', 'd404bc3b-d41e-4eb2-bec2-db7cc9a4f33d', 1);
INSERT INTO `client` (`uuid`, `tenant_id`, `client_name`, `client_code`, `is_active`) VALUES ('5079ed54-7d03-4363-a5be-75c3ffebb260', 'df234305-8a47-4b4d-8efb-716a6b695428', 'Fisher-Grimes', 1070, 1);
INSERT INTO `department` (`uuid`, `tenant_id`, `client_id`, `department`) VALUES ('ca35a5bd-273a-4adc-99a0-604d3dc6ad67', 'df234305-8a47-4b4d-8efb-716a6b695428', '5079ed54-7d03-4363-a5be-75c3ffebb260', 'Robotics');
INSERT INTO `department` (`uuid`, `tenant_id`, `client_id`, `department`) VALUES ('7c28f21d-1955-453b-89d5-9964a9352808', 'df234305-8a47-4b4d-8efb-716a6b695428', '5079ed54-7d03-4363-a5be-75c3ffebb260', 'Biomedical');
INSERT INTO `department` (`uuid`, `tenant_id`, `client_id`, `department`) VALUES ('a9600d82-0eb7-4a6e-a1b3-2acec2e55b19', 'df234305-8a47-4b4d-8efb-716a6b695428', '5079ed54-7d03-4363-a5be-75c3ffebb260', 'Civil Systems');
INSERT INTO `department` (`uuid`, `tenant_id`, `client_id`, `department`) VALUES ('1421afdc-4490-4c66-ad9f-f7634177edbc', 'df234305-8a47-4b4d-8efb-716a6b695428', '5079ed54-7d03-4363-a5be-75c3ffebb260', 'AI Solutions');
INSERT INTO `department` (`uuid`, `tenant_id`, `client_id`, `department`) VALUES ('f1efb282-3fd2-4ff9-b15e-dfa5043f0c6d', 'df234305-8a47-4b4d-8efb-716a6b695428', '5079ed54-7d03-4363-a5be-75c3ffebb260', 'Cybersecurity');
INSERT INTO `department` (`uuid`, `tenant_id`, `client_id`, `department`) VALUES ('8ad258ee-6a21-4d7c-b80a-0b35347c8995', 'df234305-8a47-4b4d-8efb-716a6b695428', '5079ed54-7d03-4363-a5be-75c3ffebb260', 'Aerospace');
INSERT INTO `client_division` (`id`, `division_name`, `tenant_id`, `client_id`, `is_active`) VALUES ('957e360f-5f3a-43a9-b95a-1b909cb82c44', 'Core Tech', 'df234305-8a47-4b4d-8efb-716a6b695428', '5079ed54-7d03-4363-a5be-75c3ffebb260', 1);
INSERT INTO `client_division` (`id`, `division_name`, `tenant_id`, `client_id`, `is_active`) VALUES ('7bf65e06-79d4-4e63-9042-aa34bc8f8780', 'R&D', 'df234305-8a47-4b4d-8efb-716a6b695428', '5079ed54-7d03-4363-a5be-75c3ffebb260', 1);
INSERT INTO `client_division` (`id`, `division_name`, `tenant_id`, `client_id`, `is_active`) VALUES ('2a096165-1443-4f48-a5b0-03fb507b223c', 'Product Dev', 'df234305-8a47-4b4d-8efb-716a6b695428', '5079ed54-7d03-4363-a5be-75c3ffebb260', 1);
INSERT INTO `client_division` (`id`, `division_name`, `tenant_id`, `client_id`, `is_active`) VALUES ('43655c5b-feec-4752-bb3a-6d7b5aeb0268', 'Engineering', 'df234305-8a47-4b4d-8efb-716a6b695428', '5079ed54-7d03-4363-a5be-75c3ffebb260', 1);
INSERT INTO `client_division` (`id`, `division_name`, `tenant_id`, `client_id`, `is_active`) VALUES ('2d5727ae-851a-48bb-8188-d00385c479b1', 'Innovation Lab', 'df234305-8a47-4b4d-8efb-716a6b695428', '5079ed54-7d03-4363-a5be-75c3ffebb260', 1);
INSERT INTO `client` (`uuid`, `tenant_id`, `client_name`, `client_code`, `is_active`) VALUES ('fe0a094a-e580-4713-a3a2-7efe01de9246', 'df234305-8a47-4b4d-8efb-716a6b695428', 'Dean-Perkins', 1071, 1);
INSERT INTO `department` (`uuid`, `tenant_id`, `client_id`, `department`) VALUES ('85c0bae7-44b5-4521-958a-91b77d029cfa', 'df234305-8a47-4b4d-8efb-716a6b695428', 'fe0a094a-e580-4713-a3a2-7efe01de9246', 'Biomedical');
INSERT INTO `department` (`uuid`, `tenant_id`, `client_id`, `department`) VALUES ('99aa3e96-b7fa-484e-b0b8-e68c80ffd753', 'df234305-8a47-4b4d-8efb-716a6b695428', 'fe0a094a-e580-4713-a3a2-7efe01de9246', 'Civil Systems');
INSERT INTO `department` (`uuid`, `tenant_id`, `client_id`, `department`) VALUES ('a796c2a3-37c6-4991-9148-4688606328cb', 'df234305-8a47-4b4d-8efb-716a6b695428', 'fe0a094a-e580-4713-a3a2-7efe01de9246', 'Aerospace');
INSERT INTO `department` (`uuid`, `tenant_id`, `client_id`, `department`) VALUES ('f39a9cf3-e1e3-4615-bfda-ba5101d6ed4d', 'df234305-8a47-4b4d-8efb-716a6b695428', 'fe0a094a-e580-4713-a3a2-7efe01de9246', 'AI Solutions');
INSERT INTO `client_division` (`id`, `division_name`, `tenant_id`, `client_id`, `is_active`) VALUES ('092b758a-be09-497a-8f0b-4f70890d76d1', 'Engineering', 'df234305-8a47-4b4d-8efb-716a6b695428', 'fe0a094a-e580-4713-a3a2-7efe01de9246', 1);
INSERT INTO `client_division` (`id`, `division_name`, `tenant_id`, `client_id`, `is_active`) VALUES ('b80bcbc2-e9c1-4cad-a1b3-2a1232203f20', 'Core Tech', 'df234305-8a47-4b4d-8efb-716a6b695428', 'fe0a094a-e580-4713-a3a2-7efe01de9246', 1);
INSERT INTO `client_division` (`id`, `division_name`, `tenant_id`, `client_id`, `is_active`) VALUES ('97477857-8b7e-4ad3-9a33-86d7b89e9c55', 'R&D', 'df234305-8a47-4b4d-8efb-716a6b695428', 'fe0a094a-e580-4713-a3a2-7efe01de9246', 1);
INSERT INTO `client_division` (`id`, `division_name`, `tenant_id`, `client_id`, `is_active`) VALUES ('1bbd7748-12f2-49a6-acb6-9fcacafcb4c1', 'Product Dev', 'df234305-8a47-4b4d-8efb-716a6b695428', 'fe0a094a-e580-4713-a3a2-7efe01de9246', 1);
INSERT INTO `client` (`uuid`, `tenant_id`, `client_name`, `client_code`, `is_active`) VALUES ('060ef347-d658-4971-ad0c-ed920cd08425', 'df234305-8a47-4b4d-8efb-716a6b695428', 'Mueller-Miller', 1072, 1);
INSERT INTO `department` (`uuid`, `tenant_id`, `client_id`, `department`) VALUES ('c39cda66-bfb9-474b-a29f-75eaa17c639f', 'df234305-8a47-4b4d-8efb-716a6b695428', '060ef347-d658-4971-ad0c-ed920cd08425', 'Robotics');
INSERT INTO `department` (`uuid`, `tenant_id`, `client_id`, `department`) VALUES ('1c9b56f3-190c-468a-a729-86bbee66886e', 'df234305-8a47-4b4d-8efb-716a6b695428', '060ef347-d658-4971-ad0c-ed920cd08425', 'Cybersecurity');
INSERT INTO `department` (`uuid`, `tenant_id`, `client_id`, `department`) VALUES ('e36e5ea2-7f1e-484e-809b-0096ce32c200', 'df234305-8a47-4b4d-8efb-716a6b695428', '060ef347-d658-4971-ad0c-ed920cd08425', 'Biomedical');
INSERT INTO `department` (`uuid`, `tenant_id`, `client_id`, `department`) VALUES ('458abe15-1bf1-4395-81ad-713284878f68', 'df234305-8a47-4b4d-8efb-716a6b695428', '060ef347-d658-4971-ad0c-ed920cd08425', 'Aerospace');
INSERT INTO `department` (`uuid`, `tenant_id`, `client_id`, `department`) VALUES ('d207c93b-bb1b-411b-8cae-d2223797283f', 'df234305-8a47-4b4d-8efb-716a6b695428', '060ef347-d658-4971-ad0c-ed920cd08425', 'AI Solutions');
INSERT INTO `department` (`uuid`, `tenant_id`, `client_id`, `department`) VALUES ('dbc7a510-4bb7-4f88-85a3-21ba2f3d7832', 'df234305-8a47-4b4d-8efb-716a6b695428', '060ef347-d658-4971-ad0c-ed920cd08425', 'Civil Systems');
INSERT INTO `client_division` (`id`, `division_name`, `tenant_id`, `client_id`, `is_active`) VALUES ('a1d036d5-9aa1-4fa3-9c00-4fe3bf6f48b6', 'Core Tech', 'df234305-8a47-4b4d-8efb-716a6b695428', '060ef347-d658-4971-ad0c-ed920cd08425', 1);
INSERT INTO `client_division` (`id`, `division_name`, `tenant_id`, `client_id`, `is_active`) VALUES ('ac52cb56-ecf1-4b59-b582-964f61d552de', 'Product Dev', 'df234305-8a47-4b4d-8efb-716a6b695428', '060ef347-d658-4971-ad0c-ed920cd08425', 1);
INSERT INTO `client_division` (`id`, `division_name`, `tenant_id`, `client_id`, `is_active`) VALUES ('bee496e9-835d-490a-992e-0b2044d591b1', 'R&D', 'df234305-8a47-4b4d-8efb-716a6b695428', '060ef347-d658-4971-ad0c-ed920cd08425', 1);
INSERT INTO `client_division` (`id`, `division_name`, `tenant_id`, `client_id`, `is_active`) VALUES ('0d0639e9-4c5e-46d7-9f88-bee8ce7290fb', 'Engineering', 'df234305-8a47-4b4d-8efb-716a6b695428', '060ef347-d658-4971-ad0c-ed920cd08425', 1);
INSERT INTO `client_division` (`id`, `division_name`, `tenant_id`, `client_id`, `is_active`) VALUES ('3629fe68-640c-4c8c-8bdc-4dba420eaa64', 'Innovation Lab', 'df234305-8a47-4b4d-8efb-716a6b695428', '060ef347-d658-4971-ad0c-ed920cd08425', 1);
INSERT INTO `client` (`uuid`, `tenant_id`, `client_name`, `client_code`, `is_active`) VALUES ('8ad1b17a-dee4-404f-acfd-20d1f353fb50', 'df234305-8a47-4b4d-8efb-716a6b695428', 'Smith-Gilbert', 1073, 1);
INSERT INTO `department` (`uuid`, `tenant_id`, `client_id`, `department`) VALUES ('bdcdf0b3-aa7a-408e-a5c3-a5d891093437', 'df234305-8a47-4b4d-8efb-716a6b695428', '8ad1b17a-dee4-404f-acfd-20d1f353fb50', 'AI Solutions');
INSERT INTO `department` (`uuid`, `tenant_id`, `client_id`, `department`) VALUES ('6c24a28f-dc2a-4f0d-8618-86ea60d50e96', 'df234305-8a47-4b4d-8efb-716a6b695428', '8ad1b17a-dee4-404f-acfd-20d1f353fb50', 'Civil Systems');
INSERT INTO `department` (`uuid`, `tenant_id`, `client_id`, `department`) VALUES ('c10a0882-a848-49e0-b207-1412a62e4439', 'df234305-8a47-4b4d-8efb-716a6b695428', '8ad1b17a-dee4-404f-acfd-20d1f353fb50', 'Aerospace');
INSERT INTO `department` (`uuid`, `tenant_id`, `client_id`, `department`) VALUES ('987c481b-5373-4ba9-9c89-73bcd94ce26c', 'df234305-8a47-4b4d-8efb-716a6b695428', '8ad1b17a-dee4-404f-acfd-20d1f353fb50', 'Biomedical');
INSERT INTO `department` (`uuid`, `tenant_id`, `client_id`, `department`) VALUES ('becd78bc-9d84-459f-a497-da6ba96a6ee2', 'df234305-8a47-4b4d-8efb-716a6b695428', '8ad1b17a-dee4-404f-acfd-20d1f353fb50', 'Cybersecurity');
INSERT INTO `department` (`uuid`, `tenant_id`, `client_id`, `department`) VALUES ('2f2d625d-2264-4748-aeec-78b0f712ea29', 'df234305-8a47-4b4d-8efb-716a6b695428', '8ad1b17a-dee4-404f-acfd-20d1f353fb50', 'Robotics');
INSERT INTO `client_division` (`id`, `division_name`, `tenant_id`, `client_id`, `is_active`) VALUES ('ebcb69bf-0d71-48a3-99f4-affc1b2cba11', 'Product Dev', 'df234305-8a47-4b4d-8efb-716a6b695428', '8ad1b17a-dee4-404f-acfd-20d1f353fb50', 1);
INSERT INTO `client_division` (`id`, `division_name`, `tenant_id`, `client_id`, `is_active`) VALUES ('62d2144f-eafa-40f1-a06a-13da97fb5d81', 'R&D', 'df234305-8a47-4b4d-8efb-716a6b695428', '8ad1b17a-dee4-404f-acfd-20d1f353fb50', 1);
INSERT INTO `client_division` (`id`, `division_name`, `tenant_id`, `client_id`, `is_active`) VALUES ('6c87c857-66c8-4ad8-9ac0-e37e5f5f0a19', 'Innovation Lab', 'df234305-8a47-4b4d-8efb-716a6b695428', '8ad1b17a-dee4-404f-acfd-20d1f353fb50', 1);
INSERT INTO `client_division` (`id`, `division_name`, `tenant_id`, `client_id`, `is_active`) VALUES ('f81974a3-85d1-42ea-a19e-fa03ca23a6c9', 'Engineering', 'df234305-8a47-4b4d-8efb-716a6b695428', '8ad1b17a-dee4-404f-acfd-20d1f353fb50', 1);
INSERT INTO `client_division` (`id`, `division_name`, `tenant_id`, `client_id`, `is_active`) VALUES ('ec0c047d-023a-432d-bd66-01de7d00ae6c', 'Core Tech', 'df234305-8a47-4b4d-8efb-716a6b695428', '8ad1b17a-dee4-404f-acfd-20d1f353fb50', 1);
INSERT INTO `client` (`uuid`, `tenant_id`, `client_name`, `client_code`, `is_active`) VALUES ('6f6bf2bd-daff-4e37-807c-0afc50593ec5', 'df234305-8a47-4b4d-8efb-716a6b695428', 'Ryan, Sanford and Johnson', 1074, 1);
INSERT INTO `department` (`uuid`, `tenant_id`, `client_id`, `department`) VALUES ('292eef27-144d-4105-9b05-6e0bf5889cad', 'df234305-8a47-4b4d-8efb-716a6b695428', '6f6bf2bd-daff-4e37-807c-0afc50593ec5', 'Civil Systems');
INSERT INTO `department` (`uuid`, `tenant_id`, `client_id`, `department`) VALUES ('e033e66c-1990-4dd0-a926-e0f40f3012b0', 'df234305-8a47-4b4d-8efb-716a6b695428', '6f6bf2bd-daff-4e37-807c-0afc50593ec5', 'Aerospace');
INSERT INTO `department` (`uuid`, `tenant_id`, `client_id`, `department`) VALUES ('3ac340b3-b9c8-4bdc-8637-d9fc4e0961f1', 'df234305-8a47-4b4d-8efb-716a6b695428', '6f6bf2bd-daff-4e37-807c-0afc50593ec5', 'AI Solutions');
INSERT INTO `department` (`uuid`, `tenant_id`, `client_id`, `department`) VALUES ('5f6c540d-21fd-4777-bcc2-ed908a3379f9', 'df234305-8a47-4b4d-8efb-716a6b695428', '6f6bf2bd-daff-4e37-807c-0afc50593ec5', 'Robotics');
INSERT INTO `department` (`uuid`, `tenant_id`, `client_id`, `department`) VALUES ('bbaac5d8-4153-41fd-ac9d-2b7edaa58780', 'df234305-8a47-4b4d-8efb-716a6b695428', '6f6bf2bd-daff-4e37-807c-0afc50593ec5', 'Cybersecurity');
INSERT INTO `department` (`uuid`, `tenant_id`, `client_id`, `department`) VALUES ('03fcb2e5-9e21-49d0-8839-ad381378fe65', 'df234305-8a47-4b4d-8efb-716a6b695428', '6f6bf2bd-daff-4e37-807c-0afc50593ec5', 'Biomedical');
INSERT INTO `client_division` (`id`, `division_name`, `tenant_id`, `client_id`, `is_active`) VALUES ('ff8f7133-26ce-42f9-9093-c78c70a1b583', 'R&D', 'df234305-8a47-4b4d-8efb-716a6b695428', '6f6bf2bd-daff-4e37-807c-0afc50593ec5', 1);
INSERT INTO `client_division` (`id`, `division_name`, `tenant_id`, `client_id`, `is_active`) VALUES ('ff49d3af-bf72-4811-b3f1-bb1de66f2a97', 'Core Tech', 'df234305-8a47-4b4d-8efb-716a6b695428', '6f6bf2bd-daff-4e37-807c-0afc50593ec5', 1);
INSERT INTO `client_division` (`id`, `division_name`, `tenant_id`, `client_id`, `is_active`) VALUES ('b3412673-681b-4bb4-b153-faaf0021a9a5', 'Engineering', 'df234305-8a47-4b4d-8efb-716a6b695428', '6f6bf2bd-daff-4e37-807c-0afc50593ec5', 1);
INSERT INTO `client_division` (`id`, `division_name`, `tenant_id`, `client_id`, `is_active`) VALUES ('52e31fe8-ea79-449e-98c0-90c5fd971025', 'Product Dev', 'df234305-8a47-4b4d-8efb-716a6b695428', '6f6bf2bd-daff-4e37-807c-0afc50593ec5', 1);
INSERT INTO `client_division` (`id`, `division_name`, `tenant_id`, `client_id`, `is_active`) VALUES ('40291ac1-e08d-4a55-b7e9-4c82df7ea6d5', 'Innovation Lab', 'df234305-8a47-4b4d-8efb-716a6b695428', '6f6bf2bd-daff-4e37-807c-0afc50593ec5', 1);
INSERT INTO `client` (`uuid`, `tenant_id`, `client_name`, `client_code`, `is_active`) VALUES ('6a8f7ede-db57-4291-82ce-86117c9b7fa7', 'df234305-8a47-4b4d-8efb-716a6b695428', 'Terry, Murphy and Torres', 1075, 1);
INSERT INTO `department` (`uuid`, `tenant_id`, `client_id`, `department`) VALUES ('65136779-10f1-4b97-8950-918ff3466f8c', 'df234305-8a47-4b4d-8efb-716a6b695428', '6a8f7ede-db57-4291-82ce-86117c9b7fa7', 'Aerospace');
INSERT INTO `department` (`uuid`, `tenant_id`, `client_id`, `department`) VALUES ('9ef690c1-8a2b-4af8-a697-ab19d90cf579', 'df234305-8a47-4b4d-8efb-716a6b695428', '6a8f7ede-db57-4291-82ce-86117c9b7fa7', 'AI Solutions');
INSERT INTO `department` (`uuid`, `tenant_id`, `client_id`, `department`) VALUES ('4abedeca-8280-43ae-86c7-4d6503fd2cfe', 'df234305-8a47-4b4d-8efb-716a6b695428', '6a8f7ede-db57-4291-82ce-86117c9b7fa7', 'Biomedical');
INSERT INTO `department` (`uuid`, `tenant_id`, `client_id`, `department`) VALUES ('5afff891-9efd-404e-a9bd-937514f3071c', 'df234305-8a47-4b4d-8efb-716a6b695428', '6a8f7ede-db57-4291-82ce-86117c9b7fa7', 'Civil Systems');
INSERT INTO `department` (`uuid`, `tenant_id`, `client_id`, `department`) VALUES ('2599bbc2-b3fc-4506-89a7-f80d25527318', 'df234305-8a47-4b4d-8efb-716a6b695428', '6a8f7ede-db57-4291-82ce-86117c9b7fa7', 'Cybersecurity');
INSERT INTO `department` (`uuid`, `tenant_id`, `client_id`, `department`) VALUES ('f71399f4-4259-46d3-90c6-3ec9b2071e76', 'df234305-8a47-4b4d-8efb-716a6b695428', '6a8f7ede-db57-4291-82ce-86117c9b7fa7', 'Robotics');
INSERT INTO `client_division` (`id`, `division_name`, `tenant_id`, `client_id`, `is_active`) VALUES ('39b24122-e9de-4cc4-8909-f2a0bd3dd5ff', 'R&D', 'df234305-8a47-4b4d-8efb-716a6b695428', '6a8f7ede-db57-4291-82ce-86117c9b7fa7', 1);
INSERT INTO `client_division` (`id`, `division_name`, `tenant_id`, `client_id`, `is_active`) VALUES ('05ee8646-0018-4ba8-8aeb-50a4cc187f1f', 'Core Tech', 'df234305-8a47-4b4d-8efb-716a6b695428', '6a8f7ede-db57-4291-82ce-86117c9b7fa7', 1);
INSERT INTO `client_division` (`id`, `division_name`, `tenant_id`, `client_id`, `is_active`) VALUES ('362892b3-cc74-4b0b-a5ee-7abdd79aa8f8', 'Engineering', 'df234305-8a47-4b4d-8efb-716a6b695428', '6a8f7ede-db57-4291-82ce-86117c9b7fa7', 1);
INSERT INTO `client_division` (`id`, `division_name`, `tenant_id`, `client_id`, `is_active`) VALUES ('910ccb4b-839c-48ec-8ae4-ec737ea7f648', 'Innovation Lab', 'df234305-8a47-4b4d-8efb-716a6b695428', '6a8f7ede-db57-4291-82ce-86117c9b7fa7', 1);
INSERT INTO `client_division` (`id`, `division_name`, `tenant_id`, `client_id`, `is_active`) VALUES ('4a504d60-6688-4b0d-af7d-bc3d1eb0e453', 'Product Dev', 'df234305-8a47-4b4d-8efb-716a6b695428', '6a8f7ede-db57-4291-82ce-86117c9b7fa7', 1);
INSERT INTO `client` (`uuid`, `tenant_id`, `client_name`, `client_code`, `is_active`) VALUES ('a9a00564-bf5e-4291-96f0-8bb604fc5683', 'df234305-8a47-4b4d-8efb-716a6b695428', 'Lawson Inc', 1076, 1);
INSERT INTO `department` (`uuid`, `tenant_id`, `client_id`, `department`) VALUES ('f075b53f-1bc2-48f0-9c27-6b1c76956b03', 'df234305-8a47-4b4d-8efb-716a6b695428', 'a9a00564-bf5e-4291-96f0-8bb604fc5683', 'Aerospace');
INSERT INTO `department` (`uuid`, `tenant_id`, `client_id`, `department`) VALUES ('4417398f-ac44-464d-9bed-05ffa0bae732', 'df234305-8a47-4b4d-8efb-716a6b695428', 'a9a00564-bf5e-4291-96f0-8bb604fc5683', 'Biomedical');
INSERT INTO `department` (`uuid`, `tenant_id`, `client_id`, `department`) VALUES ('bfa791fd-237e-4115-8f04-bbaca16e0db9', 'df234305-8a47-4b4d-8efb-716a6b695428', 'a9a00564-bf5e-4291-96f0-8bb604fc5683', 'Robotics');
INSERT INTO `department` (`uuid`, `tenant_id`, `client_id`, `department`) VALUES ('68ac0ebc-bbcd-4e53-89a8-ac7abda45cc2', 'df234305-8a47-4b4d-8efb-716a6b695428', 'a9a00564-bf5e-4291-96f0-8bb604fc5683', 'AI Solutions');
INSERT INTO `department` (`uuid`, `tenant_id`, `client_id`, `department`) VALUES ('bcbd36ad-c941-458d-8eec-1a7f9664f71a', 'df234305-8a47-4b4d-8efb-716a6b695428', 'a9a00564-bf5e-4291-96f0-8bb604fc5683', 'Civil Systems');
INSERT INTO `department` (`uuid`, `tenant_id`, `client_id`, `department`) VALUES ('713026d3-3458-4aba-aa48-bd95f5c4cd09', 'df234305-8a47-4b4d-8efb-716a6b695428', 'a9a00564-bf5e-4291-96f0-8bb604fc5683', 'Cybersecurity');
INSERT INTO `client_division` (`id`, `division_name`, `tenant_id`, `client_id`, `is_active`) VALUES ('5f5593d7-2df3-4488-96eb-621cea47fc86', 'Engineering', 'df234305-8a47-4b4d-8efb-716a6b695428', 'a9a00564-bf5e-4291-96f0-8bb604fc5683', 1);
INSERT INTO `client_division` (`id`, `division_name`, `tenant_id`, `client_id`, `is_active`) VALUES ('d69372ea-34e2-406c-8ae8-105e6367a861', 'R&D', 'df234305-8a47-4b4d-8efb-716a6b695428', 'a9a00564-bf5e-4291-96f0-8bb604fc5683', 1);
INSERT INTO `client_division` (`id`, `division_name`, `tenant_id`, `client_id`, `is_active`) VALUES ('a8b7b149-c076-4a76-93d4-bbe6b3e08566', 'Core Tech', 'df234305-8a47-4b4d-8efb-716a6b695428', 'a9a00564-bf5e-4291-96f0-8bb604fc5683', 1);
INSERT INTO `client_division` (`id`, `division_name`, `tenant_id`, `client_id`, `is_active`) VALUES ('a4f35543-adf2-4229-b2e6-6795159af58f', 'Innovation Lab', 'df234305-8a47-4b4d-8efb-716a6b695428', 'a9a00564-bf5e-4291-96f0-8bb604fc5683', 1);
INSERT INTO `client_division` (`id`, `division_name`, `tenant_id`, `client_id`, `is_active`) VALUES ('6d6f77b7-39ed-4e7c-a086-3eb21c39ea60', 'Product Dev', 'df234305-8a47-4b4d-8efb-716a6b695428', 'a9a00564-bf5e-4291-96f0-8bb604fc5683', 1);
INSERT INTO `client` (`uuid`, `tenant_id`, `client_name`, `client_code`, `is_active`) VALUES ('9e7df226-5b26-44ec-9c98-7dd23cb456b5', 'df234305-8a47-4b4d-8efb-716a6b695428', 'Hill, Michael and Deleon', 1077, 1);
INSERT INTO `department` (`uuid`, `tenant_id`, `client_id`, `department`) VALUES ('f13379a7-668d-4741-91b6-f74ae9d1f986', 'df234305-8a47-4b4d-8efb-716a6b695428', '9e7df226-5b26-44ec-9c98-7dd23cb456b5', 'Cybersecurity');
INSERT INTO `department` (`uuid`, `tenant_id`, `client_id`, `department`) VALUES ('21250867-2dfb-4ce9-8402-949bb644540c', 'df234305-8a47-4b4d-8efb-716a6b695428', '9e7df226-5b26-44ec-9c98-7dd23cb456b5', 'AI Solutions');
INSERT INTO `department` (`uuid`, `tenant_id`, `client_id`, `department`) VALUES ('89dab6cd-93d7-4159-9241-5e9698699bca', 'df234305-8a47-4b4d-8efb-716a6b695428', '9e7df226-5b26-44ec-9c98-7dd23cb456b5', 'Robotics');
INSERT INTO `department` (`uuid`, `tenant_id`, `client_id`, `department`) VALUES ('ea3e5e6f-13d3-4f12-8a67-1b3312194878', 'df234305-8a47-4b4d-8efb-716a6b695428', '9e7df226-5b26-44ec-9c98-7dd23cb456b5', 'Biomedical');
INSERT INTO `department` (`uuid`, `tenant_id`, `client_id`, `department`) VALUES ('ea0cb05d-db91-41c5-bb45-68acdf6f48fc', 'df234305-8a47-4b4d-8efb-716a6b695428', '9e7df226-5b26-44ec-9c98-7dd23cb456b5', 'Aerospace');
INSERT INTO `client_division` (`id`, `division_name`, `tenant_id`, `client_id`, `is_active`) VALUES ('a48a1f1f-2854-48e7-83ec-23773ab723d1', 'Core Tech', 'df234305-8a47-4b4d-8efb-716a6b695428', '9e7df226-5b26-44ec-9c98-7dd23cb456b5', 1);
INSERT INTO `client_division` (`id`, `division_name`, `tenant_id`, `client_id`, `is_active`) VALUES ('76811b98-d357-4849-90cf-5cbef2229bd0', 'Product Dev', 'df234305-8a47-4b4d-8efb-716a6b695428', '9e7df226-5b26-44ec-9c98-7dd23cb456b5', 1);
INSERT INTO `client_division` (`id`, `division_name`, `tenant_id`, `client_id`, `is_active`) VALUES ('b32eb73e-df5b-466e-bc49-750ce348e4a2', 'R&D', 'df234305-8a47-4b4d-8efb-716a6b695428', '9e7df226-5b26-44ec-9c98-7dd23cb456b5', 1);
INSERT INTO `client_division` (`id`, `division_name`, `tenant_id`, `client_id`, `is_active`) VALUES ('197d501b-7b87-478b-95fd-6e3b44a3ada6', 'Innovation Lab', 'df234305-8a47-4b4d-8efb-716a6b695428', '9e7df226-5b26-44ec-9c98-7dd23cb456b5', 1);
INSERT INTO `client_division` (`id`, `division_name`, `tenant_id`, `client_id`, `is_active`) VALUES ('5ea2ba8a-6e8c-45c5-95fd-ce96c7c051fe', 'Engineering', 'df234305-8a47-4b4d-8efb-716a6b695428', '9e7df226-5b26-44ec-9c98-7dd23cb456b5', 1);
INSERT INTO `client` (`uuid`, `tenant_id`, `client_name`, `client_code`, `is_active`) VALUES ('52f2c78d-c880-4491-8302-a60aad52af9c', 'df234305-8a47-4b4d-8efb-716a6b695428', 'Peters-Cohen', 1078, 1);
INSERT INTO `department` (`uuid`, `tenant_id`, `client_id`, `department`) VALUES ('e13fa84b-2e2d-4396-931a-845a512b5972', 'df234305-8a47-4b4d-8efb-716a6b695428', '52f2c78d-c880-4491-8302-a60aad52af9c', 'AI Solutions');
INSERT INTO `department` (`uuid`, `tenant_id`, `client_id`, `department`) VALUES ('72257cc5-e36f-4742-a568-0b3e525b091f', 'df234305-8a47-4b4d-8efb-716a6b695428', '52f2c78d-c880-4491-8302-a60aad52af9c', 'Aerospace');
INSERT INTO `department` (`uuid`, `tenant_id`, `client_id`, `department`) VALUES ('62fa8fc4-7f55-487c-9946-d58c1646103d', 'df234305-8a47-4b4d-8efb-716a6b695428', '52f2c78d-c880-4491-8302-a60aad52af9c', 'Civil Systems');
INSERT INTO `department` (`uuid`, `tenant_id`, `client_id`, `department`) VALUES ('1315ac76-9d0e-4b7a-919c-be853b2e7b44', 'df234305-8a47-4b4d-8efb-716a6b695428', '52f2c78d-c880-4491-8302-a60aad52af9c', 'Robotics');
INSERT INTO `department` (`uuid`, `tenant_id`, `client_id`, `department`) VALUES ('0f525caf-e10a-47fa-96ca-1ac1f4a14d2b', 'df234305-8a47-4b4d-8efb-716a6b695428', '52f2c78d-c880-4491-8302-a60aad52af9c', 'Cybersecurity');
INSERT INTO `department` (`uuid`, `tenant_id`, `client_id`, `department`) VALUES ('18763624-b373-4e80-b85a-930acc7e9386', 'df234305-8a47-4b4d-8efb-716a6b695428', '52f2c78d-c880-4491-8302-a60aad52af9c', 'Biomedical');
INSERT INTO `client_division` (`id`, `division_name`, `tenant_id`, `client_id`, `is_active`) VALUES ('d1a386d5-9f66-429b-92d8-97f625de66e6', 'Engineering', 'df234305-8a47-4b4d-8efb-716a6b695428', '52f2c78d-c880-4491-8302-a60aad52af9c', 1);
INSERT INTO `client_division` (`id`, `division_name`, `tenant_id`, `client_id`, `is_active`) VALUES ('92b7c977-3ed9-447d-a660-fb096ec36bd4', 'Innovation Lab', 'df234305-8a47-4b4d-8efb-716a6b695428', '52f2c78d-c880-4491-8302-a60aad52af9c', 1);
INSERT INTO `client_division` (`id`, `division_name`, `tenant_id`, `client_id`, `is_active`) VALUES ('7460d30c-f7fe-4647-9c7d-84ad02020fda', 'R&D', 'df234305-8a47-4b4d-8efb-716a6b695428', '52f2c78d-c880-4491-8302-a60aad52af9c', 1);
INSERT INTO `client_division` (`id`, `division_name`, `tenant_id`, `client_id`, `is_active`) VALUES ('a2280018-a57b-4ca1-a2ef-7324b6f29e80', 'Core Tech', 'df234305-8a47-4b4d-8efb-716a6b695428', '52f2c78d-c880-4491-8302-a60aad52af9c', 1);
INSERT INTO `client_division` (`id`, `division_name`, `tenant_id`, `client_id`, `is_active`) VALUES ('a0953902-3170-4f22-8352-5aa5704993c7', 'Product Dev', 'df234305-8a47-4b4d-8efb-716a6b695428', '52f2c78d-c880-4491-8302-a60aad52af9c', 1);
INSERT INTO `client` (`uuid`, `tenant_id`, `client_name`, `client_code`, `is_active`) VALUES ('48796ba3-691a-4753-89e1-f19054711a41', 'df234305-8a47-4b4d-8efb-716a6b695428', 'Ellis, Hodge and Terry', 1079, 1);
INSERT INTO `department` (`uuid`, `tenant_id`, `client_id`, `department`) VALUES ('4c65ff3b-2b29-422a-9793-8a9c114808b2', 'df234305-8a47-4b4d-8efb-716a6b695428', '48796ba3-691a-4753-89e1-f19054711a41', 'Aerospace');
INSERT INTO `department` (`uuid`, `tenant_id`, `client_id`, `department`) VALUES ('7e241d5b-34cc-4bd7-9e4d-52c30ecddf38', 'df234305-8a47-4b4d-8efb-716a6b695428', '48796ba3-691a-4753-89e1-f19054711a41', 'Civil Systems');
INSERT INTO `department` (`uuid`, `tenant_id`, `client_id`, `department`) VALUES ('454b848b-0fd2-4511-96f0-705accb95647', 'df234305-8a47-4b4d-8efb-716a6b695428', '48796ba3-691a-4753-89e1-f19054711a41', 'Cybersecurity');
INSERT INTO `department` (`uuid`, `tenant_id`, `client_id`, `department`) VALUES ('fa5af1a3-d427-440f-98c8-f99204d5b6a3', 'df234305-8a47-4b4d-8efb-716a6b695428', '48796ba3-691a-4753-89e1-f19054711a41', 'Biomedical');
INSERT INTO `department` (`uuid`, `tenant_id`, `client_id`, `department`) VALUES ('1327e7a6-cd60-42fd-9b42-cffbe4f41149', 'df234305-8a47-4b4d-8efb-716a6b695428', '48796ba3-691a-4753-89e1-f19054711a41', 'AI Solutions');
INSERT INTO `department` (`uuid`, `tenant_id`, `client_id`, `department`) VALUES ('1d622e7d-483a-44fa-ad27-4850a79a8a6a', 'df234305-8a47-4b4d-8efb-716a6b695428', '48796ba3-691a-4753-89e1-f19054711a41', 'Robotics');
INSERT INTO `client_division` (`id`, `division_name`, `tenant_id`, `client_id`, `is_active`) VALUES ('19154c02-7117-472a-bae5-3ef27c7909eb', 'R&D', 'df234305-8a47-4b4d-8efb-716a6b695428', '48796ba3-691a-4753-89e1-f19054711a41', 1);
INSERT INTO `client_division` (`id`, `division_name`, `tenant_id`, `client_id`, `is_active`) VALUES ('f6044dca-a91a-4a48-be81-c05a926b2d7e', 'Product Dev', 'df234305-8a47-4b4d-8efb-716a6b695428', '48796ba3-691a-4753-89e1-f19054711a41', 1);
INSERT INTO `client_division` (`id`, `division_name`, `tenant_id`, `client_id`, `is_active`) VALUES ('ee31bb24-6d3a-4225-a515-f2ee2ed8bbf8', 'Core Tech', 'df234305-8a47-4b4d-8efb-716a6b695428', '48796ba3-691a-4753-89e1-f19054711a41', 1);
INSERT INTO `client_division` (`id`, `division_name`, `tenant_id`, `client_id`, `is_active`) VALUES ('46eef845-81c0-499c-b52c-0f606fbdbd34', 'Innovation Lab', 'df234305-8a47-4b4d-8efb-716a6b695428', '48796ba3-691a-4753-89e1-f19054711a41', 1);
INSERT INTO `client_division` (`id`, `division_name`, `tenant_id`, `client_id`, `is_active`) VALUES ('be89fb53-c9ba-49d3-9e64-23d681c5a4e3', 'Engineering', 'df234305-8a47-4b4d-8efb-716a6b695428', '48796ba3-691a-4753-89e1-f19054711a41', 1);
INSERT INTO `client` (`uuid`, `tenant_id`, `client_name`, `client_code`, `is_active`) VALUES ('be2b902b-680e-48e4-ac4b-b83a4294d3e8', 'df234305-8a47-4b4d-8efb-716a6b695428', 'Brown, Rasmussen and Santiago', 1080, 1);
INSERT INTO `department` (`uuid`, `tenant_id`, `client_id`, `department`) VALUES ('6f1511b3-4f49-47d1-a812-d5cf805dfa40', 'df234305-8a47-4b4d-8efb-716a6b695428', 'be2b902b-680e-48e4-ac4b-b83a4294d3e8', 'Robotics');
INSERT INTO `department` (`uuid`, `tenant_id`, `client_id`, `department`) VALUES ('c09bf9ef-a7e1-4afe-93a2-d60acfb94cef', 'df234305-8a47-4b4d-8efb-716a6b695428', 'be2b902b-680e-48e4-ac4b-b83a4294d3e8', 'Civil Systems');
INSERT INTO `department` (`uuid`, `tenant_id`, `client_id`, `department`) VALUES ('5ee7b69b-cd30-4141-948e-5088ad3529d9', 'df234305-8a47-4b4d-8efb-716a6b695428', 'be2b902b-680e-48e4-ac4b-b83a4294d3e8', 'Biomedical');
INSERT INTO `department` (`uuid`, `tenant_id`, `client_id`, `department`) VALUES ('a3317ce5-3490-4fe2-bfbf-8ab494e72d5e', 'df234305-8a47-4b4d-8efb-716a6b695428', 'be2b902b-680e-48e4-ac4b-b83a4294d3e8', 'Aerospace');
INSERT INTO `department` (`uuid`, `tenant_id`, `client_id`, `department`) VALUES ('c9945ad7-a231-47c7-bccd-a87b7bff79f4', 'df234305-8a47-4b4d-8efb-716a6b695428', 'be2b902b-680e-48e4-ac4b-b83a4294d3e8', 'AI Solutions');
INSERT INTO `department` (`uuid`, `tenant_id`, `client_id`, `department`) VALUES ('058c1c53-8a23-4db5-a2ec-45ac61c32846', 'df234305-8a47-4b4d-8efb-716a6b695428', 'be2b902b-680e-48e4-ac4b-b83a4294d3e8', 'Cybersecurity');
INSERT INTO `client_division` (`id`, `division_name`, `tenant_id`, `client_id`, `is_active`) VALUES ('fd9da5f5-5bb1-45db-a9e3-fdb41bee9c57', 'Engineering', 'df234305-8a47-4b4d-8efb-716a6b695428', 'be2b902b-680e-48e4-ac4b-b83a4294d3e8', 1);
INSERT INTO `client_division` (`id`, `division_name`, `tenant_id`, `client_id`, `is_active`) VALUES ('92419a12-1683-4bd6-82a2-4223a8bd218a', 'R&D', 'df234305-8a47-4b4d-8efb-716a6b695428', 'be2b902b-680e-48e4-ac4b-b83a4294d3e8', 1);
INSERT INTO `client_division` (`id`, `division_name`, `tenant_id`, `client_id`, `is_active`) VALUES ('e4660f80-368c-48a8-baf0-ec8f507d52b5', 'Product Dev', 'df234305-8a47-4b4d-8efb-716a6b695428', 'be2b902b-680e-48e4-ac4b-b83a4294d3e8', 1);
INSERT INTO `client_division` (`id`, `division_name`, `tenant_id`, `client_id`, `is_active`) VALUES ('dec4bb66-fa1f-4761-aa9d-14dcbc184d4e', 'Core Tech', 'df234305-8a47-4b4d-8efb-716a6b695428', 'be2b902b-680e-48e4-ac4b-b83a4294d3e8', 1);
INSERT INTO `client_division` (`id`, `division_name`, `tenant_id`, `client_id`, `is_active`) VALUES ('4b41da47-d86b-444f-aed1-072a7718ccca', 'Innovation Lab', 'df234305-8a47-4b4d-8efb-716a6b695428', 'be2b902b-680e-48e4-ac4b-b83a4294d3e8', 1);
INSERT INTO `client` (`uuid`, `tenant_id`, `client_name`, `client_code`, `is_active`) VALUES ('1120b2c1-e269-4750-bdd2-ab2512ccc166', 'df234305-8a47-4b4d-8efb-716a6b695428', 'Tucker, Pollard and Sweeney', 1081, 1);
INSERT INTO `department` (`uuid`, `tenant_id`, `client_id`, `department`) VALUES ('ced780d8-9c3c-487f-aedd-3ac527b1b848', 'df234305-8a47-4b4d-8efb-716a6b695428', '1120b2c1-e269-4750-bdd2-ab2512ccc166', 'Civil Systems');
INSERT INTO `department` (`uuid`, `tenant_id`, `client_id`, `department`) VALUES ('009e246b-915a-40c8-ac9d-126e3e2f898f', 'df234305-8a47-4b4d-8efb-716a6b695428', '1120b2c1-e269-4750-bdd2-ab2512ccc166', 'AI Solutions');
INSERT INTO `department` (`uuid`, `tenant_id`, `client_id`, `department`) VALUES ('934cc102-5dc6-47e0-ab04-cafef3a42129', 'df234305-8a47-4b4d-8efb-716a6b695428', '1120b2c1-e269-4750-bdd2-ab2512ccc166', 'Cybersecurity');
INSERT INTO `department` (`uuid`, `tenant_id`, `client_id`, `department`) VALUES ('fb84e946-f130-4353-b5c9-a19a2dca37cc', 'df234305-8a47-4b4d-8efb-716a6b695428', '1120b2c1-e269-4750-bdd2-ab2512ccc166', 'Robotics');
INSERT INTO `department` (`uuid`, `tenant_id`, `client_id`, `department`) VALUES ('dab61483-a70b-49ce-90d1-0ff63fcca024', 'df234305-8a47-4b4d-8efb-716a6b695428', '1120b2c1-e269-4750-bdd2-ab2512ccc166', 'Biomedical');
INSERT INTO `client_division` (`id`, `division_name`, `tenant_id`, `client_id`, `is_active`) VALUES ('f0a8af20-fe00-4866-ba04-2ca3dcdea386', 'Engineering', 'df234305-8a47-4b4d-8efb-716a6b695428', '1120b2c1-e269-4750-bdd2-ab2512ccc166', 1);
INSERT INTO `client_division` (`id`, `division_name`, `tenant_id`, `client_id`, `is_active`) VALUES ('05d787f2-99e3-49ef-833e-dd71509751e9', 'Core Tech', 'df234305-8a47-4b4d-8efb-716a6b695428', '1120b2c1-e269-4750-bdd2-ab2512ccc166', 1);
INSERT INTO `client_division` (`id`, `division_name`, `tenant_id`, `client_id`, `is_active`) VALUES ('22878a86-ff0b-4d68-be84-f1e0c8c11e93', 'R&D', 'df234305-8a47-4b4d-8efb-716a6b695428', '1120b2c1-e269-4750-bdd2-ab2512ccc166', 1);
INSERT INTO `client_division` (`id`, `division_name`, `tenant_id`, `client_id`, `is_active`) VALUES ('96f44930-fd1d-4ae7-a1f9-382cf5f53d32', 'Innovation Lab', 'df234305-8a47-4b4d-8efb-716a6b695428', '1120b2c1-e269-4750-bdd2-ab2512ccc166', 1);
INSERT INTO `client_division` (`id`, `division_name`, `tenant_id`, `client_id`, `is_active`) VALUES ('ed880546-3823-4c87-8477-f27f30ccf6c2', 'Product Dev', 'df234305-8a47-4b4d-8efb-716a6b695428', '1120b2c1-e269-4750-bdd2-ab2512ccc166', 1);
INSERT INTO `client` (`uuid`, `tenant_id`, `client_name`, `client_code`, `is_active`) VALUES ('e651ac0c-424a-48d2-9e5d-e568b9a4b725', 'df234305-8a47-4b4d-8efb-716a6b695428', 'Patel-Hopkins', 1082, 1);
INSERT INTO `department` (`uuid`, `tenant_id`, `client_id`, `department`) VALUES ('f41f5164-e826-44de-9ba7-21c489e59ca8', 'df234305-8a47-4b4d-8efb-716a6b695428', 'e651ac0c-424a-48d2-9e5d-e568b9a4b725', 'AI Solutions');
INSERT INTO `department` (`uuid`, `tenant_id`, `client_id`, `department`) VALUES ('ab984a29-6492-4ff2-aab6-c62ead924137', 'df234305-8a47-4b4d-8efb-716a6b695428', 'e651ac0c-424a-48d2-9e5d-e568b9a4b725', 'Biomedical');
INSERT INTO `department` (`uuid`, `tenant_id`, `client_id`, `department`) VALUES ('a51cd198-d4e4-4242-a6ef-4c2c493ea970', 'df234305-8a47-4b4d-8efb-716a6b695428', 'e651ac0c-424a-48d2-9e5d-e568b9a4b725', 'Civil Systems');
INSERT INTO `department` (`uuid`, `tenant_id`, `client_id`, `department`) VALUES ('26ca677d-a039-4ccf-b71c-da2918d71d93', 'df234305-8a47-4b4d-8efb-716a6b695428', 'e651ac0c-424a-48d2-9e5d-e568b9a4b725', 'Cybersecurity');
INSERT INTO `department` (`uuid`, `tenant_id`, `client_id`, `department`) VALUES ('81bab811-e471-49e6-8f79-14f8bfcf8f7b', 'df234305-8a47-4b4d-8efb-716a6b695428', 'e651ac0c-424a-48d2-9e5d-e568b9a4b725', 'Robotics');
INSERT INTO `department` (`uuid`, `tenant_id`, `client_id`, `department`) VALUES ('b036984b-75b3-4e65-a4fd-14bc91e1d91e', 'df234305-8a47-4b4d-8efb-716a6b695428', 'e651ac0c-424a-48d2-9e5d-e568b9a4b725', 'Aerospace');
INSERT INTO `client_division` (`id`, `division_name`, `tenant_id`, `client_id`, `is_active`) VALUES ('69191d03-ad3a-4243-ba00-a43a227152c1', 'Product Dev', 'df234305-8a47-4b4d-8efb-716a6b695428', 'e651ac0c-424a-48d2-9e5d-e568b9a4b725', 1);
INSERT INTO `client_division` (`id`, `division_name`, `tenant_id`, `client_id`, `is_active`) VALUES ('ea05dfe2-48bb-4142-9542-c4a185037156', 'Innovation Lab', 'df234305-8a47-4b4d-8efb-716a6b695428', 'e651ac0c-424a-48d2-9e5d-e568b9a4b725', 1);
INSERT INTO `client_division` (`id`, `division_name`, `tenant_id`, `client_id`, `is_active`) VALUES ('6515979b-6e2a-49c4-9b0b-7c6896810498', 'R&D', 'df234305-8a47-4b4d-8efb-716a6b695428', 'e651ac0c-424a-48d2-9e5d-e568b9a4b725', 1);
INSERT INTO `client_division` (`id`, `division_name`, `tenant_id`, `client_id`, `is_active`) VALUES ('7e2213ac-1050-42cf-96b9-e18c0ea98104', 'Engineering', 'df234305-8a47-4b4d-8efb-716a6b695428', 'e651ac0c-424a-48d2-9e5d-e568b9a4b725', 1);
INSERT INTO `client_division` (`id`, `division_name`, `tenant_id`, `client_id`, `is_active`) VALUES ('9392c280-03e8-402b-9de5-355faf06b5d0', 'Core Tech', 'df234305-8a47-4b4d-8efb-716a6b695428', 'e651ac0c-424a-48d2-9e5d-e568b9a4b725', 1);
INSERT INTO `client` (`uuid`, `tenant_id`, `client_name`, `client_code`, `is_active`) VALUES ('1a3a7c3d-d047-4f9e-a1f7-6a7b01e127ca', 'df234305-8a47-4b4d-8efb-716a6b695428', 'Perez-White', 1083, 1);
INSERT INTO `department` (`uuid`, `tenant_id`, `client_id`, `department`) VALUES ('0db5d14c-bdae-4fff-93cb-37e982183deb', 'df234305-8a47-4b4d-8efb-716a6b695428', '1a3a7c3d-d047-4f9e-a1f7-6a7b01e127ca', 'Robotics');
INSERT INTO `department` (`uuid`, `tenant_id`, `client_id`, `department`) VALUES ('78a1f723-226f-43d0-ad9b-d569e1cc5906', 'df234305-8a47-4b4d-8efb-716a6b695428', '1a3a7c3d-d047-4f9e-a1f7-6a7b01e127ca', 'AI Solutions');
INSERT INTO `department` (`uuid`, `tenant_id`, `client_id`, `department`) VALUES ('77b96be8-1335-4f20-940a-f7bdb1a5e10c', 'df234305-8a47-4b4d-8efb-716a6b695428', '1a3a7c3d-d047-4f9e-a1f7-6a7b01e127ca', 'Biomedical');
INSERT INTO `department` (`uuid`, `tenant_id`, `client_id`, `department`) VALUES ('39df7ecf-511a-43c4-9ae2-f23b33a14fa9', 'df234305-8a47-4b4d-8efb-716a6b695428', '1a3a7c3d-d047-4f9e-a1f7-6a7b01e127ca', 'Cybersecurity');
INSERT INTO `department` (`uuid`, `tenant_id`, `client_id`, `department`) VALUES ('c0723773-e04d-41b8-aa10-83b0b8422763', 'df234305-8a47-4b4d-8efb-716a6b695428', '1a3a7c3d-d047-4f9e-a1f7-6a7b01e127ca', 'Civil Systems');
INSERT INTO `department` (`uuid`, `tenant_id`, `client_id`, `department`) VALUES ('688ad841-5296-432d-912c-dc231bac1d10', 'df234305-8a47-4b4d-8efb-716a6b695428', '1a3a7c3d-d047-4f9e-a1f7-6a7b01e127ca', 'Aerospace');
INSERT INTO `client_division` (`id`, `division_name`, `tenant_id`, `client_id`, `is_active`) VALUES ('f3cb5220-a9f0-4fad-b6bd-a0f6614b1e9b', 'Innovation Lab', 'df234305-8a47-4b4d-8efb-716a6b695428', '1a3a7c3d-d047-4f9e-a1f7-6a7b01e127ca', 1);
INSERT INTO `client_division` (`id`, `division_name`, `tenant_id`, `client_id`, `is_active`) VALUES ('601e266e-67ed-4bc5-baea-bc673e489c38', 'Core Tech', 'df234305-8a47-4b4d-8efb-716a6b695428', '1a3a7c3d-d047-4f9e-a1f7-6a7b01e127ca', 1);
INSERT INTO `client_division` (`id`, `division_name`, `tenant_id`, `client_id`, `is_active`) VALUES ('7f45c249-d7ee-450e-9266-a0cc237ed3d4', 'R&D', 'df234305-8a47-4b4d-8efb-716a6b695428', '1a3a7c3d-d047-4f9e-a1f7-6a7b01e127ca', 1);
INSERT INTO `client_division` (`id`, `division_name`, `tenant_id`, `client_id`, `is_active`) VALUES ('7c4503c2-be3d-4a17-9bb2-61ed12d1a683', 'Product Dev', 'df234305-8a47-4b4d-8efb-716a6b695428', '1a3a7c3d-d047-4f9e-a1f7-6a7b01e127ca', 1);
INSERT INTO `client_division` (`id`, `division_name`, `tenant_id`, `client_id`, `is_active`) VALUES ('4f8e2198-33c7-470a-a4fc-410557dfd379', 'Engineering', 'df234305-8a47-4b4d-8efb-716a6b695428', '1a3a7c3d-d047-4f9e-a1f7-6a7b01e127ca', 1);
INSERT INTO `client` (`uuid`, `tenant_id`, `client_name`, `client_code`, `is_active`) VALUES ('cb614877-d9d1-4a88-8f39-c232644e1143', 'df234305-8a47-4b4d-8efb-716a6b695428', 'Coleman-Hernandez', 1084, 1);
INSERT INTO `department` (`uuid`, `tenant_id`, `client_id`, `department`) VALUES ('e9f81d26-f892-4257-a1cc-8631daf32705', 'df234305-8a47-4b4d-8efb-716a6b695428', 'cb614877-d9d1-4a88-8f39-c232644e1143', 'Robotics');
INSERT INTO `department` (`uuid`, `tenant_id`, `client_id`, `department`) VALUES ('3cf820ba-3340-4700-86f5-d9a10e79d84f', 'df234305-8a47-4b4d-8efb-716a6b695428', 'cb614877-d9d1-4a88-8f39-c232644e1143', 'AI Solutions');
INSERT INTO `department` (`uuid`, `tenant_id`, `client_id`, `department`) VALUES ('0877463d-38c4-43cd-a4e7-cf92d6e2f8f6', 'df234305-8a47-4b4d-8efb-716a6b695428', 'cb614877-d9d1-4a88-8f39-c232644e1143', 'Aerospace');
INSERT INTO `department` (`uuid`, `tenant_id`, `client_id`, `department`) VALUES ('d5214047-495a-44de-adff-be2bd9c9b943', 'df234305-8a47-4b4d-8efb-716a6b695428', 'cb614877-d9d1-4a88-8f39-c232644e1143', 'Biomedical');
INSERT INTO `department` (`uuid`, `tenant_id`, `client_id`, `department`) VALUES ('1b5850d6-a857-46f6-8524-67d07a04bd14', 'df234305-8a47-4b4d-8efb-716a6b695428', 'cb614877-d9d1-4a88-8f39-c232644e1143', 'Cybersecurity');
INSERT INTO `department` (`uuid`, `tenant_id`, `client_id`, `department`) VALUES ('99d610a9-ea43-49cb-af24-cc66024d344e', 'df234305-8a47-4b4d-8efb-716a6b695428', 'cb614877-d9d1-4a88-8f39-c232644e1143', 'Civil Systems');
INSERT INTO `client_division` (`id`, `division_name`, `tenant_id`, `client_id`, `is_active`) VALUES ('29f041ee-d9d3-4977-ab3f-183843375184', 'Engineering', 'df234305-8a47-4b4d-8efb-716a6b695428', 'cb614877-d9d1-4a88-8f39-c232644e1143', 1);
INSERT INTO `client_division` (`id`, `division_name`, `tenant_id`, `client_id`, `is_active`) VALUES ('e31a588c-5e6e-467f-9adb-e6f31a90bcc2', 'Product Dev', 'df234305-8a47-4b4d-8efb-716a6b695428', 'cb614877-d9d1-4a88-8f39-c232644e1143', 1);
INSERT INTO `client_division` (`id`, `division_name`, `tenant_id`, `client_id`, `is_active`) VALUES ('5bba86e1-3218-4d32-ac42-fee4bd9da94d', 'R&D', 'df234305-8a47-4b4d-8efb-716a6b695428', 'cb614877-d9d1-4a88-8f39-c232644e1143', 1);
INSERT INTO `client_division` (`id`, `division_name`, `tenant_id`, `client_id`, `is_active`) VALUES ('4a199846-3116-49e3-80ae-1f84a52e2a17', 'Core Tech', 'df234305-8a47-4b4d-8efb-716a6b695428', 'cb614877-d9d1-4a88-8f39-c232644e1143', 1);
INSERT INTO `client_division` (`id`, `division_name`, `tenant_id`, `client_id`, `is_active`) VALUES ('d55b882d-308e-4917-a2a2-6829c5cb22c9', 'Innovation Lab', 'df234305-8a47-4b4d-8efb-716a6b695428', 'cb614877-d9d1-4a88-8f39-c232644e1143', 1);
INSERT INTO `client` (`uuid`, `tenant_id`, `client_name`, `client_code`, `is_active`) VALUES ('689b9eac-94b9-4ca6-a2f0-a03fb05cbebd', 'df234305-8a47-4b4d-8efb-716a6b695428', 'Stuart Group', 1085, 1);
INSERT INTO `department` (`uuid`, `tenant_id`, `client_id`, `department`) VALUES ('398572a6-6a9d-4e33-99f3-8490c73b3c29', 'df234305-8a47-4b4d-8efb-716a6b695428', '689b9eac-94b9-4ca6-a2f0-a03fb05cbebd', 'Cybersecurity');
INSERT INTO `department` (`uuid`, `tenant_id`, `client_id`, `department`) VALUES ('86fe9e1e-7583-4f15-9235-463dfb6515ac', 'df234305-8a47-4b4d-8efb-716a6b695428', '689b9eac-94b9-4ca6-a2f0-a03fb05cbebd', 'AI Solutions');
INSERT INTO `department` (`uuid`, `tenant_id`, `client_id`, `department`) VALUES ('0a096ce1-c54d-41b6-bc4e-fe085604ce88', 'df234305-8a47-4b4d-8efb-716a6b695428', '689b9eac-94b9-4ca6-a2f0-a03fb05cbebd', 'Civil Systems');
INSERT INTO `department` (`uuid`, `tenant_id`, `client_id`, `department`) VALUES ('5b70c15d-82ef-41e1-97c1-fddb956644c2', 'df234305-8a47-4b4d-8efb-716a6b695428', '689b9eac-94b9-4ca6-a2f0-a03fb05cbebd', 'Biomedical');
INSERT INTO `department` (`uuid`, `tenant_id`, `client_id`, `department`) VALUES ('d6f2551b-d4a0-41f7-8be0-86def1bc65a8', 'df234305-8a47-4b4d-8efb-716a6b695428', '689b9eac-94b9-4ca6-a2f0-a03fb05cbebd', 'Aerospace');
INSERT INTO `department` (`uuid`, `tenant_id`, `client_id`, `department`) VALUES ('2d1fccbb-adaa-443f-9153-89b503757fed', 'df234305-8a47-4b4d-8efb-716a6b695428', '689b9eac-94b9-4ca6-a2f0-a03fb05cbebd', 'Robotics');
INSERT INTO `client_division` (`id`, `division_name`, `tenant_id`, `client_id`, `is_active`) VALUES ('c105db57-c944-46e1-8b87-6859e7909e79', 'R&D', 'df234305-8a47-4b4d-8efb-716a6b695428', '689b9eac-94b9-4ca6-a2f0-a03fb05cbebd', 1);
INSERT INTO `client_division` (`id`, `division_name`, `tenant_id`, `client_id`, `is_active`) VALUES ('0e1580c3-7b5d-472d-84b8-5f926d6e8a7a', 'Core Tech', 'df234305-8a47-4b4d-8efb-716a6b695428', '689b9eac-94b9-4ca6-a2f0-a03fb05cbebd', 1);
INSERT INTO `client_division` (`id`, `division_name`, `tenant_id`, `client_id`, `is_active`) VALUES ('1d9d0c1a-99b7-43b5-a7cf-83ba527885dc', 'Innovation Lab', 'df234305-8a47-4b4d-8efb-716a6b695428', '689b9eac-94b9-4ca6-a2f0-a03fb05cbebd', 1);
INSERT INTO `client_division` (`id`, `division_name`, `tenant_id`, `client_id`, `is_active`) VALUES ('4d8cab32-414d-4ff3-b1b4-928d6c6d9b78', 'Engineering', 'df234305-8a47-4b4d-8efb-716a6b695428', '689b9eac-94b9-4ca6-a2f0-a03fb05cbebd', 1);
INSERT INTO `client_division` (`id`, `division_name`, `tenant_id`, `client_id`, `is_active`) VALUES ('acb89c43-3cb9-4b8d-9cf1-1d981cbc9517', 'Product Dev', 'df234305-8a47-4b4d-8efb-716a6b695428', '689b9eac-94b9-4ca6-a2f0-a03fb05cbebd', 1);
INSERT INTO `client` (`uuid`, `tenant_id`, `client_name`, `client_code`, `is_active`) VALUES ('56c137d7-6106-448c-a3ad-1f6aa64592a3', 'df234305-8a47-4b4d-8efb-716a6b695428', 'Cooper-Howard', 1086, 1);
INSERT INTO `department` (`uuid`, `tenant_id`, `client_id`, `department`) VALUES ('b804eaa1-aea7-4ea7-878b-cbc4391034bf', 'df234305-8a47-4b4d-8efb-716a6b695428', '56c137d7-6106-448c-a3ad-1f6aa64592a3', 'Civil Systems');
INSERT INTO `department` (`uuid`, `tenant_id`, `client_id`, `department`) VALUES ('5948007a-382d-4926-8586-b11a20afe6b8', 'df234305-8a47-4b4d-8efb-716a6b695428', '56c137d7-6106-448c-a3ad-1f6aa64592a3', 'Robotics');
INSERT INTO `department` (`uuid`, `tenant_id`, `client_id`, `department`) VALUES ('478d7878-00af-41ce-b629-574fc75ef885', 'df234305-8a47-4b4d-8efb-716a6b695428', '56c137d7-6106-448c-a3ad-1f6aa64592a3', 'Cybersecurity');
INSERT INTO `department` (`uuid`, `tenant_id`, `client_id`, `department`) VALUES ('581e5ed9-f360-4c8f-86ee-7e1c60a5987e', 'df234305-8a47-4b4d-8efb-716a6b695428', '56c137d7-6106-448c-a3ad-1f6aa64592a3', 'AI Solutions');
INSERT INTO `department` (`uuid`, `tenant_id`, `client_id`, `department`) VALUES ('ae53294a-d736-4f6a-baac-601e383c009f', 'df234305-8a47-4b4d-8efb-716a6b695428', '56c137d7-6106-448c-a3ad-1f6aa64592a3', 'Aerospace');
INSERT INTO `department` (`uuid`, `tenant_id`, `client_id`, `department`) VALUES ('87d1afa0-57f5-4424-b04b-05a64b1c7e92', 'df234305-8a47-4b4d-8efb-716a6b695428', '56c137d7-6106-448c-a3ad-1f6aa64592a3', 'Biomedical');
INSERT INTO `client_division` (`id`, `division_name`, `tenant_id`, `client_id`, `is_active`) VALUES ('35cf991b-d268-40cf-83c5-cff8ade88b78', 'Innovation Lab', 'df234305-8a47-4b4d-8efb-716a6b695428', '56c137d7-6106-448c-a3ad-1f6aa64592a3', 1);
INSERT INTO `client_division` (`id`, `division_name`, `tenant_id`, `client_id`, `is_active`) VALUES ('df5631bf-7e4b-4246-884a-40dd21e562bd', 'Core Tech', 'df234305-8a47-4b4d-8efb-716a6b695428', '56c137d7-6106-448c-a3ad-1f6aa64592a3', 1);
INSERT INTO `client_division` (`id`, `division_name`, `tenant_id`, `client_id`, `is_active`) VALUES ('14a0b883-6782-419a-a6c0-bc765745b566', 'Product Dev', 'df234305-8a47-4b4d-8efb-716a6b695428', '56c137d7-6106-448c-a3ad-1f6aa64592a3', 1);
INSERT INTO `client_division` (`id`, `division_name`, `tenant_id`, `client_id`, `is_active`) VALUES ('7b9419fb-9be0-4472-80da-62f740d7f2b0', 'Engineering', 'df234305-8a47-4b4d-8efb-716a6b695428', '56c137d7-6106-448c-a3ad-1f6aa64592a3', 1);
INSERT INTO `client_division` (`id`, `division_name`, `tenant_id`, `client_id`, `is_active`) VALUES ('687f61d5-acbb-4b4f-8f10-a5b4533e9818', 'R&D', 'df234305-8a47-4b4d-8efb-716a6b695428', '56c137d7-6106-448c-a3ad-1f6aa64592a3', 1);
INSERT INTO `client` (`uuid`, `tenant_id`, `client_name`, `client_code`, `is_active`) VALUES ('bcea5504-1b55-4458-9341-23d152bd2912', 'df234305-8a47-4b4d-8efb-716a6b695428', 'Hutchinson, Estrada and Shah', 1087, 1);
INSERT INTO `department` (`uuid`, `tenant_id`, `client_id`, `department`) VALUES ('cf2cd5fe-b4db-451a-a03f-dd8a3f8f9c16', 'df234305-8a47-4b4d-8efb-716a6b695428', 'bcea5504-1b55-4458-9341-23d152bd2912', 'Robotics');
INSERT INTO `department` (`uuid`, `tenant_id`, `client_id`, `department`) VALUES ('c7d8e079-52a0-4331-a51f-f77ef90ac876', 'df234305-8a47-4b4d-8efb-716a6b695428', 'bcea5504-1b55-4458-9341-23d152bd2912', 'Cybersecurity');
INSERT INTO `department` (`uuid`, `tenant_id`, `client_id`, `department`) VALUES ('c6f5d748-6a66-4baf-a07d-a51489046c7a', 'df234305-8a47-4b4d-8efb-716a6b695428', 'bcea5504-1b55-4458-9341-23d152bd2912', 'Biomedical');
INSERT INTO `department` (`uuid`, `tenant_id`, `client_id`, `department`) VALUES ('8a98a6c0-dd13-427b-944e-697cfd79e5cd', 'df234305-8a47-4b4d-8efb-716a6b695428', 'bcea5504-1b55-4458-9341-23d152bd2912', 'Civil Systems');
INSERT INTO `department` (`uuid`, `tenant_id`, `client_id`, `department`) VALUES ('0b5b1cba-4302-430f-a495-d8821fbac022', 'df234305-8a47-4b4d-8efb-716a6b695428', 'bcea5504-1b55-4458-9341-23d152bd2912', 'AI Solutions');
INSERT INTO `department` (`uuid`, `tenant_id`, `client_id`, `department`) VALUES ('31360f97-d2ff-4242-9952-d3d8e1458800', 'df234305-8a47-4b4d-8efb-716a6b695428', 'bcea5504-1b55-4458-9341-23d152bd2912', 'Aerospace');
INSERT INTO `client_division` (`id`, `division_name`, `tenant_id`, `client_id`, `is_active`) VALUES ('42d651bc-16d7-4bae-94b2-d9e0663fea2e', 'Innovation Lab', 'df234305-8a47-4b4d-8efb-716a6b695428', 'bcea5504-1b55-4458-9341-23d152bd2912', 1);
INSERT INTO `client_division` (`id`, `division_name`, `tenant_id`, `client_id`, `is_active`) VALUES ('14f8e086-de12-406c-b7b9-e0ca2f977a3d', 'Core Tech', 'df234305-8a47-4b4d-8efb-716a6b695428', 'bcea5504-1b55-4458-9341-23d152bd2912', 1);
INSERT INTO `client_division` (`id`, `division_name`, `tenant_id`, `client_id`, `is_active`) VALUES ('ed28dc73-e891-4ab5-84b6-d34547d082b3', 'R&D', 'df234305-8a47-4b4d-8efb-716a6b695428', 'bcea5504-1b55-4458-9341-23d152bd2912', 1);
INSERT INTO `client_division` (`id`, `division_name`, `tenant_id`, `client_id`, `is_active`) VALUES ('2a65d553-a29f-4a41-8826-7943e24be6bb', 'Engineering', 'df234305-8a47-4b4d-8efb-716a6b695428', 'bcea5504-1b55-4458-9341-23d152bd2912', 1);
INSERT INTO `client_division` (`id`, `division_name`, `tenant_id`, `client_id`, `is_active`) VALUES ('3810c97d-1a0b-4971-9c97-5c05981b28b4', 'Product Dev', 'df234305-8a47-4b4d-8efb-716a6b695428', 'bcea5504-1b55-4458-9341-23d152bd2912', 1);
INSERT INTO `client` (`uuid`, `tenant_id`, `client_name`, `client_code`, `is_active`) VALUES ('dc826a62-babe-4a04-bb74-e61084dba3ab', 'df234305-8a47-4b4d-8efb-716a6b695428', 'Shelton-West', 1088, 1);
INSERT INTO `department` (`uuid`, `tenant_id`, `client_id`, `department`) VALUES ('3037e2a5-6712-4809-8ce8-d3384877710c', 'df234305-8a47-4b4d-8efb-716a6b695428', 'dc826a62-babe-4a04-bb74-e61084dba3ab', 'Biomedical');
INSERT INTO `department` (`uuid`, `tenant_id`, `client_id`, `department`) VALUES ('6db02e04-80b6-4fb7-acb3-134d8583ae6c', 'df234305-8a47-4b4d-8efb-716a6b695428', 'dc826a62-babe-4a04-bb74-e61084dba3ab', 'Robotics');
INSERT INTO `department` (`uuid`, `tenant_id`, `client_id`, `department`) VALUES ('1b1f000f-f98a-48d5-a67c-8f18d64abfd5', 'df234305-8a47-4b4d-8efb-716a6b695428', 'dc826a62-babe-4a04-bb74-e61084dba3ab', 'Cybersecurity');
INSERT INTO `department` (`uuid`, `tenant_id`, `client_id`, `department`) VALUES ('b0038a62-a661-4466-8fb7-78f9276dad25', 'df234305-8a47-4b4d-8efb-716a6b695428', 'dc826a62-babe-4a04-bb74-e61084dba3ab', 'AI Solutions');
INSERT INTO `department` (`uuid`, `tenant_id`, `client_id`, `department`) VALUES ('7637c03e-0546-48b0-a9d7-765c5a1add66', 'df234305-8a47-4b4d-8efb-716a6b695428', 'dc826a62-babe-4a04-bb74-e61084dba3ab', 'Civil Systems');
INSERT INTO `client_division` (`id`, `division_name`, `tenant_id`, `client_id`, `is_active`) VALUES ('f57eaa71-f489-44d0-b674-afb72586d6a3', 'Engineering', 'df234305-8a47-4b4d-8efb-716a6b695428', 'dc826a62-babe-4a04-bb74-e61084dba3ab', 1);
INSERT INTO `client_division` (`id`, `division_name`, `tenant_id`, `client_id`, `is_active`) VALUES ('fc565f7e-0b33-43cb-8cee-7859a84ef206', 'Core Tech', 'df234305-8a47-4b4d-8efb-716a6b695428', 'dc826a62-babe-4a04-bb74-e61084dba3ab', 1);
INSERT INTO `client_division` (`id`, `division_name`, `tenant_id`, `client_id`, `is_active`) VALUES ('4bc123a4-7dab-4b05-9f62-ed2a0210437f', 'Product Dev', 'df234305-8a47-4b4d-8efb-716a6b695428', 'dc826a62-babe-4a04-bb74-e61084dba3ab', 1);
INSERT INTO `client_division` (`id`, `division_name`, `tenant_id`, `client_id`, `is_active`) VALUES ('18dddbe0-acb1-475d-a6c1-d2dfaad32115', 'R&D', 'df234305-8a47-4b4d-8efb-716a6b695428', 'dc826a62-babe-4a04-bb74-e61084dba3ab', 1);
INSERT INTO `client_division` (`id`, `division_name`, `tenant_id`, `client_id`, `is_active`) VALUES ('0b5f7389-8d53-4af0-b3ad-03d6fb6bebbf', 'Innovation Lab', 'df234305-8a47-4b4d-8efb-716a6b695428', 'dc826a62-babe-4a04-bb74-e61084dba3ab', 1);
INSERT INTO `client` (`uuid`, `tenant_id`, `client_name`, `client_code`, `is_active`) VALUES ('77362ed5-89aa-4e44-b3db-5cb2ae11b97f', 'df234305-8a47-4b4d-8efb-716a6b695428', 'Smith LLC', 1089, 1);
INSERT INTO `department` (`uuid`, `tenant_id`, `client_id`, `department`) VALUES ('9cf54c9b-f843-4fcf-afb9-b86056560b1c', 'df234305-8a47-4b4d-8efb-716a6b695428', '77362ed5-89aa-4e44-b3db-5cb2ae11b97f', 'AI Solutions');
INSERT INTO `department` (`uuid`, `tenant_id`, `client_id`, `department`) VALUES ('547c0932-7684-43ef-b2aa-0c62aa580f05', 'df234305-8a47-4b4d-8efb-716a6b695428', '77362ed5-89aa-4e44-b3db-5cb2ae11b97f', 'Robotics');
INSERT INTO `department` (`uuid`, `tenant_id`, `client_id`, `department`) VALUES ('1f4586ef-eb96-40a6-b8fe-aa46dc86ea70', 'df234305-8a47-4b4d-8efb-716a6b695428', '77362ed5-89aa-4e44-b3db-5cb2ae11b97f', 'Biomedical');
INSERT INTO `department` (`uuid`, `tenant_id`, `client_id`, `department`) VALUES ('3d7753cb-6b22-436c-9c0a-dd6819544384', 'df234305-8a47-4b4d-8efb-716a6b695428', '77362ed5-89aa-4e44-b3db-5cb2ae11b97f', 'Aerospace');
INSERT INTO `department` (`uuid`, `tenant_id`, `client_id`, `department`) VALUES ('80c1065d-cf36-42ff-8738-35e68fbd12b5', 'df234305-8a47-4b4d-8efb-716a6b695428', '77362ed5-89aa-4e44-b3db-5cb2ae11b97f', 'Cybersecurity');
INSERT INTO `department` (`uuid`, `tenant_id`, `client_id`, `department`) VALUES ('d824432c-3c6a-4c19-8204-478aa562ada6', 'df234305-8a47-4b4d-8efb-716a6b695428', '77362ed5-89aa-4e44-b3db-5cb2ae11b97f', 'Civil Systems');
INSERT INTO `client_division` (`id`, `division_name`, `tenant_id`, `client_id`, `is_active`) VALUES ('c9b46ce3-e9f9-4369-b5a4-fb92e4007f96', 'Innovation Lab', 'df234305-8a47-4b4d-8efb-716a6b695428', '77362ed5-89aa-4e44-b3db-5cb2ae11b97f', 1);
INSERT INTO `client_division` (`id`, `division_name`, `tenant_id`, `client_id`, `is_active`) VALUES ('76afdb4d-8157-44da-b480-54c2dab3b47a', 'Product Dev', 'df234305-8a47-4b4d-8efb-716a6b695428', '77362ed5-89aa-4e44-b3db-5cb2ae11b97f', 1);
INSERT INTO `client_division` (`id`, `division_name`, `tenant_id`, `client_id`, `is_active`) VALUES ('a8169c3d-04de-472b-ab80-c9825df1b0ff', 'Core Tech', 'df234305-8a47-4b4d-8efb-716a6b695428', '77362ed5-89aa-4e44-b3db-5cb2ae11b97f', 1);
INSERT INTO `client_division` (`id`, `division_name`, `tenant_id`, `client_id`, `is_active`) VALUES ('0ace1eec-aee8-438c-b091-c1b228a12e17', 'Engineering', 'df234305-8a47-4b4d-8efb-716a6b695428', '77362ed5-89aa-4e44-b3db-5cb2ae11b97f', 1);
INSERT INTO `client_division` (`id`, `division_name`, `tenant_id`, `client_id`, `is_active`) VALUES ('158abc0d-5466-4d68-b881-143b16511fe3', 'R&D', 'df234305-8a47-4b4d-8efb-716a6b695428', '77362ed5-89aa-4e44-b3db-5cb2ae11b97f', 1);
INSERT INTO `client` (`uuid`, `tenant_id`, `client_name`, `client_code`, `is_active`) VALUES ('253fbd80-e805-4f96-a397-0a41761ece84', 'df234305-8a47-4b4d-8efb-716a6b695428', 'Andrews Inc', 1090, 1);
INSERT INTO `department` (`uuid`, `tenant_id`, `client_id`, `department`) VALUES ('cf70e924-f033-4519-a7b5-2152ad9cd8ac', 'df234305-8a47-4b4d-8efb-716a6b695428', '253fbd80-e805-4f96-a397-0a41761ece84', 'AI Solutions');
INSERT INTO `department` (`uuid`, `tenant_id`, `client_id`, `department`) VALUES ('7969634f-4e39-4a5c-ac02-c8f8151246cb', 'df234305-8a47-4b4d-8efb-716a6b695428', '253fbd80-e805-4f96-a397-0a41761ece84', 'Biomedical');
INSERT INTO `department` (`uuid`, `tenant_id`, `client_id`, `department`) VALUES ('e63075da-69fd-40b1-b8ba-0d7ba43f15bc', 'df234305-8a47-4b4d-8efb-716a6b695428', '253fbd80-e805-4f96-a397-0a41761ece84', 'Civil Systems');
INSERT INTO `department` (`uuid`, `tenant_id`, `client_id`, `department`) VALUES ('ec2bc59e-7891-4dcf-989b-c0f92b237092', 'df234305-8a47-4b4d-8efb-716a6b695428', '253fbd80-e805-4f96-a397-0a41761ece84', 'Cybersecurity');
INSERT INTO `department` (`uuid`, `tenant_id`, `client_id`, `department`) VALUES ('558d6e22-99c5-41f3-813e-b0ea7594df88', 'df234305-8a47-4b4d-8efb-716a6b695428', '253fbd80-e805-4f96-a397-0a41761ece84', 'Robotics');
INSERT INTO `department` (`uuid`, `tenant_id`, `client_id`, `department`) VALUES ('e728bb40-7d67-40c7-8524-0750562f7fdb', 'df234305-8a47-4b4d-8efb-716a6b695428', '253fbd80-e805-4f96-a397-0a41761ece84', 'Aerospace');
INSERT INTO `client_division` (`id`, `division_name`, `tenant_id`, `client_id`, `is_active`) VALUES ('3a61f60d-af7d-4fe3-9755-8a8c3b7f9837', 'R&D', 'df234305-8a47-4b4d-8efb-716a6b695428', '253fbd80-e805-4f96-a397-0a41761ece84', 1);
INSERT INTO `client_division` (`id`, `division_name`, `tenant_id`, `client_id`, `is_active`) VALUES ('2f93f379-ef9d-4837-9c02-c2c13cae81f3', 'Engineering', 'df234305-8a47-4b4d-8efb-716a6b695428', '253fbd80-e805-4f96-a397-0a41761ece84', 1);
INSERT INTO `client_division` (`id`, `division_name`, `tenant_id`, `client_id`, `is_active`) VALUES ('387e01a4-31f4-42be-9304-7df1fb799220', 'Core Tech', 'df234305-8a47-4b4d-8efb-716a6b695428', '253fbd80-e805-4f96-a397-0a41761ece84', 1);
INSERT INTO `client_division` (`id`, `division_name`, `tenant_id`, `client_id`, `is_active`) VALUES ('6696f8e5-16ca-4c36-9357-d8c47ad5e7e1', 'Product Dev', 'df234305-8a47-4b4d-8efb-716a6b695428', '253fbd80-e805-4f96-a397-0a41761ece84', 1);
INSERT INTO `client_division` (`id`, `division_name`, `tenant_id`, `client_id`, `is_active`) VALUES ('b577b708-6bff-4722-9dc3-1b2800da01e6', 'Innovation Lab', 'df234305-8a47-4b4d-8efb-716a6b695428', '253fbd80-e805-4f96-a397-0a41761ece84', 1);
INSERT INTO `client` (`uuid`, `tenant_id`, `client_name`, `client_code`, `is_active`) VALUES ('cf8293e2-d729-4279-84c3-d2713d5b735d', 'df234305-8a47-4b4d-8efb-716a6b695428', 'White-Decker', 1091, 1);
INSERT INTO `department` (`uuid`, `tenant_id`, `client_id`, `department`) VALUES ('a3693992-8cad-4527-8685-cbcaf2bf4445', 'df234305-8a47-4b4d-8efb-716a6b695428', 'cf8293e2-d729-4279-84c3-d2713d5b735d', 'Robotics');
INSERT INTO `department` (`uuid`, `tenant_id`, `client_id`, `department`) VALUES ('1748f1f1-d64b-4ff9-a69e-48a2734be52c', 'df234305-8a47-4b4d-8efb-716a6b695428', 'cf8293e2-d729-4279-84c3-d2713d5b735d', 'Cybersecurity');
INSERT INTO `department` (`uuid`, `tenant_id`, `client_id`, `department`) VALUES ('eed6219b-98ae-4016-af67-efe54e89a9e9', 'df234305-8a47-4b4d-8efb-716a6b695428', 'cf8293e2-d729-4279-84c3-d2713d5b735d', 'Biomedical');
INSERT INTO `department` (`uuid`, `tenant_id`, `client_id`, `department`) VALUES ('2e872088-2c53-43cd-b29b-21402e749899', 'df234305-8a47-4b4d-8efb-716a6b695428', 'cf8293e2-d729-4279-84c3-d2713d5b735d', 'Aerospace');
INSERT INTO `department` (`uuid`, `tenant_id`, `client_id`, `department`) VALUES ('c4a8e49b-752d-4633-a509-060316f2baf5', 'df234305-8a47-4b4d-8efb-716a6b695428', 'cf8293e2-d729-4279-84c3-d2713d5b735d', 'Civil Systems');
INSERT INTO `department` (`uuid`, `tenant_id`, `client_id`, `department`) VALUES ('356b315a-b75c-466b-b8e8-eebf8f1504c8', 'df234305-8a47-4b4d-8efb-716a6b695428', 'cf8293e2-d729-4279-84c3-d2713d5b735d', 'AI Solutions');
INSERT INTO `client_division` (`id`, `division_name`, `tenant_id`, `client_id`, `is_active`) VALUES ('0e9d971e-b4bc-4d80-9b76-fee5036a7eaa', 'Core Tech', 'df234305-8a47-4b4d-8efb-716a6b695428', 'cf8293e2-d729-4279-84c3-d2713d5b735d', 1);
INSERT INTO `client_division` (`id`, `division_name`, `tenant_id`, `client_id`, `is_active`) VALUES ('32238c22-9f04-4655-a1e3-6f5e65b79e46', 'Product Dev', 'df234305-8a47-4b4d-8efb-716a6b695428', 'cf8293e2-d729-4279-84c3-d2713d5b735d', 1);
INSERT INTO `client_division` (`id`, `division_name`, `tenant_id`, `client_id`, `is_active`) VALUES ('9204614c-cbee-461f-a867-d9b0168135c3', 'R&D', 'df234305-8a47-4b4d-8efb-716a6b695428', 'cf8293e2-d729-4279-84c3-d2713d5b735d', 1);
INSERT INTO `client_division` (`id`, `division_name`, `tenant_id`, `client_id`, `is_active`) VALUES ('385bd8ce-68df-4305-954b-f596df0f07de', 'Innovation Lab', 'df234305-8a47-4b4d-8efb-716a6b695428', 'cf8293e2-d729-4279-84c3-d2713d5b735d', 1);
INSERT INTO `client_division` (`id`, `division_name`, `tenant_id`, `client_id`, `is_active`) VALUES ('f3b330c0-25ed-40a8-a82b-a7424f29033f', 'Engineering', 'df234305-8a47-4b4d-8efb-716a6b695428', 'cf8293e2-d729-4279-84c3-d2713d5b735d', 1);
INSERT INTO `client` (`uuid`, `tenant_id`, `client_name`, `client_code`, `is_active`) VALUES ('8af25a3b-b4c3-4449-a900-fa7004eade36', 'df234305-8a47-4b4d-8efb-716a6b695428', 'Roberson PLC', 1092, 1);
INSERT INTO `department` (`uuid`, `tenant_id`, `client_id`, `department`) VALUES ('037d3efa-7b49-4e30-9dcb-f0c60b96c457', 'df234305-8a47-4b4d-8efb-716a6b695428', '8af25a3b-b4c3-4449-a900-fa7004eade36', 'Cybersecurity');
INSERT INTO `department` (`uuid`, `tenant_id`, `client_id`, `department`) VALUES ('aa7f2890-67c3-4270-ac17-e60dfa48f976', 'df234305-8a47-4b4d-8efb-716a6b695428', '8af25a3b-b4c3-4449-a900-fa7004eade36', 'Biomedical');
INSERT INTO `department` (`uuid`, `tenant_id`, `client_id`, `department`) VALUES ('3dad6f29-6e8e-4ea0-889c-61c3dd215fcb', 'df234305-8a47-4b4d-8efb-716a6b695428', '8af25a3b-b4c3-4449-a900-fa7004eade36', 'Aerospace');
INSERT INTO `department` (`uuid`, `tenant_id`, `client_id`, `department`) VALUES ('aba47529-3cf5-4db8-8478-2c6dc9d5f7b7', 'df234305-8a47-4b4d-8efb-716a6b695428', '8af25a3b-b4c3-4449-a900-fa7004eade36', 'Civil Systems');
INSERT INTO `department` (`uuid`, `tenant_id`, `client_id`, `department`) VALUES ('f58b80bb-b209-4fc2-af63-95f835d658f9', 'df234305-8a47-4b4d-8efb-716a6b695428', '8af25a3b-b4c3-4449-a900-fa7004eade36', 'Robotics');
INSERT INTO `department` (`uuid`, `tenant_id`, `client_id`, `department`) VALUES ('2f76ad70-8896-4b8e-8d75-edea4f1d2407', 'df234305-8a47-4b4d-8efb-716a6b695428', '8af25a3b-b4c3-4449-a900-fa7004eade36', 'AI Solutions');
INSERT INTO `client_division` (`id`, `division_name`, `tenant_id`, `client_id`, `is_active`) VALUES ('24f78cec-b4e5-4d4a-adc7-4b56e0d47c99', 'Innovation Lab', 'df234305-8a47-4b4d-8efb-716a6b695428', '8af25a3b-b4c3-4449-a900-fa7004eade36', 1);
INSERT INTO `client_division` (`id`, `division_name`, `tenant_id`, `client_id`, `is_active`) VALUES ('228771a9-826b-4b34-8936-12330b4b817a', 'Core Tech', 'df234305-8a47-4b4d-8efb-716a6b695428', '8af25a3b-b4c3-4449-a900-fa7004eade36', 1);
INSERT INTO `client_division` (`id`, `division_name`, `tenant_id`, `client_id`, `is_active`) VALUES ('aa1c0ca1-a5c7-43a1-b125-913296b8e3c1', 'R&D', 'df234305-8a47-4b4d-8efb-716a6b695428', '8af25a3b-b4c3-4449-a900-fa7004eade36', 1);
INSERT INTO `client_division` (`id`, `division_name`, `tenant_id`, `client_id`, `is_active`) VALUES ('f8707093-5312-4d52-8414-9980dd7dc5cf', 'Engineering', 'df234305-8a47-4b4d-8efb-716a6b695428', '8af25a3b-b4c3-4449-a900-fa7004eade36', 1);
INSERT INTO `client_division` (`id`, `division_name`, `tenant_id`, `client_id`, `is_active`) VALUES ('30a354e5-5d6f-4f2b-8029-dcc5be6a483e', 'Product Dev', 'df234305-8a47-4b4d-8efb-716a6b695428', '8af25a3b-b4c3-4449-a900-fa7004eade36', 1);
INSERT INTO `client` (`uuid`, `tenant_id`, `client_name`, `client_code`, `is_active`) VALUES ('e2ab5276-d8e2-4c5e-b662-de1f5cbf04ee', 'df234305-8a47-4b4d-8efb-716a6b695428', 'Walker Group', 1093, 1);
INSERT INTO `department` (`uuid`, `tenant_id`, `client_id`, `department`) VALUES ('29832882-2809-438c-82fa-7a1fe81bcd19', 'df234305-8a47-4b4d-8efb-716a6b695428', 'e2ab5276-d8e2-4c5e-b662-de1f5cbf04ee', 'AI Solutions');
INSERT INTO `department` (`uuid`, `tenant_id`, `client_id`, `department`) VALUES ('e61dbd70-4fe7-4ff3-9784-0573c35033a3', 'df234305-8a47-4b4d-8efb-716a6b695428', 'e2ab5276-d8e2-4c5e-b662-de1f5cbf04ee', 'Cybersecurity');
INSERT INTO `department` (`uuid`, `tenant_id`, `client_id`, `department`) VALUES ('3c2a4d72-7ca6-4747-9e2b-c028170721c1', 'df234305-8a47-4b4d-8efb-716a6b695428', 'e2ab5276-d8e2-4c5e-b662-de1f5cbf04ee', 'Robotics');
INSERT INTO `department` (`uuid`, `tenant_id`, `client_id`, `department`) VALUES ('725eeb91-e7fe-48e4-a2b9-6e2a01d6b22e', 'df234305-8a47-4b4d-8efb-716a6b695428', 'e2ab5276-d8e2-4c5e-b662-de1f5cbf04ee', 'Aerospace');
INSERT INTO `department` (`uuid`, `tenant_id`, `client_id`, `department`) VALUES ('90da7cbe-cd46-4a09-b290-9cf75fae2fe7', 'df234305-8a47-4b4d-8efb-716a6b695428', 'e2ab5276-d8e2-4c5e-b662-de1f5cbf04ee', 'Civil Systems');
INSERT INTO `department` (`uuid`, `tenant_id`, `client_id`, `department`) VALUES ('7b67d6f7-e1fd-45f7-a1d1-3ddbabbdeddb', 'df234305-8a47-4b4d-8efb-716a6b695428', 'e2ab5276-d8e2-4c5e-b662-de1f5cbf04ee', 'Biomedical');
INSERT INTO `client_division` (`id`, `division_name`, `tenant_id`, `client_id`, `is_active`) VALUES ('258a6a9e-5b40-4fc1-a267-ace0fced7c3b', 'Engineering', 'df234305-8a47-4b4d-8efb-716a6b695428', 'e2ab5276-d8e2-4c5e-b662-de1f5cbf04ee', 1);
INSERT INTO `client_division` (`id`, `division_name`, `tenant_id`, `client_id`, `is_active`) VALUES ('9b54eb05-5a69-4ee2-b463-a3d9dd63ed69', 'Core Tech', 'df234305-8a47-4b4d-8efb-716a6b695428', 'e2ab5276-d8e2-4c5e-b662-de1f5cbf04ee', 1);
INSERT INTO `client_division` (`id`, `division_name`, `tenant_id`, `client_id`, `is_active`) VALUES ('3b132d8d-7a58-4d58-9954-036a0d878bb1', 'Innovation Lab', 'df234305-8a47-4b4d-8efb-716a6b695428', 'e2ab5276-d8e2-4c5e-b662-de1f5cbf04ee', 1);
INSERT INTO `client_division` (`id`, `division_name`, `tenant_id`, `client_id`, `is_active`) VALUES ('4cb5585b-73e3-4341-a108-c30377a3d1dd', 'R&D', 'df234305-8a47-4b4d-8efb-716a6b695428', 'e2ab5276-d8e2-4c5e-b662-de1f5cbf04ee', 1);
INSERT INTO `client_division` (`id`, `division_name`, `tenant_id`, `client_id`, `is_active`) VALUES ('2881730b-0dcd-4815-a44a-f2c6a8773b72', 'Product Dev', 'df234305-8a47-4b4d-8efb-716a6b695428', 'e2ab5276-d8e2-4c5e-b662-de1f5cbf04ee', 1);
INSERT INTO `client` (`uuid`, `tenant_id`, `client_name`, `client_code`, `is_active`) VALUES ('19aae58e-2dfd-4656-9aa4-82bdabf5d15b', 'df234305-8a47-4b4d-8efb-716a6b695428', 'Schmitt LLC', 1094, 1);
INSERT INTO `department` (`uuid`, `tenant_id`, `client_id`, `department`) VALUES ('2e622faa-9168-40cf-9038-45e00d67ca90', 'df234305-8a47-4b4d-8efb-716a6b695428', '19aae58e-2dfd-4656-9aa4-82bdabf5d15b', 'Robotics');
INSERT INTO `department` (`uuid`, `tenant_id`, `client_id`, `department`) VALUES ('95579cf1-b8b4-4931-b057-68f5d3c7aeb4', 'df234305-8a47-4b4d-8efb-716a6b695428', '19aae58e-2dfd-4656-9aa4-82bdabf5d15b', 'AI Solutions');
INSERT INTO `department` (`uuid`, `tenant_id`, `client_id`, `department`) VALUES ('04e40793-7dbb-47c0-b732-9628db73d5b1', 'df234305-8a47-4b4d-8efb-716a6b695428', '19aae58e-2dfd-4656-9aa4-82bdabf5d15b', 'Cybersecurity');
INSERT INTO `department` (`uuid`, `tenant_id`, `client_id`, `department`) VALUES ('8783422d-1884-4fc0-b252-4dc9350eaeb6', 'df234305-8a47-4b4d-8efb-716a6b695428', '19aae58e-2dfd-4656-9aa4-82bdabf5d15b', 'Biomedical');
INSERT INTO `department` (`uuid`, `tenant_id`, `client_id`, `department`) VALUES ('43ec70a7-af29-4654-9e5c-145df4bcbf64', 'df234305-8a47-4b4d-8efb-716a6b695428', '19aae58e-2dfd-4656-9aa4-82bdabf5d15b', 'Aerospace');
INSERT INTO `department` (`uuid`, `tenant_id`, `client_id`, `department`) VALUES ('743938a0-7d88-42d9-af36-bafe064bf97a', 'df234305-8a47-4b4d-8efb-716a6b695428', '19aae58e-2dfd-4656-9aa4-82bdabf5d15b', 'Civil Systems');
INSERT INTO `client_division` (`id`, `division_name`, `tenant_id`, `client_id`, `is_active`) VALUES ('f5596b9c-f33c-4c17-9ed1-5dc3c536900a', 'Innovation Lab', 'df234305-8a47-4b4d-8efb-716a6b695428', '19aae58e-2dfd-4656-9aa4-82bdabf5d15b', 1);
INSERT INTO `client_division` (`id`, `division_name`, `tenant_id`, `client_id`, `is_active`) VALUES ('00ff1662-43b6-48f3-9b2f-fbff2753b292', 'R&D', 'df234305-8a47-4b4d-8efb-716a6b695428', '19aae58e-2dfd-4656-9aa4-82bdabf5d15b', 1);
INSERT INTO `client_division` (`id`, `division_name`, `tenant_id`, `client_id`, `is_active`) VALUES ('0ede043b-7bce-4eb1-8694-eb677dca6756', 'Product Dev', 'df234305-8a47-4b4d-8efb-716a6b695428', '19aae58e-2dfd-4656-9aa4-82bdabf5d15b', 1);
INSERT INTO `client_division` (`id`, `division_name`, `tenant_id`, `client_id`, `is_active`) VALUES ('928ecc12-01dd-49bc-a67e-26b1c2925918', 'Core Tech', 'df234305-8a47-4b4d-8efb-716a6b695428', '19aae58e-2dfd-4656-9aa4-82bdabf5d15b', 1);
INSERT INTO `client_division` (`id`, `division_name`, `tenant_id`, `client_id`, `is_active`) VALUES ('a4a78fa3-0168-4eea-afca-b050e0e6587d', 'Engineering', 'df234305-8a47-4b4d-8efb-716a6b695428', '19aae58e-2dfd-4656-9aa4-82bdabf5d15b', 1);
INSERT INTO `client` (`uuid`, `tenant_id`, `client_name`, `client_code`, `is_active`) VALUES ('e4a6fcf2-8274-454e-b912-8a254fb33a25', 'df234305-8a47-4b4d-8efb-716a6b695428', 'Woods-Miller', 1095, 1);
INSERT INTO `department` (`uuid`, `tenant_id`, `client_id`, `department`) VALUES ('4cee8f61-2ca3-4813-b33d-1b48c130882c', 'df234305-8a47-4b4d-8efb-716a6b695428', 'e4a6fcf2-8274-454e-b912-8a254fb33a25', 'Biomedical');
INSERT INTO `department` (`uuid`, `tenant_id`, `client_id`, `department`) VALUES ('86a16a58-5aad-4c7e-a3df-2287c90f0fe7', 'df234305-8a47-4b4d-8efb-716a6b695428', 'e4a6fcf2-8274-454e-b912-8a254fb33a25', 'Aerospace');
INSERT INTO `department` (`uuid`, `tenant_id`, `client_id`, `department`) VALUES ('395e2af0-4ca3-4bf2-b974-9d7ede3fa9e8', 'df234305-8a47-4b4d-8efb-716a6b695428', 'e4a6fcf2-8274-454e-b912-8a254fb33a25', 'AI Solutions');
INSERT INTO `department` (`uuid`, `tenant_id`, `client_id`, `department`) VALUES ('a8129b45-3bdb-403b-b7ea-bad44b17ea36', 'df234305-8a47-4b4d-8efb-716a6b695428', 'e4a6fcf2-8274-454e-b912-8a254fb33a25', 'Robotics');
INSERT INTO `department` (`uuid`, `tenant_id`, `client_id`, `department`) VALUES ('bdc92e50-59ac-4d4c-bcc2-342c860cc6ec', 'df234305-8a47-4b4d-8efb-716a6b695428', 'e4a6fcf2-8274-454e-b912-8a254fb33a25', 'Cybersecurity');
INSERT INTO `department` (`uuid`, `tenant_id`, `client_id`, `department`) VALUES ('410ab64b-09d5-4d59-addb-d5bb135e9b96', 'df234305-8a47-4b4d-8efb-716a6b695428', 'e4a6fcf2-8274-454e-b912-8a254fb33a25', 'Civil Systems');
INSERT INTO `client_division` (`id`, `division_name`, `tenant_id`, `client_id`, `is_active`) VALUES ('11da7ff7-4c0c-46b4-8ed1-5e7e5f1ccea5', 'Engineering', 'df234305-8a47-4b4d-8efb-716a6b695428', 'e4a6fcf2-8274-454e-b912-8a254fb33a25', 1);
INSERT INTO `client_division` (`id`, `division_name`, `tenant_id`, `client_id`, `is_active`) VALUES ('32c1f1fc-9337-4b05-a47e-e516439a5a55', 'Core Tech', 'df234305-8a47-4b4d-8efb-716a6b695428', 'e4a6fcf2-8274-454e-b912-8a254fb33a25', 1);
INSERT INTO `client_division` (`id`, `division_name`, `tenant_id`, `client_id`, `is_active`) VALUES ('7056e9c1-789f-44e0-9179-403df8906a48', 'Product Dev', 'df234305-8a47-4b4d-8efb-716a6b695428', 'e4a6fcf2-8274-454e-b912-8a254fb33a25', 1);
INSERT INTO `client_division` (`id`, `division_name`, `tenant_id`, `client_id`, `is_active`) VALUES ('0c53366e-ebaa-4573-8d0d-10babfb462d7', 'R&D', 'df234305-8a47-4b4d-8efb-716a6b695428', 'e4a6fcf2-8274-454e-b912-8a254fb33a25', 1);
INSERT INTO `client_division` (`id`, `division_name`, `tenant_id`, `client_id`, `is_active`) VALUES ('9784700a-b6b3-4611-996f-cc5fc30985df', 'Innovation Lab', 'df234305-8a47-4b4d-8efb-716a6b695428', 'e4a6fcf2-8274-454e-b912-8a254fb33a25', 1);
INSERT INTO `client` (`uuid`, `tenant_id`, `client_name`, `client_code`, `is_active`) VALUES ('d027dac8-5e8c-44c0-8ec4-10971fbe6907', 'df234305-8a47-4b4d-8efb-716a6b695428', 'Robles, Thomas and Rodriguez', 1096, 1);
INSERT INTO `department` (`uuid`, `tenant_id`, `client_id`, `department`) VALUES ('db5d69d2-4070-4940-ae3f-a9eace7db57a', 'df234305-8a47-4b4d-8efb-716a6b695428', 'd027dac8-5e8c-44c0-8ec4-10971fbe6907', 'Civil Systems');
INSERT INTO `department` (`uuid`, `tenant_id`, `client_id`, `department`) VALUES ('f6bd488d-7851-4591-9833-b4b74b7f6efc', 'df234305-8a47-4b4d-8efb-716a6b695428', 'd027dac8-5e8c-44c0-8ec4-10971fbe6907', 'Biomedical');
INSERT INTO `department` (`uuid`, `tenant_id`, `client_id`, `department`) VALUES ('eaaa0f87-80fc-4b4f-98d5-896a0305d59c', 'df234305-8a47-4b4d-8efb-716a6b695428', 'd027dac8-5e8c-44c0-8ec4-10971fbe6907', 'Robotics');
INSERT INTO `department` (`uuid`, `tenant_id`, `client_id`, `department`) VALUES ('3653fdb1-3c29-4034-9f55-1d7ac85c4e47', 'df234305-8a47-4b4d-8efb-716a6b695428', 'd027dac8-5e8c-44c0-8ec4-10971fbe6907', 'AI Solutions');
INSERT INTO `department` (`uuid`, `tenant_id`, `client_id`, `department`) VALUES ('4e17cae2-d5c0-41e9-9954-b5e627bffcfa', 'df234305-8a47-4b4d-8efb-716a6b695428', 'd027dac8-5e8c-44c0-8ec4-10971fbe6907', 'Cybersecurity');
INSERT INTO `department` (`uuid`, `tenant_id`, `client_id`, `department`) VALUES ('8900c86e-1d35-4d79-b378-e253787e5819', 'df234305-8a47-4b4d-8efb-716a6b695428', 'd027dac8-5e8c-44c0-8ec4-10971fbe6907', 'Aerospace');
INSERT INTO `client_division` (`id`, `division_name`, `tenant_id`, `client_id`, `is_active`) VALUES ('3ea25e8d-a822-4494-9aa7-69a3b6fbc571', 'Product Dev', 'df234305-8a47-4b4d-8efb-716a6b695428', 'd027dac8-5e8c-44c0-8ec4-10971fbe6907', 1);
INSERT INTO `client_division` (`id`, `division_name`, `tenant_id`, `client_id`, `is_active`) VALUES ('4649cba6-707f-4729-84e4-0ed5bc3b35e5', 'R&D', 'df234305-8a47-4b4d-8efb-716a6b695428', 'd027dac8-5e8c-44c0-8ec4-10971fbe6907', 1);
INSERT INTO `client_division` (`id`, `division_name`, `tenant_id`, `client_id`, `is_active`) VALUES ('dd5219b4-bae5-4a68-96fe-0e4a62989bda', 'Core Tech', 'df234305-8a47-4b4d-8efb-716a6b695428', 'd027dac8-5e8c-44c0-8ec4-10971fbe6907', 1);
INSERT INTO `client_division` (`id`, `division_name`, `tenant_id`, `client_id`, `is_active`) VALUES ('83eab926-6570-43a0-a3e2-e139329583d3', 'Innovation Lab', 'df234305-8a47-4b4d-8efb-716a6b695428', 'd027dac8-5e8c-44c0-8ec4-10971fbe6907', 1);
INSERT INTO `client_division` (`id`, `division_name`, `tenant_id`, `client_id`, `is_active`) VALUES ('7afd2215-bd83-43b1-abcb-69d4546401bd', 'Engineering', 'df234305-8a47-4b4d-8efb-716a6b695428', 'd027dac8-5e8c-44c0-8ec4-10971fbe6907', 1);
INSERT INTO `client` (`uuid`, `tenant_id`, `client_name`, `client_code`, `is_active`) VALUES ('20ffc3ad-b613-4816-81b3-e44f926b7bb9', 'df234305-8a47-4b4d-8efb-716a6b695428', 'Thomas LLC', 1097, 1);
INSERT INTO `department` (`uuid`, `tenant_id`, `client_id`, `department`) VALUES ('712cb896-1771-4772-8de7-5ec245234f60', 'df234305-8a47-4b4d-8efb-716a6b695428', '20ffc3ad-b613-4816-81b3-e44f926b7bb9', 'Aerospace');
INSERT INTO `department` (`uuid`, `tenant_id`, `client_id`, `department`) VALUES ('cf333195-4890-4c4b-829b-c8a83c860a4a', 'df234305-8a47-4b4d-8efb-716a6b695428', '20ffc3ad-b613-4816-81b3-e44f926b7bb9', 'Biomedical');
INSERT INTO `department` (`uuid`, `tenant_id`, `client_id`, `department`) VALUES ('03fbe872-21d0-40e4-80cf-95e29afd62ef', 'df234305-8a47-4b4d-8efb-716a6b695428', '20ffc3ad-b613-4816-81b3-e44f926b7bb9', 'Robotics');
INSERT INTO `department` (`uuid`, `tenant_id`, `client_id`, `department`) VALUES ('dc38df0f-35d0-4878-936c-cd9621d44848', 'df234305-8a47-4b4d-8efb-716a6b695428', '20ffc3ad-b613-4816-81b3-e44f926b7bb9', 'Cybersecurity');
INSERT INTO `department` (`uuid`, `tenant_id`, `client_id`, `department`) VALUES ('1a477957-e800-49a5-aa3e-8954950e04ef', 'df234305-8a47-4b4d-8efb-716a6b695428', '20ffc3ad-b613-4816-81b3-e44f926b7bb9', 'AI Solutions');
INSERT INTO `department` (`uuid`, `tenant_id`, `client_id`, `department`) VALUES ('9a51b5a1-a294-4950-8003-00fa7944dcd3', 'df234305-8a47-4b4d-8efb-716a6b695428', '20ffc3ad-b613-4816-81b3-e44f926b7bb9', 'Civil Systems');
INSERT INTO `client_division` (`id`, `division_name`, `tenant_id`, `client_id`, `is_active`) VALUES ('369dfda3-3ff5-4f50-a69e-f41374c13daf', 'Core Tech', 'df234305-8a47-4b4d-8efb-716a6b695428', '20ffc3ad-b613-4816-81b3-e44f926b7bb9', 1);
INSERT INTO `client_division` (`id`, `division_name`, `tenant_id`, `client_id`, `is_active`) VALUES ('61278c46-87d2-4e95-a1d8-dcc83c09ba75', 'Product Dev', 'df234305-8a47-4b4d-8efb-716a6b695428', '20ffc3ad-b613-4816-81b3-e44f926b7bb9', 1);
INSERT INTO `client_division` (`id`, `division_name`, `tenant_id`, `client_id`, `is_active`) VALUES ('53a1b655-5a5b-469a-aedd-d5324a0e7d1f', 'Engineering', 'df234305-8a47-4b4d-8efb-716a6b695428', '20ffc3ad-b613-4816-81b3-e44f926b7bb9', 1);
INSERT INTO `client_division` (`id`, `division_name`, `tenant_id`, `client_id`, `is_active`) VALUES ('eb7fe9db-5d5c-461f-8837-58f5598578ae', 'R&D', 'df234305-8a47-4b4d-8efb-716a6b695428', '20ffc3ad-b613-4816-81b3-e44f926b7bb9', 1);
INSERT INTO `client_division` (`id`, `division_name`, `tenant_id`, `client_id`, `is_active`) VALUES ('52e60420-88da-4525-b128-56f5f801ca1f', 'Innovation Lab', 'df234305-8a47-4b4d-8efb-716a6b695428', '20ffc3ad-b613-4816-81b3-e44f926b7bb9', 1);
INSERT INTO `client` (`uuid`, `tenant_id`, `client_name`, `client_code`, `is_active`) VALUES ('4624e131-b1c1-4083-92ab-3e5e130ed2f3', 'df234305-8a47-4b4d-8efb-716a6b695428', 'Brown-Coleman', 1098, 1);
INSERT INTO `department` (`uuid`, `tenant_id`, `client_id`, `department`) VALUES ('8f82d440-a2ba-41b2-95bb-f7bdf7886c3c', 'df234305-8a47-4b4d-8efb-716a6b695428', '4624e131-b1c1-4083-92ab-3e5e130ed2f3', 'Cybersecurity');
INSERT INTO `department` (`uuid`, `tenant_id`, `client_id`, `department`) VALUES ('c6a260b7-ea7e-45b4-8136-e05bc4e7ab21', 'df234305-8a47-4b4d-8efb-716a6b695428', '4624e131-b1c1-4083-92ab-3e5e130ed2f3', 'Biomedical');
INSERT INTO `department` (`uuid`, `tenant_id`, `client_id`, `department`) VALUES ('e7275493-69d1-4ad6-abb2-cdfd15a9c4db', 'df234305-8a47-4b4d-8efb-716a6b695428', '4624e131-b1c1-4083-92ab-3e5e130ed2f3', 'AI Solutions');
INSERT INTO `department` (`uuid`, `tenant_id`, `client_id`, `department`) VALUES ('6e5c1727-720a-4e08-97a8-84452b421f96', 'df234305-8a47-4b4d-8efb-716a6b695428', '4624e131-b1c1-4083-92ab-3e5e130ed2f3', 'Civil Systems');
INSERT INTO `department` (`uuid`, `tenant_id`, `client_id`, `department`) VALUES ('3268e7ea-1356-41c2-8169-84c484d7814b', 'df234305-8a47-4b4d-8efb-716a6b695428', '4624e131-b1c1-4083-92ab-3e5e130ed2f3', 'Aerospace');
INSERT INTO `department` (`uuid`, `tenant_id`, `client_id`, `department`) VALUES ('62c8cca7-8cd0-4c23-b592-22e0076fc3b8', 'df234305-8a47-4b4d-8efb-716a6b695428', '4624e131-b1c1-4083-92ab-3e5e130ed2f3', 'Robotics');
INSERT INTO `client_division` (`id`, `division_name`, `tenant_id`, `client_id`, `is_active`) VALUES ('13b0e951-58aa-4300-8b35-7dddeb839646', 'Core Tech', 'df234305-8a47-4b4d-8efb-716a6b695428', '4624e131-b1c1-4083-92ab-3e5e130ed2f3', 1);
INSERT INTO `client_division` (`id`, `division_name`, `tenant_id`, `client_id`, `is_active`) VALUES ('b6439d28-0782-4d73-ba54-bd94c07913db', 'Innovation Lab', 'df234305-8a47-4b4d-8efb-716a6b695428', '4624e131-b1c1-4083-92ab-3e5e130ed2f3', 1);
INSERT INTO `client_division` (`id`, `division_name`, `tenant_id`, `client_id`, `is_active`) VALUES ('77a82f69-e4ff-41d4-b932-e9bbfef99ede', 'Product Dev', 'df234305-8a47-4b4d-8efb-716a6b695428', '4624e131-b1c1-4083-92ab-3e5e130ed2f3', 1);
INSERT INTO `client_division` (`id`, `division_name`, `tenant_id`, `client_id`, `is_active`) VALUES ('88e036e3-e8e1-4ecd-8e0a-2ac078caa454', 'R&D', 'df234305-8a47-4b4d-8efb-716a6b695428', '4624e131-b1c1-4083-92ab-3e5e130ed2f3', 1);
INSERT INTO `client_division` (`id`, `division_name`, `tenant_id`, `client_id`, `is_active`) VALUES ('326c083a-29e6-47df-9f0d-a3b1299c04e0', 'Engineering', 'df234305-8a47-4b4d-8efb-716a6b695428', '4624e131-b1c1-4083-92ab-3e5e130ed2f3', 1);
INSERT INTO `client` (`uuid`, `tenant_id`, `client_name`, `client_code`, `is_active`) VALUES ('9f8c7cbf-db19-4c0d-b04d-c8cbc6e3d821', 'df234305-8a47-4b4d-8efb-716a6b695428', 'Lynn-Mejia', 1099, 1);
INSERT INTO `department` (`uuid`, `tenant_id`, `client_id`, `department`) VALUES ('8002460f-0998-49da-a46a-242cabfd9093', 'df234305-8a47-4b4d-8efb-716a6b695428', '9f8c7cbf-db19-4c0d-b04d-c8cbc6e3d821', 'Robotics');
INSERT INTO `department` (`uuid`, `tenant_id`, `client_id`, `department`) VALUES ('223eaecd-3e46-47ab-b929-f5146199db56', 'df234305-8a47-4b4d-8efb-716a6b695428', '9f8c7cbf-db19-4c0d-b04d-c8cbc6e3d821', 'AI Solutions');
INSERT INTO `department` (`uuid`, `tenant_id`, `client_id`, `department`) VALUES ('46a545f5-4ee1-4e1d-ab88-f5a85f0d4059', 'df234305-8a47-4b4d-8efb-716a6b695428', '9f8c7cbf-db19-4c0d-b04d-c8cbc6e3d821', 'Aerospace');
INSERT INTO `department` (`uuid`, `tenant_id`, `client_id`, `department`) VALUES ('ea1c563b-314d-40a0-8846-9fe1f61c41d7', 'df234305-8a47-4b4d-8efb-716a6b695428', '9f8c7cbf-db19-4c0d-b04d-c8cbc6e3d821', 'Civil Systems');
INSERT INTO `department` (`uuid`, `tenant_id`, `client_id`, `department`) VALUES ('95924d7c-d68a-4475-bfa7-21fcda43051a', 'df234305-8a47-4b4d-8efb-716a6b695428', '9f8c7cbf-db19-4c0d-b04d-c8cbc6e3d821', 'Cybersecurity');
INSERT INTO `department` (`uuid`, `tenant_id`, `client_id`, `department`) VALUES ('a85e02a0-a695-490a-8c24-d2890a7b6962', 'df234305-8a47-4b4d-8efb-716a6b695428', '9f8c7cbf-db19-4c0d-b04d-c8cbc6e3d821', 'Biomedical');
INSERT INTO `client_division` (`id`, `division_name`, `tenant_id`, `client_id`, `is_active`) VALUES ('952ff14a-032a-4611-be54-c68281357c80', 'R&D', 'df234305-8a47-4b4d-8efb-716a6b695428', '9f8c7cbf-db19-4c0d-b04d-c8cbc6e3d821', 1);
INSERT INTO `client_division` (`id`, `division_name`, `tenant_id`, `client_id`, `is_active`) VALUES ('c4eae14e-9a67-4d54-bf0c-e80a04e84e7b', 'Innovation Lab', 'df234305-8a47-4b4d-8efb-716a6b695428', '9f8c7cbf-db19-4c0d-b04d-c8cbc6e3d821', 1);
INSERT INTO `client_division` (`id`, `division_name`, `tenant_id`, `client_id`, `is_active`) VALUES ('9458a4f2-2339-4e8f-9159-41bb24074bb1', 'Engineering', 'df234305-8a47-4b4d-8efb-716a6b695428', '9f8c7cbf-db19-4c0d-b04d-c8cbc6e3d821', 1);
INSERT INTO `client_division` (`id`, `division_name`, `tenant_id`, `client_id`, `is_active`) VALUES ('917f44d6-f8bd-4013-9168-5c531fff0aee', 'Core Tech', 'df234305-8a47-4b4d-8efb-716a6b695428', '9f8c7cbf-db19-4c0d-b04d-c8cbc6e3d821', 1);
INSERT INTO `client_division` (`id`, `division_name`, `tenant_id`, `client_id`, `is_active`) VALUES ('62de8a8d-97eb-4c75-876a-9fc2353a7740', 'Product Dev', 'df234305-8a47-4b4d-8efb-716a6b695428', '9f8c7cbf-db19-4c0d-b04d-c8cbc6e3d821', 1);
INSERT INTO `client` (`uuid`, `tenant_id`, `client_name`, `client_code`, `is_active`) VALUES ('45b84b60-a871-4c71-92a9-9e8a47622140', 'df234305-8a47-4b4d-8efb-716a6b695428', 'Young-Rodriguez', 1100, 1);
INSERT INTO `department` (`uuid`, `tenant_id`, `client_id`, `department`) VALUES ('3f49a83b-8978-4c26-905f-0ad48b434e56', 'df234305-8a47-4b4d-8efb-716a6b695428', '45b84b60-a871-4c71-92a9-9e8a47622140', 'AI Solutions');
INSERT INTO `department` (`uuid`, `tenant_id`, `client_id`, `department`) VALUES ('77c692b3-bc28-4716-bd27-5d450cdeb78a', 'df234305-8a47-4b4d-8efb-716a6b695428', '45b84b60-a871-4c71-92a9-9e8a47622140', 'Robotics');
INSERT INTO `department` (`uuid`, `tenant_id`, `client_id`, `department`) VALUES ('b2d2aaf1-7507-4d57-b129-73537f283ced', 'df234305-8a47-4b4d-8efb-716a6b695428', '45b84b60-a871-4c71-92a9-9e8a47622140', 'Civil Systems');
INSERT INTO `department` (`uuid`, `tenant_id`, `client_id`, `department`) VALUES ('b294e0da-9171-406f-9a3a-dade75d930de', 'df234305-8a47-4b4d-8efb-716a6b695428', '45b84b60-a871-4c71-92a9-9e8a47622140', 'Biomedical');
INSERT INTO `department` (`uuid`, `tenant_id`, `client_id`, `department`) VALUES ('8dbd6bf8-31ed-4cd1-b566-1cd9b0ad841c', 'df234305-8a47-4b4d-8efb-716a6b695428', '45b84b60-a871-4c71-92a9-9e8a47622140', 'Aerospace');
INSERT INTO `department` (`uuid`, `tenant_id`, `client_id`, `department`) VALUES ('76a7e469-c478-4a9b-a975-4d122f9e759e', 'df234305-8a47-4b4d-8efb-716a6b695428', '45b84b60-a871-4c71-92a9-9e8a47622140', 'Cybersecurity');
INSERT INTO `client_division` (`id`, `division_name`, `tenant_id`, `client_id`, `is_active`) VALUES ('a4b1304c-0a1f-4a6a-8c25-7de363e15308', 'Innovation Lab', 'df234305-8a47-4b4d-8efb-716a6b695428', '45b84b60-a871-4c71-92a9-9e8a47622140', 1);
INSERT INTO `client_division` (`id`, `division_name`, `tenant_id`, `client_id`, `is_active`) VALUES ('705ca00f-0c50-4de0-bff4-f1be5ea024cf', 'Engineering', 'df234305-8a47-4b4d-8efb-716a6b695428', '45b84b60-a871-4c71-92a9-9e8a47622140', 1);
INSERT INTO `client_division` (`id`, `division_name`, `tenant_id`, `client_id`, `is_active`) VALUES ('d375bfe0-c7e1-4691-96be-9fed9b51a17a', 'R&D', 'df234305-8a47-4b4d-8efb-716a6b695428', '45b84b60-a871-4c71-92a9-9e8a47622140', 1);
INSERT INTO `client_division` (`id`, `division_name`, `tenant_id`, `client_id`, `is_active`) VALUES ('e71fef77-9541-4f72-88f6-856e292cb70c', 'Product Dev', 'df234305-8a47-4b4d-8efb-716a6b695428', '45b84b60-a871-4c71-92a9-9e8a47622140', 1);
INSERT INTO `client_division` (`id`, `division_name`, `tenant_id`, `client_id`, `is_active`) VALUES ('99e3ac82-2cb4-4f9c-90a8-44ed3eb11b57', 'Core Tech', 'df234305-8a47-4b4d-8efb-716a6b695428', '45b84b60-a871-4c71-92a9-9e8a47622140', 1);
INSERT INTO `client` (`uuid`, `tenant_id`, `client_name`, `client_code`, `is_active`) VALUES ('c0fa91d7-54b6-490b-a354-e4e1504b6876', 'df234305-8a47-4b4d-8efb-716a6b695428', 'Lee, Jackson and Walker', 1101, 1);
INSERT INTO `department` (`uuid`, `tenant_id`, `client_id`, `department`) VALUES ('69b0dd6b-d38d-4d08-9ffb-64cdabe8a944', 'df234305-8a47-4b4d-8efb-716a6b695428', 'c0fa91d7-54b6-490b-a354-e4e1504b6876', 'Robotics');
INSERT INTO `department` (`uuid`, `tenant_id`, `client_id`, `department`) VALUES ('bf35e863-c063-4730-97c2-3fbb1e65fccf', 'df234305-8a47-4b4d-8efb-716a6b695428', 'c0fa91d7-54b6-490b-a354-e4e1504b6876', 'AI Solutions');
INSERT INTO `department` (`uuid`, `tenant_id`, `client_id`, `department`) VALUES ('b7067e1d-c87e-4a76-818d-16f43a908e8e', 'df234305-8a47-4b4d-8efb-716a6b695428', 'c0fa91d7-54b6-490b-a354-e4e1504b6876', 'Civil Systems');
INSERT INTO `department` (`uuid`, `tenant_id`, `client_id`, `department`) VALUES ('f45c509e-26dc-448c-b10f-6f4b6904bb22', 'df234305-8a47-4b4d-8efb-716a6b695428', 'c0fa91d7-54b6-490b-a354-e4e1504b6876', 'Aerospace');
INSERT INTO `client_division` (`id`, `division_name`, `tenant_id`, `client_id`, `is_active`) VALUES ('b8cbfe34-3775-4479-a7ba-b5fc9b5c40d3', 'Product Dev', 'df234305-8a47-4b4d-8efb-716a6b695428', 'c0fa91d7-54b6-490b-a354-e4e1504b6876', 1);
INSERT INTO `client_division` (`id`, `division_name`, `tenant_id`, `client_id`, `is_active`) VALUES ('3c060f0d-51d7-4f60-abf2-dd58ef88ff0b', 'R&D', 'df234305-8a47-4b4d-8efb-716a6b695428', 'c0fa91d7-54b6-490b-a354-e4e1504b6876', 1);
INSERT INTO `client_division` (`id`, `division_name`, `tenant_id`, `client_id`, `is_active`) VALUES ('7627e9af-ebad-4046-b445-a4b15ba4aa36', 'Innovation Lab', 'df234305-8a47-4b4d-8efb-716a6b695428', 'c0fa91d7-54b6-490b-a354-e4e1504b6876', 1);
INSERT INTO `client_division` (`id`, `division_name`, `tenant_id`, `client_id`, `is_active`) VALUES ('263c11c5-adc0-4657-8711-e2397ad1d162', 'Core Tech', 'df234305-8a47-4b4d-8efb-716a6b695428', 'c0fa91d7-54b6-490b-a354-e4e1504b6876', 1);
INSERT INTO `client_division` (`id`, `division_name`, `tenant_id`, `client_id`, `is_active`) VALUES ('78a3119b-6fb9-4774-8e91-972221c83e1e', 'Engineering', 'df234305-8a47-4b4d-8efb-716a6b695428', 'c0fa91d7-54b6-490b-a354-e4e1504b6876', 1);
INSERT INTO `client` (`uuid`, `tenant_id`, `client_name`, `client_code`, `is_active`) VALUES ('bad8b86e-95fd-4b17-99b5-fc08002b9d3c', 'df234305-8a47-4b4d-8efb-716a6b695428', 'Davis and Sons', 1102, 1);
INSERT INTO `department` (`uuid`, `tenant_id`, `client_id`, `department`) VALUES ('67408670-8387-4bd1-89f2-811d466305f5', 'df234305-8a47-4b4d-8efb-716a6b695428', 'bad8b86e-95fd-4b17-99b5-fc08002b9d3c', 'Biomedical');
INSERT INTO `department` (`uuid`, `tenant_id`, `client_id`, `department`) VALUES ('bcad04a7-fc29-4ef0-a87e-35a99843f69b', 'df234305-8a47-4b4d-8efb-716a6b695428', 'bad8b86e-95fd-4b17-99b5-fc08002b9d3c', 'AI Solutions');
INSERT INTO `department` (`uuid`, `tenant_id`, `client_id`, `department`) VALUES ('210ec232-25e2-4fc2-8040-9a6da740dd07', 'df234305-8a47-4b4d-8efb-716a6b695428', 'bad8b86e-95fd-4b17-99b5-fc08002b9d3c', 'Aerospace');
INSERT INTO `department` (`uuid`, `tenant_id`, `client_id`, `department`) VALUES ('eae25f68-e874-4487-8a60-24337d32e683', 'df234305-8a47-4b4d-8efb-716a6b695428', 'bad8b86e-95fd-4b17-99b5-fc08002b9d3c', 'Robotics');
INSERT INTO `department` (`uuid`, `tenant_id`, `client_id`, `department`) VALUES ('c427d2a6-35fb-4054-a6ea-b147e4a98e56', 'df234305-8a47-4b4d-8efb-716a6b695428', 'bad8b86e-95fd-4b17-99b5-fc08002b9d3c', 'Cybersecurity');
INSERT INTO `department` (`uuid`, `tenant_id`, `client_id`, `department`) VALUES ('0d634477-84a3-4654-8409-161498552b7c', 'df234305-8a47-4b4d-8efb-716a6b695428', 'bad8b86e-95fd-4b17-99b5-fc08002b9d3c', 'Civil Systems');
INSERT INTO `client_division` (`id`, `division_name`, `tenant_id`, `client_id`, `is_active`) VALUES ('d1bcd86a-ac9f-4309-a7c7-57d7693834d8', 'Engineering', 'df234305-8a47-4b4d-8efb-716a6b695428', 'bad8b86e-95fd-4b17-99b5-fc08002b9d3c', 1);
INSERT INTO `client_division` (`id`, `division_name`, `tenant_id`, `client_id`, `is_active`) VALUES ('c861d307-9f45-42f7-ab3b-0c19c82a6cac', 'Product Dev', 'df234305-8a47-4b4d-8efb-716a6b695428', 'bad8b86e-95fd-4b17-99b5-fc08002b9d3c', 1);
INSERT INTO `client_division` (`id`, `division_name`, `tenant_id`, `client_id`, `is_active`) VALUES ('2c957a0a-3222-4b13-9ff7-a8f4716f1228', 'Core Tech', 'df234305-8a47-4b4d-8efb-716a6b695428', 'bad8b86e-95fd-4b17-99b5-fc08002b9d3c', 1);
INSERT INTO `client_division` (`id`, `division_name`, `tenant_id`, `client_id`, `is_active`) VALUES ('ce799b36-4a6e-4703-90b9-4ff08ed6637f', 'R&D', 'df234305-8a47-4b4d-8efb-716a6b695428', 'bad8b86e-95fd-4b17-99b5-fc08002b9d3c', 1);
INSERT INTO `client_division` (`id`, `division_name`, `tenant_id`, `client_id`, `is_active`) VALUES ('8b29e330-b040-4c1f-bfe8-7d7a411134be', 'Innovation Lab', 'df234305-8a47-4b4d-8efb-716a6b695428', 'bad8b86e-95fd-4b17-99b5-fc08002b9d3c', 1);
INSERT INTO `client` (`uuid`, `tenant_id`, `client_name`, `client_code`, `is_active`) VALUES ('9a109214-4473-4436-a669-bee6d01b411f', 'df234305-8a47-4b4d-8efb-716a6b695428', 'Diaz-Boyd', 1103, 1);
INSERT INTO `department` (`uuid`, `tenant_id`, `client_id`, `department`) VALUES ('7601dd5a-5456-42bd-8988-3e0027b62a9a', 'df234305-8a47-4b4d-8efb-716a6b695428', '9a109214-4473-4436-a669-bee6d01b411f', 'Aerospace');
INSERT INTO `department` (`uuid`, `tenant_id`, `client_id`, `department`) VALUES ('a82714cf-d70f-4c27-9aa4-c66f1e03c085', 'df234305-8a47-4b4d-8efb-716a6b695428', '9a109214-4473-4436-a669-bee6d01b411f', 'AI Solutions');
INSERT INTO `department` (`uuid`, `tenant_id`, `client_id`, `department`) VALUES ('e8e86249-5192-49bd-be68-5f4f03db0603', 'df234305-8a47-4b4d-8efb-716a6b695428', '9a109214-4473-4436-a669-bee6d01b411f', 'Robotics');
INSERT INTO `department` (`uuid`, `tenant_id`, `client_id`, `department`) VALUES ('a50df1b6-f1d1-4b40-8f91-1625df8100cf', 'df234305-8a47-4b4d-8efb-716a6b695428', '9a109214-4473-4436-a669-bee6d01b411f', 'Biomedical');
INSERT INTO `department` (`uuid`, `tenant_id`, `client_id`, `department`) VALUES ('1069637c-6489-4850-950c-8477b335e01b', 'df234305-8a47-4b4d-8efb-716a6b695428', '9a109214-4473-4436-a669-bee6d01b411f', 'Civil Systems');
INSERT INTO `department` (`uuid`, `tenant_id`, `client_id`, `department`) VALUES ('bcf6a7df-6528-49a5-9624-585ca31112d6', 'df234305-8a47-4b4d-8efb-716a6b695428', '9a109214-4473-4436-a669-bee6d01b411f', 'Cybersecurity');
INSERT INTO `client_division` (`id`, `division_name`, `tenant_id`, `client_id`, `is_active`) VALUES ('70f3cd30-8424-4945-b048-a4748edd0288', 'Engineering', 'df234305-8a47-4b4d-8efb-716a6b695428', '9a109214-4473-4436-a669-bee6d01b411f', 1);
INSERT INTO `client_division` (`id`, `division_name`, `tenant_id`, `client_id`, `is_active`) VALUES ('212c39a0-4227-4d69-bb21-846d9180b478', 'Product Dev', 'df234305-8a47-4b4d-8efb-716a6b695428', '9a109214-4473-4436-a669-bee6d01b411f', 1);
INSERT INTO `client_division` (`id`, `division_name`, `tenant_id`, `client_id`, `is_active`) VALUES ('e8a7e3c5-e58c-4e7d-b10f-c04f57a76309', 'Innovation Lab', 'df234305-8a47-4b4d-8efb-716a6b695428', '9a109214-4473-4436-a669-bee6d01b411f', 1);
INSERT INTO `client_division` (`id`, `division_name`, `tenant_id`, `client_id`, `is_active`) VALUES ('529f6e55-b78b-49e2-804e-ecc2e4c4e323', 'R&D', 'df234305-8a47-4b4d-8efb-716a6b695428', '9a109214-4473-4436-a669-bee6d01b411f', 1);
INSERT INTO `client_division` (`id`, `division_name`, `tenant_id`, `client_id`, `is_active`) VALUES ('ee9e7070-a1ce-4704-9607-2631eaf12e2b', 'Core Tech', 'df234305-8a47-4b4d-8efb-716a6b695428', '9a109214-4473-4436-a669-bee6d01b411f', 1);
INSERT INTO `client` (`uuid`, `tenant_id`, `client_name`, `client_code`, `is_active`) VALUES ('a408c9dc-3b6d-4bbd-9ef9-8f0d98e698a6', 'df234305-8a47-4b4d-8efb-716a6b695428', 'Herrera Ltd', 1104, 1);
INSERT INTO `department` (`uuid`, `tenant_id`, `client_id`, `department`) VALUES ('69169fa2-99a1-465c-9ee0-32711f155ede', 'df234305-8a47-4b4d-8efb-716a6b695428', 'a408c9dc-3b6d-4bbd-9ef9-8f0d98e698a6', 'Cybersecurity');
INSERT INTO `department` (`uuid`, `tenant_id`, `client_id`, `department`) VALUES ('fe03764e-87e6-4060-acbb-083fb75169d1', 'df234305-8a47-4b4d-8efb-716a6b695428', 'a408c9dc-3b6d-4bbd-9ef9-8f0d98e698a6', 'Robotics');
INSERT INTO `department` (`uuid`, `tenant_id`, `client_id`, `department`) VALUES ('21a6783d-e4bc-47b3-8b5c-c81be02b8232', 'df234305-8a47-4b4d-8efb-716a6b695428', 'a408c9dc-3b6d-4bbd-9ef9-8f0d98e698a6', 'Biomedical');
INSERT INTO `department` (`uuid`, `tenant_id`, `client_id`, `department`) VALUES ('961d63e1-de36-4de3-8109-2be958a449cd', 'df234305-8a47-4b4d-8efb-716a6b695428', 'a408c9dc-3b6d-4bbd-9ef9-8f0d98e698a6', 'Aerospace');
INSERT INTO `department` (`uuid`, `tenant_id`, `client_id`, `department`) VALUES ('6377d1f4-dec3-45b2-9de9-1ab382825d4b', 'df234305-8a47-4b4d-8efb-716a6b695428', 'a408c9dc-3b6d-4bbd-9ef9-8f0d98e698a6', 'Civil Systems');
INSERT INTO `client_division` (`id`, `division_name`, `tenant_id`, `client_id`, `is_active`) VALUES ('1bc86f22-2ea9-4d44-9a56-51d473693a9b', 'Innovation Lab', 'df234305-8a47-4b4d-8efb-716a6b695428', 'a408c9dc-3b6d-4bbd-9ef9-8f0d98e698a6', 1);
INSERT INTO `client_division` (`id`, `division_name`, `tenant_id`, `client_id`, `is_active`) VALUES ('c20dde2a-8341-4eab-a94f-ed25b1e74b18', 'R&D', 'df234305-8a47-4b4d-8efb-716a6b695428', 'a408c9dc-3b6d-4bbd-9ef9-8f0d98e698a6', 1);
INSERT INTO `client_division` (`id`, `division_name`, `tenant_id`, `client_id`, `is_active`) VALUES ('69dc0161-59cd-44fa-9c98-00148a0e4605', 'Engineering', 'df234305-8a47-4b4d-8efb-716a6b695428', 'a408c9dc-3b6d-4bbd-9ef9-8f0d98e698a6', 1);
INSERT INTO `client_division` (`id`, `division_name`, `tenant_id`, `client_id`, `is_active`) VALUES ('8e831ca3-d5ce-4237-85d9-a09e2bb8268c', 'Product Dev', 'df234305-8a47-4b4d-8efb-716a6b695428', 'a408c9dc-3b6d-4bbd-9ef9-8f0d98e698a6', 1);
INSERT INTO `client_division` (`id`, `division_name`, `tenant_id`, `client_id`, `is_active`) VALUES ('b3765ca4-2206-46fa-b1a7-4fa46263bce3', 'Core Tech', 'df234305-8a47-4b4d-8efb-716a6b695428', 'a408c9dc-3b6d-4bbd-9ef9-8f0d98e698a6', 1);
INSERT INTO `client` (`uuid`, `tenant_id`, `client_name`, `client_code`, `is_active`) VALUES ('470bf509-9865-4a3f-89d5-76c4d990448a', 'df234305-8a47-4b4d-8efb-716a6b695428', 'Andrews-Osborne', 1105, 1);
INSERT INTO `department` (`uuid`, `tenant_id`, `client_id`, `department`) VALUES ('88390bee-1bc4-45fc-9d20-052319f1aa39', 'df234305-8a47-4b4d-8efb-716a6b695428', '470bf509-9865-4a3f-89d5-76c4d990448a', 'Biomedical');
INSERT INTO `department` (`uuid`, `tenant_id`, `client_id`, `department`) VALUES ('6e45a6e6-29f8-4b62-b90e-e19b66cd1b9a', 'df234305-8a47-4b4d-8efb-716a6b695428', '470bf509-9865-4a3f-89d5-76c4d990448a', 'Civil Systems');
INSERT INTO `department` (`uuid`, `tenant_id`, `client_id`, `department`) VALUES ('ca8ca237-6c17-4787-9fad-0bd579d19c7f', 'df234305-8a47-4b4d-8efb-716a6b695428', '470bf509-9865-4a3f-89d5-76c4d990448a', 'Aerospace');
INSERT INTO `department` (`uuid`, `tenant_id`, `client_id`, `department`) VALUES ('a18bfc83-0418-448d-85b5-94155d05fc11', 'df234305-8a47-4b4d-8efb-716a6b695428', '470bf509-9865-4a3f-89d5-76c4d990448a', 'Robotics');
INSERT INTO `department` (`uuid`, `tenant_id`, `client_id`, `department`) VALUES ('aed8aede-6cab-4413-8237-19ae8343e69f', 'df234305-8a47-4b4d-8efb-716a6b695428', '470bf509-9865-4a3f-89d5-76c4d990448a', 'AI Solutions');
INSERT INTO `department` (`uuid`, `tenant_id`, `client_id`, `department`) VALUES ('93fc89ee-b178-4bcb-aeca-bd0339b345f5', 'df234305-8a47-4b4d-8efb-716a6b695428', '470bf509-9865-4a3f-89d5-76c4d990448a', 'Cybersecurity');
INSERT INTO `client_division` (`id`, `division_name`, `tenant_id`, `client_id`, `is_active`) VALUES ('b51047d3-2a97-42af-bbc5-4de5fc668098', 'Innovation Lab', 'df234305-8a47-4b4d-8efb-716a6b695428', '470bf509-9865-4a3f-89d5-76c4d990448a', 1);
INSERT INTO `client_division` (`id`, `division_name`, `tenant_id`, `client_id`, `is_active`) VALUES ('fc169253-5827-48a4-abce-052529f04973', 'Product Dev', 'df234305-8a47-4b4d-8efb-716a6b695428', '470bf509-9865-4a3f-89d5-76c4d990448a', 1);
INSERT INTO `client_division` (`id`, `division_name`, `tenant_id`, `client_id`, `is_active`) VALUES ('76f201dd-6ac6-42b4-b1a9-354822685d8d', 'Engineering', 'df234305-8a47-4b4d-8efb-716a6b695428', '470bf509-9865-4a3f-89d5-76c4d990448a', 1);
INSERT INTO `client_division` (`id`, `division_name`, `tenant_id`, `client_id`, `is_active`) VALUES ('4f5ca497-55ad-4860-8e48-7ff2d7274612', 'Core Tech', 'df234305-8a47-4b4d-8efb-716a6b695428', '470bf509-9865-4a3f-89d5-76c4d990448a', 1);
INSERT INTO `client_division` (`id`, `division_name`, `tenant_id`, `client_id`, `is_active`) VALUES ('aebe0746-f516-4ebd-aa53-9c7e7b457165', 'R&D', 'df234305-8a47-4b4d-8efb-716a6b695428', '470bf509-9865-4a3f-89d5-76c4d990448a', 1);
INSERT INTO `client` (`uuid`, `tenant_id`, `client_name`, `client_code`, `is_active`) VALUES ('ddd2154f-d379-43a0-b5c8-56758e991747', 'df234305-8a47-4b4d-8efb-716a6b695428', 'Walker, Burton and Knight', 1106, 1);
INSERT INTO `department` (`uuid`, `tenant_id`, `client_id`, `department`) VALUES ('9a58918a-7f58-473f-849b-f843cd70df00', 'df234305-8a47-4b4d-8efb-716a6b695428', 'ddd2154f-d379-43a0-b5c8-56758e991747', 'Robotics');
INSERT INTO `department` (`uuid`, `tenant_id`, `client_id`, `department`) VALUES ('be7c2eec-d091-4165-b4d2-dc961e79586c', 'df234305-8a47-4b4d-8efb-716a6b695428', 'ddd2154f-d379-43a0-b5c8-56758e991747', 'Cybersecurity');
INSERT INTO `department` (`uuid`, `tenant_id`, `client_id`, `department`) VALUES ('a480919e-22aa-4e8a-b57c-d7d56013d931', 'df234305-8a47-4b4d-8efb-716a6b695428', 'ddd2154f-d379-43a0-b5c8-56758e991747', 'Aerospace');
INSERT INTO `department` (`uuid`, `tenant_id`, `client_id`, `department`) VALUES ('f90f1fcb-c765-4a02-8f2a-ab51df0a36a9', 'df234305-8a47-4b4d-8efb-716a6b695428', 'ddd2154f-d379-43a0-b5c8-56758e991747', 'Civil Systems');
INSERT INTO `department` (`uuid`, `tenant_id`, `client_id`, `department`) VALUES ('14bba242-cfc1-46bd-b58d-19efd140d1a9', 'df234305-8a47-4b4d-8efb-716a6b695428', 'ddd2154f-d379-43a0-b5c8-56758e991747', 'AI Solutions');
INSERT INTO `department` (`uuid`, `tenant_id`, `client_id`, `department`) VALUES ('3011e322-5e0c-4b6d-8cfa-5ca4589ba3e6', 'df234305-8a47-4b4d-8efb-716a6b695428', 'ddd2154f-d379-43a0-b5c8-56758e991747', 'Biomedical');
INSERT INTO `client_division` (`id`, `division_name`, `tenant_id`, `client_id`, `is_active`) VALUES ('aaba9d36-7456-45d0-89dd-1b07b7c1fb8f', 'Product Dev', 'df234305-8a47-4b4d-8efb-716a6b695428', 'ddd2154f-d379-43a0-b5c8-56758e991747', 1);
INSERT INTO `client_division` (`id`, `division_name`, `tenant_id`, `client_id`, `is_active`) VALUES ('8a505694-4e6f-428d-bf7e-7e49b06b7a07', 'Core Tech', 'df234305-8a47-4b4d-8efb-716a6b695428', 'ddd2154f-d379-43a0-b5c8-56758e991747', 1);
INSERT INTO `client_division` (`id`, `division_name`, `tenant_id`, `client_id`, `is_active`) VALUES ('0471bdfe-9939-475f-96ed-56c11af24429', 'Innovation Lab', 'df234305-8a47-4b4d-8efb-716a6b695428', 'ddd2154f-d379-43a0-b5c8-56758e991747', 1);
INSERT INTO `client_division` (`id`, `division_name`, `tenant_id`, `client_id`, `is_active`) VALUES ('1e231440-66ba-4b9e-bb4e-a70411e7a991', 'R&D', 'df234305-8a47-4b4d-8efb-716a6b695428', 'ddd2154f-d379-43a0-b5c8-56758e991747', 1);
INSERT INTO `client_division` (`id`, `division_name`, `tenant_id`, `client_id`, `is_active`) VALUES ('0bc15118-1f6a-424f-8d4c-79d40e019f4e', 'Engineering', 'df234305-8a47-4b4d-8efb-716a6b695428', 'ddd2154f-d379-43a0-b5c8-56758e991747', 1);
INSERT INTO `client` (`uuid`, `tenant_id`, `client_name`, `client_code`, `is_active`) VALUES ('4bdd7f76-310c-43d9-8045-f1e0f9680126', 'df234305-8a47-4b4d-8efb-716a6b695428', 'Marshall, Clayton and Green', 1107, 1);
INSERT INTO `department` (`uuid`, `tenant_id`, `client_id`, `department`) VALUES ('61055459-fb5f-42a2-aca7-93223870ce76', 'df234305-8a47-4b4d-8efb-716a6b695428', '4bdd7f76-310c-43d9-8045-f1e0f9680126', 'Aerospace');
INSERT INTO `department` (`uuid`, `tenant_id`, `client_id`, `department`) VALUES ('e653a070-d79a-4cb6-ae35-49cacaa07b8e', 'df234305-8a47-4b4d-8efb-716a6b695428', '4bdd7f76-310c-43d9-8045-f1e0f9680126', 'Robotics');
INSERT INTO `department` (`uuid`, `tenant_id`, `client_id`, `department`) VALUES ('55d9c2f8-f142-49fc-a388-56cee46bbbd1', 'df234305-8a47-4b4d-8efb-716a6b695428', '4bdd7f76-310c-43d9-8045-f1e0f9680126', 'AI Solutions');
INSERT INTO `department` (`uuid`, `tenant_id`, `client_id`, `department`) VALUES ('d727bf70-49f9-4708-952d-282386866657', 'df234305-8a47-4b4d-8efb-716a6b695428', '4bdd7f76-310c-43d9-8045-f1e0f9680126', 'Civil Systems');
INSERT INTO `department` (`uuid`, `tenant_id`, `client_id`, `department`) VALUES ('4d0ed3bc-dc49-4ca1-97df-92e7d75b21b8', 'df234305-8a47-4b4d-8efb-716a6b695428', '4bdd7f76-310c-43d9-8045-f1e0f9680126', 'Cybersecurity');
INSERT INTO `department` (`uuid`, `tenant_id`, `client_id`, `department`) VALUES ('3f03b303-e0cd-4345-b9e5-3db29ab11fa1', 'df234305-8a47-4b4d-8efb-716a6b695428', '4bdd7f76-310c-43d9-8045-f1e0f9680126', 'Biomedical');
INSERT INTO `client_division` (`id`, `division_name`, `tenant_id`, `client_id`, `is_active`) VALUES ('7b2d1343-79c1-4630-967d-3c3ad43e41e4', 'Product Dev', 'df234305-8a47-4b4d-8efb-716a6b695428', '4bdd7f76-310c-43d9-8045-f1e0f9680126', 1);
INSERT INTO `client_division` (`id`, `division_name`, `tenant_id`, `client_id`, `is_active`) VALUES ('e5f803af-11d9-4927-80d8-a4386d27b0d6', 'Engineering', 'df234305-8a47-4b4d-8efb-716a6b695428', '4bdd7f76-310c-43d9-8045-f1e0f9680126', 1);
INSERT INTO `client_division` (`id`, `division_name`, `tenant_id`, `client_id`, `is_active`) VALUES ('366ec533-d4d6-49eb-b50f-0413294ff2d8', 'Innovation Lab', 'df234305-8a47-4b4d-8efb-716a6b695428', '4bdd7f76-310c-43d9-8045-f1e0f9680126', 1);
INSERT INTO `client_division` (`id`, `division_name`, `tenant_id`, `client_id`, `is_active`) VALUES ('fd30c513-9925-4473-a95e-e0bbe6cc8687', 'R&D', 'df234305-8a47-4b4d-8efb-716a6b695428', '4bdd7f76-310c-43d9-8045-f1e0f9680126', 1);
INSERT INTO `client_division` (`id`, `division_name`, `tenant_id`, `client_id`, `is_active`) VALUES ('40d78b86-33b2-4c63-890e-32ba1c52dae3', 'Core Tech', 'df234305-8a47-4b4d-8efb-716a6b695428', '4bdd7f76-310c-43d9-8045-f1e0f9680126', 1);
INSERT INTO `client` (`uuid`, `tenant_id`, `client_name`, `client_code`, `is_active`) VALUES ('5fac2378-350a-4468-bb41-623452f1ed2b', 'df234305-8a47-4b4d-8efb-716a6b695428', 'Fletcher-Banks', 1108, 1);
INSERT INTO `department` (`uuid`, `tenant_id`, `client_id`, `department`) VALUES ('7b26c74b-7a14-4b51-924b-282511fab73f', 'df234305-8a47-4b4d-8efb-716a6b695428', '5fac2378-350a-4468-bb41-623452f1ed2b', 'AI Solutions');
INSERT INTO `department` (`uuid`, `tenant_id`, `client_id`, `department`) VALUES ('8c4c4429-27d5-4412-b1c0-c7f2ea5ac365', 'df234305-8a47-4b4d-8efb-716a6b695428', '5fac2378-350a-4468-bb41-623452f1ed2b', 'Civil Systems');
INSERT INTO `department` (`uuid`, `tenant_id`, `client_id`, `department`) VALUES ('4dfcbe73-489a-4b2d-8dc9-cf4541747c1f', 'df234305-8a47-4b4d-8efb-716a6b695428', '5fac2378-350a-4468-bb41-623452f1ed2b', 'Robotics');
INSERT INTO `department` (`uuid`, `tenant_id`, `client_id`, `department`) VALUES ('c0795af4-16c8-4cc2-add7-6d938c2c71d1', 'df234305-8a47-4b4d-8efb-716a6b695428', '5fac2378-350a-4468-bb41-623452f1ed2b', 'Biomedical');
INSERT INTO `department` (`uuid`, `tenant_id`, `client_id`, `department`) VALUES ('e7011dec-5128-4fac-9b7a-0d8da0a6654a', 'df234305-8a47-4b4d-8efb-716a6b695428', '5fac2378-350a-4468-bb41-623452f1ed2b', 'Aerospace');
INSERT INTO `department` (`uuid`, `tenant_id`, `client_id`, `department`) VALUES ('ba35616f-08db-4a7a-9556-e0c5ec163881', 'df234305-8a47-4b4d-8efb-716a6b695428', '5fac2378-350a-4468-bb41-623452f1ed2b', 'Cybersecurity');
INSERT INTO `client_division` (`id`, `division_name`, `tenant_id`, `client_id`, `is_active`) VALUES ('438fc55c-2cf1-4fd7-a980-095a98446d60', 'Engineering', 'df234305-8a47-4b4d-8efb-716a6b695428', '5fac2378-350a-4468-bb41-623452f1ed2b', 1);
INSERT INTO `client_division` (`id`, `division_name`, `tenant_id`, `client_id`, `is_active`) VALUES ('79d4afc9-d846-402b-afd3-9505c893eb6b', 'R&D', 'df234305-8a47-4b4d-8efb-716a6b695428', '5fac2378-350a-4468-bb41-623452f1ed2b', 1);
INSERT INTO `client_division` (`id`, `division_name`, `tenant_id`, `client_id`, `is_active`) VALUES ('043c2b32-1b03-451e-ae4c-3a8eb8e4ff6c', 'Innovation Lab', 'df234305-8a47-4b4d-8efb-716a6b695428', '5fac2378-350a-4468-bb41-623452f1ed2b', 1);
INSERT INTO `client_division` (`id`, `division_name`, `tenant_id`, `client_id`, `is_active`) VALUES ('5331105c-2aa6-44b3-af40-b9274f088c3f', 'Core Tech', 'df234305-8a47-4b4d-8efb-716a6b695428', '5fac2378-350a-4468-bb41-623452f1ed2b', 1);
INSERT INTO `client_division` (`id`, `division_name`, `tenant_id`, `client_id`, `is_active`) VALUES ('c1581af6-399d-4a34-8c4d-ef69a2323da6', 'Product Dev', 'df234305-8a47-4b4d-8efb-716a6b695428', '5fac2378-350a-4468-bb41-623452f1ed2b', 1);
INSERT INTO `client` (`uuid`, `tenant_id`, `client_name`, `client_code`, `is_active`) VALUES ('055f435e-aa91-4ca9-9ee4-2dc731f969eb', 'df234305-8a47-4b4d-8efb-716a6b695428', 'Daniels-Anderson', 1109, 1);
INSERT INTO `department` (`uuid`, `tenant_id`, `client_id`, `department`) VALUES ('8a49d347-0cd1-437f-852c-2cc55b9e302d', 'df234305-8a47-4b4d-8efb-716a6b695428', '055f435e-aa91-4ca9-9ee4-2dc731f969eb', 'Civil Systems');
INSERT INTO `department` (`uuid`, `tenant_id`, `client_id`, `department`) VALUES ('6d3b1d87-4bbf-4186-b095-4f7e93ecbefd', 'df234305-8a47-4b4d-8efb-716a6b695428', '055f435e-aa91-4ca9-9ee4-2dc731f969eb', 'Robotics');
INSERT INTO `department` (`uuid`, `tenant_id`, `client_id`, `department`) VALUES ('ad66831a-fe37-4ab7-af21-58e872190072', 'df234305-8a47-4b4d-8efb-716a6b695428', '055f435e-aa91-4ca9-9ee4-2dc731f969eb', 'Aerospace');
INSERT INTO `department` (`uuid`, `tenant_id`, `client_id`, `department`) VALUES ('2ce23d56-9e2e-465d-b432-c0b55944aa07', 'df234305-8a47-4b4d-8efb-716a6b695428', '055f435e-aa91-4ca9-9ee4-2dc731f969eb', 'Biomedical');
INSERT INTO `department` (`uuid`, `tenant_id`, `client_id`, `department`) VALUES ('38212ece-b936-48ec-8eb0-2cbcfc162a99', 'df234305-8a47-4b4d-8efb-716a6b695428', '055f435e-aa91-4ca9-9ee4-2dc731f969eb', 'AI Solutions');
INSERT INTO `department` (`uuid`, `tenant_id`, `client_id`, `department`) VALUES ('987d9ad9-00e2-4d5a-bfec-309df7426297', 'df234305-8a47-4b4d-8efb-716a6b695428', '055f435e-aa91-4ca9-9ee4-2dc731f969eb', 'Cybersecurity');
INSERT INTO `client_division` (`id`, `division_name`, `tenant_id`, `client_id`, `is_active`) VALUES ('10722e1d-cb74-40a9-8caa-f794120770a3', 'Engineering', 'df234305-8a47-4b4d-8efb-716a6b695428', '055f435e-aa91-4ca9-9ee4-2dc731f969eb', 1);
INSERT INTO `client_division` (`id`, `division_name`, `tenant_id`, `client_id`, `is_active`) VALUES ('50634b67-db13-4499-8b72-ef110b1c509e', 'Innovation Lab', 'df234305-8a47-4b4d-8efb-716a6b695428', '055f435e-aa91-4ca9-9ee4-2dc731f969eb', 1);
INSERT INTO `client_division` (`id`, `division_name`, `tenant_id`, `client_id`, `is_active`) VALUES ('4c6a7fa2-565a-4e11-b4e6-7c634d276f9e', 'Product Dev', 'df234305-8a47-4b4d-8efb-716a6b695428', '055f435e-aa91-4ca9-9ee4-2dc731f969eb', 1);
INSERT INTO `client_division` (`id`, `division_name`, `tenant_id`, `client_id`, `is_active`) VALUES ('e153088b-2a83-4e57-a247-153accc19ace', 'R&D', 'df234305-8a47-4b4d-8efb-716a6b695428', '055f435e-aa91-4ca9-9ee4-2dc731f969eb', 1);
INSERT INTO `client_division` (`id`, `division_name`, `tenant_id`, `client_id`, `is_active`) VALUES ('1b4447a9-dc93-4d32-ad5b-2702bdab3d63', 'Core Tech', 'df234305-8a47-4b4d-8efb-716a6b695428', '055f435e-aa91-4ca9-9ee4-2dc731f969eb', 1);
INSERT INTO `client` (`uuid`, `tenant_id`, `client_name`, `client_code`, `is_active`) VALUES ('0f4e56d2-26c7-4e8a-a792-7f2a2fce5f4e', 'df234305-8a47-4b4d-8efb-716a6b695428', 'Burton-Lopez', 1110, 1);
INSERT INTO `department` (`uuid`, `tenant_id`, `client_id`, `department`) VALUES ('a219012b-6cca-43ff-a362-ab8d19df82bd', 'df234305-8a47-4b4d-8efb-716a6b695428', '0f4e56d2-26c7-4e8a-a792-7f2a2fce5f4e', 'Civil Systems');
INSERT INTO `department` (`uuid`, `tenant_id`, `client_id`, `department`) VALUES ('54a74d14-8986-40a6-a2bf-ceb8e31f60bd', 'df234305-8a47-4b4d-8efb-716a6b695428', '0f4e56d2-26c7-4e8a-a792-7f2a2fce5f4e', 'AI Solutions');
INSERT INTO `department` (`uuid`, `tenant_id`, `client_id`, `department`) VALUES ('8ac072e2-3607-4e92-8657-afb6916e7c22', 'df234305-8a47-4b4d-8efb-716a6b695428', '0f4e56d2-26c7-4e8a-a792-7f2a2fce5f4e', 'Cybersecurity');
INSERT INTO `department` (`uuid`, `tenant_id`, `client_id`, `department`) VALUES ('00cc0c1b-1f77-4fc2-ad3b-f4c04e5792ec', 'df234305-8a47-4b4d-8efb-716a6b695428', '0f4e56d2-26c7-4e8a-a792-7f2a2fce5f4e', 'Robotics');
INSERT INTO `department` (`uuid`, `tenant_id`, `client_id`, `department`) VALUES ('af6e2a3c-0981-4047-a16d-3904093d9b2f', 'df234305-8a47-4b4d-8efb-716a6b695428', '0f4e56d2-26c7-4e8a-a792-7f2a2fce5f4e', 'Aerospace');
INSERT INTO `client_division` (`id`, `division_name`, `tenant_id`, `client_id`, `is_active`) VALUES ('01e28ee9-cba2-4219-ae6e-568b1d3165ba', 'Innovation Lab', 'df234305-8a47-4b4d-8efb-716a6b695428', '0f4e56d2-26c7-4e8a-a792-7f2a2fce5f4e', 1);
INSERT INTO `client_division` (`id`, `division_name`, `tenant_id`, `client_id`, `is_active`) VALUES ('f56af3b5-4a65-4abf-aa26-197e13164f7d', 'Engineering', 'df234305-8a47-4b4d-8efb-716a6b695428', '0f4e56d2-26c7-4e8a-a792-7f2a2fce5f4e', 1);
INSERT INTO `client_division` (`id`, `division_name`, `tenant_id`, `client_id`, `is_active`) VALUES ('f110559c-2541-4410-949b-ff3b82bc8839', 'R&D', 'df234305-8a47-4b4d-8efb-716a6b695428', '0f4e56d2-26c7-4e8a-a792-7f2a2fce5f4e', 1);
INSERT INTO `client_division` (`id`, `division_name`, `tenant_id`, `client_id`, `is_active`) VALUES ('4e89c022-06ab-4b9a-b912-718d0499cc24', 'Core Tech', 'df234305-8a47-4b4d-8efb-716a6b695428', '0f4e56d2-26c7-4e8a-a792-7f2a2fce5f4e', 1);
INSERT INTO `client_division` (`id`, `division_name`, `tenant_id`, `client_id`, `is_active`) VALUES ('6f9109ad-f105-4842-b45a-44d70850e948', 'Product Dev', 'df234305-8a47-4b4d-8efb-716a6b695428', '0f4e56d2-26c7-4e8a-a792-7f2a2fce5f4e', 1);
INSERT INTO `client` (`uuid`, `tenant_id`, `client_name`, `client_code`, `is_active`) VALUES ('8ee40ccf-6400-43e1-a00e-ee0e47a7bb7b', 'df234305-8a47-4b4d-8efb-716a6b695428', 'Ritter and Sons', 1111, 1);
INSERT INTO `department` (`uuid`, `tenant_id`, `client_id`, `department`) VALUES ('6bc1c7d9-c880-43fb-b16f-741f81bd73ec', 'df234305-8a47-4b4d-8efb-716a6b695428', '8ee40ccf-6400-43e1-a00e-ee0e47a7bb7b', 'AI Solutions');
INSERT INTO `department` (`uuid`, `tenant_id`, `client_id`, `department`) VALUES ('b9b355d1-6125-4e98-a4cb-7c1595e0ed5c', 'df234305-8a47-4b4d-8efb-716a6b695428', '8ee40ccf-6400-43e1-a00e-ee0e47a7bb7b', 'Biomedical');
INSERT INTO `department` (`uuid`, `tenant_id`, `client_id`, `department`) VALUES ('d078b743-075c-412a-b7e1-ad41be7af16a', 'df234305-8a47-4b4d-8efb-716a6b695428', '8ee40ccf-6400-43e1-a00e-ee0e47a7bb7b', 'Cybersecurity');
INSERT INTO `department` (`uuid`, `tenant_id`, `client_id`, `department`) VALUES ('86c97551-c697-4b6b-84c0-65766009f91b', 'df234305-8a47-4b4d-8efb-716a6b695428', '8ee40ccf-6400-43e1-a00e-ee0e47a7bb7b', 'Civil Systems');
INSERT INTO `department` (`uuid`, `tenant_id`, `client_id`, `department`) VALUES ('000de4c7-7e33-4515-8755-216772e67ed2', 'df234305-8a47-4b4d-8efb-716a6b695428', '8ee40ccf-6400-43e1-a00e-ee0e47a7bb7b', 'Robotics');
INSERT INTO `department` (`uuid`, `tenant_id`, `client_id`, `department`) VALUES ('aff324ce-055a-45ec-85b4-7d0cc780db24', 'df234305-8a47-4b4d-8efb-716a6b695428', '8ee40ccf-6400-43e1-a00e-ee0e47a7bb7b', 'Aerospace');
INSERT INTO `client_division` (`id`, `division_name`, `tenant_id`, `client_id`, `is_active`) VALUES ('e62b0d48-2a99-4a5d-9582-ecc68149d0d4', 'Core Tech', 'df234305-8a47-4b4d-8efb-716a6b695428', '8ee40ccf-6400-43e1-a00e-ee0e47a7bb7b', 1);
INSERT INTO `client_division` (`id`, `division_name`, `tenant_id`, `client_id`, `is_active`) VALUES ('b76c1d47-a4df-4ee1-8ffe-59a304be9788', 'Product Dev', 'df234305-8a47-4b4d-8efb-716a6b695428', '8ee40ccf-6400-43e1-a00e-ee0e47a7bb7b', 1);
INSERT INTO `client_division` (`id`, `division_name`, `tenant_id`, `client_id`, `is_active`) VALUES ('53c63fbb-e5a1-4c6e-819d-cfd5564c15be', 'R&D', 'df234305-8a47-4b4d-8efb-716a6b695428', '8ee40ccf-6400-43e1-a00e-ee0e47a7bb7b', 1);
INSERT INTO `client_division` (`id`, `division_name`, `tenant_id`, `client_id`, `is_active`) VALUES ('990adfcf-5d1c-4023-b067-5c58699d3742', 'Innovation Lab', 'df234305-8a47-4b4d-8efb-716a6b695428', '8ee40ccf-6400-43e1-a00e-ee0e47a7bb7b', 1);
INSERT INTO `client_division` (`id`, `division_name`, `tenant_id`, `client_id`, `is_active`) VALUES ('17ea3669-6c59-4e50-ac11-6ba56fc9d0fe', 'Engineering', 'df234305-8a47-4b4d-8efb-716a6b695428', '8ee40ccf-6400-43e1-a00e-ee0e47a7bb7b', 1);
INSERT INTO `client` (`uuid`, `tenant_id`, `client_name`, `client_code`, `is_active`) VALUES ('505718a6-a784-45f2-a274-a4bfa387c100', 'df234305-8a47-4b4d-8efb-716a6b695428', 'Young Inc', 1112, 1);
INSERT INTO `department` (`uuid`, `tenant_id`, `client_id`, `department`) VALUES ('3fb1806d-d49e-485a-8f8d-ee00b5fd5fa5', 'df234305-8a47-4b4d-8efb-716a6b695428', '505718a6-a784-45f2-a274-a4bfa387c100', 'Civil Systems');
INSERT INTO `department` (`uuid`, `tenant_id`, `client_id`, `department`) VALUES ('26eb5a61-8a30-4ad8-8b2c-35cf877113fb', 'df234305-8a47-4b4d-8efb-716a6b695428', '505718a6-a784-45f2-a274-a4bfa387c100', 'AI Solutions');
INSERT INTO `department` (`uuid`, `tenant_id`, `client_id`, `department`) VALUES ('437c2aa0-618b-402c-9df2-9a70b80ec645', 'df234305-8a47-4b4d-8efb-716a6b695428', '505718a6-a784-45f2-a274-a4bfa387c100', 'Aerospace');
INSERT INTO `department` (`uuid`, `tenant_id`, `client_id`, `department`) VALUES ('0b0b1f50-3da4-4a1b-bcae-f349a681c111', 'df234305-8a47-4b4d-8efb-716a6b695428', '505718a6-a784-45f2-a274-a4bfa387c100', 'Robotics');
INSERT INTO `department` (`uuid`, `tenant_id`, `client_id`, `department`) VALUES ('54224a0c-9fab-4c95-8dae-02c2fd6d28c4', 'df234305-8a47-4b4d-8efb-716a6b695428', '505718a6-a784-45f2-a274-a4bfa387c100', 'Biomedical');
INSERT INTO `department` (`uuid`, `tenant_id`, `client_id`, `department`) VALUES ('e9214aaf-9fd5-4153-901f-4e777a3a2e9f', 'df234305-8a47-4b4d-8efb-716a6b695428', '505718a6-a784-45f2-a274-a4bfa387c100', 'Cybersecurity');
INSERT INTO `client_division` (`id`, `division_name`, `tenant_id`, `client_id`, `is_active`) VALUES ('09bfc0cb-0cf0-4641-993c-2fd89a5d2295', 'R&D', 'df234305-8a47-4b4d-8efb-716a6b695428', '505718a6-a784-45f2-a274-a4bfa387c100', 1);
INSERT INTO `client_division` (`id`, `division_name`, `tenant_id`, `client_id`, `is_active`) VALUES ('08676401-1f59-4994-8e6f-06fdbdc24489', 'Innovation Lab', 'df234305-8a47-4b4d-8efb-716a6b695428', '505718a6-a784-45f2-a274-a4bfa387c100', 1);
INSERT INTO `client_division` (`id`, `division_name`, `tenant_id`, `client_id`, `is_active`) VALUES ('a6463a0b-95f5-401b-be74-638ddc638953', 'Product Dev', 'df234305-8a47-4b4d-8efb-716a6b695428', '505718a6-a784-45f2-a274-a4bfa387c100', 1);
INSERT INTO `client_division` (`id`, `division_name`, `tenant_id`, `client_id`, `is_active`) VALUES ('f1042ece-be33-4e2a-92b4-0c429208bb7f', 'Core Tech', 'df234305-8a47-4b4d-8efb-716a6b695428', '505718a6-a784-45f2-a274-a4bfa387c100', 1);
INSERT INTO `client_division` (`id`, `division_name`, `tenant_id`, `client_id`, `is_active`) VALUES ('da00e043-c9d8-4275-b733-d7a5f054be02', 'Engineering', 'df234305-8a47-4b4d-8efb-716a6b695428', '505718a6-a784-45f2-a274-a4bfa387c100', 1);
INSERT INTO `client` (`uuid`, `tenant_id`, `client_name`, `client_code`, `is_active`) VALUES ('972a33b8-7a58-414e-b9f3-dfffe25afb09', 'df234305-8a47-4b4d-8efb-716a6b695428', 'Perez and Sons', 1113, 1);
INSERT INTO `department` (`uuid`, `tenant_id`, `client_id`, `department`) VALUES ('ba5cce81-3b84-4795-a9fc-bf1b584c9403', 'df234305-8a47-4b4d-8efb-716a6b695428', '972a33b8-7a58-414e-b9f3-dfffe25afb09', 'Cybersecurity');
INSERT INTO `department` (`uuid`, `tenant_id`, `client_id`, `department`) VALUES ('4ac6be6d-fe9d-40b7-b85e-158c63dc2bfc', 'df234305-8a47-4b4d-8efb-716a6b695428', '972a33b8-7a58-414e-b9f3-dfffe25afb09', 'Aerospace');
INSERT INTO `department` (`uuid`, `tenant_id`, `client_id`, `department`) VALUES ('4fcd1f43-2254-420c-9c6a-e27273f96b94', 'df234305-8a47-4b4d-8efb-716a6b695428', '972a33b8-7a58-414e-b9f3-dfffe25afb09', 'Robotics');
INSERT INTO `department` (`uuid`, `tenant_id`, `client_id`, `department`) VALUES ('f1067d92-18ae-4534-953c-f2b93ef662a7', 'df234305-8a47-4b4d-8efb-716a6b695428', '972a33b8-7a58-414e-b9f3-dfffe25afb09', 'Civil Systems');
INSERT INTO `department` (`uuid`, `tenant_id`, `client_id`, `department`) VALUES ('3a9606e3-bb49-44db-a576-26a3026ef5fe', 'df234305-8a47-4b4d-8efb-716a6b695428', '972a33b8-7a58-414e-b9f3-dfffe25afb09', 'Biomedical');
INSERT INTO `department` (`uuid`, `tenant_id`, `client_id`, `department`) VALUES ('c2c092af-16d7-436b-9ce4-c48dce390f0c', 'df234305-8a47-4b4d-8efb-716a6b695428', '972a33b8-7a58-414e-b9f3-dfffe25afb09', 'AI Solutions');
INSERT INTO `client_division` (`id`, `division_name`, `tenant_id`, `client_id`, `is_active`) VALUES ('91eba93f-85d1-4e0d-a7ca-b7f070ada64d', 'Product Dev', 'df234305-8a47-4b4d-8efb-716a6b695428', '972a33b8-7a58-414e-b9f3-dfffe25afb09', 1);
INSERT INTO `client_division` (`id`, `division_name`, `tenant_id`, `client_id`, `is_active`) VALUES ('4a988064-6425-4db9-8c54-06f344e3eeec', 'Innovation Lab', 'df234305-8a47-4b4d-8efb-716a6b695428', '972a33b8-7a58-414e-b9f3-dfffe25afb09', 1);
INSERT INTO `client_division` (`id`, `division_name`, `tenant_id`, `client_id`, `is_active`) VALUES ('42b8df99-66a6-4021-987b-ae561d28ee99', 'Core Tech', 'df234305-8a47-4b4d-8efb-716a6b695428', '972a33b8-7a58-414e-b9f3-dfffe25afb09', 1);
INSERT INTO `client_division` (`id`, `division_name`, `tenant_id`, `client_id`, `is_active`) VALUES ('49647508-df77-456f-91af-46656084b2d4', 'Engineering', 'df234305-8a47-4b4d-8efb-716a6b695428', '972a33b8-7a58-414e-b9f3-dfffe25afb09', 1);
INSERT INTO `client_division` (`id`, `division_name`, `tenant_id`, `client_id`, `is_active`) VALUES ('c8b89791-525e-4207-a903-29fabd136b5d', 'R&D', 'df234305-8a47-4b4d-8efb-716a6b695428', '972a33b8-7a58-414e-b9f3-dfffe25afb09', 1);
INSERT INTO `client` (`uuid`, `tenant_id`, `client_name`, `client_code`, `is_active`) VALUES ('3a149f46-bf61-45d5-960a-67fcf9f37368', 'df234305-8a47-4b4d-8efb-716a6b695428', 'Thompson PLC', 1114, 1);
INSERT INTO `department` (`uuid`, `tenant_id`, `client_id`, `department`) VALUES ('332628f2-542e-4baf-a6de-2b740142fa6a', 'df234305-8a47-4b4d-8efb-716a6b695428', '3a149f46-bf61-45d5-960a-67fcf9f37368', 'Robotics');
INSERT INTO `department` (`uuid`, `tenant_id`, `client_id`, `department`) VALUES ('7364a1ec-e6a6-4150-8b56-3c25786631d2', 'df234305-8a47-4b4d-8efb-716a6b695428', '3a149f46-bf61-45d5-960a-67fcf9f37368', 'Civil Systems');
INSERT INTO `department` (`uuid`, `tenant_id`, `client_id`, `department`) VALUES ('4d849813-b8cc-4606-8ab9-09b9ef86d07c', 'df234305-8a47-4b4d-8efb-716a6b695428', '3a149f46-bf61-45d5-960a-67fcf9f37368', 'Cybersecurity');
INSERT INTO `department` (`uuid`, `tenant_id`, `client_id`, `department`) VALUES ('b26ee3c1-8599-49b2-902a-1ac7c390ef56', 'df234305-8a47-4b4d-8efb-716a6b695428', '3a149f46-bf61-45d5-960a-67fcf9f37368', 'AI Solutions');
INSERT INTO `department` (`uuid`, `tenant_id`, `client_id`, `department`) VALUES ('9e4515ec-15fc-4fa5-90d4-7b8824c7b8ae', 'df234305-8a47-4b4d-8efb-716a6b695428', '3a149f46-bf61-45d5-960a-67fcf9f37368', 'Biomedical');
INSERT INTO `client_division` (`id`, `division_name`, `tenant_id`, `client_id`, `is_active`) VALUES ('fe8fc3ed-48b6-41ea-b8a6-500046b585d5', 'Innovation Lab', 'df234305-8a47-4b4d-8efb-716a6b695428', '3a149f46-bf61-45d5-960a-67fcf9f37368', 1);
INSERT INTO `client_division` (`id`, `division_name`, `tenant_id`, `client_id`, `is_active`) VALUES ('97cd713c-ba89-4535-916d-496212e6815d', 'Product Dev', 'df234305-8a47-4b4d-8efb-716a6b695428', '3a149f46-bf61-45d5-960a-67fcf9f37368', 1);
INSERT INTO `client_division` (`id`, `division_name`, `tenant_id`, `client_id`, `is_active`) VALUES ('17b35c03-a679-4e81-afe3-53a7e4e98211', 'Core Tech', 'df234305-8a47-4b4d-8efb-716a6b695428', '3a149f46-bf61-45d5-960a-67fcf9f37368', 1);
INSERT INTO `client_division` (`id`, `division_name`, `tenant_id`, `client_id`, `is_active`) VALUES ('78ee5d25-9d25-4cfc-ba24-b4a515b78cc6', 'R&D', 'df234305-8a47-4b4d-8efb-716a6b695428', '3a149f46-bf61-45d5-960a-67fcf9f37368', 1);
INSERT INTO `client` (`uuid`, `tenant_id`, `client_name`, `client_code`, `is_active`) VALUES ('5d370bf6-54be-4302-80a4-2c8d9cf1bc7a', 'df234305-8a47-4b4d-8efb-716a6b695428', 'Williams PLC', 1115, 1);
INSERT INTO `department` (`uuid`, `tenant_id`, `client_id`, `department`) VALUES ('814ac0b6-b72e-4109-9d34-a7400759f6e9', 'df234305-8a47-4b4d-8efb-716a6b695428', '5d370bf6-54be-4302-80a4-2c8d9cf1bc7a', 'Cybersecurity');
INSERT INTO `department` (`uuid`, `tenant_id`, `client_id`, `department`) VALUES ('795a8321-ee26-4788-965a-8c75abf5a4a9', 'df234305-8a47-4b4d-8efb-716a6b695428', '5d370bf6-54be-4302-80a4-2c8d9cf1bc7a', 'Biomedical');
INSERT INTO `department` (`uuid`, `tenant_id`, `client_id`, `department`) VALUES ('10288606-9689-4bb6-930c-06d5ded50e49', 'df234305-8a47-4b4d-8efb-716a6b695428', '5d370bf6-54be-4302-80a4-2c8d9cf1bc7a', 'Robotics');
INSERT INTO `department` (`uuid`, `tenant_id`, `client_id`, `department`) VALUES ('346393a9-1205-484d-ba50-ca0dcdbc63bc', 'df234305-8a47-4b4d-8efb-716a6b695428', '5d370bf6-54be-4302-80a4-2c8d9cf1bc7a', 'Aerospace');
INSERT INTO `department` (`uuid`, `tenant_id`, `client_id`, `department`) VALUES ('33471942-9fb7-4f56-86ae-b00f96a0d3f0', 'df234305-8a47-4b4d-8efb-716a6b695428', '5d370bf6-54be-4302-80a4-2c8d9cf1bc7a', 'Civil Systems');
INSERT INTO `client_division` (`id`, `division_name`, `tenant_id`, `client_id`, `is_active`) VALUES ('e451cfb8-4c41-4540-86c5-8a02a0ac87b5', 'Product Dev', 'df234305-8a47-4b4d-8efb-716a6b695428', '5d370bf6-54be-4302-80a4-2c8d9cf1bc7a', 1);
INSERT INTO `client_division` (`id`, `division_name`, `tenant_id`, `client_id`, `is_active`) VALUES ('b948586e-90d9-480f-930f-9bbc37ff18f5', 'Engineering', 'df234305-8a47-4b4d-8efb-716a6b695428', '5d370bf6-54be-4302-80a4-2c8d9cf1bc7a', 1);
INSERT INTO `client_division` (`id`, `division_name`, `tenant_id`, `client_id`, `is_active`) VALUES ('625f8a99-78a8-4c54-b233-eeb370e0f88e', 'R&D', 'df234305-8a47-4b4d-8efb-716a6b695428', '5d370bf6-54be-4302-80a4-2c8d9cf1bc7a', 1);
INSERT INTO `client_division` (`id`, `division_name`, `tenant_id`, `client_id`, `is_active`) VALUES ('6a0a23e5-094b-45a7-a31d-664798d250dd', 'Innovation Lab', 'df234305-8a47-4b4d-8efb-716a6b695428', '5d370bf6-54be-4302-80a4-2c8d9cf1bc7a', 1);
INSERT INTO `client_division` (`id`, `division_name`, `tenant_id`, `client_id`, `is_active`) VALUES ('13d30cca-cb59-43ee-ae69-2068cd4431bf', 'Core Tech', 'df234305-8a47-4b4d-8efb-716a6b695428', '5d370bf6-54be-4302-80a4-2c8d9cf1bc7a', 1);
INSERT INTO `client` (`uuid`, `tenant_id`, `client_name`, `client_code`, `is_active`) VALUES ('927886b3-befb-4721-b39f-958eccc0818a', 'df234305-8a47-4b4d-8efb-716a6b695428', 'Potter-Mcgrath', 1116, 1);
INSERT INTO `department` (`uuid`, `tenant_id`, `client_id`, `department`) VALUES ('764659b5-19ab-4904-bd6b-b9a65a3fbcef', 'df234305-8a47-4b4d-8efb-716a6b695428', '927886b3-befb-4721-b39f-958eccc0818a', 'Aerospace');
INSERT INTO `department` (`uuid`, `tenant_id`, `client_id`, `department`) VALUES ('86939736-5fa9-4c18-b686-22b8aab40100', 'df234305-8a47-4b4d-8efb-716a6b695428', '927886b3-befb-4721-b39f-958eccc0818a', 'Civil Systems');
INSERT INTO `department` (`uuid`, `tenant_id`, `client_id`, `department`) VALUES ('839d47f1-e446-481e-9503-70028e14af27', 'df234305-8a47-4b4d-8efb-716a6b695428', '927886b3-befb-4721-b39f-958eccc0818a', 'AI Solutions');
INSERT INTO `department` (`uuid`, `tenant_id`, `client_id`, `department`) VALUES ('dc8e2af7-f243-4cb3-a79b-ba8ec4b0a9db', 'df234305-8a47-4b4d-8efb-716a6b695428', '927886b3-befb-4721-b39f-958eccc0818a', 'Biomedical');
INSERT INTO `department` (`uuid`, `tenant_id`, `client_id`, `department`) VALUES ('a9e213a0-b442-43c4-9cd6-d5e0cf2b769e', 'df234305-8a47-4b4d-8efb-716a6b695428', '927886b3-befb-4721-b39f-958eccc0818a', 'Robotics');
INSERT INTO `department` (`uuid`, `tenant_id`, `client_id`, `department`) VALUES ('48282674-7c35-47d3-9f4d-f3b0f218efb5', 'df234305-8a47-4b4d-8efb-716a6b695428', '927886b3-befb-4721-b39f-958eccc0818a', 'Cybersecurity');
INSERT INTO `client_division` (`id`, `division_name`, `tenant_id`, `client_id`, `is_active`) VALUES ('9eccbab4-66bf-4a62-bde3-f2a196604a59', 'R&D', 'df234305-8a47-4b4d-8efb-716a6b695428', '927886b3-befb-4721-b39f-958eccc0818a', 1);
INSERT INTO `client_division` (`id`, `division_name`, `tenant_id`, `client_id`, `is_active`) VALUES ('1ab09873-bc03-4978-9d44-9cf74813f51c', 'Innovation Lab', 'df234305-8a47-4b4d-8efb-716a6b695428', '927886b3-befb-4721-b39f-958eccc0818a', 1);
INSERT INTO `client_division` (`id`, `division_name`, `tenant_id`, `client_id`, `is_active`) VALUES ('f0dc2bb2-2164-40f3-86f0-9e53fcf19c18', 'Product Dev', 'df234305-8a47-4b4d-8efb-716a6b695428', '927886b3-befb-4721-b39f-958eccc0818a', 1);
INSERT INTO `client_division` (`id`, `division_name`, `tenant_id`, `client_id`, `is_active`) VALUES ('be0de3f1-dcf3-466a-875e-19551ac5e06b', 'Core Tech', 'df234305-8a47-4b4d-8efb-716a6b695428', '927886b3-befb-4721-b39f-958eccc0818a', 1);
INSERT INTO `client_division` (`id`, `division_name`, `tenant_id`, `client_id`, `is_active`) VALUES ('ec5afd2e-6b9e-4279-9241-5363a5f2ea7b', 'Engineering', 'df234305-8a47-4b4d-8efb-716a6b695428', '927886b3-befb-4721-b39f-958eccc0818a', 1);
INSERT INTO `client` (`uuid`, `tenant_id`, `client_name`, `client_code`, `is_active`) VALUES ('855f2fb3-85d9-4959-80ef-be10734ec5ca', 'df234305-8a47-4b4d-8efb-716a6b695428', 'Kim, Ferrell and Clark', 1117, 1);
INSERT INTO `department` (`uuid`, `tenant_id`, `client_id`, `department`) VALUES ('c20f5d6a-f819-46dc-a216-161ea1fb59fe', 'df234305-8a47-4b4d-8efb-716a6b695428', '855f2fb3-85d9-4959-80ef-be10734ec5ca', 'Civil Systems');
INSERT INTO `department` (`uuid`, `tenant_id`, `client_id`, `department`) VALUES ('f4c08cbe-ff2f-41f0-9854-3708d813d98c', 'df234305-8a47-4b4d-8efb-716a6b695428', '855f2fb3-85d9-4959-80ef-be10734ec5ca', 'AI Solutions');
INSERT INTO `department` (`uuid`, `tenant_id`, `client_id`, `department`) VALUES ('dbccf3a6-4e9c-485a-84e8-6653b191e1e5', 'df234305-8a47-4b4d-8efb-716a6b695428', '855f2fb3-85d9-4959-80ef-be10734ec5ca', 'Robotics');
INSERT INTO `department` (`uuid`, `tenant_id`, `client_id`, `department`) VALUES ('446c2cd5-5eef-4a87-8100-18a1786e87c3', 'df234305-8a47-4b4d-8efb-716a6b695428', '855f2fb3-85d9-4959-80ef-be10734ec5ca', 'Aerospace');
INSERT INTO `department` (`uuid`, `tenant_id`, `client_id`, `department`) VALUES ('ba5b6cdd-7ff4-4736-bcb8-3b99c59d97ba', 'df234305-8a47-4b4d-8efb-716a6b695428', '855f2fb3-85d9-4959-80ef-be10734ec5ca', 'Cybersecurity');
INSERT INTO `department` (`uuid`, `tenant_id`, `client_id`, `department`) VALUES ('236d21fb-fb99-4884-95ab-e95997a2a24e', 'df234305-8a47-4b4d-8efb-716a6b695428', '855f2fb3-85d9-4959-80ef-be10734ec5ca', 'Biomedical');
INSERT INTO `client_division` (`id`, `division_name`, `tenant_id`, `client_id`, `is_active`) VALUES ('ad7ab0d7-fb73-4315-9911-24f27f568cdf', 'Core Tech', 'df234305-8a47-4b4d-8efb-716a6b695428', '855f2fb3-85d9-4959-80ef-be10734ec5ca', 1);
INSERT INTO `client_division` (`id`, `division_name`, `tenant_id`, `client_id`, `is_active`) VALUES ('8397a0e6-526a-4eb1-a7df-089df51c2ef8', 'Product Dev', 'df234305-8a47-4b4d-8efb-716a6b695428', '855f2fb3-85d9-4959-80ef-be10734ec5ca', 1);
INSERT INTO `client_division` (`id`, `division_name`, `tenant_id`, `client_id`, `is_active`) VALUES ('d37d9067-9bc9-412e-9838-2f32acb996c0', 'R&D', 'df234305-8a47-4b4d-8efb-716a6b695428', '855f2fb3-85d9-4959-80ef-be10734ec5ca', 1);
INSERT INTO `client_division` (`id`, `division_name`, `tenant_id`, `client_id`, `is_active`) VALUES ('aa05fdb8-d2b8-4abf-9e41-d830341b6816', 'Engineering', 'df234305-8a47-4b4d-8efb-716a6b695428', '855f2fb3-85d9-4959-80ef-be10734ec5ca', 1);
INSERT INTO `client_division` (`id`, `division_name`, `tenant_id`, `client_id`, `is_active`) VALUES ('65dad9cd-2d99-4e4a-a5f0-ebf7af3634ac', 'Innovation Lab', 'df234305-8a47-4b4d-8efb-716a6b695428', '855f2fb3-85d9-4959-80ef-be10734ec5ca', 1);
INSERT INTO `client` (`uuid`, `tenant_id`, `client_name`, `client_code`, `is_active`) VALUES ('a5eed4a9-5f8a-4961-8d1a-94859761b9e1', 'df234305-8a47-4b4d-8efb-716a6b695428', 'Willis, Thompson and Smith', 1118, 1);
INSERT INTO `department` (`uuid`, `tenant_id`, `client_id`, `department`) VALUES ('19896cf8-da36-438f-93bb-0659fdaaeb8e', 'df234305-8a47-4b4d-8efb-716a6b695428', 'a5eed4a9-5f8a-4961-8d1a-94859761b9e1', 'Biomedical');
INSERT INTO `department` (`uuid`, `tenant_id`, `client_id`, `department`) VALUES ('3054eca0-b4c3-4ed1-bb21-3c9b1c82a887', 'df234305-8a47-4b4d-8efb-716a6b695428', 'a5eed4a9-5f8a-4961-8d1a-94859761b9e1', 'Robotics');
INSERT INTO `department` (`uuid`, `tenant_id`, `client_id`, `department`) VALUES ('7968f1e5-8b94-49f4-a556-35a7eb29f954', 'df234305-8a47-4b4d-8efb-716a6b695428', 'a5eed4a9-5f8a-4961-8d1a-94859761b9e1', 'Civil Systems');
INSERT INTO `department` (`uuid`, `tenant_id`, `client_id`, `department`) VALUES ('3f7eaef3-9a2c-4ac4-b6b2-a3b84c0fbc12', 'df234305-8a47-4b4d-8efb-716a6b695428', 'a5eed4a9-5f8a-4961-8d1a-94859761b9e1', 'Aerospace');
INSERT INTO `department` (`uuid`, `tenant_id`, `client_id`, `department`) VALUES ('d252e925-0645-41eb-9eb0-45bf5a53cd2b', 'df234305-8a47-4b4d-8efb-716a6b695428', 'a5eed4a9-5f8a-4961-8d1a-94859761b9e1', 'AI Solutions');
INSERT INTO `client_division` (`id`, `division_name`, `tenant_id`, `client_id`, `is_active`) VALUES ('bbb56226-d023-4eaf-bb50-f06b7078d0ef', 'Core Tech', 'df234305-8a47-4b4d-8efb-716a6b695428', 'a5eed4a9-5f8a-4961-8d1a-94859761b9e1', 1);
INSERT INTO `client_division` (`id`, `division_name`, `tenant_id`, `client_id`, `is_active`) VALUES ('2daf77d8-617f-4156-9fcb-30670f6741f6', 'Product Dev', 'df234305-8a47-4b4d-8efb-716a6b695428', 'a5eed4a9-5f8a-4961-8d1a-94859761b9e1', 1);
INSERT INTO `client_division` (`id`, `division_name`, `tenant_id`, `client_id`, `is_active`) VALUES ('f308b08f-a45b-46af-89c9-002f45136d8e', 'Engineering', 'df234305-8a47-4b4d-8efb-716a6b695428', 'a5eed4a9-5f8a-4961-8d1a-94859761b9e1', 1);
INSERT INTO `client_division` (`id`, `division_name`, `tenant_id`, `client_id`, `is_active`) VALUES ('1a5c171e-2b50-44c5-a70b-30dc66d69d7f', 'R&D', 'df234305-8a47-4b4d-8efb-716a6b695428', 'a5eed4a9-5f8a-4961-8d1a-94859761b9e1', 1);
INSERT INTO `client_division` (`id`, `division_name`, `tenant_id`, `client_id`, `is_active`) VALUES ('dda7b698-0962-4d76-83c1-848299491d38', 'Innovation Lab', 'df234305-8a47-4b4d-8efb-716a6b695428', 'a5eed4a9-5f8a-4961-8d1a-94859761b9e1', 1);
INSERT INTO `client` (`uuid`, `tenant_id`, `client_name`, `client_code`, `is_active`) VALUES ('94ff3ac9-861b-4c7c-944c-5102ef849e0f', 'df234305-8a47-4b4d-8efb-716a6b695428', 'Golden-Mcconnell', 1119, 1);
INSERT INTO `department` (`uuid`, `tenant_id`, `client_id`, `department`) VALUES ('3186b771-9652-42a3-a7e2-21289389faed', 'df234305-8a47-4b4d-8efb-716a6b695428', '94ff3ac9-861b-4c7c-944c-5102ef849e0f', 'Biomedical');
INSERT INTO `department` (`uuid`, `tenant_id`, `client_id`, `department`) VALUES ('9eb6dd17-9737-4a04-a7ac-8501b6b7d6e8', 'df234305-8a47-4b4d-8efb-716a6b695428', '94ff3ac9-861b-4c7c-944c-5102ef849e0f', 'AI Solutions');
INSERT INTO `department` (`uuid`, `tenant_id`, `client_id`, `department`) VALUES ('84de66be-7809-4ea9-bb0d-7ff96aa6ed0e', 'df234305-8a47-4b4d-8efb-716a6b695428', '94ff3ac9-861b-4c7c-944c-5102ef849e0f', 'Cybersecurity');
INSERT INTO `department` (`uuid`, `tenant_id`, `client_id`, `department`) VALUES ('36d1d079-898f-4301-80ca-98e11ab5cc89', 'df234305-8a47-4b4d-8efb-716a6b695428', '94ff3ac9-861b-4c7c-944c-5102ef849e0f', 'Civil Systems');
INSERT INTO `department` (`uuid`, `tenant_id`, `client_id`, `department`) VALUES ('49a2e809-19de-4385-912d-e1f308b7d9f3', 'df234305-8a47-4b4d-8efb-716a6b695428', '94ff3ac9-861b-4c7c-944c-5102ef849e0f', 'Robotics');
INSERT INTO `department` (`uuid`, `tenant_id`, `client_id`, `department`) VALUES ('d1093b10-23cf-45a3-afb7-4dbd1f2396e7', 'df234305-8a47-4b4d-8efb-716a6b695428', '94ff3ac9-861b-4c7c-944c-5102ef849e0f', 'Aerospace');
INSERT INTO `client_division` (`id`, `division_name`, `tenant_id`, `client_id`, `is_active`) VALUES ('7a10c0de-59a8-4951-af42-fe61816bd8ff', 'Engineering', 'df234305-8a47-4b4d-8efb-716a6b695428', '94ff3ac9-861b-4c7c-944c-5102ef849e0f', 1);
INSERT INTO `client_division` (`id`, `division_name`, `tenant_id`, `client_id`, `is_active`) VALUES ('5f20bffe-b5f1-4ca6-af6a-004f3738ea94', 'Product Dev', 'df234305-8a47-4b4d-8efb-716a6b695428', '94ff3ac9-861b-4c7c-944c-5102ef849e0f', 1);
INSERT INTO `client_division` (`id`, `division_name`, `tenant_id`, `client_id`, `is_active`) VALUES ('1d88cdfe-d6ff-4502-9b3b-e5040edce487', 'Core Tech', 'df234305-8a47-4b4d-8efb-716a6b695428', '94ff3ac9-861b-4c7c-944c-5102ef849e0f', 1);
INSERT INTO `client_division` (`id`, `division_name`, `tenant_id`, `client_id`, `is_active`) VALUES ('80188cb0-8962-456d-b20a-15e092910c21', 'R&D', 'df234305-8a47-4b4d-8efb-716a6b695428', '94ff3ac9-861b-4c7c-944c-5102ef849e0f', 1);
INSERT INTO `client_division` (`id`, `division_name`, `tenant_id`, `client_id`, `is_active`) VALUES ('3671bf5f-fb9a-4cba-beb0-9bf88dc5f4a6', 'Innovation Lab', 'df234305-8a47-4b4d-8efb-716a6b695428', '94ff3ac9-861b-4c7c-944c-5102ef849e0f', 1);
INSERT INTO `client` (`uuid`, `tenant_id`, `client_name`, `client_code`, `is_active`) VALUES ('bf3ecd72-5bef-4a62-9e81-c1a078d8026e', 'df234305-8a47-4b4d-8efb-716a6b695428', 'Warren-Hernandez', 1120, 1);
INSERT INTO `department` (`uuid`, `tenant_id`, `client_id`, `department`) VALUES ('036726dd-c38f-4a10-b92d-12c0aaa28eb0', 'df234305-8a47-4b4d-8efb-716a6b695428', 'bf3ecd72-5bef-4a62-9e81-c1a078d8026e', 'AI Solutions');
INSERT INTO `department` (`uuid`, `tenant_id`, `client_id`, `department`) VALUES ('ce8b3fdc-e663-49a9-b2d7-e9d642b0a7a0', 'df234305-8a47-4b4d-8efb-716a6b695428', 'bf3ecd72-5bef-4a62-9e81-c1a078d8026e', 'Civil Systems');
INSERT INTO `department` (`uuid`, `tenant_id`, `client_id`, `department`) VALUES ('63c6b752-f73f-43e9-b30d-ee9b832db1f4', 'df234305-8a47-4b4d-8efb-716a6b695428', 'bf3ecd72-5bef-4a62-9e81-c1a078d8026e', 'Aerospace');
INSERT INTO `department` (`uuid`, `tenant_id`, `client_id`, `department`) VALUES ('936163a8-9f22-4862-ad10-011156c35c3d', 'df234305-8a47-4b4d-8efb-716a6b695428', 'bf3ecd72-5bef-4a62-9e81-c1a078d8026e', 'Robotics');
INSERT INTO `department` (`uuid`, `tenant_id`, `client_id`, `department`) VALUES ('a4202471-18ce-4408-a95a-392035c34921', 'df234305-8a47-4b4d-8efb-716a6b695428', 'bf3ecd72-5bef-4a62-9e81-c1a078d8026e', 'Biomedical');
INSERT INTO `department` (`uuid`, `tenant_id`, `client_id`, `department`) VALUES ('090b1cda-2223-44a3-ad96-8c4468a7dcc7', 'df234305-8a47-4b4d-8efb-716a6b695428', 'bf3ecd72-5bef-4a62-9e81-c1a078d8026e', 'Cybersecurity');
INSERT INTO `client_division` (`id`, `division_name`, `tenant_id`, `client_id`, `is_active`) VALUES ('d03ab1a3-8932-4aa9-9f7d-c55e5a4a38fc', 'Engineering', 'df234305-8a47-4b4d-8efb-716a6b695428', 'bf3ecd72-5bef-4a62-9e81-c1a078d8026e', 1);
INSERT INTO `client_division` (`id`, `division_name`, `tenant_id`, `client_id`, `is_active`) VALUES ('3dd213fd-f27c-4310-80b5-3a14a4b77c65', 'Core Tech', 'df234305-8a47-4b4d-8efb-716a6b695428', 'bf3ecd72-5bef-4a62-9e81-c1a078d8026e', 1);
INSERT INTO `client_division` (`id`, `division_name`, `tenant_id`, `client_id`, `is_active`) VALUES ('eb4eee59-1495-4ae0-be41-3ff12df6d4fa', 'Innovation Lab', 'df234305-8a47-4b4d-8efb-716a6b695428', 'bf3ecd72-5bef-4a62-9e81-c1a078d8026e', 1);
INSERT INTO `client_division` (`id`, `division_name`, `tenant_id`, `client_id`, `is_active`) VALUES ('f2396fdb-0ec9-4845-b558-0b8669fe1b4f', 'R&D', 'df234305-8a47-4b4d-8efb-716a6b695428', 'bf3ecd72-5bef-4a62-9e81-c1a078d8026e', 1);
INSERT INTO `client_division` (`id`, `division_name`, `tenant_id`, `client_id`, `is_active`) VALUES ('93ac7926-d90d-4b5f-af6f-cd3921aa5d2c', 'Product Dev', 'df234305-8a47-4b4d-8efb-716a6b695428', 'bf3ecd72-5bef-4a62-9e81-c1a078d8026e', 1);
INSERT INTO `client` (`uuid`, `tenant_id`, `client_name`, `client_code`, `is_active`) VALUES ('842d206e-0d37-4558-8702-b1954c11c568', 'df234305-8a47-4b4d-8efb-716a6b695428', 'Murray, Copeland and Edwards', 1121, 1);
INSERT INTO `department` (`uuid`, `tenant_id`, `client_id`, `department`) VALUES ('af5e2f99-9345-4025-b03c-252b123134c1', 'df234305-8a47-4b4d-8efb-716a6b695428', '842d206e-0d37-4558-8702-b1954c11c568', 'Biomedical');
INSERT INTO `department` (`uuid`, `tenant_id`, `client_id`, `department`) VALUES ('81d916e1-3749-43d0-b806-df86bb82b321', 'df234305-8a47-4b4d-8efb-716a6b695428', '842d206e-0d37-4558-8702-b1954c11c568', 'Aerospace');
INSERT INTO `department` (`uuid`, `tenant_id`, `client_id`, `department`) VALUES ('df4c505c-df95-4427-8f5b-21bb298bec95', 'df234305-8a47-4b4d-8efb-716a6b695428', '842d206e-0d37-4558-8702-b1954c11c568', 'Civil Systems');
INSERT INTO `department` (`uuid`, `tenant_id`, `client_id`, `department`) VALUES ('1712ad2b-9fbe-4f03-9838-08d725920c78', 'df234305-8a47-4b4d-8efb-716a6b695428', '842d206e-0d37-4558-8702-b1954c11c568', 'Cybersecurity');
INSERT INTO `department` (`uuid`, `tenant_id`, `client_id`, `department`) VALUES ('b3a9865b-126c-47b4-9fcb-48000a0cec97', 'df234305-8a47-4b4d-8efb-716a6b695428', '842d206e-0d37-4558-8702-b1954c11c568', 'Robotics');
INSERT INTO `department` (`uuid`, `tenant_id`, `client_id`, `department`) VALUES ('1ce18e25-52f1-4ce6-b193-1ecebba8e9a8', 'df234305-8a47-4b4d-8efb-716a6b695428', '842d206e-0d37-4558-8702-b1954c11c568', 'AI Solutions');
INSERT INTO `client_division` (`id`, `division_name`, `tenant_id`, `client_id`, `is_active`) VALUES ('1f7c37f1-b5b0-4ca7-8c94-bbde53dcb274', 'Core Tech', 'df234305-8a47-4b4d-8efb-716a6b695428', '842d206e-0d37-4558-8702-b1954c11c568', 1);
INSERT INTO `client_division` (`id`, `division_name`, `tenant_id`, `client_id`, `is_active`) VALUES ('1c5558ae-2270-4ea2-a9d8-6cd5552a09dd', 'Product Dev', 'df234305-8a47-4b4d-8efb-716a6b695428', '842d206e-0d37-4558-8702-b1954c11c568', 1);
INSERT INTO `client_division` (`id`, `division_name`, `tenant_id`, `client_id`, `is_active`) VALUES ('926609f9-c7d2-4f2a-be4f-d6dcbe81c690', 'Innovation Lab', 'df234305-8a47-4b4d-8efb-716a6b695428', '842d206e-0d37-4558-8702-b1954c11c568', 1);
INSERT INTO `client_division` (`id`, `division_name`, `tenant_id`, `client_id`, `is_active`) VALUES ('1b83b8df-da60-470d-8a88-c916799ca741', 'R&D', 'df234305-8a47-4b4d-8efb-716a6b695428', '842d206e-0d37-4558-8702-b1954c11c568', 1);
INSERT INTO `client_division` (`id`, `division_name`, `tenant_id`, `client_id`, `is_active`) VALUES ('2d20bebc-5a4b-411b-b646-b42949374696', 'Engineering', 'df234305-8a47-4b4d-8efb-716a6b695428', '842d206e-0d37-4558-8702-b1954c11c568', 1);
INSERT INTO `client` (`uuid`, `tenant_id`, `client_name`, `client_code`, `is_active`) VALUES ('eea67ddf-0f06-4a70-992a-fa49a78bb515', 'df234305-8a47-4b4d-8efb-716a6b695428', 'Potts, Wilson and Rogers', 1122, 1);
INSERT INTO `department` (`uuid`, `tenant_id`, `client_id`, `department`) VALUES ('12c9347c-cc05-40b3-beeb-d2e977d9f30c', 'df234305-8a47-4b4d-8efb-716a6b695428', 'eea67ddf-0f06-4a70-992a-fa49a78bb515', 'Biomedical');
INSERT INTO `department` (`uuid`, `tenant_id`, `client_id`, `department`) VALUES ('e41cb857-9af4-4df7-b591-a8ba155f2bdd', 'df234305-8a47-4b4d-8efb-716a6b695428', 'eea67ddf-0f06-4a70-992a-fa49a78bb515', 'Aerospace');
INSERT INTO `department` (`uuid`, `tenant_id`, `client_id`, `department`) VALUES ('2e207e25-879c-46ec-8220-04fbd83bd078', 'df234305-8a47-4b4d-8efb-716a6b695428', 'eea67ddf-0f06-4a70-992a-fa49a78bb515', 'Robotics');
INSERT INTO `department` (`uuid`, `tenant_id`, `client_id`, `department`) VALUES ('04e4d575-1bef-43c7-a6a9-29c83fefefb6', 'df234305-8a47-4b4d-8efb-716a6b695428', 'eea67ddf-0f06-4a70-992a-fa49a78bb515', 'AI Solutions');
INSERT INTO `department` (`uuid`, `tenant_id`, `client_id`, `department`) VALUES ('70a764d3-159c-4c68-8fb7-73ca183914e0', 'df234305-8a47-4b4d-8efb-716a6b695428', 'eea67ddf-0f06-4a70-992a-fa49a78bb515', 'Civil Systems');
INSERT INTO `client_division` (`id`, `division_name`, `tenant_id`, `client_id`, `is_active`) VALUES ('8c3e3bb3-d914-4f59-8489-9e22b04a0ebe', 'Product Dev', 'df234305-8a47-4b4d-8efb-716a6b695428', 'eea67ddf-0f06-4a70-992a-fa49a78bb515', 1);
INSERT INTO `client_division` (`id`, `division_name`, `tenant_id`, `client_id`, `is_active`) VALUES ('dd9cf48b-a5e6-4308-a4d5-42416efcafc0', 'Engineering', 'df234305-8a47-4b4d-8efb-716a6b695428', 'eea67ddf-0f06-4a70-992a-fa49a78bb515', 1);
INSERT INTO `client_division` (`id`, `division_name`, `tenant_id`, `client_id`, `is_active`) VALUES ('27dc2e40-1271-4353-af62-9af7c45ec1b3', 'Core Tech', 'df234305-8a47-4b4d-8efb-716a6b695428', 'eea67ddf-0f06-4a70-992a-fa49a78bb515', 1);
INSERT INTO `client_division` (`id`, `division_name`, `tenant_id`, `client_id`, `is_active`) VALUES ('e4c2c3cc-e276-4b59-b9a7-e0ef2c71ed4d', 'R&D', 'df234305-8a47-4b4d-8efb-716a6b695428', 'eea67ddf-0f06-4a70-992a-fa49a78bb515', 1);
INSERT INTO `client` (`uuid`, `tenant_id`, `client_name`, `client_code`, `is_active`) VALUES ('8d07a319-ca58-4e45-91f9-d1333bc94502', 'df234305-8a47-4b4d-8efb-716a6b695428', 'Allen LLC', 1123, 1);
INSERT INTO `department` (`uuid`, `tenant_id`, `client_id`, `department`) VALUES ('68b5ac72-1485-49ac-84b5-3d922f385cc9', 'df234305-8a47-4b4d-8efb-716a6b695428', '8d07a319-ca58-4e45-91f9-d1333bc94502', 'Aerospace');
INSERT INTO `department` (`uuid`, `tenant_id`, `client_id`, `department`) VALUES ('5b091539-641b-4fa8-8a11-c943e97e8a98', 'df234305-8a47-4b4d-8efb-716a6b695428', '8d07a319-ca58-4e45-91f9-d1333bc94502', 'Biomedical');
INSERT INTO `department` (`uuid`, `tenant_id`, `client_id`, `department`) VALUES ('94a88421-4418-4abf-8f04-164b9292c9f6', 'df234305-8a47-4b4d-8efb-716a6b695428', '8d07a319-ca58-4e45-91f9-d1333bc94502', 'AI Solutions');
INSERT INTO `department` (`uuid`, `tenant_id`, `client_id`, `department`) VALUES ('e721d499-6497-4121-93b4-26aeb3db5512', 'df234305-8a47-4b4d-8efb-716a6b695428', '8d07a319-ca58-4e45-91f9-d1333bc94502', 'Cybersecurity');
INSERT INTO `department` (`uuid`, `tenant_id`, `client_id`, `department`) VALUES ('ae1a0e3b-bfbe-4a4b-b96f-dcfb498d2dbe', 'df234305-8a47-4b4d-8efb-716a6b695428', '8d07a319-ca58-4e45-91f9-d1333bc94502', 'Civil Systems');
INSERT INTO `client_division` (`id`, `division_name`, `tenant_id`, `client_id`, `is_active`) VALUES ('f50d3781-2873-46c3-8309-939a8b6c999e', 'R&D', 'df234305-8a47-4b4d-8efb-716a6b695428', '8d07a319-ca58-4e45-91f9-d1333bc94502', 1);
INSERT INTO `client_division` (`id`, `division_name`, `tenant_id`, `client_id`, `is_active`) VALUES ('8ec6dedf-b17e-4e97-a2fc-c1ca0ef16fa5', 'Innovation Lab', 'df234305-8a47-4b4d-8efb-716a6b695428', '8d07a319-ca58-4e45-91f9-d1333bc94502', 1);
INSERT INTO `client_division` (`id`, `division_name`, `tenant_id`, `client_id`, `is_active`) VALUES ('5fd52980-7f4f-4b79-a530-c9c4a300ee20', 'Product Dev', 'df234305-8a47-4b4d-8efb-716a6b695428', '8d07a319-ca58-4e45-91f9-d1333bc94502', 1);
INSERT INTO `client_division` (`id`, `division_name`, `tenant_id`, `client_id`, `is_active`) VALUES ('aef0c08a-b181-4064-beb6-031893d988fe', 'Engineering', 'df234305-8a47-4b4d-8efb-716a6b695428', '8d07a319-ca58-4e45-91f9-d1333bc94502', 1);
INSERT INTO `client_division` (`id`, `division_name`, `tenant_id`, `client_id`, `is_active`) VALUES ('8b0416ab-aa74-49ff-8c7e-29de20f499f4', 'Core Tech', 'df234305-8a47-4b4d-8efb-716a6b695428', '8d07a319-ca58-4e45-91f9-d1333bc94502', 1);
INSERT INTO `client` (`uuid`, `tenant_id`, `client_name`, `client_code`, `is_active`) VALUES ('765c088a-3002-4ba9-ae6a-9d152f05a9bb', 'df234305-8a47-4b4d-8efb-716a6b695428', 'Salazar-Simpson', 1124, 1);
INSERT INTO `department` (`uuid`, `tenant_id`, `client_id`, `department`) VALUES ('04193e2e-2c90-4f2a-841d-e969185b01af', 'df234305-8a47-4b4d-8efb-716a6b695428', '765c088a-3002-4ba9-ae6a-9d152f05a9bb', 'Aerospace');
INSERT INTO `department` (`uuid`, `tenant_id`, `client_id`, `department`) VALUES ('21a66ffa-44f2-46ac-80fc-b7fb5f8bc3a3', 'df234305-8a47-4b4d-8efb-716a6b695428', '765c088a-3002-4ba9-ae6a-9d152f05a9bb', 'Cybersecurity');
INSERT INTO `department` (`uuid`, `tenant_id`, `client_id`, `department`) VALUES ('c9cc385a-40d3-40d5-9e3f-47c7607bfce1', 'df234305-8a47-4b4d-8efb-716a6b695428', '765c088a-3002-4ba9-ae6a-9d152f05a9bb', 'Biomedical');
INSERT INTO `department` (`uuid`, `tenant_id`, `client_id`, `department`) VALUES ('ba243620-bd46-4c18-a8b0-c14de3dc6bf4', 'df234305-8a47-4b4d-8efb-716a6b695428', '765c088a-3002-4ba9-ae6a-9d152f05a9bb', 'Robotics');
INSERT INTO `department` (`uuid`, `tenant_id`, `client_id`, `department`) VALUES ('7449087a-8018-414b-afd5-c88bf62a7002', 'df234305-8a47-4b4d-8efb-716a6b695428', '765c088a-3002-4ba9-ae6a-9d152f05a9bb', 'AI Solutions');
INSERT INTO `client_division` (`id`, `division_name`, `tenant_id`, `client_id`, `is_active`) VALUES ('ac986bf3-dd1d-4e30-882d-0ee87a646924', 'R&D', 'df234305-8a47-4b4d-8efb-716a6b695428', '765c088a-3002-4ba9-ae6a-9d152f05a9bb', 1);
INSERT INTO `client_division` (`id`, `division_name`, `tenant_id`, `client_id`, `is_active`) VALUES ('c6282a7e-2d81-41f8-afb3-75cd93775474', 'Innovation Lab', 'df234305-8a47-4b4d-8efb-716a6b695428', '765c088a-3002-4ba9-ae6a-9d152f05a9bb', 1);
INSERT INTO `client_division` (`id`, `division_name`, `tenant_id`, `client_id`, `is_active`) VALUES ('5f5ac943-b8ad-4caa-8538-9ad0dd8bc2a2', 'Product Dev', 'df234305-8a47-4b4d-8efb-716a6b695428', '765c088a-3002-4ba9-ae6a-9d152f05a9bb', 1);
INSERT INTO `client_division` (`id`, `division_name`, `tenant_id`, `client_id`, `is_active`) VALUES ('5a8c0ad2-ba97-4cf9-a35d-f41825dca56b', 'Core Tech', 'df234305-8a47-4b4d-8efb-716a6b695428', '765c088a-3002-4ba9-ae6a-9d152f05a9bb', 1);
INSERT INTO `client_division` (`id`, `division_name`, `tenant_id`, `client_id`, `is_active`) VALUES ('deaeeb7d-e29a-4708-8cf0-3e07dbc34a85', 'Engineering', 'df234305-8a47-4b4d-8efb-716a6b695428', '765c088a-3002-4ba9-ae6a-9d152f05a9bb', 1);
INSERT INTO `client` (`uuid`, `tenant_id`, `client_name`, `client_code`, `is_active`) VALUES ('fe2d2a0a-9ea1-4c7d-99df-3cdad06758ae', 'df234305-8a47-4b4d-8efb-716a6b695428', 'Berry Group', 1125, 1);
INSERT INTO `department` (`uuid`, `tenant_id`, `client_id`, `department`) VALUES ('12df2995-2321-4fa1-bf18-2af919168175', 'df234305-8a47-4b4d-8efb-716a6b695428', 'fe2d2a0a-9ea1-4c7d-99df-3cdad06758ae', 'Biomedical');
INSERT INTO `department` (`uuid`, `tenant_id`, `client_id`, `department`) VALUES ('49935bcc-76b1-497f-b6b3-28d3561c5a31', 'df234305-8a47-4b4d-8efb-716a6b695428', 'fe2d2a0a-9ea1-4c7d-99df-3cdad06758ae', 'Cybersecurity');
INSERT INTO `department` (`uuid`, `tenant_id`, `client_id`, `department`) VALUES ('6132fec5-7345-4d21-a111-6e9cbc5d2ae7', 'df234305-8a47-4b4d-8efb-716a6b695428', 'fe2d2a0a-9ea1-4c7d-99df-3cdad06758ae', 'Civil Systems');
INSERT INTO `department` (`uuid`, `tenant_id`, `client_id`, `department`) VALUES ('31da76c4-28fa-47ea-8a24-5e7d3085a171', 'df234305-8a47-4b4d-8efb-716a6b695428', 'fe2d2a0a-9ea1-4c7d-99df-3cdad06758ae', 'Robotics');
INSERT INTO `department` (`uuid`, `tenant_id`, `client_id`, `department`) VALUES ('b944ce8d-0936-42b0-b109-538e291008f6', 'df234305-8a47-4b4d-8efb-716a6b695428', 'fe2d2a0a-9ea1-4c7d-99df-3cdad06758ae', 'Aerospace');
INSERT INTO `department` (`uuid`, `tenant_id`, `client_id`, `department`) VALUES ('cccf5aa2-3776-4da8-aa31-01a81b49c44a', 'df234305-8a47-4b4d-8efb-716a6b695428', 'fe2d2a0a-9ea1-4c7d-99df-3cdad06758ae', 'AI Solutions');
INSERT INTO `client_division` (`id`, `division_name`, `tenant_id`, `client_id`, `is_active`) VALUES ('88255d73-60b8-4f9e-a9c5-a997487d3ed0', 'R&D', 'df234305-8a47-4b4d-8efb-716a6b695428', 'fe2d2a0a-9ea1-4c7d-99df-3cdad06758ae', 1);
INSERT INTO `client_division` (`id`, `division_name`, `tenant_id`, `client_id`, `is_active`) VALUES ('032d0542-2833-411d-9c4d-92acc92e244a', 'Core Tech', 'df234305-8a47-4b4d-8efb-716a6b695428', 'fe2d2a0a-9ea1-4c7d-99df-3cdad06758ae', 1);
INSERT INTO `client_division` (`id`, `division_name`, `tenant_id`, `client_id`, `is_active`) VALUES ('9cec5783-0c97-4c41-8880-03b0222067aa', 'Product Dev', 'df234305-8a47-4b4d-8efb-716a6b695428', 'fe2d2a0a-9ea1-4c7d-99df-3cdad06758ae', 1);
INSERT INTO `client_division` (`id`, `division_name`, `tenant_id`, `client_id`, `is_active`) VALUES ('c4bc1f0c-b97c-45eb-bcd8-fd2eceb17e09', 'Innovation Lab', 'df234305-8a47-4b4d-8efb-716a6b695428', 'fe2d2a0a-9ea1-4c7d-99df-3cdad06758ae', 1);
INSERT INTO `client_division` (`id`, `division_name`, `tenant_id`, `client_id`, `is_active`) VALUES ('7e1cb6ae-84e8-4fa8-9e9e-f2afbdf7e105', 'Engineering', 'df234305-8a47-4b4d-8efb-716a6b695428', 'fe2d2a0a-9ea1-4c7d-99df-3cdad06758ae', 1);
INSERT INTO `client` (`uuid`, `tenant_id`, `client_name`, `client_code`, `is_active`) VALUES ('4461f6d2-2406-437a-b975-7e6f33d01853', 'df234305-8a47-4b4d-8efb-716a6b695428', 'Shields Ltd', 1126, 1);
INSERT INTO `department` (`uuid`, `tenant_id`, `client_id`, `department`) VALUES ('66f4259b-842c-4bb3-a256-17890b656750', 'df234305-8a47-4b4d-8efb-716a6b695428', '4461f6d2-2406-437a-b975-7e6f33d01853', 'AI Solutions');
INSERT INTO `department` (`uuid`, `tenant_id`, `client_id`, `department`) VALUES ('cdf39a1e-9c22-4b29-8b1d-78b18c1c2111', 'df234305-8a47-4b4d-8efb-716a6b695428', '4461f6d2-2406-437a-b975-7e6f33d01853', 'Civil Systems');
INSERT INTO `department` (`uuid`, `tenant_id`, `client_id`, `department`) VALUES ('20e1e7b5-7ec0-4ac6-ae79-0de9b5d98b02', 'df234305-8a47-4b4d-8efb-716a6b695428', '4461f6d2-2406-437a-b975-7e6f33d01853', 'Biomedical');
INSERT INTO `department` (`uuid`, `tenant_id`, `client_id`, `department`) VALUES ('d2aff809-9f62-408f-893f-89a50ae022f4', 'df234305-8a47-4b4d-8efb-716a6b695428', '4461f6d2-2406-437a-b975-7e6f33d01853', 'Robotics');
INSERT INTO `department` (`uuid`, `tenant_id`, `client_id`, `department`) VALUES ('32a0b83e-30ab-423e-b097-0264f96d4a08', 'df234305-8a47-4b4d-8efb-716a6b695428', '4461f6d2-2406-437a-b975-7e6f33d01853', 'Cybersecurity');
INSERT INTO `department` (`uuid`, `tenant_id`, `client_id`, `department`) VALUES ('41d8a17e-5a65-418e-ba7c-a76b7ca74e5c', 'df234305-8a47-4b4d-8efb-716a6b695428', '4461f6d2-2406-437a-b975-7e6f33d01853', 'Aerospace');
INSERT INTO `client_division` (`id`, `division_name`, `tenant_id`, `client_id`, `is_active`) VALUES ('bb7237a1-0e5f-4e48-9d8b-3df3a79de23f', 'R&D', 'df234305-8a47-4b4d-8efb-716a6b695428', '4461f6d2-2406-437a-b975-7e6f33d01853', 1);
INSERT INTO `client_division` (`id`, `division_name`, `tenant_id`, `client_id`, `is_active`) VALUES ('62966f7e-26bc-4045-9c3b-265ce24632b9', 'Product Dev', 'df234305-8a47-4b4d-8efb-716a6b695428', '4461f6d2-2406-437a-b975-7e6f33d01853', 1);
INSERT INTO `client_division` (`id`, `division_name`, `tenant_id`, `client_id`, `is_active`) VALUES ('334e7805-d1ac-4652-9ef6-4394156b3fa8', 'Engineering', 'df234305-8a47-4b4d-8efb-716a6b695428', '4461f6d2-2406-437a-b975-7e6f33d01853', 1);
INSERT INTO `client_division` (`id`, `division_name`, `tenant_id`, `client_id`, `is_active`) VALUES ('a4d30ba0-ead1-4ce0-a142-72a718fa52f9', 'Innovation Lab', 'df234305-8a47-4b4d-8efb-716a6b695428', '4461f6d2-2406-437a-b975-7e6f33d01853', 1);
INSERT INTO `client_division` (`id`, `division_name`, `tenant_id`, `client_id`, `is_active`) VALUES ('eadd82cb-cebc-47a4-a6c0-39936161fdcd', 'Core Tech', 'df234305-8a47-4b4d-8efb-716a6b695428', '4461f6d2-2406-437a-b975-7e6f33d01853', 1);
INSERT INTO `client` (`uuid`, `tenant_id`, `client_name`, `client_code`, `is_active`) VALUES ('d6b65c6c-2d1e-4b96-afae-21ed3b335e66', 'df234305-8a47-4b4d-8efb-716a6b695428', 'Ramsey Ltd', 1127, 1);
INSERT INTO `department` (`uuid`, `tenant_id`, `client_id`, `department`) VALUES ('363904d3-48a5-4385-bc85-4ddf70eb7474', 'df234305-8a47-4b4d-8efb-716a6b695428', 'd6b65c6c-2d1e-4b96-afae-21ed3b335e66', 'Robotics');
INSERT INTO `department` (`uuid`, `tenant_id`, `client_id`, `department`) VALUES ('1386bdc0-ce31-448f-8cd8-8b9c203142e1', 'df234305-8a47-4b4d-8efb-716a6b695428', 'd6b65c6c-2d1e-4b96-afae-21ed3b335e66', 'Biomedical');
INSERT INTO `department` (`uuid`, `tenant_id`, `client_id`, `department`) VALUES ('889a9e5c-49ee-4bab-bbdd-7e27681605ee', 'df234305-8a47-4b4d-8efb-716a6b695428', 'd6b65c6c-2d1e-4b96-afae-21ed3b335e66', 'AI Solutions');
INSERT INTO `department` (`uuid`, `tenant_id`, `client_id`, `department`) VALUES ('9db5c133-5a44-444e-bafe-e757f25a21d7', 'df234305-8a47-4b4d-8efb-716a6b695428', 'd6b65c6c-2d1e-4b96-afae-21ed3b335e66', 'Civil Systems');
INSERT INTO `department` (`uuid`, `tenant_id`, `client_id`, `department`) VALUES ('7ca250a4-13b8-4c9e-9ec9-de945f494a02', 'df234305-8a47-4b4d-8efb-716a6b695428', 'd6b65c6c-2d1e-4b96-afae-21ed3b335e66', 'Cybersecurity');
INSERT INTO `client_division` (`id`, `division_name`, `tenant_id`, `client_id`, `is_active`) VALUES ('8f51bb94-585a-422c-bcc5-750eb440632e', 'Core Tech', 'df234305-8a47-4b4d-8efb-716a6b695428', 'd6b65c6c-2d1e-4b96-afae-21ed3b335e66', 1);
INSERT INTO `client_division` (`id`, `division_name`, `tenant_id`, `client_id`, `is_active`) VALUES ('6a04f934-f723-499e-b0dc-f5d203d8e056', 'Engineering', 'df234305-8a47-4b4d-8efb-716a6b695428', 'd6b65c6c-2d1e-4b96-afae-21ed3b335e66', 1);
INSERT INTO `client_division` (`id`, `division_name`, `tenant_id`, `client_id`, `is_active`) VALUES ('e8c8889f-9c49-42e9-a7d7-9ac274b3756b', 'Innovation Lab', 'df234305-8a47-4b4d-8efb-716a6b695428', 'd6b65c6c-2d1e-4b96-afae-21ed3b335e66', 1);
INSERT INTO `client_division` (`id`, `division_name`, `tenant_id`, `client_id`, `is_active`) VALUES ('fbe832a0-4b7f-4066-a648-c391c6fcecbc', 'Product Dev', 'df234305-8a47-4b4d-8efb-716a6b695428', 'd6b65c6c-2d1e-4b96-afae-21ed3b335e66', 1);
INSERT INTO `client_division` (`id`, `division_name`, `tenant_id`, `client_id`, `is_active`) VALUES ('8644a821-d1ac-49c8-bf7a-06eb8bba0953', 'R&D', 'df234305-8a47-4b4d-8efb-716a6b695428', 'd6b65c6c-2d1e-4b96-afae-21ed3b335e66', 1);
INSERT INTO `client` (`uuid`, `tenant_id`, `client_name`, `client_code`, `is_active`) VALUES ('b227221b-f163-4d09-95a8-8564a000a2f5', 'df234305-8a47-4b4d-8efb-716a6b695428', 'Le LLC', 1128, 1);
INSERT INTO `department` (`uuid`, `tenant_id`, `client_id`, `department`) VALUES ('95087354-10b6-49ab-a644-8af1777dc6c6', 'df234305-8a47-4b4d-8efb-716a6b695428', 'b227221b-f163-4d09-95a8-8564a000a2f5', 'Civil Systems');
INSERT INTO `department` (`uuid`, `tenant_id`, `client_id`, `department`) VALUES ('01240829-3265-4819-acb1-85c27c02e8fe', 'df234305-8a47-4b4d-8efb-716a6b695428', 'b227221b-f163-4d09-95a8-8564a000a2f5', 'Robotics');
INSERT INTO `department` (`uuid`, `tenant_id`, `client_id`, `department`) VALUES ('9c25cb6b-7867-4055-9b64-f6ec86cb8fe2', 'df234305-8a47-4b4d-8efb-716a6b695428', 'b227221b-f163-4d09-95a8-8564a000a2f5', 'AI Solutions');
INSERT INTO `department` (`uuid`, `tenant_id`, `client_id`, `department`) VALUES ('f593a252-c9e4-43e6-a9d6-b79f6b53b2c4', 'df234305-8a47-4b4d-8efb-716a6b695428', 'b227221b-f163-4d09-95a8-8564a000a2f5', 'Biomedical');
INSERT INTO `department` (`uuid`, `tenant_id`, `client_id`, `department`) VALUES ('1860f2ac-5358-4c7b-9f05-c2b5d8c4fde7', 'df234305-8a47-4b4d-8efb-716a6b695428', 'b227221b-f163-4d09-95a8-8564a000a2f5', 'Cybersecurity');
INSERT INTO `department` (`uuid`, `tenant_id`, `client_id`, `department`) VALUES ('1c60929f-0d4f-413d-a544-b701f7770acf', 'df234305-8a47-4b4d-8efb-716a6b695428', 'b227221b-f163-4d09-95a8-8564a000a2f5', 'Aerospace');
INSERT INTO `client_division` (`id`, `division_name`, `tenant_id`, `client_id`, `is_active`) VALUES ('6aee0252-7dae-403c-a76c-cb714e3f2a09', 'Engineering', 'df234305-8a47-4b4d-8efb-716a6b695428', 'b227221b-f163-4d09-95a8-8564a000a2f5', 1);
INSERT INTO `client_division` (`id`, `division_name`, `tenant_id`, `client_id`, `is_active`) VALUES ('b954c517-825e-4868-8346-1558dae86f22', 'Core Tech', 'df234305-8a47-4b4d-8efb-716a6b695428', 'b227221b-f163-4d09-95a8-8564a000a2f5', 1);
INSERT INTO `client_division` (`id`, `division_name`, `tenant_id`, `client_id`, `is_active`) VALUES ('cadfb6b2-0574-4973-8240-4e864d85bb51', 'Product Dev', 'df234305-8a47-4b4d-8efb-716a6b695428', 'b227221b-f163-4d09-95a8-8564a000a2f5', 1);
INSERT INTO `client_division` (`id`, `division_name`, `tenant_id`, `client_id`, `is_active`) VALUES ('29c86368-a287-416c-8555-9f158ab321c2', 'Innovation Lab', 'df234305-8a47-4b4d-8efb-716a6b695428', 'b227221b-f163-4d09-95a8-8564a000a2f5', 1);
INSERT INTO `client_division` (`id`, `division_name`, `tenant_id`, `client_id`, `is_active`) VALUES ('64b3bfde-78ee-4c11-a7a2-3190d4194ae1', 'R&D', 'df234305-8a47-4b4d-8efb-716a6b695428', 'b227221b-f163-4d09-95a8-8564a000a2f5', 1);
INSERT INTO `client` (`uuid`, `tenant_id`, `client_name`, `client_code`, `is_active`) VALUES ('b5e7798b-5a47-4f61-a0cd-b3aab82d1b2c', 'df234305-8a47-4b4d-8efb-716a6b695428', 'Lynn-Morales', 1129, 1);
INSERT INTO `department` (`uuid`, `tenant_id`, `client_id`, `department`) VALUES ('2acab43d-c913-4cf4-8da0-655839253a64', 'df234305-8a47-4b4d-8efb-716a6b695428', 'b5e7798b-5a47-4f61-a0cd-b3aab82d1b2c', 'Aerospace');
INSERT INTO `department` (`uuid`, `tenant_id`, `client_id`, `department`) VALUES ('4b690320-edf7-41a9-944a-59c8eac718f5', 'df234305-8a47-4b4d-8efb-716a6b695428', 'b5e7798b-5a47-4f61-a0cd-b3aab82d1b2c', 'Biomedical');
INSERT INTO `department` (`uuid`, `tenant_id`, `client_id`, `department`) VALUES ('38a85c51-7676-4852-9698-84e25c8fbdea', 'df234305-8a47-4b4d-8efb-716a6b695428', 'b5e7798b-5a47-4f61-a0cd-b3aab82d1b2c', 'Civil Systems');
INSERT INTO `department` (`uuid`, `tenant_id`, `client_id`, `department`) VALUES ('7dd065b8-9ae0-448a-a39c-d87310551eef', 'df234305-8a47-4b4d-8efb-716a6b695428', 'b5e7798b-5a47-4f61-a0cd-b3aab82d1b2c', 'Robotics');
INSERT INTO `department` (`uuid`, `tenant_id`, `client_id`, `department`) VALUES ('3bbd89ab-8258-4d20-a49e-34a183b7edaf', 'df234305-8a47-4b4d-8efb-716a6b695428', 'b5e7798b-5a47-4f61-a0cd-b3aab82d1b2c', 'AI Solutions');
INSERT INTO `client_division` (`id`, `division_name`, `tenant_id`, `client_id`, `is_active`) VALUES ('2c4effd9-364d-4570-83b3-511f6a9c4ee6', 'Product Dev', 'df234305-8a47-4b4d-8efb-716a6b695428', 'b5e7798b-5a47-4f61-a0cd-b3aab82d1b2c', 1);
INSERT INTO `client_division` (`id`, `division_name`, `tenant_id`, `client_id`, `is_active`) VALUES ('96ced0b5-aba6-4ee3-adc5-fdfeba36c397', 'Innovation Lab', 'df234305-8a47-4b4d-8efb-716a6b695428', 'b5e7798b-5a47-4f61-a0cd-b3aab82d1b2c', 1);
INSERT INTO `client_division` (`id`, `division_name`, `tenant_id`, `client_id`, `is_active`) VALUES ('e70e0c2b-7d41-472e-b963-bb6a92f6f327', 'Core Tech', 'df234305-8a47-4b4d-8efb-716a6b695428', 'b5e7798b-5a47-4f61-a0cd-b3aab82d1b2c', 1);
INSERT INTO `client_division` (`id`, `division_name`, `tenant_id`, `client_id`, `is_active`) VALUES ('dda78b45-3431-4d3f-95ef-5d59f7680a42', 'R&D', 'df234305-8a47-4b4d-8efb-716a6b695428', 'b5e7798b-5a47-4f61-a0cd-b3aab82d1b2c', 1);
INSERT INTO `client_division` (`id`, `division_name`, `tenant_id`, `client_id`, `is_active`) VALUES ('9f25aeb6-2414-44bd-9c78-0ed1398d8ea8', 'Engineering', 'df234305-8a47-4b4d-8efb-716a6b695428', 'b5e7798b-5a47-4f61-a0cd-b3aab82d1b2c', 1);
INSERT INTO `client` (`uuid`, `tenant_id`, `client_name`, `client_code`, `is_active`) VALUES ('5cf80520-74ec-4a42-b197-3bb38483aae4', 'df234305-8a47-4b4d-8efb-716a6b695428', 'Woods Ltd', 1130, 1);
INSERT INTO `department` (`uuid`, `tenant_id`, `client_id`, `department`) VALUES ('ae4d3994-a472-46c5-b938-5c26255a89de', 'df234305-8a47-4b4d-8efb-716a6b695428', '5cf80520-74ec-4a42-b197-3bb38483aae4', 'Civil Systems');
INSERT INTO `department` (`uuid`, `tenant_id`, `client_id`, `department`) VALUES ('61883387-22f0-4dd1-900a-895889aa12e1', 'df234305-8a47-4b4d-8efb-716a6b695428', '5cf80520-74ec-4a42-b197-3bb38483aae4', 'Aerospace');
INSERT INTO `department` (`uuid`, `tenant_id`, `client_id`, `department`) VALUES ('8e2e2492-2fa9-4bd1-b11c-9b86a7f478ec', 'df234305-8a47-4b4d-8efb-716a6b695428', '5cf80520-74ec-4a42-b197-3bb38483aae4', 'AI Solutions');
INSERT INTO `department` (`uuid`, `tenant_id`, `client_id`, `department`) VALUES ('e86f03d5-887b-46da-9d53-14eec925905e', 'df234305-8a47-4b4d-8efb-716a6b695428', '5cf80520-74ec-4a42-b197-3bb38483aae4', 'Cybersecurity');
INSERT INTO `department` (`uuid`, `tenant_id`, `client_id`, `department`) VALUES ('a2c7bb73-3a8a-4cd7-b12b-49ac2b4956ab', 'df234305-8a47-4b4d-8efb-716a6b695428', '5cf80520-74ec-4a42-b197-3bb38483aae4', 'Biomedical');
INSERT INTO `department` (`uuid`, `tenant_id`, `client_id`, `department`) VALUES ('cc7980a6-b723-402c-a9dc-6d5bbcb58dc7', 'df234305-8a47-4b4d-8efb-716a6b695428', '5cf80520-74ec-4a42-b197-3bb38483aae4', 'Robotics');
INSERT INTO `client_division` (`id`, `division_name`, `tenant_id`, `client_id`, `is_active`) VALUES ('d26eba2d-73ba-408a-80f7-c6c4d9d8d66b', 'Product Dev', 'df234305-8a47-4b4d-8efb-716a6b695428', '5cf80520-74ec-4a42-b197-3bb38483aae4', 1);
INSERT INTO `client_division` (`id`, `division_name`, `tenant_id`, `client_id`, `is_active`) VALUES ('d046c141-aa30-4c12-922d-c6e3aa66e009', 'R&D', 'df234305-8a47-4b4d-8efb-716a6b695428', '5cf80520-74ec-4a42-b197-3bb38483aae4', 1);
INSERT INTO `client_division` (`id`, `division_name`, `tenant_id`, `client_id`, `is_active`) VALUES ('bfa26ad4-2997-4e03-a2ab-38b8e373fb50', 'Engineering', 'df234305-8a47-4b4d-8efb-716a6b695428', '5cf80520-74ec-4a42-b197-3bb38483aae4', 1);
INSERT INTO `client_division` (`id`, `division_name`, `tenant_id`, `client_id`, `is_active`) VALUES ('850c3939-2b6d-40b3-a93e-48638b7bd32e', 'Core Tech', 'df234305-8a47-4b4d-8efb-716a6b695428', '5cf80520-74ec-4a42-b197-3bb38483aae4', 1);
INSERT INTO `client_division` (`id`, `division_name`, `tenant_id`, `client_id`, `is_active`) VALUES ('174b15df-df55-40c3-a17c-52a4e1e9750e', 'Innovation Lab', 'df234305-8a47-4b4d-8efb-716a6b695428', '5cf80520-74ec-4a42-b197-3bb38483aae4', 1);
INSERT INTO `client` (`uuid`, `tenant_id`, `client_name`, `client_code`, `is_active`) VALUES ('1bf1ed61-b1ba-41d8-9b8c-bb85cfdfbf15', 'df234305-8a47-4b4d-8efb-716a6b695428', 'Hawkins Ltd', 1131, 1);
INSERT INTO `department` (`uuid`, `tenant_id`, `client_id`, `department`) VALUES ('2147bacc-ed52-48ba-a41f-d777a5fc9e8b', 'df234305-8a47-4b4d-8efb-716a6b695428', '1bf1ed61-b1ba-41d8-9b8c-bb85cfdfbf15', 'Cybersecurity');
INSERT INTO `department` (`uuid`, `tenant_id`, `client_id`, `department`) VALUES ('dc095502-488f-4e1c-8a41-06263de1f441', 'df234305-8a47-4b4d-8efb-716a6b695428', '1bf1ed61-b1ba-41d8-9b8c-bb85cfdfbf15', 'Aerospace');
INSERT INTO `department` (`uuid`, `tenant_id`, `client_id`, `department`) VALUES ('61816952-90f7-4779-a626-0bc28ed86157', 'df234305-8a47-4b4d-8efb-716a6b695428', '1bf1ed61-b1ba-41d8-9b8c-bb85cfdfbf15', 'Biomedical');
INSERT INTO `department` (`uuid`, `tenant_id`, `client_id`, `department`) VALUES ('66b17a6c-5067-4ea8-aa14-92b4b410b6a0', 'df234305-8a47-4b4d-8efb-716a6b695428', '1bf1ed61-b1ba-41d8-9b8c-bb85cfdfbf15', 'Civil Systems');
INSERT INTO `department` (`uuid`, `tenant_id`, `client_id`, `department`) VALUES ('34cbe894-d12f-46a8-958a-ddfe8aff2025', 'df234305-8a47-4b4d-8efb-716a6b695428', '1bf1ed61-b1ba-41d8-9b8c-bb85cfdfbf15', 'Robotics');
INSERT INTO `department` (`uuid`, `tenant_id`, `client_id`, `department`) VALUES ('f220183d-a12b-4c5c-9b9c-067a6c3ed6a5', 'df234305-8a47-4b4d-8efb-716a6b695428', '1bf1ed61-b1ba-41d8-9b8c-bb85cfdfbf15', 'AI Solutions');
INSERT INTO `client_division` (`id`, `division_name`, `tenant_id`, `client_id`, `is_active`) VALUES ('8f9672cf-bf37-4199-8e56-d6189f42b35b', 'Innovation Lab', 'df234305-8a47-4b4d-8efb-716a6b695428', '1bf1ed61-b1ba-41d8-9b8c-bb85cfdfbf15', 1);
INSERT INTO `client_division` (`id`, `division_name`, `tenant_id`, `client_id`, `is_active`) VALUES ('37846d35-83b6-4ae6-a410-c3a16079878b', 'Core Tech', 'df234305-8a47-4b4d-8efb-716a6b695428', '1bf1ed61-b1ba-41d8-9b8c-bb85cfdfbf15', 1);
INSERT INTO `client_division` (`id`, `division_name`, `tenant_id`, `client_id`, `is_active`) VALUES ('c6ed9d84-89e3-4c8f-ab7f-f7f1a1a88e4f', 'Product Dev', 'df234305-8a47-4b4d-8efb-716a6b695428', '1bf1ed61-b1ba-41d8-9b8c-bb85cfdfbf15', 1);
INSERT INTO `client_division` (`id`, `division_name`, `tenant_id`, `client_id`, `is_active`) VALUES ('817a98cf-7260-4cb3-8810-c3449f75ae24', 'Engineering', 'df234305-8a47-4b4d-8efb-716a6b695428', '1bf1ed61-b1ba-41d8-9b8c-bb85cfdfbf15', 1);
INSERT INTO `client_division` (`id`, `division_name`, `tenant_id`, `client_id`, `is_active`) VALUES ('523925c5-f284-4570-a01d-1400303c7fa8', 'R&D', 'df234305-8a47-4b4d-8efb-716a6b695428', '1bf1ed61-b1ba-41d8-9b8c-bb85cfdfbf15', 1);
INSERT INTO `client` (`uuid`, `tenant_id`, `client_name`, `client_code`, `is_active`) VALUES ('50d2968f-2814-401f-b150-61f2a092ac26', 'df234305-8a47-4b4d-8efb-716a6b695428', 'Mitchell, Taylor and Price', 1132, 1);
INSERT INTO `department` (`uuid`, `tenant_id`, `client_id`, `department`) VALUES ('d168ab8e-4ca2-4b60-ba56-89c9a66b2780', 'df234305-8a47-4b4d-8efb-716a6b695428', '50d2968f-2814-401f-b150-61f2a092ac26', 'Civil Systems');
INSERT INTO `department` (`uuid`, `tenant_id`, `client_id`, `department`) VALUES ('9f58a0f8-e7a9-419f-8525-b460e3dffa6d', 'df234305-8a47-4b4d-8efb-716a6b695428', '50d2968f-2814-401f-b150-61f2a092ac26', 'AI Solutions');
INSERT INTO `department` (`uuid`, `tenant_id`, `client_id`, `department`) VALUES ('0940b575-b3b9-4179-8807-edc16dc44def', 'df234305-8a47-4b4d-8efb-716a6b695428', '50d2968f-2814-401f-b150-61f2a092ac26', 'Cybersecurity');
INSERT INTO `department` (`uuid`, `tenant_id`, `client_id`, `department`) VALUES ('92bd00af-314f-4ebe-85df-087917967032', 'df234305-8a47-4b4d-8efb-716a6b695428', '50d2968f-2814-401f-b150-61f2a092ac26', 'Biomedical');
INSERT INTO `department` (`uuid`, `tenant_id`, `client_id`, `department`) VALUES ('9536e851-9c04-4934-8216-866ffe1cdba0', 'df234305-8a47-4b4d-8efb-716a6b695428', '50d2968f-2814-401f-b150-61f2a092ac26', 'Robotics');
INSERT INTO `department` (`uuid`, `tenant_id`, `client_id`, `department`) VALUES ('9de5e6df-a6a9-4efd-817f-7e03324980ed', 'df234305-8a47-4b4d-8efb-716a6b695428', '50d2968f-2814-401f-b150-61f2a092ac26', 'Aerospace');
INSERT INTO `client_division` (`id`, `division_name`, `tenant_id`, `client_id`, `is_active`) VALUES ('9e3c4769-b889-4306-980f-7e009d239b3f', 'Product Dev', 'df234305-8a47-4b4d-8efb-716a6b695428', '50d2968f-2814-401f-b150-61f2a092ac26', 1);
INSERT INTO `client_division` (`id`, `division_name`, `tenant_id`, `client_id`, `is_active`) VALUES ('a6910c47-dcf4-4873-90b0-2aa2e38b1775', 'Engineering', 'df234305-8a47-4b4d-8efb-716a6b695428', '50d2968f-2814-401f-b150-61f2a092ac26', 1);
INSERT INTO `client_division` (`id`, `division_name`, `tenant_id`, `client_id`, `is_active`) VALUES ('716a8b59-863f-4c2b-82f3-22f1571d174b', 'Innovation Lab', 'df234305-8a47-4b4d-8efb-716a6b695428', '50d2968f-2814-401f-b150-61f2a092ac26', 1);
INSERT INTO `client_division` (`id`, `division_name`, `tenant_id`, `client_id`, `is_active`) VALUES ('da813cb8-bfab-4459-b328-2949c8cdf43b', 'R&D', 'df234305-8a47-4b4d-8efb-716a6b695428', '50d2968f-2814-401f-b150-61f2a092ac26', 1);
INSERT INTO `client_division` (`id`, `division_name`, `tenant_id`, `client_id`, `is_active`) VALUES ('d3ef7d2e-c891-4231-8a22-407a892c887c', 'Core Tech', 'df234305-8a47-4b4d-8efb-716a6b695428', '50d2968f-2814-401f-b150-61f2a092ac26', 1);
INSERT INTO `client` (`uuid`, `tenant_id`, `client_name`, `client_code`, `is_active`) VALUES ('28d588bf-376b-4a49-b8ee-ebc1aaef024d', 'df234305-8a47-4b4d-8efb-716a6b695428', 'Wilson-Williams', 1133, 1);
INSERT INTO `department` (`uuid`, `tenant_id`, `client_id`, `department`) VALUES ('e3f388a7-62de-4e1e-ba04-59f4c6ffb22f', 'df234305-8a47-4b4d-8efb-716a6b695428', '28d588bf-376b-4a49-b8ee-ebc1aaef024d', 'Civil Systems');
INSERT INTO `department` (`uuid`, `tenant_id`, `client_id`, `department`) VALUES ('94855910-c8d0-46e9-bdad-241d48648a99', 'df234305-8a47-4b4d-8efb-716a6b695428', '28d588bf-376b-4a49-b8ee-ebc1aaef024d', 'AI Solutions');
INSERT INTO `department` (`uuid`, `tenant_id`, `client_id`, `department`) VALUES ('5af16d3d-0dfb-4581-acdd-8b8fb5eb38df', 'df234305-8a47-4b4d-8efb-716a6b695428', '28d588bf-376b-4a49-b8ee-ebc1aaef024d', 'Biomedical');
INSERT INTO `department` (`uuid`, `tenant_id`, `client_id`, `department`) VALUES ('3de0b43b-77a5-4253-ac90-ef5e06e82fbe', 'df234305-8a47-4b4d-8efb-716a6b695428', '28d588bf-376b-4a49-b8ee-ebc1aaef024d', 'Cybersecurity');
INSERT INTO `department` (`uuid`, `tenant_id`, `client_id`, `department`) VALUES ('b2caa474-21e8-44a0-941b-d4c5e76ba27a', 'df234305-8a47-4b4d-8efb-716a6b695428', '28d588bf-376b-4a49-b8ee-ebc1aaef024d', 'Aerospace');
INSERT INTO `client_division` (`id`, `division_name`, `tenant_id`, `client_id`, `is_active`) VALUES ('758cf672-6b09-4d76-9bb6-f156d7c5e0ce', 'Core Tech', 'df234305-8a47-4b4d-8efb-716a6b695428', '28d588bf-376b-4a49-b8ee-ebc1aaef024d', 1);
INSERT INTO `client_division` (`id`, `division_name`, `tenant_id`, `client_id`, `is_active`) VALUES ('6858ee1f-5d34-44fa-b3ab-535a67077139', 'Product Dev', 'df234305-8a47-4b4d-8efb-716a6b695428', '28d588bf-376b-4a49-b8ee-ebc1aaef024d', 1);
INSERT INTO `client_division` (`id`, `division_name`, `tenant_id`, `client_id`, `is_active`) VALUES ('9b8440aa-ce9b-4c47-aca5-6565104872c8', 'Engineering', 'df234305-8a47-4b4d-8efb-716a6b695428', '28d588bf-376b-4a49-b8ee-ebc1aaef024d', 1);
INSERT INTO `client_division` (`id`, `division_name`, `tenant_id`, `client_id`, `is_active`) VALUES ('7e606e23-a9b2-42de-ab46-1bd5dec55976', 'R&D', 'df234305-8a47-4b4d-8efb-716a6b695428', '28d588bf-376b-4a49-b8ee-ebc1aaef024d', 1);
INSERT INTO `client_division` (`id`, `division_name`, `tenant_id`, `client_id`, `is_active`) VALUES ('280df6e3-9fe5-421a-93db-f3bdaeb7d731', 'Innovation Lab', 'df234305-8a47-4b4d-8efb-716a6b695428', '28d588bf-376b-4a49-b8ee-ebc1aaef024d', 1);
INSERT INTO `client` (`uuid`, `tenant_id`, `client_name`, `client_code`, `is_active`) VALUES ('adbcefd7-95d4-417f-8584-f993f8e3f09a', 'df234305-8a47-4b4d-8efb-716a6b695428', 'Thornton Inc', 1134, 1);
INSERT INTO `department` (`uuid`, `tenant_id`, `client_id`, `department`) VALUES ('5cc3c6c5-3ede-4340-a679-b6b75fc7bb69', 'df234305-8a47-4b4d-8efb-716a6b695428', 'adbcefd7-95d4-417f-8584-f993f8e3f09a', 'Aerospace');
INSERT INTO `department` (`uuid`, `tenant_id`, `client_id`, `department`) VALUES ('969783fd-081b-4571-887f-3fb7fd01b810', 'df234305-8a47-4b4d-8efb-716a6b695428', 'adbcefd7-95d4-417f-8584-f993f8e3f09a', 'Civil Systems');
INSERT INTO `department` (`uuid`, `tenant_id`, `client_id`, `department`) VALUES ('8fbe8012-f06f-4b76-a62b-2af40f62fe40', 'df234305-8a47-4b4d-8efb-716a6b695428', 'adbcefd7-95d4-417f-8584-f993f8e3f09a', 'Robotics');
INSERT INTO `department` (`uuid`, `tenant_id`, `client_id`, `department`) VALUES ('6c75644b-9e2a-45f2-9ba8-eaa4900a8a0a', 'df234305-8a47-4b4d-8efb-716a6b695428', 'adbcefd7-95d4-417f-8584-f993f8e3f09a', 'Biomedical');
INSERT INTO `department` (`uuid`, `tenant_id`, `client_id`, `department`) VALUES ('fd9ef572-cdde-4336-b5d6-3211c419d7d0', 'df234305-8a47-4b4d-8efb-716a6b695428', 'adbcefd7-95d4-417f-8584-f993f8e3f09a', 'Cybersecurity');
INSERT INTO `client_division` (`id`, `division_name`, `tenant_id`, `client_id`, `is_active`) VALUES ('22d6571f-86b9-4af9-81fa-4073988ca554', 'Innovation Lab', 'df234305-8a47-4b4d-8efb-716a6b695428', 'adbcefd7-95d4-417f-8584-f993f8e3f09a', 1);
INSERT INTO `client_division` (`id`, `division_name`, `tenant_id`, `client_id`, `is_active`) VALUES ('f0ba0792-12e3-42a2-9e65-baba9de6779a', 'Product Dev', 'df234305-8a47-4b4d-8efb-716a6b695428', 'adbcefd7-95d4-417f-8584-f993f8e3f09a', 1);
INSERT INTO `client_division` (`id`, `division_name`, `tenant_id`, `client_id`, `is_active`) VALUES ('7b8af2f5-990f-4ea6-8de0-e409a9ad0abd', 'Core Tech', 'df234305-8a47-4b4d-8efb-716a6b695428', 'adbcefd7-95d4-417f-8584-f993f8e3f09a', 1);
INSERT INTO `client_division` (`id`, `division_name`, `tenant_id`, `client_id`, `is_active`) VALUES ('1f1f6b39-5484-4038-b9a8-fdb6f001b3b9', 'Engineering', 'df234305-8a47-4b4d-8efb-716a6b695428', 'adbcefd7-95d4-417f-8584-f993f8e3f09a', 1);
INSERT INTO `client_division` (`id`, `division_name`, `tenant_id`, `client_id`, `is_active`) VALUES ('91a16d5d-0e94-4e39-b840-3fe7b56baf9a', 'R&D', 'df234305-8a47-4b4d-8efb-716a6b695428', 'adbcefd7-95d4-417f-8584-f993f8e3f09a', 1);
INSERT INTO `client` (`uuid`, `tenant_id`, `client_name`, `client_code`, `is_active`) VALUES ('a26d6275-308c-43c2-b6a0-456ab1674534', 'df234305-8a47-4b4d-8efb-716a6b695428', 'Ingram-Lane', 1135, 1);
INSERT INTO `department` (`uuid`, `tenant_id`, `client_id`, `department`) VALUES ('3fa67648-2cd4-4c34-80bb-eb91e7096ce1', 'df234305-8a47-4b4d-8efb-716a6b695428', 'a26d6275-308c-43c2-b6a0-456ab1674534', 'Civil Systems');
INSERT INTO `department` (`uuid`, `tenant_id`, `client_id`, `department`) VALUES ('8c9eb349-a34a-4074-90b2-358b298e32fd', 'df234305-8a47-4b4d-8efb-716a6b695428', 'a26d6275-308c-43c2-b6a0-456ab1674534', 'Cybersecurity');
INSERT INTO `department` (`uuid`, `tenant_id`, `client_id`, `department`) VALUES ('7072ebda-6445-4b0f-97a5-6ae7277c5c20', 'df234305-8a47-4b4d-8efb-716a6b695428', 'a26d6275-308c-43c2-b6a0-456ab1674534', 'AI Solutions');
INSERT INTO `department` (`uuid`, `tenant_id`, `client_id`, `department`) VALUES ('89e72678-d67f-4ec5-a7b6-de49d414968b', 'df234305-8a47-4b4d-8efb-716a6b695428', 'a26d6275-308c-43c2-b6a0-456ab1674534', 'Robotics');
INSERT INTO `department` (`uuid`, `tenant_id`, `client_id`, `department`) VALUES ('eb59c0a0-9d37-49ee-b39b-4a41b11106c7', 'df234305-8a47-4b4d-8efb-716a6b695428', 'a26d6275-308c-43c2-b6a0-456ab1674534', 'Biomedical');
INSERT INTO `department` (`uuid`, `tenant_id`, `client_id`, `department`) VALUES ('cc487109-f66c-460d-ab95-3e9c37f2d1e4', 'df234305-8a47-4b4d-8efb-716a6b695428', 'a26d6275-308c-43c2-b6a0-456ab1674534', 'Aerospace');
INSERT INTO `client_division` (`id`, `division_name`, `tenant_id`, `client_id`, `is_active`) VALUES ('a810a6d7-77cb-412d-8b2a-5ee5aa3d43ee', 'R&D', 'df234305-8a47-4b4d-8efb-716a6b695428', 'a26d6275-308c-43c2-b6a0-456ab1674534', 1);
INSERT INTO `client_division` (`id`, `division_name`, `tenant_id`, `client_id`, `is_active`) VALUES ('6366b71c-0d7f-4156-bad2-3a3af90f3d78', 'Engineering', 'df234305-8a47-4b4d-8efb-716a6b695428', 'a26d6275-308c-43c2-b6a0-456ab1674534', 1);
INSERT INTO `client_division` (`id`, `division_name`, `tenant_id`, `client_id`, `is_active`) VALUES ('bebeffd6-29d8-4152-8ed6-6e57d98808a0', 'Product Dev', 'df234305-8a47-4b4d-8efb-716a6b695428', 'a26d6275-308c-43c2-b6a0-456ab1674534', 1);
INSERT INTO `client_division` (`id`, `division_name`, `tenant_id`, `client_id`, `is_active`) VALUES ('a6ff277c-a33c-4126-bc7a-ab90b8bc18c5', 'Innovation Lab', 'df234305-8a47-4b4d-8efb-716a6b695428', 'a26d6275-308c-43c2-b6a0-456ab1674534', 1);
INSERT INTO `client_division` (`id`, `division_name`, `tenant_id`, `client_id`, `is_active`) VALUES ('153452bc-3c9a-43c1-8b79-9cbc9571efda', 'Core Tech', 'df234305-8a47-4b4d-8efb-716a6b695428', 'a26d6275-308c-43c2-b6a0-456ab1674534', 1);
INSERT INTO `client` (`uuid`, `tenant_id`, `client_name`, `client_code`, `is_active`) VALUES ('4980683e-7140-4cfc-98e0-d8703497cf0a', 'df234305-8a47-4b4d-8efb-716a6b695428', 'Kelly, Torres and Ward', 1136, 1);
INSERT INTO `department` (`uuid`, `tenant_id`, `client_id`, `department`) VALUES ('a2a945ba-cf13-4cf0-ab07-81d3a4a29627', 'df234305-8a47-4b4d-8efb-716a6b695428', '4980683e-7140-4cfc-98e0-d8703497cf0a', 'Biomedical');
INSERT INTO `department` (`uuid`, `tenant_id`, `client_id`, `department`) VALUES ('03cdf138-4b6d-44c6-84f8-93f514c0fa6d', 'df234305-8a47-4b4d-8efb-716a6b695428', '4980683e-7140-4cfc-98e0-d8703497cf0a', 'Aerospace');
INSERT INTO `department` (`uuid`, `tenant_id`, `client_id`, `department`) VALUES ('dfe31dd0-1772-40a1-b449-d752ae03b99e', 'df234305-8a47-4b4d-8efb-716a6b695428', '4980683e-7140-4cfc-98e0-d8703497cf0a', 'Robotics');
INSERT INTO `department` (`uuid`, `tenant_id`, `client_id`, `department`) VALUES ('deb2c706-4a2e-4c64-979f-d36f6dd6d9c5', 'df234305-8a47-4b4d-8efb-716a6b695428', '4980683e-7140-4cfc-98e0-d8703497cf0a', 'Civil Systems');
INSERT INTO `department` (`uuid`, `tenant_id`, `client_id`, `department`) VALUES ('3585791d-a4db-457f-b855-5996d056d0f1', 'df234305-8a47-4b4d-8efb-716a6b695428', '4980683e-7140-4cfc-98e0-d8703497cf0a', 'AI Solutions');
INSERT INTO `department` (`uuid`, `tenant_id`, `client_id`, `department`) VALUES ('67468b10-7fa6-4323-b24b-fedfe82a3189', 'df234305-8a47-4b4d-8efb-716a6b695428', '4980683e-7140-4cfc-98e0-d8703497cf0a', 'Cybersecurity');
INSERT INTO `client_division` (`id`, `division_name`, `tenant_id`, `client_id`, `is_active`) VALUES ('3bec4683-b94e-4942-b9c7-671bb0d82d54', 'Engineering', 'df234305-8a47-4b4d-8efb-716a6b695428', '4980683e-7140-4cfc-98e0-d8703497cf0a', 1);
INSERT INTO `client_division` (`id`, `division_name`, `tenant_id`, `client_id`, `is_active`) VALUES ('3dda0724-e194-464b-aea4-84e7cd46f571', 'Innovation Lab', 'df234305-8a47-4b4d-8efb-716a6b695428', '4980683e-7140-4cfc-98e0-d8703497cf0a', 1);
INSERT INTO `client_division` (`id`, `division_name`, `tenant_id`, `client_id`, `is_active`) VALUES ('cbe0d185-f405-4812-8c8a-fd117892cc4d', 'Core Tech', 'df234305-8a47-4b4d-8efb-716a6b695428', '4980683e-7140-4cfc-98e0-d8703497cf0a', 1);
INSERT INTO `client_division` (`id`, `division_name`, `tenant_id`, `client_id`, `is_active`) VALUES ('f741b842-61e8-42b9-840b-f7d0ec27d474', 'Product Dev', 'df234305-8a47-4b4d-8efb-716a6b695428', '4980683e-7140-4cfc-98e0-d8703497cf0a', 1);
INSERT INTO `client_division` (`id`, `division_name`, `tenant_id`, `client_id`, `is_active`) VALUES ('8f91c37f-17c3-461d-8b9f-9c682a47b612', 'R&D', 'df234305-8a47-4b4d-8efb-716a6b695428', '4980683e-7140-4cfc-98e0-d8703497cf0a', 1);
INSERT INTO `client` (`uuid`, `tenant_id`, `client_name`, `client_code`, `is_active`) VALUES ('57182cbd-e320-4a44-813f-b077ac013b02', 'df234305-8a47-4b4d-8efb-716a6b695428', 'Hebert-Schwartz', 1137, 1);
INSERT INTO `department` (`uuid`, `tenant_id`, `client_id`, `department`) VALUES ('a1d7609a-3cb4-4c63-a473-f8351113ea11', 'df234305-8a47-4b4d-8efb-716a6b695428', '57182cbd-e320-4a44-813f-b077ac013b02', 'AI Solutions');
INSERT INTO `department` (`uuid`, `tenant_id`, `client_id`, `department`) VALUES ('0ec532f1-d2fe-46a3-8bf7-8d6d2916f92a', 'df234305-8a47-4b4d-8efb-716a6b695428', '57182cbd-e320-4a44-813f-b077ac013b02', 'Biomedical');
INSERT INTO `department` (`uuid`, `tenant_id`, `client_id`, `department`) VALUES ('fdd64607-98eb-4c36-a770-9d2b7642a715', 'df234305-8a47-4b4d-8efb-716a6b695428', '57182cbd-e320-4a44-813f-b077ac013b02', 'Civil Systems');
INSERT INTO `department` (`uuid`, `tenant_id`, `client_id`, `department`) VALUES ('d526d2cc-71ad-41af-a15a-e5751b4c5409', 'df234305-8a47-4b4d-8efb-716a6b695428', '57182cbd-e320-4a44-813f-b077ac013b02', 'Robotics');
INSERT INTO `department` (`uuid`, `tenant_id`, `client_id`, `department`) VALUES ('4ac3cad7-5fb7-4722-aea3-b29123554ecd', 'df234305-8a47-4b4d-8efb-716a6b695428', '57182cbd-e320-4a44-813f-b077ac013b02', 'Cybersecurity');
INSERT INTO `department` (`uuid`, `tenant_id`, `client_id`, `department`) VALUES ('00f1f244-8c12-4f9d-a0e9-6e5467cc93b8', 'df234305-8a47-4b4d-8efb-716a6b695428', '57182cbd-e320-4a44-813f-b077ac013b02', 'Aerospace');
INSERT INTO `client_division` (`id`, `division_name`, `tenant_id`, `client_id`, `is_active`) VALUES ('4392227b-e694-4ce1-af77-d2ec9362839d', 'Innovation Lab', 'df234305-8a47-4b4d-8efb-716a6b695428', '57182cbd-e320-4a44-813f-b077ac013b02', 1);
INSERT INTO `client_division` (`id`, `division_name`, `tenant_id`, `client_id`, `is_active`) VALUES ('2540c204-c7a2-4257-9e84-9c83e3c849b1', 'Core Tech', 'df234305-8a47-4b4d-8efb-716a6b695428', '57182cbd-e320-4a44-813f-b077ac013b02', 1);
INSERT INTO `client_division` (`id`, `division_name`, `tenant_id`, `client_id`, `is_active`) VALUES ('b1ee0669-e706-4fb7-b540-bf068aea67f1', 'Product Dev', 'df234305-8a47-4b4d-8efb-716a6b695428', '57182cbd-e320-4a44-813f-b077ac013b02', 1);
INSERT INTO `client_division` (`id`, `division_name`, `tenant_id`, `client_id`, `is_active`) VALUES ('217e3cc3-067f-48ab-9c2b-4377bcc95c0a', 'R&D', 'df234305-8a47-4b4d-8efb-716a6b695428', '57182cbd-e320-4a44-813f-b077ac013b02', 1);
INSERT INTO `client_division` (`id`, `division_name`, `tenant_id`, `client_id`, `is_active`) VALUES ('64ef4e47-64ee-4bb0-ace4-e7137a26685c', 'Engineering', 'df234305-8a47-4b4d-8efb-716a6b695428', '57182cbd-e320-4a44-813f-b077ac013b02', 1);
INSERT INTO `client` (`uuid`, `tenant_id`, `client_name`, `client_code`, `is_active`) VALUES ('707bb525-4861-4688-b1ef-e08dcb42dfbb', 'df234305-8a47-4b4d-8efb-716a6b695428', 'Williams Inc', 1138, 1);
INSERT INTO `department` (`uuid`, `tenant_id`, `client_id`, `department`) VALUES ('834d593b-1472-4496-8ae6-e52232888a97', 'df234305-8a47-4b4d-8efb-716a6b695428', '707bb525-4861-4688-b1ef-e08dcb42dfbb', 'Aerospace');
INSERT INTO `department` (`uuid`, `tenant_id`, `client_id`, `department`) VALUES ('1938eca8-a5a7-4574-a846-f93fcaa92fa5', 'df234305-8a47-4b4d-8efb-716a6b695428', '707bb525-4861-4688-b1ef-e08dcb42dfbb', 'Robotics');
INSERT INTO `department` (`uuid`, `tenant_id`, `client_id`, `department`) VALUES ('3701ed70-d34d-4b1a-b532-a7d9789a2b22', 'df234305-8a47-4b4d-8efb-716a6b695428', '707bb525-4861-4688-b1ef-e08dcb42dfbb', 'Civil Systems');
INSERT INTO `department` (`uuid`, `tenant_id`, `client_id`, `department`) VALUES ('9f0b527a-613a-410c-852e-0844e4b24bc7', 'df234305-8a47-4b4d-8efb-716a6b695428', '707bb525-4861-4688-b1ef-e08dcb42dfbb', 'Biomedical');
INSERT INTO `department` (`uuid`, `tenant_id`, `client_id`, `department`) VALUES ('13ecf590-eb3c-4050-b22e-7ba17a7f64de', 'df234305-8a47-4b4d-8efb-716a6b695428', '707bb525-4861-4688-b1ef-e08dcb42dfbb', 'Cybersecurity');
INSERT INTO `client_division` (`id`, `division_name`, `tenant_id`, `client_id`, `is_active`) VALUES ('64af7b77-d78c-4f3f-9f2c-7ed5c9c432f5', 'Innovation Lab', 'df234305-8a47-4b4d-8efb-716a6b695428', '707bb525-4861-4688-b1ef-e08dcb42dfbb', 1);
INSERT INTO `client_division` (`id`, `division_name`, `tenant_id`, `client_id`, `is_active`) VALUES ('4e1cb4da-ba24-49e9-8d0f-1e369de928ca', 'R&D', 'df234305-8a47-4b4d-8efb-716a6b695428', '707bb525-4861-4688-b1ef-e08dcb42dfbb', 1);
INSERT INTO `client_division` (`id`, `division_name`, `tenant_id`, `client_id`, `is_active`) VALUES ('f12541ed-b7cd-4d66-8cf9-b36ba03451d6', 'Core Tech', 'df234305-8a47-4b4d-8efb-716a6b695428', '707bb525-4861-4688-b1ef-e08dcb42dfbb', 1);
INSERT INTO `client_division` (`id`, `division_name`, `tenant_id`, `client_id`, `is_active`) VALUES ('7a05c92d-f201-427b-a0ce-f165ce30102e', 'Engineering', 'df234305-8a47-4b4d-8efb-716a6b695428', '707bb525-4861-4688-b1ef-e08dcb42dfbb', 1);
INSERT INTO `client_division` (`id`, `division_name`, `tenant_id`, `client_id`, `is_active`) VALUES ('8391fd79-725f-4249-8bd2-ea308b4b9fc0', 'Product Dev', 'df234305-8a47-4b4d-8efb-716a6b695428', '707bb525-4861-4688-b1ef-e08dcb42dfbb', 1);
INSERT INTO `client` (`uuid`, `tenant_id`, `client_name`, `client_code`, `is_active`) VALUES ('6801850f-dcae-4918-9db6-3372eeb8f0cf', 'df234305-8a47-4b4d-8efb-716a6b695428', 'Peck-Phelps', 1139, 1);
INSERT INTO `department` (`uuid`, `tenant_id`, `client_id`, `department`) VALUES ('06862178-0705-4a19-a687-d931149ed83e', 'df234305-8a47-4b4d-8efb-716a6b695428', '6801850f-dcae-4918-9db6-3372eeb8f0cf', 'Biomedical');
INSERT INTO `department` (`uuid`, `tenant_id`, `client_id`, `department`) VALUES ('7e51019e-6416-4d6c-bab2-5f38ab2de542', 'df234305-8a47-4b4d-8efb-716a6b695428', '6801850f-dcae-4918-9db6-3372eeb8f0cf', 'Civil Systems');
INSERT INTO `department` (`uuid`, `tenant_id`, `client_id`, `department`) VALUES ('834af5ff-bfca-4439-ad5a-855ede7a3f44', 'df234305-8a47-4b4d-8efb-716a6b695428', '6801850f-dcae-4918-9db6-3372eeb8f0cf', 'Robotics');
INSERT INTO `department` (`uuid`, `tenant_id`, `client_id`, `department`) VALUES ('48badccc-7a0c-46aa-b38b-d58b03587889', 'df234305-8a47-4b4d-8efb-716a6b695428', '6801850f-dcae-4918-9db6-3372eeb8f0cf', 'AI Solutions');
INSERT INTO `client_division` (`id`, `division_name`, `tenant_id`, `client_id`, `is_active`) VALUES ('2e1a3c72-9761-4f26-80d6-074f1fe3f59d', 'R&D', 'df234305-8a47-4b4d-8efb-716a6b695428', '6801850f-dcae-4918-9db6-3372eeb8f0cf', 1);
INSERT INTO `client_division` (`id`, `division_name`, `tenant_id`, `client_id`, `is_active`) VALUES ('7b659b9c-6fc7-4c3c-a335-03a962153dd6', 'Innovation Lab', 'df234305-8a47-4b4d-8efb-716a6b695428', '6801850f-dcae-4918-9db6-3372eeb8f0cf', 1);
INSERT INTO `client_division` (`id`, `division_name`, `tenant_id`, `client_id`, `is_active`) VALUES ('c93891e6-c13b-4d15-92ee-1f4d3bb9a683', 'Core Tech', 'df234305-8a47-4b4d-8efb-716a6b695428', '6801850f-dcae-4918-9db6-3372eeb8f0cf', 1);
INSERT INTO `client_division` (`id`, `division_name`, `tenant_id`, `client_id`, `is_active`) VALUES ('f96b6afa-2d7a-457f-96ed-071efbb50caf', 'Engineering', 'df234305-8a47-4b4d-8efb-716a6b695428', '6801850f-dcae-4918-9db6-3372eeb8f0cf', 1);
INSERT INTO `client_division` (`id`, `division_name`, `tenant_id`, `client_id`, `is_active`) VALUES ('4d77f055-fe6e-437c-af5a-e5ecd49161f7', 'Product Dev', 'df234305-8a47-4b4d-8efb-716a6b695428', '6801850f-dcae-4918-9db6-3372eeb8f0cf', 1);
INSERT INTO `client` (`uuid`, `tenant_id`, `client_name`, `client_code`, `is_active`) VALUES ('d8076338-9615-4d6b-84cd-55cc11eab3cf', 'df234305-8a47-4b4d-8efb-716a6b695428', 'Gutierrez, Griffin and Gardner', 1140, 1);
INSERT INTO `department` (`uuid`, `tenant_id`, `client_id`, `department`) VALUES ('4be098b8-d877-49e9-a326-ad22648fd073', 'df234305-8a47-4b4d-8efb-716a6b695428', 'd8076338-9615-4d6b-84cd-55cc11eab3cf', 'Aerospace');
INSERT INTO `department` (`uuid`, `tenant_id`, `client_id`, `department`) VALUES ('474b0e5a-9d7c-4a8d-9a0a-0f9af46ed669', 'df234305-8a47-4b4d-8efb-716a6b695428', 'd8076338-9615-4d6b-84cd-55cc11eab3cf', 'Biomedical');
INSERT INTO `department` (`uuid`, `tenant_id`, `client_id`, `department`) VALUES ('8e970e0c-347f-44f5-b81f-87c5ab3ded0d', 'df234305-8a47-4b4d-8efb-716a6b695428', 'd8076338-9615-4d6b-84cd-55cc11eab3cf', 'Cybersecurity');
INSERT INTO `department` (`uuid`, `tenant_id`, `client_id`, `department`) VALUES ('7e19bf9e-4e9d-4b68-9519-c3d9d764fd5b', 'df234305-8a47-4b4d-8efb-716a6b695428', 'd8076338-9615-4d6b-84cd-55cc11eab3cf', 'AI Solutions');
INSERT INTO `department` (`uuid`, `tenant_id`, `client_id`, `department`) VALUES ('d68465e5-f454-469f-b3f9-d102353784d4', 'df234305-8a47-4b4d-8efb-716a6b695428', 'd8076338-9615-4d6b-84cd-55cc11eab3cf', 'Civil Systems');
INSERT INTO `department` (`uuid`, `tenant_id`, `client_id`, `department`) VALUES ('7a21a649-069d-450c-95bf-18bce33df02a', 'df234305-8a47-4b4d-8efb-716a6b695428', 'd8076338-9615-4d6b-84cd-55cc11eab3cf', 'Robotics');
INSERT INTO `client_division` (`id`, `division_name`, `tenant_id`, `client_id`, `is_active`) VALUES ('43994cd7-7c85-469e-bb96-c220aea06ab5', 'Innovation Lab', 'df234305-8a47-4b4d-8efb-716a6b695428', 'd8076338-9615-4d6b-84cd-55cc11eab3cf', 1);
INSERT INTO `client_division` (`id`, `division_name`, `tenant_id`, `client_id`, `is_active`) VALUES ('ca2979d8-f2b8-4375-9256-a490353204c2', 'R&D', 'df234305-8a47-4b4d-8efb-716a6b695428', 'd8076338-9615-4d6b-84cd-55cc11eab3cf', 1);
INSERT INTO `client_division` (`id`, `division_name`, `tenant_id`, `client_id`, `is_active`) VALUES ('65cb24e7-e223-42db-adc5-b31951295f6e', 'Engineering', 'df234305-8a47-4b4d-8efb-716a6b695428', 'd8076338-9615-4d6b-84cd-55cc11eab3cf', 1);
INSERT INTO `client_division` (`id`, `division_name`, `tenant_id`, `client_id`, `is_active`) VALUES ('54228ca5-11de-401b-94f0-106ca70b957f', 'Core Tech', 'df234305-8a47-4b4d-8efb-716a6b695428', 'd8076338-9615-4d6b-84cd-55cc11eab3cf', 1);
INSERT INTO `client_division` (`id`, `division_name`, `tenant_id`, `client_id`, `is_active`) VALUES ('eb97c57b-853f-45bf-8cff-801175a63223', 'Product Dev', 'df234305-8a47-4b4d-8efb-716a6b695428', 'd8076338-9615-4d6b-84cd-55cc11eab3cf', 1);
INSERT INTO `client` (`uuid`, `tenant_id`, `client_name`, `client_code`, `is_active`) VALUES ('93299427-9bba-4f05-836d-85231defac35', 'df234305-8a47-4b4d-8efb-716a6b695428', 'Garcia Group', 1141, 1);
INSERT INTO `department` (`uuid`, `tenant_id`, `client_id`, `department`) VALUES ('5e0f73d5-40f7-41d1-96b7-e70117ddb093', 'df234305-8a47-4b4d-8efb-716a6b695428', '93299427-9bba-4f05-836d-85231defac35', 'Aerospace');
INSERT INTO `department` (`uuid`, `tenant_id`, `client_id`, `department`) VALUES ('350e36ce-7530-4673-8bc4-a4e5738e1b5d', 'df234305-8a47-4b4d-8efb-716a6b695428', '93299427-9bba-4f05-836d-85231defac35', 'Civil Systems');
INSERT INTO `department` (`uuid`, `tenant_id`, `client_id`, `department`) VALUES ('577d2bc5-7d7f-4e6d-b2d7-f644d999dd8b', 'df234305-8a47-4b4d-8efb-716a6b695428', '93299427-9bba-4f05-836d-85231defac35', 'AI Solutions');
INSERT INTO `department` (`uuid`, `tenant_id`, `client_id`, `department`) VALUES ('c8bcdab8-6167-4689-80cd-e1b13c9b3197', 'df234305-8a47-4b4d-8efb-716a6b695428', '93299427-9bba-4f05-836d-85231defac35', 'Robotics');
INSERT INTO `department` (`uuid`, `tenant_id`, `client_id`, `department`) VALUES ('8b0d20cc-09d4-4ba1-a701-664f85b6b566', 'df234305-8a47-4b4d-8efb-716a6b695428', '93299427-9bba-4f05-836d-85231defac35', 'Biomedical');
INSERT INTO `department` (`uuid`, `tenant_id`, `client_id`, `department`) VALUES ('cf69f2af-7dd1-4936-9dc6-5923ebd36497', 'df234305-8a47-4b4d-8efb-716a6b695428', '93299427-9bba-4f05-836d-85231defac35', 'Cybersecurity');
INSERT INTO `client_division` (`id`, `division_name`, `tenant_id`, `client_id`, `is_active`) VALUES ('5807ce25-4409-4c68-9ff0-cb10f18a0652', 'Innovation Lab', 'df234305-8a47-4b4d-8efb-716a6b695428', '93299427-9bba-4f05-836d-85231defac35', 1);
INSERT INTO `client_division` (`id`, `division_name`, `tenant_id`, `client_id`, `is_active`) VALUES ('fe50f007-84cf-4c9d-9124-8a57dd277073', 'Core Tech', 'df234305-8a47-4b4d-8efb-716a6b695428', '93299427-9bba-4f05-836d-85231defac35', 1);
INSERT INTO `client_division` (`id`, `division_name`, `tenant_id`, `client_id`, `is_active`) VALUES ('d6cbe2ed-67bd-43c8-9ad9-4ef0ea391a1d', 'R&D', 'df234305-8a47-4b4d-8efb-716a6b695428', '93299427-9bba-4f05-836d-85231defac35', 1);
INSERT INTO `client_division` (`id`, `division_name`, `tenant_id`, `client_id`, `is_active`) VALUES ('1519e1b1-c5b0-4aef-b3e2-07d9aa54d17c', 'Engineering', 'df234305-8a47-4b4d-8efb-716a6b695428', '93299427-9bba-4f05-836d-85231defac35', 1);
INSERT INTO `client_division` (`id`, `division_name`, `tenant_id`, `client_id`, `is_active`) VALUES ('a893152f-f422-454c-853a-1f6792b3ed5c', 'Product Dev', 'df234305-8a47-4b4d-8efb-716a6b695428', '93299427-9bba-4f05-836d-85231defac35', 1);
INSERT INTO `client` (`uuid`, `tenant_id`, `client_name`, `client_code`, `is_active`) VALUES ('fd55321b-5355-4659-85f5-f12037f48d02', 'df234305-8a47-4b4d-8efb-716a6b695428', 'Houston PLC', 1142, 1);
INSERT INTO `department` (`uuid`, `tenant_id`, `client_id`, `department`) VALUES ('f04ac486-c150-4e30-8872-e2cf22d0b6d2', 'df234305-8a47-4b4d-8efb-716a6b695428', 'fd55321b-5355-4659-85f5-f12037f48d02', 'Cybersecurity');
INSERT INTO `department` (`uuid`, `tenant_id`, `client_id`, `department`) VALUES ('1b48779b-0f9f-4f23-977e-95e5b1c23616', 'df234305-8a47-4b4d-8efb-716a6b695428', 'fd55321b-5355-4659-85f5-f12037f48d02', 'Robotics');
INSERT INTO `department` (`uuid`, `tenant_id`, `client_id`, `department`) VALUES ('7bea481d-52cb-45b6-9c86-75ac4944e66a', 'df234305-8a47-4b4d-8efb-716a6b695428', 'fd55321b-5355-4659-85f5-f12037f48d02', 'Biomedical');
INSERT INTO `department` (`uuid`, `tenant_id`, `client_id`, `department`) VALUES ('9756561d-c503-469f-86c7-fec948c121f9', 'df234305-8a47-4b4d-8efb-716a6b695428', 'fd55321b-5355-4659-85f5-f12037f48d02', 'AI Solutions');
INSERT INTO `department` (`uuid`, `tenant_id`, `client_id`, `department`) VALUES ('2903cb57-69a9-4b42-a0d1-13dec057e40f', 'df234305-8a47-4b4d-8efb-716a6b695428', 'fd55321b-5355-4659-85f5-f12037f48d02', 'Aerospace');
INSERT INTO `department` (`uuid`, `tenant_id`, `client_id`, `department`) VALUES ('ce90254e-cd95-4ed1-b643-b303a48f7ac2', 'df234305-8a47-4b4d-8efb-716a6b695428', 'fd55321b-5355-4659-85f5-f12037f48d02', 'Civil Systems');
INSERT INTO `client_division` (`id`, `division_name`, `tenant_id`, `client_id`, `is_active`) VALUES ('fd7f1c71-f6c4-4486-b76d-88a584028a4e', 'Core Tech', 'df234305-8a47-4b4d-8efb-716a6b695428', 'fd55321b-5355-4659-85f5-f12037f48d02', 1);
INSERT INTO `client_division` (`id`, `division_name`, `tenant_id`, `client_id`, `is_active`) VALUES ('829acdb1-abf9-4870-81f0-2507ebb22361', 'Product Dev', 'df234305-8a47-4b4d-8efb-716a6b695428', 'fd55321b-5355-4659-85f5-f12037f48d02', 1);
INSERT INTO `client_division` (`id`, `division_name`, `tenant_id`, `client_id`, `is_active`) VALUES ('10f44d48-3612-4681-a3da-eda2a577c9d4', 'Innovation Lab', 'df234305-8a47-4b4d-8efb-716a6b695428', 'fd55321b-5355-4659-85f5-f12037f48d02', 1);
INSERT INTO `client_division` (`id`, `division_name`, `tenant_id`, `client_id`, `is_active`) VALUES ('09561137-4e50-4716-a057-51f500bb890d', 'Engineering', 'df234305-8a47-4b4d-8efb-716a6b695428', 'fd55321b-5355-4659-85f5-f12037f48d02', 1);
INSERT INTO `client_division` (`id`, `division_name`, `tenant_id`, `client_id`, `is_active`) VALUES ('52401204-4198-4083-84a1-f5515f9e295c', 'R&D', 'df234305-8a47-4b4d-8efb-716a6b695428', 'fd55321b-5355-4659-85f5-f12037f48d02', 1);
INSERT INTO `client` (`uuid`, `tenant_id`, `client_name`, `client_code`, `is_active`) VALUES ('285aaa2e-5063-4767-b84a-82e69374599e', 'df234305-8a47-4b4d-8efb-716a6b695428', 'Roberts, Bernard and Williamson', 1143, 1);
INSERT INTO `department` (`uuid`, `tenant_id`, `client_id`, `department`) VALUES ('32e7c7f3-0148-4dea-bec9-851b4c74183e', 'df234305-8a47-4b4d-8efb-716a6b695428', '285aaa2e-5063-4767-b84a-82e69374599e', 'Biomedical');
INSERT INTO `department` (`uuid`, `tenant_id`, `client_id`, `department`) VALUES ('e4975b15-59f3-4a6f-8a81-c5390ef8dfac', 'df234305-8a47-4b4d-8efb-716a6b695428', '285aaa2e-5063-4767-b84a-82e69374599e', 'Civil Systems');
INSERT INTO `department` (`uuid`, `tenant_id`, `client_id`, `department`) VALUES ('0a148340-3349-406f-aab3-80ab23cb238e', 'df234305-8a47-4b4d-8efb-716a6b695428', '285aaa2e-5063-4767-b84a-82e69374599e', 'Aerospace');
INSERT INTO `department` (`uuid`, `tenant_id`, `client_id`, `department`) VALUES ('62a221ae-9cfc-4825-9469-e18dfb1a62d1', 'df234305-8a47-4b4d-8efb-716a6b695428', '285aaa2e-5063-4767-b84a-82e69374599e', 'Cybersecurity');
INSERT INTO `client_division` (`id`, `division_name`, `tenant_id`, `client_id`, `is_active`) VALUES ('4fd2ead9-1efb-48f6-a0ce-5a728c139b62', 'R&D', 'df234305-8a47-4b4d-8efb-716a6b695428', '285aaa2e-5063-4767-b84a-82e69374599e', 1);
INSERT INTO `client_division` (`id`, `division_name`, `tenant_id`, `client_id`, `is_active`) VALUES ('3d4c4b3f-5a7d-42fe-b708-92cae1961f49', 'Engineering', 'df234305-8a47-4b4d-8efb-716a6b695428', '285aaa2e-5063-4767-b84a-82e69374599e', 1);
INSERT INTO `client_division` (`id`, `division_name`, `tenant_id`, `client_id`, `is_active`) VALUES ('06b9f42a-8823-4767-9ed5-9fd1d06e274c', 'Core Tech', 'df234305-8a47-4b4d-8efb-716a6b695428', '285aaa2e-5063-4767-b84a-82e69374599e', 1);
INSERT INTO `client_division` (`id`, `division_name`, `tenant_id`, `client_id`, `is_active`) VALUES ('8acbc68f-230c-4a6d-880e-c60fad1eb9a2', 'Product Dev', 'df234305-8a47-4b4d-8efb-716a6b695428', '285aaa2e-5063-4767-b84a-82e69374599e', 1);
INSERT INTO `client_division` (`id`, `division_name`, `tenant_id`, `client_id`, `is_active`) VALUES ('66273687-2c3f-43d3-b9ac-28ff66be18e0', 'Innovation Lab', 'df234305-8a47-4b4d-8efb-716a6b695428', '285aaa2e-5063-4767-b84a-82e69374599e', 1);
INSERT INTO `client` (`uuid`, `tenant_id`, `client_name`, `client_code`, `is_active`) VALUES ('d50b1ac6-3b54-44e7-b0fb-b17a652bf5fa', 'df234305-8a47-4b4d-8efb-716a6b695428', 'Osborne-Golden', 1144, 1);
INSERT INTO `department` (`uuid`, `tenant_id`, `client_id`, `department`) VALUES ('7306e32c-05fa-4613-9b59-d7b9bf854ebc', 'df234305-8a47-4b4d-8efb-716a6b695428', 'd50b1ac6-3b54-44e7-b0fb-b17a652bf5fa', 'Civil Systems');
INSERT INTO `department` (`uuid`, `tenant_id`, `client_id`, `department`) VALUES ('7791f782-3d0a-4da1-985d-f38f74ea8fe8', 'df234305-8a47-4b4d-8efb-716a6b695428', 'd50b1ac6-3b54-44e7-b0fb-b17a652bf5fa', 'Robotics');
INSERT INTO `department` (`uuid`, `tenant_id`, `client_id`, `department`) VALUES ('75be0124-1562-48c7-943e-37c222d55412', 'df234305-8a47-4b4d-8efb-716a6b695428', 'd50b1ac6-3b54-44e7-b0fb-b17a652bf5fa', 'AI Solutions');
INSERT INTO `department` (`uuid`, `tenant_id`, `client_id`, `department`) VALUES ('bb3cc951-f8d3-469a-aebb-b7a21a8cfce2', 'df234305-8a47-4b4d-8efb-716a6b695428', 'd50b1ac6-3b54-44e7-b0fb-b17a652bf5fa', 'Cybersecurity');
INSERT INTO `department` (`uuid`, `tenant_id`, `client_id`, `department`) VALUES ('30e2b347-1e55-41a6-a467-acc09c271a73', 'df234305-8a47-4b4d-8efb-716a6b695428', 'd50b1ac6-3b54-44e7-b0fb-b17a652bf5fa', 'Aerospace');
INSERT INTO `department` (`uuid`, `tenant_id`, `client_id`, `department`) VALUES ('f6ad3b0f-7bcb-4936-83c0-797f568254d2', 'df234305-8a47-4b4d-8efb-716a6b695428', 'd50b1ac6-3b54-44e7-b0fb-b17a652bf5fa', 'Biomedical');
INSERT INTO `client_division` (`id`, `division_name`, `tenant_id`, `client_id`, `is_active`) VALUES ('09ab571f-27b7-4931-b7e5-8d700ad8f1bb', 'Core Tech', 'df234305-8a47-4b4d-8efb-716a6b695428', 'd50b1ac6-3b54-44e7-b0fb-b17a652bf5fa', 1);
INSERT INTO `client_division` (`id`, `division_name`, `tenant_id`, `client_id`, `is_active`) VALUES ('245de1da-c939-4220-ba9c-718666b66b9f', 'Innovation Lab', 'df234305-8a47-4b4d-8efb-716a6b695428', 'd50b1ac6-3b54-44e7-b0fb-b17a652bf5fa', 1);
INSERT INTO `client_division` (`id`, `division_name`, `tenant_id`, `client_id`, `is_active`) VALUES ('8296e7f2-c8ca-4ab0-b0c4-2f3726711fb3', 'Product Dev', 'df234305-8a47-4b4d-8efb-716a6b695428', 'd50b1ac6-3b54-44e7-b0fb-b17a652bf5fa', 1);
INSERT INTO `client_division` (`id`, `division_name`, `tenant_id`, `client_id`, `is_active`) VALUES ('a6e35737-16b1-44fa-9ea9-53e7def78c36', 'R&D', 'df234305-8a47-4b4d-8efb-716a6b695428', 'd50b1ac6-3b54-44e7-b0fb-b17a652bf5fa', 1);
INSERT INTO `client_division` (`id`, `division_name`, `tenant_id`, `client_id`, `is_active`) VALUES ('62bd486b-d9b6-4609-9fcb-a9bfea40cb4d', 'Engineering', 'df234305-8a47-4b4d-8efb-716a6b695428', 'd50b1ac6-3b54-44e7-b0fb-b17a652bf5fa', 1);
INSERT INTO `client` (`uuid`, `tenant_id`, `client_name`, `client_code`, `is_active`) VALUES ('b1dfcb8d-e219-47dc-86ac-8969065b4c1c', 'df234305-8a47-4b4d-8efb-716a6b695428', 'Robertson-Miller', 1145, 1);
INSERT INTO `department` (`uuid`, `tenant_id`, `client_id`, `department`) VALUES ('f5fa7b54-bcef-4ae5-8ffd-a1a97abd3739', 'df234305-8a47-4b4d-8efb-716a6b695428', 'b1dfcb8d-e219-47dc-86ac-8969065b4c1c', 'Biomedical');
INSERT INTO `department` (`uuid`, `tenant_id`, `client_id`, `department`) VALUES ('76372756-f21d-4ca9-a878-c606ecd3fa77', 'df234305-8a47-4b4d-8efb-716a6b695428', 'b1dfcb8d-e219-47dc-86ac-8969065b4c1c', 'AI Solutions');
INSERT INTO `department` (`uuid`, `tenant_id`, `client_id`, `department`) VALUES ('d56bcdfd-6b19-4a88-a10f-fdb3bbef7f39', 'df234305-8a47-4b4d-8efb-716a6b695428', 'b1dfcb8d-e219-47dc-86ac-8969065b4c1c', 'Cybersecurity');
INSERT INTO `department` (`uuid`, `tenant_id`, `client_id`, `department`) VALUES ('3c824540-da3e-4d9f-aa0e-62a67974097a', 'df234305-8a47-4b4d-8efb-716a6b695428', 'b1dfcb8d-e219-47dc-86ac-8969065b4c1c', 'Robotics');
INSERT INTO `department` (`uuid`, `tenant_id`, `client_id`, `department`) VALUES ('00f9f46b-4ff0-46bb-be9b-0a908ec9fab5', 'df234305-8a47-4b4d-8efb-716a6b695428', 'b1dfcb8d-e219-47dc-86ac-8969065b4c1c', 'Civil Systems');
INSERT INTO `client_division` (`id`, `division_name`, `tenant_id`, `client_id`, `is_active`) VALUES ('cb068991-48ea-410d-828a-82536ab65b2d', 'Product Dev', 'df234305-8a47-4b4d-8efb-716a6b695428', 'b1dfcb8d-e219-47dc-86ac-8969065b4c1c', 1);
INSERT INTO `client_division` (`id`, `division_name`, `tenant_id`, `client_id`, `is_active`) VALUES ('821a0077-e852-4dbb-8d6f-53433eb041d9', 'R&D', 'df234305-8a47-4b4d-8efb-716a6b695428', 'b1dfcb8d-e219-47dc-86ac-8969065b4c1c', 1);
INSERT INTO `client_division` (`id`, `division_name`, `tenant_id`, `client_id`, `is_active`) VALUES ('c9cffef0-6193-47c1-96c2-66a3a11fdccc', 'Innovation Lab', 'df234305-8a47-4b4d-8efb-716a6b695428', 'b1dfcb8d-e219-47dc-86ac-8969065b4c1c', 1);
INSERT INTO `client_division` (`id`, `division_name`, `tenant_id`, `client_id`, `is_active`) VALUES ('10d89c91-9755-44eb-9514-eb2e07c78711', 'Engineering', 'df234305-8a47-4b4d-8efb-716a6b695428', 'b1dfcb8d-e219-47dc-86ac-8969065b4c1c', 1);
INSERT INTO `client_division` (`id`, `division_name`, `tenant_id`, `client_id`, `is_active`) VALUES ('6bafeeca-d009-4ed8-a9d5-45935bcaee62', 'Core Tech', 'df234305-8a47-4b4d-8efb-716a6b695428', 'b1dfcb8d-e219-47dc-86ac-8969065b4c1c', 1);
INSERT INTO `client` (`uuid`, `tenant_id`, `client_name`, `client_code`, `is_active`) VALUES ('4592bd36-4227-4f90-bb90-d375ccebd9cb', 'df234305-8a47-4b4d-8efb-716a6b695428', 'Robinson LLC', 1146, 1);
INSERT INTO `department` (`uuid`, `tenant_id`, `client_id`, `department`) VALUES ('7a1354f8-4181-49a4-9d48-6cb107763163', 'df234305-8a47-4b4d-8efb-716a6b695428', '4592bd36-4227-4f90-bb90-d375ccebd9cb', 'Robotics');
INSERT INTO `department` (`uuid`, `tenant_id`, `client_id`, `department`) VALUES ('07c5e2fe-92f0-43b7-a437-904c0d042ea0', 'df234305-8a47-4b4d-8efb-716a6b695428', '4592bd36-4227-4f90-bb90-d375ccebd9cb', 'Cybersecurity');
INSERT INTO `department` (`uuid`, `tenant_id`, `client_id`, `department`) VALUES ('536b84c3-f4a0-4001-b7f0-ab6f41cff8bb', 'df234305-8a47-4b4d-8efb-716a6b695428', '4592bd36-4227-4f90-bb90-d375ccebd9cb', 'Civil Systems');
INSERT INTO `department` (`uuid`, `tenant_id`, `client_id`, `department`) VALUES ('fa6a7f82-06e1-4296-96e0-c30fdb0b4e19', 'df234305-8a47-4b4d-8efb-716a6b695428', '4592bd36-4227-4f90-bb90-d375ccebd9cb', 'Biomedical');
INSERT INTO `department` (`uuid`, `tenant_id`, `client_id`, `department`) VALUES ('ac15b48e-74de-4bd6-a80f-82b370283e95', 'df234305-8a47-4b4d-8efb-716a6b695428', '4592bd36-4227-4f90-bb90-d375ccebd9cb', 'Aerospace');
INSERT INTO `department` (`uuid`, `tenant_id`, `client_id`, `department`) VALUES ('0d21b9e4-18ee-4a0e-996d-5e0c6cd12241', 'df234305-8a47-4b4d-8efb-716a6b695428', '4592bd36-4227-4f90-bb90-d375ccebd9cb', 'AI Solutions');
INSERT INTO `client_division` (`id`, `division_name`, `tenant_id`, `client_id`, `is_active`) VALUES ('ade73ced-89d6-4ac8-b52f-548fc3eab1cd', 'Product Dev', 'df234305-8a47-4b4d-8efb-716a6b695428', '4592bd36-4227-4f90-bb90-d375ccebd9cb', 1);
INSERT INTO `client_division` (`id`, `division_name`, `tenant_id`, `client_id`, `is_active`) VALUES ('914a9fee-289d-4959-a3cf-8453f70d5791', 'R&D', 'df234305-8a47-4b4d-8efb-716a6b695428', '4592bd36-4227-4f90-bb90-d375ccebd9cb', 1);
INSERT INTO `client_division` (`id`, `division_name`, `tenant_id`, `client_id`, `is_active`) VALUES ('74dbbc80-09f5-4e13-992e-77bfeb7b09a7', 'Engineering', 'df234305-8a47-4b4d-8efb-716a6b695428', '4592bd36-4227-4f90-bb90-d375ccebd9cb', 1);
INSERT INTO `client_division` (`id`, `division_name`, `tenant_id`, `client_id`, `is_active`) VALUES ('5c787b72-d350-4230-9156-fbbcab8db257', 'Core Tech', 'df234305-8a47-4b4d-8efb-716a6b695428', '4592bd36-4227-4f90-bb90-d375ccebd9cb', 1);
INSERT INTO `client_division` (`id`, `division_name`, `tenant_id`, `client_id`, `is_active`) VALUES ('3aec74e2-3f76-4171-a30c-bf7837ad97f6', 'Innovation Lab', 'df234305-8a47-4b4d-8efb-716a6b695428', '4592bd36-4227-4f90-bb90-d375ccebd9cb', 1);
INSERT INTO `client` (`uuid`, `tenant_id`, `client_name`, `client_code`, `is_active`) VALUES ('8dac0aa7-7b4f-430d-aa14-f79b3f11aa47', 'df234305-8a47-4b4d-8efb-716a6b695428', 'Rogers, Waters and Cantrell', 1147, 1);
INSERT INTO `department` (`uuid`, `tenant_id`, `client_id`, `department`) VALUES ('842a07f6-1bb8-4e66-8f1e-4c1a063cbc48', 'df234305-8a47-4b4d-8efb-716a6b695428', '8dac0aa7-7b4f-430d-aa14-f79b3f11aa47', 'AI Solutions');
INSERT INTO `department` (`uuid`, `tenant_id`, `client_id`, `department`) VALUES ('a728b9b4-85e8-4fa7-bfac-33f482d5c34d', 'df234305-8a47-4b4d-8efb-716a6b695428', '8dac0aa7-7b4f-430d-aa14-f79b3f11aa47', 'Biomedical');
INSERT INTO `department` (`uuid`, `tenant_id`, `client_id`, `department`) VALUES ('d65c50b4-3c74-45db-83c3-ff8d8e6aec1c', 'df234305-8a47-4b4d-8efb-716a6b695428', '8dac0aa7-7b4f-430d-aa14-f79b3f11aa47', 'Civil Systems');
INSERT INTO `department` (`uuid`, `tenant_id`, `client_id`, `department`) VALUES ('a8576229-3c9d-47fd-a116-1e645e44f0c7', 'df234305-8a47-4b4d-8efb-716a6b695428', '8dac0aa7-7b4f-430d-aa14-f79b3f11aa47', 'Robotics');
INSERT INTO `department` (`uuid`, `tenant_id`, `client_id`, `department`) VALUES ('a7dd3dc8-f0db-4f8f-b0c8-6f771e084639', 'df234305-8a47-4b4d-8efb-716a6b695428', '8dac0aa7-7b4f-430d-aa14-f79b3f11aa47', 'Aerospace');
INSERT INTO `department` (`uuid`, `tenant_id`, `client_id`, `department`) VALUES ('7f5b52ca-ead9-4157-a302-3a76366fb4da', 'df234305-8a47-4b4d-8efb-716a6b695428', '8dac0aa7-7b4f-430d-aa14-f79b3f11aa47', 'Cybersecurity');
INSERT INTO `client_division` (`id`, `division_name`, `tenant_id`, `client_id`, `is_active`) VALUES ('590c0f97-0215-40bd-bb01-17ce138533f4', 'Core Tech', 'df234305-8a47-4b4d-8efb-716a6b695428', '8dac0aa7-7b4f-430d-aa14-f79b3f11aa47', 1);
INSERT INTO `client_division` (`id`, `division_name`, `tenant_id`, `client_id`, `is_active`) VALUES ('1a1e55cb-dd53-4229-a705-e434d8c013de', 'Product Dev', 'df234305-8a47-4b4d-8efb-716a6b695428', '8dac0aa7-7b4f-430d-aa14-f79b3f11aa47', 1);
INSERT INTO `client_division` (`id`, `division_name`, `tenant_id`, `client_id`, `is_active`) VALUES ('78efd3da-6a6e-436e-a92f-6961c384e12d', 'Innovation Lab', 'df234305-8a47-4b4d-8efb-716a6b695428', '8dac0aa7-7b4f-430d-aa14-f79b3f11aa47', 1);
INSERT INTO `client_division` (`id`, `division_name`, `tenant_id`, `client_id`, `is_active`) VALUES ('55259b31-3659-473f-bf1f-11e2eefc7453', 'R&D', 'df234305-8a47-4b4d-8efb-716a6b695428', '8dac0aa7-7b4f-430d-aa14-f79b3f11aa47', 1);
INSERT INTO `client_division` (`id`, `division_name`, `tenant_id`, `client_id`, `is_active`) VALUES ('ece5cada-167f-4909-978b-197863366438', 'Engineering', 'df234305-8a47-4b4d-8efb-716a6b695428', '8dac0aa7-7b4f-430d-aa14-f79b3f11aa47', 1);
INSERT INTO `client` (`uuid`, `tenant_id`, `client_name`, `client_code`, `is_active`) VALUES ('3b392430-c99d-4589-b786-23f5368701f4', 'df234305-8a47-4b4d-8efb-716a6b695428', 'Mccoy, Brooks and Brown', 1148, 1);
INSERT INTO `department` (`uuid`, `tenant_id`, `client_id`, `department`) VALUES ('1303e5fa-dc7b-4b02-af36-2ef922440cc3', 'df234305-8a47-4b4d-8efb-716a6b695428', '3b392430-c99d-4589-b786-23f5368701f4', 'Aerospace');
INSERT INTO `department` (`uuid`, `tenant_id`, `client_id`, `department`) VALUES ('3de35278-580a-4767-99ab-8b0fe28db8b3', 'df234305-8a47-4b4d-8efb-716a6b695428', '3b392430-c99d-4589-b786-23f5368701f4', 'Cybersecurity');
INSERT INTO `department` (`uuid`, `tenant_id`, `client_id`, `department`) VALUES ('d0a5f2d5-cb24-4f7e-8411-47c40d83436e', 'df234305-8a47-4b4d-8efb-716a6b695428', '3b392430-c99d-4589-b786-23f5368701f4', 'AI Solutions');
INSERT INTO `department` (`uuid`, `tenant_id`, `client_id`, `department`) VALUES ('ac913e8d-73d9-407e-9342-ca601ae26521', 'df234305-8a47-4b4d-8efb-716a6b695428', '3b392430-c99d-4589-b786-23f5368701f4', 'Robotics');
INSERT INTO `department` (`uuid`, `tenant_id`, `client_id`, `department`) VALUES ('9c8ad426-1d98-4e4a-8cbd-a2918760f5cc', 'df234305-8a47-4b4d-8efb-716a6b695428', '3b392430-c99d-4589-b786-23f5368701f4', 'Biomedical');
INSERT INTO `department` (`uuid`, `tenant_id`, `client_id`, `department`) VALUES ('6198ba02-8613-4a4f-8a70-555e83ad1369', 'df234305-8a47-4b4d-8efb-716a6b695428', '3b392430-c99d-4589-b786-23f5368701f4', 'Civil Systems');
INSERT INTO `client_division` (`id`, `division_name`, `tenant_id`, `client_id`, `is_active`) VALUES ('d44714eb-a1b8-4e0d-8731-b6bb9a424cec', 'Innovation Lab', 'df234305-8a47-4b4d-8efb-716a6b695428', '3b392430-c99d-4589-b786-23f5368701f4', 1);
INSERT INTO `client_division` (`id`, `division_name`, `tenant_id`, `client_id`, `is_active`) VALUES ('ad163487-10ce-4181-b29a-07f3a8046dc8', 'Core Tech', 'df234305-8a47-4b4d-8efb-716a6b695428', '3b392430-c99d-4589-b786-23f5368701f4', 1);
INSERT INTO `client_division` (`id`, `division_name`, `tenant_id`, `client_id`, `is_active`) VALUES ('9c9da0af-9a14-4c70-add3-64dd24f429ca', 'Engineering', 'df234305-8a47-4b4d-8efb-716a6b695428', '3b392430-c99d-4589-b786-23f5368701f4', 1);
INSERT INTO `client_division` (`id`, `division_name`, `tenant_id`, `client_id`, `is_active`) VALUES ('1a8db756-5739-4300-b128-27f07631310a', 'R&D', 'df234305-8a47-4b4d-8efb-716a6b695428', '3b392430-c99d-4589-b786-23f5368701f4', 1);
INSERT INTO `client_division` (`id`, `division_name`, `tenant_id`, `client_id`, `is_active`) VALUES ('ff0c605e-2739-45f1-9eb8-d329e8daafe1', 'Product Dev', 'df234305-8a47-4b4d-8efb-716a6b695428', '3b392430-c99d-4589-b786-23f5368701f4', 1);
INSERT INTO `client` (`uuid`, `tenant_id`, `client_name`, `client_code`, `is_active`) VALUES ('49182c46-c0c4-429c-921e-9441327eb103', 'df234305-8a47-4b4d-8efb-716a6b695428', 'Kerr-Ortiz', 1149, 1);
INSERT INTO `department` (`uuid`, `tenant_id`, `client_id`, `department`) VALUES ('659134dd-309d-4729-9c3e-114f91a937e0', 'df234305-8a47-4b4d-8efb-716a6b695428', '49182c46-c0c4-429c-921e-9441327eb103', 'Robotics');
INSERT INTO `department` (`uuid`, `tenant_id`, `client_id`, `department`) VALUES ('2c084f3f-57d1-4f08-8ed9-daf06dca5d81', 'df234305-8a47-4b4d-8efb-716a6b695428', '49182c46-c0c4-429c-921e-9441327eb103', 'Aerospace');
INSERT INTO `department` (`uuid`, `tenant_id`, `client_id`, `department`) VALUES ('5318bf19-88f9-460f-9014-6618c3854aaf', 'df234305-8a47-4b4d-8efb-716a6b695428', '49182c46-c0c4-429c-921e-9441327eb103', 'AI Solutions');
INSERT INTO `department` (`uuid`, `tenant_id`, `client_id`, `department`) VALUES ('2b697ad2-52fb-4e9e-89e7-71aeddca6c7b', 'df234305-8a47-4b4d-8efb-716a6b695428', '49182c46-c0c4-429c-921e-9441327eb103', 'Biomedical');
INSERT INTO `department` (`uuid`, `tenant_id`, `client_id`, `department`) VALUES ('810083c6-dd4e-4e4e-b6af-210524a4e63e', 'df234305-8a47-4b4d-8efb-716a6b695428', '49182c46-c0c4-429c-921e-9441327eb103', 'Cybersecurity');
INSERT INTO `department` (`uuid`, `tenant_id`, `client_id`, `department`) VALUES ('3a3f104a-2517-4751-a85b-1489e876d447', 'df234305-8a47-4b4d-8efb-716a6b695428', '49182c46-c0c4-429c-921e-9441327eb103', 'Civil Systems');
INSERT INTO `client_division` (`id`, `division_name`, `tenant_id`, `client_id`, `is_active`) VALUES ('ecc8f29a-9b89-43e3-9987-9750f03cf17c', 'R&D', 'df234305-8a47-4b4d-8efb-716a6b695428', '49182c46-c0c4-429c-921e-9441327eb103', 1);
INSERT INTO `client_division` (`id`, `division_name`, `tenant_id`, `client_id`, `is_active`) VALUES ('e72a5315-cb1d-48cd-a774-1d4917c60b70', 'Product Dev', 'df234305-8a47-4b4d-8efb-716a6b695428', '49182c46-c0c4-429c-921e-9441327eb103', 1);
INSERT INTO `client_division` (`id`, `division_name`, `tenant_id`, `client_id`, `is_active`) VALUES ('6ed6cf0e-fbc8-4577-8c98-d0372e147540', 'Core Tech', 'df234305-8a47-4b4d-8efb-716a6b695428', '49182c46-c0c4-429c-921e-9441327eb103', 1);
INSERT INTO `client_division` (`id`, `division_name`, `tenant_id`, `client_id`, `is_active`) VALUES ('c9ce8c84-0960-46fa-b3ea-f13c60b7fe88', 'Innovation Lab', 'df234305-8a47-4b4d-8efb-716a6b695428', '49182c46-c0c4-429c-921e-9441327eb103', 1);
INSERT INTO `client_division` (`id`, `division_name`, `tenant_id`, `client_id`, `is_active`) VALUES ('e27a05fc-3dc7-4cba-943f-60503636eb46', 'Engineering', 'df234305-8a47-4b4d-8efb-716a6b695428', '49182c46-c0c4-429c-921e-9441327eb103', 1);