-- Generated SQL inserts for DOCKET_REVIEW database
-- NOTE: Populates tables `client`, `department`, and `users`.

INSERT INTO `users` (`uuid`, `first_name`, `last_name`, `full_name`, `email`, `address`, `contact`, `inactive`, `tenant_id`, `created_on`, `modified_on`) VALUES ('2a223efb-3c33-44b0-a775-18f1bfa6c764', 'Jessica', 'Ross', 'Jessica Ross', 'jessica.ross@example.com', NULL, NULL, 0, 'df234305-8a47-4b4d-8efb-716a6b695428', '2025-07-01 10:48:56', '2025-07-01 10:48:56');
INSERT INTO `users` (`uuid`, `first_name`, `last_name`, `full_name`, `email`, `address`, `contact`, `inactive`, `tenant_id`, `created_on`, `modified_on`) VALUES ('f90e4573-bc0a-445c-b8b0-d11887eb3a2a', 'Megan', 'Stein', 'Megan Stein', 'megan.stein@example.com', NULL, NULL, 0, 'df234305-8a47-4b4d-8efb-716a6b695428', '2025-07-01 10:48:56', '2025-07-01 10:48:56');
INSERT INTO `users` (`uuid`, `first_name`, `last_name`, `full_name`, `email`, `address`, `contact`, `inactive`, `tenant_id`, `created_on`, `modified_on`) VALUES ('282f1a10-c1ef-4098-b2d7-7948e4c0086c', 'Robin', 'Cummings', 'Robin Cummings', 'robin.cummings@example.com', NULL, NULL, 0, 'df234305-8a47-4b4d-8efb-716a6b695428', '2025-07-01 10:48:56', '2025-07-01 10:48:56');
INSERT INTO `users` (`uuid`, `first_name`, `last_name`, `full_name`, `email`, `address`, `contact`, `inactive`, `tenant_id`, `created_on`, `modified_on`) VALUES ('94bc8789-1890-4038-a1d7-a704099e4b23', 'Lindsey', 'Holloway', 'Lindsey Holloway', 'lindsey.holloway@example.com', NULL, NULL, 0, 'df234305-8a47-4b4d-8efb-716a6b695428', '2025-07-01 10:48:56', '2025-07-01 10:48:56');
INSERT INTO `users` (`uuid`, `first_name`, `last_name`, `full_name`, `email`, `address`, `contact`, `inactive`, `tenant_id`, `created_on`, `modified_on`) VALUES ('6bbceadd-765c-4675-b788-53800197733a', 'Kathryn', 'Hinton', 'Kathryn Hinton', 'kathryn.hinton@example.com', NULL, NULL, 0, 'df234305-8a47-4b4d-8efb-716a6b695428', '2025-07-01 10:48:56', '2025-07-01 10:48:56');
INSERT INTO `users` (`uuid`, `first_name`, `last_name`, `full_name`, `email`, `address`, `contact`, `inactive`, `tenant_id`, `created_on`, `modified_on`) VALUES ('70770cf3-db29-409f-84cf-991797138df1', 'Tami', 'Sharp', 'Tami Sharp', 'tami.sharp@example.com', NULL, NULL, 0, 'df234305-8a47-4b4d-8efb-716a6b695428', '2025-07-01 10:48:56', '2025-07-01 10:48:56');
INSERT INTO `users` (`uuid`, `first_name`, `last_name`, `full_name`, `email`, `address`, `contact`, `inactive`, `tenant_id`, `created_on`, `modified_on`) VALUES ('5a30fe70-3b77-432f-9fa1-0d510bb3b604', 'Dr.', 'Carrie Medina DVM', 'Dr. Carrie Medina DVM', 'dr..carriemedinadvm@example.com', NULL, NULL, 0, 'df234305-8a47-4b4d-8efb-716a6b695428', '2025-07-01 10:48:56', '2025-07-01 10:48:56');
INSERT INTO `users` (`uuid`, `first_name`, `last_name`, `full_name`, `email`, `address`, `contact`, `inactive`, `tenant_id`, `created_on`, `modified_on`) VALUES ('85060257-96ff-4399-b084-92eec039334e', 'Rebekah', 'Middleton', 'Rebekah Middleton', 'rebekah.middleton@example.com', NULL, NULL, 0, 'df234305-8a47-4b4d-8efb-716a6b695428', '2025-07-01 10:48:56', '2025-07-01 10:48:56');
INSERT INTO `users` (`uuid`, `first_name`, `last_name`, `full_name`, `email`, `address`, `contact`, `inactive`, `tenant_id`, `created_on`, `modified_on`) VALUES ('e9076019-2e97-4722-9f61-6bf7f164155e', 'Stephanie', 'Patel', 'Stephanie Patel', 'stephanie.patel@example.com', NULL, NULL, 0, 'df234305-8a47-4b4d-8efb-716a6b695428', '2025-07-01 10:48:56', '2025-07-01 10:48:56');
INSERT INTO `users` (`uuid`, `first_name`, `last_name`, `full_name`, `email`, `address`, `contact`, `inactive`, `tenant_id`, `created_on`, `modified_on`) VALUES ('1ed57239-d22b-4d49-a392-ae999f3c4e46', 'Robert', 'Bell', 'Robert Bell', 'robert.bell@example.com', NULL, NULL, 0, 'df234305-8a47-4b4d-8efb-716a6b695428', '2025-07-01 10:48:56', '2025-07-01 10:48:56');
INSERT INTO `users` (`uuid`, `first_name`, `last_name`, `full_name`, `email`, `address`, `contact`, `inactive`, `tenant_id`, `created_on`, `modified_on`) VALUES ('293a753b-9528-4aba-9a35-11980fe87968', 'Lisa', 'Jensen', 'Lisa Jensen', 'lisa.jensen@example.com', NULL, NULL, 0, 'df234305-8a47-4b4d-8efb-716a6b695428', '2025-07-01 10:48:56', '2025-07-01 10:48:56');
INSERT INTO `users` (`uuid`, `first_name`, `last_name`, `full_name`, `email`, `address`, `contact`, `inactive`, `tenant_id`, `created_on`, `modified_on`) VALUES ('9150e541-3ebc-4147-badf-fbb546482ae9', 'Allison', 'Kim', 'Allison Kim', 'allison.kim@example.com', NULL, NULL, 0, 'df234305-8a47-4b4d-8efb-716a6b695428', '2025-07-01 10:48:56', '2025-07-01 10:48:56');
INSERT INTO `users` (`uuid`, `first_name`, `last_name`, `full_name`, `email`, `address`, `contact`, `inactive`, `tenant_id`, `created_on`, `modified_on`) VALUES ('7b18573a-df5d-4e32-9620-c59cc5107071', 'Michael', 'Smith', 'Michael Smith', 'michael.smith@example.com', NULL, NULL, 0, 'df234305-8a47-4b4d-8efb-716a6b695428', '2025-07-01 10:48:56', '2025-07-01 10:48:56');
INSERT INTO `users` (`uuid`, `first_name`, `last_name`, `full_name`, `email`, `address`, `contact`, `inactive`, `tenant_id`, `created_on`, `modified_on`) VALUES ('6656620c-2ff9-4229-a7bd-c125f11c9c49', 'Derrick', 'Lynch', 'Derrick Lynch', 'derrick.lynch@example.com', NULL, NULL, 0, 'df234305-8a47-4b4d-8efb-716a6b695428', '2025-07-01 10:48:56', '2025-07-01 10:48:56');
INSERT INTO `users` (`uuid`, `first_name`, `last_name`, `full_name`, `email`, `address`, `contact`, `inactive`, `tenant_id`, `created_on`, `modified_on`) VALUES ('6b5a2b34-1af1-4d84-a5ed-a0ee301c17d2', 'Betty', 'York', 'Betty York', 'betty.york@example.com', NULL, NULL, 0, 'df234305-8a47-4b4d-8efb-716a6b695428', '2025-07-01 10:48:56', '2025-07-01 10:48:56');
INSERT INTO `users` (`uuid`, `first_name`, `last_name`, `full_name`, `email`, `address`, `contact`, `inactive`, `tenant_id`, `created_on`, `modified_on`) VALUES ('54dd065b-4f55-4df7-b48e-4480ed755482', 'Carl', 'Howe', 'Carl Howe', 'carl.howe@example.com', NULL, NULL, 0, 'df234305-8a47-4b4d-8efb-716a6b695428', '2025-07-01 10:48:56', '2025-07-01 10:48:56');
INSERT INTO `users` (`uuid`, `first_name`, `last_name`, `full_name`, `email`, `address`, `contact`, `inactive`, `tenant_id`, `created_on`, `modified_on`) VALUES ('991b2478-e203-4f22-8020-a591afd2c9c5', 'Jamie', 'Kelley', 'Jamie Kelley', 'jamie.kelley@example.com', NULL, NULL, 0, 'df234305-8a47-4b4d-8efb-716a6b695428', '2025-07-01 10:48:56', '2025-07-01 10:48:56');
INSERT INTO `users` (`uuid`, `first_name`, `last_name`, `full_name`, `email`, `address`, `contact`, `inactive`, `tenant_id`, `created_on`, `modified_on`) VALUES ('9686e296-7258-45a2-9348-0df9b1d35e89', 'Ashley', 'Logan', 'Ashley Logan', 'ashley.logan@example.com', NULL, NULL, 0, 'df234305-8a47-4b4d-8efb-716a6b695428', '2025-07-01 10:48:56', '2025-07-01 10:48:56');
INSERT INTO `users` (`uuid`, `first_name`, `last_name`, `full_name`, `email`, `address`, `contact`, `inactive`, `tenant_id`, `created_on`, `modified_on`) VALUES ('d0dde5b6-4521-4912-9274-32859641e399', 'Daniel', 'Newman', 'Daniel Newman', 'daniel.newman@example.com', NULL, NULL, 0, 'df234305-8a47-4b4d-8efb-716a6b695428', '2025-07-01 10:48:56', '2025-07-01 10:48:56');
INSERT INTO `users` (`uuid`, `first_name`, `last_name`, `full_name`, `email`, `address`, `contact`, `inactive`, `tenant_id`, `created_on`, `modified_on`) VALUES ('b50b06fc-4cd6-4aaf-b8ff-b764a058756b', 'Paul', 'Olson', 'Paul Olson', 'paul.olson@example.com', NULL, NULL, 0, 'df234305-8a47-4b4d-8efb-716a6b695428', '2025-07-01 10:48:56', '2025-07-01 10:48:56');
INSERT INTO `users` (`uuid`, `first_name`, `last_name`, `full_name`, `email`, `address`, `contact`, `inactive`, `tenant_id`, `created_on`, `modified_on`) VALUES ('46421498-e883-4626-a152-050221f3f7ca', 'James', 'Morgan', 'James Morgan', 'james.morgan@example.com', NULL, NULL, 0, 'df234305-8a47-4b4d-8efb-716a6b695428', '2025-07-01 10:48:56', '2025-07-01 10:48:56');
INSERT INTO `users` (`uuid`, `first_name`, `last_name`, `full_name`, `email`, `address`, `contact`, `inactive`, `tenant_id`, `created_on`, `modified_on`) VALUES ('5c43243b-9c73-448a-bb4d-2bc87ffb276e', 'Christopher', 'Phillips', 'Christopher Phillips', 'christopher.phillips@example.com', NULL, NULL, 0, 'df234305-8a47-4b4d-8efb-716a6b695428', '2025-07-01 10:48:56', '2025-07-01 10:48:56');
INSERT INTO `users` (`uuid`, `first_name`, `last_name`, `full_name`, `email`, `address`, `contact`, `inactive`, `tenant_id`, `created_on`, `modified_on`) VALUES ('9998ebcb-b17c-485f-8819-61482a641cde', 'Nicholas', 'Ramos', 'Nicholas Ramos', 'nicholas.ramos@example.com', NULL, NULL, 0, 'df234305-8a47-4b4d-8efb-716a6b695428', '2025-07-01 10:48:56', '2025-07-01 10:48:56');
INSERT INTO `users` (`uuid`, `first_name`, `last_name`, `full_name`, `email`, `address`, `contact`, `inactive`, `tenant_id`, `created_on`, `modified_on`) VALUES ('35ec96c5-280e-4186-b904-7c073bb8b464', 'Patricia', 'Sanchez', 'Patricia Sanchez', 'patricia.sanchez@example.com', NULL, NULL, 0, 'df234305-8a47-4b4d-8efb-716a6b695428', '2025-07-01 10:48:56', '2025-07-01 10:48:56');
INSERT INTO `users` (`uuid`, `first_name`, `last_name`, `full_name`, `email`, `address`, `contact`, `inactive`, `tenant_id`, `created_on`, `modified_on`) VALUES ('4219ad90-0f39-46b6-818f-901b8f531144', 'John', 'Johnson', 'John Johnson', 'john.johnson@example.com', NULL, NULL, 0, 'df234305-8a47-4b4d-8efb-716a6b695428', '2025-07-01 10:48:56', '2025-07-01 10:48:56');
INSERT INTO `users` (`uuid`, `first_name`, `last_name`, `full_name`, `email`, `address`, `contact`, `inactive`, `tenant_id`, `created_on`, `modified_on`) VALUES ('3110eee7-e287-4760-8091-2f3675ba7ca7', 'Patrick', 'Aguilar', 'Patrick Aguilar', 'patrick.aguilar@example.com', NULL, NULL, 0, 'df234305-8a47-4b4d-8efb-716a6b695428', '2025-07-01 10:48:56', '2025-07-01 10:48:56');
INSERT INTO `users` (`uuid`, `first_name`, `last_name`, `full_name`, `email`, `address`, `contact`, `inactive`, `tenant_id`, `created_on`, `modified_on`) VALUES ('8b5bf210-2826-405d-a407-9438d7ffd607', 'Michael', 'Porter', 'Michael Porter', 'michael.porter@example.com', NULL, NULL, 0, 'df234305-8a47-4b4d-8efb-716a6b695428', '2025-07-01 10:48:56', '2025-07-01 10:48:56');
INSERT INTO `users` (`uuid`, `first_name`, `last_name`, `full_name`, `email`, `address`, `contact`, `inactive`, `tenant_id`, `created_on`, `modified_on`) VALUES ('b90c959c-442a-43ab-ba44-312abe0d18df', 'James', 'Anderson', 'James Anderson', 'james.anderson@example.com', NULL, NULL, 0, 'df234305-8a47-4b4d-8efb-716a6b695428', '2025-07-01 10:48:56', '2025-07-01 10:48:56');
INSERT INTO `users` (`uuid`, `first_name`, `last_name`, `full_name`, `email`, `address`, `contact`, `inactive`, `tenant_id`, `created_on`, `modified_on`) VALUES ('bf19864b-9164-4df0-8ca4-4fc6fbe7beb4', 'Elizabeth', 'Bolton', 'Elizabeth Bolton', 'elizabeth.bolton@example.com', NULL, NULL, 0, 'df234305-8a47-4b4d-8efb-716a6b695428', '2025-07-01 10:48:56', '2025-07-01 10:48:56');
INSERT INTO `users` (`uuid`, `first_name`, `last_name`, `full_name`, `email`, `address`, `contact`, `inactive`, `tenant_id`, `created_on`, `modified_on`) VALUES ('9ae642f1-4d88-4c86-862e-981391a5086a', 'Tiffany', 'Hampton', 'Tiffany Hampton', 'tiffany.hampton@example.com', NULL, NULL, 0, 'df234305-8a47-4b4d-8efb-716a6b695428', '2025-07-01 10:48:56', '2025-07-01 10:48:56');
INSERT INTO `users` (`uuid`, `first_name`, `last_name`, `full_name`, `email`, `address`, `contact`, `inactive`, `tenant_id`, `created_on`, `modified_on`) VALUES ('31bd4399-c5aa-4413-bbd0-24d577852315', 'Meredith', 'Jacobs', 'Meredith Jacobs', 'meredith.jacobs@example.com', NULL, NULL, 0, 'df234305-8a47-4b4d-8efb-716a6b695428', '2025-07-01 10:48:56', '2025-07-01 10:48:56');
INSERT INTO `users` (`uuid`, `first_name`, `last_name`, `full_name`, `email`, `address`, `contact`, `inactive`, `tenant_id`, `created_on`, `modified_on`) VALUES ('2ae0db76-7325-4b8e-9e18-819cfa75e8d8', 'James', 'Holmes', 'James Holmes', 'james.holmes@example.com', NULL, NULL, 0, 'df234305-8a47-4b4d-8efb-716a6b695428', '2025-07-01 10:48:56', '2025-07-01 10:48:56');
INSERT INTO `users` (`uuid`, `first_name`, `last_name`, `full_name`, `email`, `address`, `contact`, `inactive`, `tenant_id`, `created_on`, `modified_on`) VALUES ('3cf35cd8-c803-44eb-a712-8af86f718690', 'Robert', 'Hughes', 'Robert Hughes', 'robert.hughes@example.com', NULL, NULL, 0, 'df234305-8a47-4b4d-8efb-716a6b695428', '2025-07-01 10:48:56', '2025-07-01 10:48:56');
INSERT INTO `users` (`uuid`, `first_name`, `last_name`, `full_name`, `email`, `address`, `contact`, `inactive`, `tenant_id`, `created_on`, `modified_on`) VALUES ('cbeb506f-2bbe-4a7e-a2ca-42f2fbced47f', 'Duane', 'Lewis', 'Duane Lewis', 'duane.lewis@example.com', NULL, NULL, 0, 'df234305-8a47-4b4d-8efb-716a6b695428', '2025-07-01 10:48:56', '2025-07-01 10:48:56');
INSERT INTO `users` (`uuid`, `first_name`, `last_name`, `full_name`, `email`, `address`, `contact`, `inactive`, `tenant_id`, `created_on`, `modified_on`) VALUES ('0013f44e-24e7-41d4-a10b-817569eedc1e', 'Jordan', 'Parker', 'Jordan Parker', 'jordan.parker@example.com', NULL, NULL, 0, 'df234305-8a47-4b4d-8efb-716a6b695428', '2025-07-01 10:48:56', '2025-07-01 10:48:56');
INSERT INTO `users` (`uuid`, `first_name`, `last_name`, `full_name`, `email`, `address`, `contact`, `inactive`, `tenant_id`, `created_on`, `modified_on`) VALUES ('e379b19b-f20b-439b-872d-04d39f83b202', 'Jennifer', 'Williamson DVM', 'Jennifer Williamson DVM', 'jennifer.williamsondvm@example.com', NULL, NULL, 0, 'df234305-8a47-4b4d-8efb-716a6b695428', '2025-07-01 10:48:56', '2025-07-01 10:48:56');
INSERT INTO `users` (`uuid`, `first_name`, `last_name`, `full_name`, `email`, `address`, `contact`, `inactive`, `tenant_id`, `created_on`, `modified_on`) VALUES ('3689b19f-363b-4d7b-9616-c8f87b298c4d', 'Nancy', 'Montgomery', 'Nancy Montgomery', 'nancy.montgomery@example.com', NULL, NULL, 0, 'df234305-8a47-4b4d-8efb-716a6b695428', '2025-07-01 10:48:56', '2025-07-01 10:48:56');
INSERT INTO `users` (`uuid`, `first_name`, `last_name`, `full_name`, `email`, `address`, `contact`, `inactive`, `tenant_id`, `created_on`, `modified_on`) VALUES ('45fde5a0-f709-46a1-be11-094c362a6400', 'Carrie', 'Spencer', 'Carrie Spencer', 'carrie.spencer@example.com', NULL, NULL, 0, 'df234305-8a47-4b4d-8efb-716a6b695428', '2025-07-01 10:48:56', '2025-07-01 10:48:56');
INSERT INTO `users` (`uuid`, `first_name`, `last_name`, `full_name`, `email`, `address`, `contact`, `inactive`, `tenant_id`, `created_on`, `modified_on`) VALUES ('4c081476-241b-4ab5-8979-cb2937d9ded9', 'Kathy', 'Roberts', 'Kathy Roberts', 'kathy.roberts@example.com', NULL, NULL, 0, 'df234305-8a47-4b4d-8efb-716a6b695428', '2025-07-01 10:48:56', '2025-07-01 10:48:56');
INSERT INTO `users` (`uuid`, `first_name`, `last_name`, `full_name`, `email`, `address`, `contact`, `inactive`, `tenant_id`, `created_on`, `modified_on`) VALUES ('51a13b89-3cef-4ac5-b820-1786fa773d26', 'Linda', 'King', 'Linda King', 'linda.king@example.com', NULL, NULL, 0, 'df234305-8a47-4b4d-8efb-716a6b695428', '2025-07-01 10:48:56', '2025-07-01 10:48:56');
INSERT INTO `users` (`uuid`, `first_name`, `last_name`, `full_name`, `email`, `address`, `contact`, `inactive`, `tenant_id`, `created_on`, `modified_on`) VALUES ('1371f133-d262-401e-997d-f42faddceabf', 'Antonio', 'Peters', 'Antonio Peters', 'antonio.peters@example.com', NULL, NULL, 0, 'df234305-8a47-4b4d-8efb-716a6b695428', '2025-07-01 10:48:56', '2025-07-01 10:48:56');
INSERT INTO `users` (`uuid`, `first_name`, `last_name`, `full_name`, `email`, `address`, `contact`, `inactive`, `tenant_id`, `created_on`, `modified_on`) VALUES ('8f08a60b-70ef-4ae1-89c8-102bb7aed2d4', 'John', 'Moss', 'John Moss', 'john.moss@example.com', NULL, NULL, 0, 'df234305-8a47-4b4d-8efb-716a6b695428', '2025-07-01 10:48:56', '2025-07-01 10:48:56');
INSERT INTO `users` (`uuid`, `first_name`, `last_name`, `full_name`, `email`, `address`, `contact`, `inactive`, `tenant_id`, `created_on`, `modified_on`) VALUES ('7fae70c0-ae1e-4660-a466-b1bd638e0a82', 'Michael', 'Rios', 'Michael Rios', 'michael.rios@example.com', NULL, NULL, 0, 'df234305-8a47-4b4d-8efb-716a6b695428', '2025-07-01 10:48:56', '2025-07-01 10:48:56');
INSERT INTO `users` (`uuid`, `first_name`, `last_name`, `full_name`, `email`, `address`, `contact`, `inactive`, `tenant_id`, `created_on`, `modified_on`) VALUES ('256fe8bf-e254-4fdd-9335-4d4089fa946b', 'Stephen', 'Alvarez', 'Stephen Alvarez', 'stephen.alvarez@example.com', NULL, NULL, 0, 'df234305-8a47-4b4d-8efb-716a6b695428', '2025-07-01 10:48:56', '2025-07-01 10:48:56');
INSERT INTO `users` (`uuid`, `first_name`, `last_name`, `full_name`, `email`, `address`, `contact`, `inactive`, `tenant_id`, `created_on`, `modified_on`) VALUES ('57305516-5311-48f4-81cb-04dc85b2ddb9', 'Alexander', 'Campos', 'Alexander Campos', 'alexander.campos@example.com', NULL, NULL, 0, 'df234305-8a47-4b4d-8efb-716a6b695428', '2025-07-01 10:48:56', '2025-07-01 10:48:56');
INSERT INTO `users` (`uuid`, `first_name`, `last_name`, `full_name`, `email`, `address`, `contact`, `inactive`, `tenant_id`, `created_on`, `modified_on`) VALUES ('44244ef6-e8ee-4612-acf9-08793fa92979', 'Joshua', 'Ortiz', 'Joshua Ortiz', 'joshua.ortiz@example.com', NULL, NULL, 0, 'df234305-8a47-4b4d-8efb-716a6b695428', '2025-07-01 10:48:56', '2025-07-01 10:48:56');
INSERT INTO `users` (`uuid`, `first_name`, `last_name`, `full_name`, `email`, `address`, `contact`, `inactive`, `tenant_id`, `created_on`, `modified_on`) VALUES ('bf16b579-9119-48a2-82cc-428f53e20b77', 'Amanda', 'Walker', 'Amanda Walker', 'amanda.walker@example.com', NULL, NULL, 0, 'df234305-8a47-4b4d-8efb-716a6b695428', '2025-07-01 10:48:56', '2025-07-01 10:48:56');
INSERT INTO `users` (`uuid`, `first_name`, `last_name`, `full_name`, `email`, `address`, `contact`, `inactive`, `tenant_id`, `created_on`, `modified_on`) VALUES ('f40fcad0-732c-48a8-8f57-81035f46206d', 'Michael', 'Cummings', 'Michael Cummings', 'michael.cummings@example.com', NULL, NULL, 0, 'df234305-8a47-4b4d-8efb-716a6b695428', '2025-07-01 10:48:56', '2025-07-01 10:48:56');
INSERT INTO `users` (`uuid`, `first_name`, `last_name`, `full_name`, `email`, `address`, `contact`, `inactive`, `tenant_id`, `created_on`, `modified_on`) VALUES ('3ec1d89d-209d-4d67-93df-ce7439b2f4f3', 'Katelyn', 'Skinner', 'Katelyn Skinner', 'katelyn.skinner@example.com', NULL, NULL, 0, 'df234305-8a47-4b4d-8efb-716a6b695428', '2025-07-01 10:48:56', '2025-07-01 10:48:56');
INSERT INTO `users` (`uuid`, `first_name`, `last_name`, `full_name`, `email`, `address`, `contact`, `inactive`, `tenant_id`, `created_on`, `modified_on`) VALUES ('2d21fa52-c454-4352-abd1-6f6b8f255de7', 'Deborah', 'Thompson', 'Deborah Thompson', 'deborah.thompson@example.com', NULL, NULL, 0, 'df234305-8a47-4b4d-8efb-716a6b695428', '2025-07-01 10:48:56', '2025-07-01 10:48:56');
INSERT INTO `users` (`uuid`, `first_name`, `last_name`, `full_name`, `email`, `address`, `contact`, `inactive`, `tenant_id`, `created_on`, `modified_on`) VALUES ('02968da1-d2fd-4b99-89fd-57db05b9cb47', 'Jonathan', 'Henderson', 'Jonathan Henderson', 'jonathan.henderson@example.com', NULL, NULL, 0, 'df234305-8a47-4b4d-8efb-716a6b695428', '2025-07-01 10:48:56', '2025-07-01 10:48:56');
INSERT INTO `users` (`uuid`, `first_name`, `last_name`, `full_name`, `email`, `address`, `contact`, `inactive`, `tenant_id`, `created_on`, `modified_on`) VALUES ('f4d87d92-9e83-4708-ae46-ea4bc3654ad1', 'Daniel', 'Hubbard', 'Daniel Hubbard', 'daniel.hubbard@example.com', NULL, NULL, 0, 'df234305-8a47-4b4d-8efb-716a6b695428', '2025-07-01 10:48:56', '2025-07-01 10:48:56');
INSERT INTO `users` (`uuid`, `first_name`, `last_name`, `full_name`, `email`, `address`, `contact`, `inactive`, `tenant_id`, `created_on`, `modified_on`) VALUES ('06e6580d-1eb2-488b-b55a-433c6329061b', 'Eric', 'Berg', 'Eric Berg', 'eric.berg@example.com', NULL, NULL, 0, 'df234305-8a47-4b4d-8efb-716a6b695428', '2025-07-01 10:48:56', '2025-07-01 10:48:56');
INSERT INTO `users` (`uuid`, `first_name`, `last_name`, `full_name`, `email`, `address`, `contact`, `inactive`, `tenant_id`, `created_on`, `modified_on`) VALUES ('52cb6275-142f-47ab-96eb-531085b87b89', 'Alexander', 'Barber', 'Alexander Barber', 'alexander.barber@example.com', NULL, NULL, 0, 'df234305-8a47-4b4d-8efb-716a6b695428', '2025-07-01 10:48:56', '2025-07-01 10:48:56');
INSERT INTO `users` (`uuid`, `first_name`, `last_name`, `full_name`, `email`, `address`, `contact`, `inactive`, `tenant_id`, `created_on`, `modified_on`) VALUES ('ebf059dc-6c1c-4758-a99f-b0afb0f1899c', 'Timothy', 'Guerra', 'Timothy Guerra', 'timothy.guerra@example.com', NULL, NULL, 0, 'df234305-8a47-4b4d-8efb-716a6b695428', '2025-07-01 10:48:56', '2025-07-01 10:48:56');
INSERT INTO `users` (`uuid`, `first_name`, `last_name`, `full_name`, `email`, `address`, `contact`, `inactive`, `tenant_id`, `created_on`, `modified_on`) VALUES ('7ed0e804-ae3c-4fcc-8aa2-419d9a6c90b9', 'Mitchell', 'Patel', 'Mitchell Patel', 'mitchell.patel@example.com', NULL, NULL, 0, 'df234305-8a47-4b4d-8efb-716a6b695428', '2025-07-01 10:48:56', '2025-07-01 10:48:56');
INSERT INTO `users` (`uuid`, `first_name`, `last_name`, `full_name`, `email`, `address`, `contact`, `inactive`, `tenant_id`, `created_on`, `modified_on`) VALUES ('5ae2d81b-7123-4979-8e46-49c56c650be5', 'Gregory', 'Hartman', 'Gregory Hartman', 'gregory.hartman@example.com', NULL, NULL, 0, 'df234305-8a47-4b4d-8efb-716a6b695428', '2025-07-01 10:48:56', '2025-07-01 10:48:56');
INSERT INTO `users` (`uuid`, `first_name`, `last_name`, `full_name`, `email`, `address`, `contact`, `inactive`, `tenant_id`, `created_on`, `modified_on`) VALUES ('e26cf51e-d807-4d80-8d70-a42ab209dcc9', 'Jennifer', 'Reid', 'Jennifer Reid', 'jennifer.reid@example.com', NULL, NULL, 0, 'df234305-8a47-4b4d-8efb-716a6b695428', '2025-07-01 10:48:56', '2025-07-01 10:48:56');
INSERT INTO `users` (`uuid`, `first_name`, `last_name`, `full_name`, `email`, `address`, `contact`, `inactive`, `tenant_id`, `created_on`, `modified_on`) VALUES ('88c126a0-4cce-4d5a-8a0b-986e4e7c2467', 'Daniel', 'Walker', 'Daniel Walker', 'daniel.walker@example.com', NULL, NULL, 0, 'df234305-8a47-4b4d-8efb-716a6b695428', '2025-07-01 10:48:56', '2025-07-01 10:48:56');
INSERT INTO `users` (`uuid`, `first_name`, `last_name`, `full_name`, `email`, `address`, `contact`, `inactive`, `tenant_id`, `created_on`, `modified_on`) VALUES ('0905c31c-0284-4c72-94d8-04f5eb34197d', 'Candice', 'Hicks', 'Candice Hicks', 'candice.hicks@example.com', NULL, NULL, 0, 'df234305-8a47-4b4d-8efb-716a6b695428', '2025-07-01 10:48:56', '2025-07-01 10:48:56');
INSERT INTO `users` (`uuid`, `first_name`, `last_name`, `full_name`, `email`, `address`, `contact`, `inactive`, `tenant_id`, `created_on`, `modified_on`) VALUES ('33864443-055a-4932-93ff-cf74b1cfef11', 'Daniel', 'Khan', 'Daniel Khan', 'daniel.khan@example.com', NULL, NULL, 0, 'df234305-8a47-4b4d-8efb-716a6b695428', '2025-07-01 10:48:56', '2025-07-01 10:48:56');
INSERT INTO `users` (`uuid`, `first_name`, `last_name`, `full_name`, `email`, `address`, `contact`, `inactive`, `tenant_id`, `created_on`, `modified_on`) VALUES ('084f55fb-23ec-47e1-bd7e-e80742629e11', 'Maria', 'Moreno', 'Maria Moreno', 'maria.moreno@example.com', NULL, NULL, 0, 'df234305-8a47-4b4d-8efb-716a6b695428', '2025-07-01 10:48:56', '2025-07-01 10:48:56');
INSERT INTO `users` (`uuid`, `first_name`, `last_name`, `full_name`, `email`, `address`, `contact`, `inactive`, `tenant_id`, `created_on`, `modified_on`) VALUES ('17b161f5-61f1-4d07-babb-7c343e4e4324', 'Patrick', 'Bright', 'Patrick Bright', 'patrick.bright@example.com', NULL, NULL, 0, 'df234305-8a47-4b4d-8efb-716a6b695428', '2025-07-01 10:48:56', '2025-07-01 10:48:56');
INSERT INTO `users` (`uuid`, `first_name`, `last_name`, `full_name`, `email`, `address`, `contact`, `inactive`, `tenant_id`, `created_on`, `modified_on`) VALUES ('21c96e21-f8c2-48ca-8999-b831db34859d', 'Ronald', 'Scott', 'Ronald Scott', 'ronald.scott@example.com', NULL, NULL, 0, 'df234305-8a47-4b4d-8efb-716a6b695428', '2025-07-01 10:48:56', '2025-07-01 10:48:56');
INSERT INTO `users` (`uuid`, `first_name`, `last_name`, `full_name`, `email`, `address`, `contact`, `inactive`, `tenant_id`, `created_on`, `modified_on`) VALUES ('0a79211e-0d4e-488f-9110-27695cf71eb3', 'Jordan', 'Phillips', 'Jordan Phillips', 'jordan.phillips@example.com', NULL, NULL, 0, 'df234305-8a47-4b4d-8efb-716a6b695428', '2025-07-01 10:48:56', '2025-07-01 10:48:56');
INSERT INTO `users` (`uuid`, `first_name`, `last_name`, `full_name`, `email`, `address`, `contact`, `inactive`, `tenant_id`, `created_on`, `modified_on`) VALUES ('ce03e03a-74fb-4e92-a122-b259a53d3b1c', 'April', 'Norton', 'April Norton', 'april.norton@example.com', NULL, NULL, 0, 'df234305-8a47-4b4d-8efb-716a6b695428', '2025-07-01 10:48:56', '2025-07-01 10:48:56');
INSERT INTO `users` (`uuid`, `first_name`, `last_name`, `full_name`, `email`, `address`, `contact`, `inactive`, `tenant_id`, `created_on`, `modified_on`) VALUES ('98b00b94-5578-4b19-9dde-ac721d7a48a9', 'Derrick', 'Jordan', 'Derrick Jordan', 'derrick.jordan@example.com', NULL, NULL, 0, 'df234305-8a47-4b4d-8efb-716a6b695428', '2025-07-01 10:48:56', '2025-07-01 10:48:56');
INSERT INTO `users` (`uuid`, `first_name`, `last_name`, `full_name`, `email`, `address`, `contact`, `inactive`, `tenant_id`, `created_on`, `modified_on`) VALUES ('047ef763-d834-403d-82d9-1649ef92222c', 'Reginald', 'Porter', 'Reginald Porter', 'reginald.porter@example.com', NULL, NULL, 0, 'df234305-8a47-4b4d-8efb-716a6b695428', '2025-07-01 10:48:56', '2025-07-01 10:48:56');
INSERT INTO `users` (`uuid`, `first_name`, `last_name`, `full_name`, `email`, `address`, `contact`, `inactive`, `tenant_id`, `created_on`, `modified_on`) VALUES ('b65eba32-a352-405e-b156-f90a41d44ffd', 'Scott', 'Nunez', 'Scott Nunez', 'scott.nunez@example.com', NULL, NULL, 0, 'df234305-8a47-4b4d-8efb-716a6b695428', '2025-07-01 10:48:56', '2025-07-01 10:48:56');
INSERT INTO `users` (`uuid`, `first_name`, `last_name`, `full_name`, `email`, `address`, `contact`, `inactive`, `tenant_id`, `created_on`, `modified_on`) VALUES ('0377f2f3-0e3c-447d-a9b1-450d3aee5494', 'Mr.', 'Thomas Allen', 'Mr. Thomas Allen', 'mr..thomasallen@example.com', NULL, NULL, 0, 'df234305-8a47-4b4d-8efb-716a6b695428', '2025-07-01 10:48:56', '2025-07-01 10:48:56');
INSERT INTO `users` (`uuid`, `first_name`, `last_name`, `full_name`, `email`, `address`, `contact`, `inactive`, `tenant_id`, `created_on`, `modified_on`) VALUES ('87edc37e-b44b-4315-8efe-547290342315', 'Lisa', 'Mccormick', 'Lisa Mccormick', 'lisa.mccormick@example.com', NULL, NULL, 0, 'df234305-8a47-4b4d-8efb-716a6b695428', '2025-07-01 10:48:56', '2025-07-01 10:48:56');
INSERT INTO `users` (`uuid`, `first_name`, `last_name`, `full_name`, `email`, `address`, `contact`, `inactive`, `tenant_id`, `created_on`, `modified_on`) VALUES ('5827574f-a874-4c0b-bd7b-ca54e32ce78a', 'Nancy', 'Jones', 'Nancy Jones', 'nancy.jones@example.com', NULL, NULL, 0, 'df234305-8a47-4b4d-8efb-716a6b695428', '2025-07-01 10:48:56', '2025-07-01 10:48:56');
INSERT INTO `users` (`uuid`, `first_name`, `last_name`, `full_name`, `email`, `address`, `contact`, `inactive`, `tenant_id`, `created_on`, `modified_on`) VALUES ('6a80a173-d0e3-4503-8b2b-532456afd792', 'Victoria', 'Murray', 'Victoria Murray', 'victoria.murray@example.com', NULL, NULL, 0, 'df234305-8a47-4b4d-8efb-716a6b695428', '2025-07-01 10:48:56', '2025-07-01 10:48:56');
INSERT INTO `users` (`uuid`, `first_name`, `last_name`, `full_name`, `email`, `address`, `contact`, `inactive`, `tenant_id`, `created_on`, `modified_on`) VALUES ('969733bf-1729-4aaf-b610-8e22c9db3b6f', 'Elizabeth', 'Palmer', 'Elizabeth Palmer', 'elizabeth.palmer@example.com', NULL, NULL, 0, 'df234305-8a47-4b4d-8efb-716a6b695428', '2025-07-01 10:48:56', '2025-07-01 10:48:56');
INSERT INTO `users` (`uuid`, `first_name`, `last_name`, `full_name`, `email`, `address`, `contact`, `inactive`, `tenant_id`, `created_on`, `modified_on`) VALUES ('7ba280e6-6e98-4c51-a98e-4ecc9320db77', 'Donna', 'Johnson', 'Donna Johnson', 'donna.johnson@example.com', NULL, NULL, 0, 'df234305-8a47-4b4d-8efb-716a6b695428', '2025-07-01 10:48:56', '2025-07-01 10:48:56');
INSERT INTO `users` (`uuid`, `first_name`, `last_name`, `full_name`, `email`, `address`, `contact`, `inactive`, `tenant_id`, `created_on`, `modified_on`) VALUES ('4a9f675e-740e-4185-a8b1-e0d9a8998246', 'Kimberly', 'Banks', 'Kimberly Banks', 'kimberly.banks@example.com', NULL, NULL, 0, 'df234305-8a47-4b4d-8efb-716a6b695428', '2025-07-01 10:48:56', '2025-07-01 10:48:56');
INSERT INTO `users` (`uuid`, `first_name`, `last_name`, `full_name`, `email`, `address`, `contact`, `inactive`, `tenant_id`, `created_on`, `modified_on`) VALUES ('7ea6534b-8693-4d21-98ea-5f255ad1f260', 'Michelle', 'Mcgrath', 'Michelle Mcgrath', 'michelle.mcgrath@example.com', NULL, NULL, 0, 'df234305-8a47-4b4d-8efb-716a6b695428', '2025-07-01 10:48:56', '2025-07-01 10:48:56');
INSERT INTO `users` (`uuid`, `first_name`, `last_name`, `full_name`, `email`, `address`, `contact`, `inactive`, `tenant_id`, `created_on`, `modified_on`) VALUES ('2c6d4d35-49fe-42e8-ae84-e72d8fb4dd7f', 'Paul', 'Hughes', 'Paul Hughes', 'paul.hughes@example.com', NULL, NULL, 0, 'df234305-8a47-4b4d-8efb-716a6b695428', '2025-07-01 10:48:56', '2025-07-01 10:48:56');
INSERT INTO `users` (`uuid`, `first_name`, `last_name`, `full_name`, `email`, `address`, `contact`, `inactive`, `tenant_id`, `created_on`, `modified_on`) VALUES ('220b21ed-dc8d-4335-87ee-d283e5ba8dfb', 'Michael', 'Phillips', 'Michael Phillips', 'michael.phillips@example.com', NULL, NULL, 0, 'df234305-8a47-4b4d-8efb-716a6b695428', '2025-07-01 10:48:56', '2025-07-01 10:48:56');
INSERT INTO `users` (`uuid`, `first_name`, `last_name`, `full_name`, `email`, `address`, `contact`, `inactive`, `tenant_id`, `created_on`, `modified_on`) VALUES ('404c219c-d3f8-4600-8969-886517fa74c4', 'Nicole', 'Garrett', 'Nicole Garrett', 'nicole.garrett@example.com', NULL, NULL, 0, 'df234305-8a47-4b4d-8efb-716a6b695428', '2025-07-01 10:48:56', '2025-07-01 10:48:56');
INSERT INTO `users` (`uuid`, `first_name`, `last_name`, `full_name`, `email`, `address`, `contact`, `inactive`, `tenant_id`, `created_on`, `modified_on`) VALUES ('f1a7b47f-c9c6-4b69-bac7-c640bca549af', 'James', 'Doyle', 'James Doyle', 'james.doyle@example.com', NULL, NULL, 0, 'df234305-8a47-4b4d-8efb-716a6b695428', '2025-07-01 10:48:56', '2025-07-01 10:48:56');
INSERT INTO `users` (`uuid`, `first_name`, `last_name`, `full_name`, `email`, `address`, `contact`, `inactive`, `tenant_id`, `created_on`, `modified_on`) VALUES ('09737381-fe40-4fb5-be55-7f703928e2eb', 'Nancy', 'Espinoza', 'Nancy Espinoza', 'nancy.espinoza@example.com', NULL, NULL, 0, 'df234305-8a47-4b4d-8efb-716a6b695428', '2025-07-01 10:48:56', '2025-07-01 10:48:56');
INSERT INTO `users` (`uuid`, `first_name`, `last_name`, `full_name`, `email`, `address`, `contact`, `inactive`, `tenant_id`, `created_on`, `modified_on`) VALUES ('36d569d8-4618-4d4c-bcfe-53ba55d7ef6b', 'Scott', 'Knight DDS', 'Scott Knight DDS', 'scott.knightdds@example.com', NULL, NULL, 0, 'df234305-8a47-4b4d-8efb-716a6b695428', '2025-07-01 10:48:56', '2025-07-01 10:48:56');
INSERT INTO `users` (`uuid`, `first_name`, `last_name`, `full_name`, `email`, `address`, `contact`, `inactive`, `tenant_id`, `created_on`, `modified_on`) VALUES ('6db0dea1-eb1e-4e87-b1fc-9f07ef07cdff', 'Steve', 'Stevens', 'Steve Stevens', 'steve.stevens@example.com', NULL, NULL, 0, 'df234305-8a47-4b4d-8efb-716a6b695428', '2025-07-01 10:48:56', '2025-07-01 10:48:56');
INSERT INTO `users` (`uuid`, `first_name`, `last_name`, `full_name`, `email`, `address`, `contact`, `inactive`, `tenant_id`, `created_on`, `modified_on`) VALUES ('491c724c-8249-47b0-9b64-651a1dca1ecb', 'Regina', 'Clark', 'Regina Clark', 'regina.clark@example.com', NULL, NULL, 0, 'df234305-8a47-4b4d-8efb-716a6b695428', '2025-07-01 10:48:56', '2025-07-01 10:48:56');
INSERT INTO `users` (`uuid`, `first_name`, `last_name`, `full_name`, `email`, `address`, `contact`, `inactive`, `tenant_id`, `created_on`, `modified_on`) VALUES ('f92ad9de-c2ec-4444-b038-f8ec132b5e4c', 'David', 'Nelson', 'David Nelson', 'david.nelson@example.com', NULL, NULL, 0, 'df234305-8a47-4b4d-8efb-716a6b695428', '2025-07-01 10:48:56', '2025-07-01 10:48:56');
INSERT INTO `users` (`uuid`, `first_name`, `last_name`, `full_name`, `email`, `address`, `contact`, `inactive`, `tenant_id`, `created_on`, `modified_on`) VALUES ('72f684c8-fb6f-4dc4-93ef-bd3b476558eb', 'Peter', 'Orr', 'Peter Orr', 'peter.orr@example.com', NULL, NULL, 0, 'df234305-8a47-4b4d-8efb-716a6b695428', '2025-07-01 10:48:56', '2025-07-01 10:48:56');
INSERT INTO `users` (`uuid`, `first_name`, `last_name`, `full_name`, `email`, `address`, `contact`, `inactive`, `tenant_id`, `created_on`, `modified_on`) VALUES ('25460ddc-2857-4b27-b99f-4f1b36d03d4e', 'Derek', 'Robinson', 'Derek Robinson', 'derek.robinson@example.com', NULL, NULL, 0, 'df234305-8a47-4b4d-8efb-716a6b695428', '2025-07-01 10:48:56', '2025-07-01 10:48:56');
INSERT INTO `users` (`uuid`, `first_name`, `last_name`, `full_name`, `email`, `address`, `contact`, `inactive`, `tenant_id`, `created_on`, `modified_on`) VALUES ('d53b046c-2214-4e2e-9148-2181642f7b65', 'Robert', 'Rodriguez', 'Robert Rodriguez', 'robert.rodriguez@example.com', NULL, NULL, 0, 'df234305-8a47-4b4d-8efb-716a6b695428', '2025-07-01 10:48:56', '2025-07-01 10:48:56');
INSERT INTO `users` (`uuid`, `first_name`, `last_name`, `full_name`, `email`, `address`, `contact`, `inactive`, `tenant_id`, `created_on`, `modified_on`) VALUES ('2c7dfc7d-b075-44c1-bab6-d3553aa49ee7', 'Michael', 'King', 'Michael King', 'michael.king@example.com', NULL, NULL, 0, 'df234305-8a47-4b4d-8efb-716a6b695428', '2025-07-01 10:48:56', '2025-07-01 10:48:56');
INSERT INTO `users` (`uuid`, `first_name`, `last_name`, `full_name`, `email`, `address`, `contact`, `inactive`, `tenant_id`, `created_on`, `modified_on`) VALUES ('014829d8-67db-48cf-9132-59570924b70b', 'Dawn', 'Taylor', 'Dawn Taylor', 'dawn.taylor@example.com', NULL, NULL, 0, 'df234305-8a47-4b4d-8efb-716a6b695428', '2025-07-01 10:48:56', '2025-07-01 10:48:56');
INSERT INTO `users` (`uuid`, `first_name`, `last_name`, `full_name`, `email`, `address`, `contact`, `inactive`, `tenant_id`, `created_on`, `modified_on`) VALUES ('ae499f0a-28b2-44e9-82d6-537795d4f489', 'Ryan', 'Thomas', 'Ryan Thomas', 'ryan.thomas@example.com', NULL, NULL, 0, 'df234305-8a47-4b4d-8efb-716a6b695428', '2025-07-01 10:48:56', '2025-07-01 10:48:56');
INSERT INTO `users` (`uuid`, `first_name`, `last_name`, `full_name`, `email`, `address`, `contact`, `inactive`, `tenant_id`, `created_on`, `modified_on`) VALUES ('443279f8-83d4-41d5-b4d2-4881b0a61418', 'Darryl', 'Ferguson', 'Darryl Ferguson', 'darryl.ferguson@example.com', NULL, NULL, 0, 'df234305-8a47-4b4d-8efb-716a6b695428', '2025-07-01 10:48:56', '2025-07-01 10:48:56');
INSERT INTO `users` (`uuid`, `first_name`, `last_name`, `full_name`, `email`, `address`, `contact`, `inactive`, `tenant_id`, `created_on`, `modified_on`) VALUES ('28956f62-af37-4852-a9cb-f015c05ac3de', 'Jason', 'Oliver', 'Jason Oliver', 'jason.oliver@example.com', NULL, NULL, 0, 'df234305-8a47-4b4d-8efb-716a6b695428', '2025-07-01 10:48:56', '2025-07-01 10:48:56');
INSERT INTO `users` (`uuid`, `first_name`, `last_name`, `full_name`, `email`, `address`, `contact`, `inactive`, `tenant_id`, `created_on`, `modified_on`) VALUES ('6e2bc08e-b0eb-464e-b39c-0726cb685e3d', 'Angela', 'Parrish', 'Angela Parrish', 'angela.parrish@example.com', NULL, NULL, 0, 'df234305-8a47-4b4d-8efb-716a6b695428', '2025-07-01 10:48:56', '2025-07-01 10:48:56');
INSERT INTO `users` (`uuid`, `first_name`, `last_name`, `full_name`, `email`, `address`, `contact`, `inactive`, `tenant_id`, `created_on`, `modified_on`) VALUES ('2e70aa47-2c2a-4e41-b12d-452ecb24bad3', 'Donna', 'Atkinson', 'Donna Atkinson', 'donna.atkinson@example.com', NULL, NULL, 0, 'df234305-8a47-4b4d-8efb-716a6b695428', '2025-07-01 10:48:56', '2025-07-01 10:48:56');
INSERT INTO `users` (`uuid`, `first_name`, `last_name`, `full_name`, `email`, `address`, `contact`, `inactive`, `tenant_id`, `created_on`, `modified_on`) VALUES ('f598177d-f261-42df-b055-6a0fee2b302e', 'Martin', 'Baker', 'Martin Baker', 'martin.baker@example.com', NULL, NULL, 0, 'df234305-8a47-4b4d-8efb-716a6b695428', '2025-07-01 10:48:56', '2025-07-01 10:48:56');
INSERT INTO `users` (`uuid`, `first_name`, `last_name`, `full_name`, `email`, `address`, `contact`, `inactive`, `tenant_id`, `created_on`, `modified_on`) VALUES ('47936fc4-dda0-4c71-abbe-0ee2369e0c60', 'Allison', 'Cummings', 'Allison Cummings', 'allison.cummings@example.com', NULL, NULL, 0, 'df234305-8a47-4b4d-8efb-716a6b695428', '2025-07-01 10:48:56', '2025-07-01 10:48:56');
INSERT INTO `users` (`uuid`, `first_name`, `last_name`, `full_name`, `email`, `address`, `contact`, `inactive`, `tenant_id`, `created_on`, `modified_on`) VALUES ('dd590800-8f38-484e-9045-98cbde99bbbe', 'Cheryl', 'Harper', 'Cheryl Harper', 'cheryl.harper@example.com', NULL, NULL, 0, 'df234305-8a47-4b4d-8efb-716a6b695428', '2025-07-01 10:48:56', '2025-07-01 10:48:56');
INSERT INTO `users` (`uuid`, `first_name`, `last_name`, `full_name`, `email`, `address`, `contact`, `inactive`, `tenant_id`, `created_on`, `modified_on`) VALUES ('6ec6d920-d14a-4bd7-887e-c40e49e91850', 'Monica', 'Johnson', 'Monica Johnson', 'monica.johnson@example.com', NULL, NULL, 0, 'df234305-8a47-4b4d-8efb-716a6b695428', '2025-07-01 10:48:56', '2025-07-01 10:48:56');
INSERT INTO `users` (`uuid`, `first_name`, `last_name`, `full_name`, `email`, `address`, `contact`, `inactive`, `tenant_id`, `created_on`, `modified_on`) VALUES ('3654f8a7-4dac-4084-96e8-2408e1b259e6', 'Donald', 'Little', 'Donald Little', 'donald.little@example.com', NULL, NULL, 0, 'df234305-8a47-4b4d-8efb-716a6b695428', '2025-07-01 10:48:56', '2025-07-01 10:48:56');
INSERT INTO `users` (`uuid`, `first_name`, `last_name`, `full_name`, `email`, `address`, `contact`, `inactive`, `tenant_id`, `created_on`, `modified_on`) VALUES ('ebb770d9-9c22-4045-a59b-6bb9ab025c54', 'Sharon', 'Berger', 'Sharon Berger', 'sharon.berger@example.com', NULL, NULL, 0, 'df234305-8a47-4b4d-8efb-716a6b695428', '2025-07-01 10:48:56', '2025-07-01 10:48:56');
INSERT INTO `users` (`uuid`, `first_name`, `last_name`, `full_name`, `email`, `address`, `contact`, `inactive`, `tenant_id`, `created_on`, `modified_on`) VALUES ('ce4f7d1e-5a38-4487-a627-1bc154846228', 'Amy', 'Walker', 'Amy Walker', 'amy.walker@example.com', NULL, NULL, 0, 'df234305-8a47-4b4d-8efb-716a6b695428', '2025-07-01 10:48:56', '2025-07-01 10:48:56');
INSERT INTO `users` (`uuid`, `first_name`, `last_name`, `full_name`, `email`, `address`, `contact`, `inactive`, `tenant_id`, `created_on`, `modified_on`) VALUES ('9c02a0d9-68d6-4b1d-b572-ce363cfccf9a', 'Brandon', 'Martinez', 'Brandon Martinez', 'brandon.martinez@example.com', NULL, NULL, 0, 'df234305-8a47-4b4d-8efb-716a6b695428', '2025-07-01 10:48:56', '2025-07-01 10:48:56');
INSERT INTO `users` (`uuid`, `first_name`, `last_name`, `full_name`, `email`, `address`, `contact`, `inactive`, `tenant_id`, `created_on`, `modified_on`) VALUES ('c5182ce7-c8c3-4e25-9f5c-9196d8f1c046', 'Amber', 'Gould', 'Amber Gould', 'amber.gould@example.com', NULL, NULL, 0, 'df234305-8a47-4b4d-8efb-716a6b695428', '2025-07-01 10:48:56', '2025-07-01 10:48:56');
INSERT INTO `users` (`uuid`, `first_name`, `last_name`, `full_name`, `email`, `address`, `contact`, `inactive`, `tenant_id`, `created_on`, `modified_on`) VALUES ('2aaf48e7-d62a-40dd-839f-d2a51b601bc0', 'Kara', 'Riley', 'Kara Riley', 'kara.riley@example.com', NULL, NULL, 0, 'df234305-8a47-4b4d-8efb-716a6b695428', '2025-07-01 10:48:56', '2025-07-01 10:48:56');
INSERT INTO `users` (`uuid`, `first_name`, `last_name`, `full_name`, `email`, `address`, `contact`, `inactive`, `tenant_id`, `created_on`, `modified_on`) VALUES ('98a2c362-fed4-4f9e-80a6-c75bbd318ec0', 'Carolyn', 'Gardner', 'Carolyn Gardner', 'carolyn.gardner@example.com', NULL, NULL, 0, 'df234305-8a47-4b4d-8efb-716a6b695428', '2025-07-01 10:48:56', '2025-07-01 10:48:56');
INSERT INTO `users` (`uuid`, `first_name`, `last_name`, `full_name`, `email`, `address`, `contact`, `inactive`, `tenant_id`, `created_on`, `modified_on`) VALUES ('ff12243c-8fd0-4b73-a126-df9377b2f1ac', 'Samuel', 'Hamilton', 'Samuel Hamilton', 'samuel.hamilton@example.com', NULL, NULL, 0, 'df234305-8a47-4b4d-8efb-716a6b695428', '2025-07-01 10:48:56', '2025-07-01 10:48:56');
INSERT INTO `users` (`uuid`, `first_name`, `last_name`, `full_name`, `email`, `address`, `contact`, `inactive`, `tenant_id`, `created_on`, `modified_on`) VALUES ('db378f43-24c2-408f-8b42-3e2b00078ca2', 'Thomas', 'Fox', 'Thomas Fox', 'thomas.fox@example.com', NULL, NULL, 0, 'df234305-8a47-4b4d-8efb-716a6b695428', '2025-07-01 10:48:56', '2025-07-01 10:48:56');
INSERT INTO `users` (`uuid`, `first_name`, `last_name`, `full_name`, `email`, `address`, `contact`, `inactive`, `tenant_id`, `created_on`, `modified_on`) VALUES ('af5b04d0-2aaa-4467-98f8-c15753cbf7ca', 'Ronald', 'Taylor', 'Ronald Taylor', 'ronald.taylor@example.com', NULL, NULL, 0, 'df234305-8a47-4b4d-8efb-716a6b695428', '2025-07-01 10:48:56', '2025-07-01 10:48:56');
INSERT INTO `users` (`uuid`, `first_name`, `last_name`, `full_name`, `email`, `address`, `contact`, `inactive`, `tenant_id`, `created_on`, `modified_on`) VALUES ('5f95ae08-4d2b-489d-91b3-978e914cc5b7', 'Charlene', 'Rosales', 'Charlene Rosales', 'charlene.rosales@example.com', NULL, NULL, 0, 'df234305-8a47-4b4d-8efb-716a6b695428', '2025-07-01 10:48:56', '2025-07-01 10:48:56');
INSERT INTO `users` (`uuid`, `first_name`, `last_name`, `full_name`, `email`, `address`, `contact`, `inactive`, `tenant_id`, `created_on`, `modified_on`) VALUES ('b213ea85-1e5c-4084-a319-c189f9410e84', 'James', 'Lopez', 'James Lopez', 'james.lopez@example.com', NULL, NULL, 0, 'df234305-8a47-4b4d-8efb-716a6b695428', '2025-07-01 10:48:56', '2025-07-01 10:48:56');
INSERT INTO `users` (`uuid`, `first_name`, `last_name`, `full_name`, `email`, `address`, `contact`, `inactive`, `tenant_id`, `created_on`, `modified_on`) VALUES ('bf9c81a2-1b15-42ed-9735-06a21df762c0', 'Albert', 'Michael', 'Albert Michael', 'albert.michael@example.com', NULL, NULL, 0, 'df234305-8a47-4b4d-8efb-716a6b695428', '2025-07-01 10:48:56', '2025-07-01 10:48:56');
INSERT INTO `users` (`uuid`, `first_name`, `last_name`, `full_name`, `email`, `address`, `contact`, `inactive`, `tenant_id`, `created_on`, `modified_on`) VALUES ('b059f137-8353-44f6-8a05-f2b2cd161c2b', 'Danielle', 'Camacho', 'Danielle Camacho', 'danielle.camacho@example.com', NULL, NULL, 0, 'df234305-8a47-4b4d-8efb-716a6b695428', '2025-07-01 10:48:56', '2025-07-01 10:48:56');
INSERT INTO `users` (`uuid`, `first_name`, `last_name`, `full_name`, `email`, `address`, `contact`, `inactive`, `tenant_id`, `created_on`, `modified_on`) VALUES ('7c7379b5-0b74-42ab-983c-f708dd1f1835', 'Katherine', 'Hayes', 'Katherine Hayes', 'katherine.hayes@example.com', NULL, NULL, 0, 'df234305-8a47-4b4d-8efb-716a6b695428', '2025-07-01 10:48:56', '2025-07-01 10:48:56');
INSERT INTO `users` (`uuid`, `first_name`, `last_name`, `full_name`, `email`, `address`, `contact`, `inactive`, `tenant_id`, `created_on`, `modified_on`) VALUES ('9faa3cec-5e78-4945-a688-25fa9451e517', 'Becky', 'Hernandez', 'Becky Hernandez', 'becky.hernandez@example.com', NULL, NULL, 0, 'df234305-8a47-4b4d-8efb-716a6b695428', '2025-07-01 10:48:56', '2025-07-01 10:48:56');
INSERT INTO `users` (`uuid`, `first_name`, `last_name`, `full_name`, `email`, `address`, `contact`, `inactive`, `tenant_id`, `created_on`, `modified_on`) VALUES ('75756e83-00de-4a65-8433-59ec699d6a5b', 'Jason', 'Mccann', 'Jason Mccann', 'jason.mccann@example.com', NULL, NULL, 0, 'df234305-8a47-4b4d-8efb-716a6b695428', '2025-07-01 10:48:56', '2025-07-01 10:48:56');
INSERT INTO `users` (`uuid`, `first_name`, `last_name`, `full_name`, `email`, `address`, `contact`, `inactive`, `tenant_id`, `created_on`, `modified_on`) VALUES ('46c4ad70-a2a0-4f0b-af2c-0bfc1509793b', 'Leslie', 'Williams', 'Leslie Williams', 'leslie.williams@example.com', NULL, NULL, 0, 'df234305-8a47-4b4d-8efb-716a6b695428', '2025-07-01 10:48:56', '2025-07-01 10:48:56');
INSERT INTO `users` (`uuid`, `first_name`, `last_name`, `full_name`, `email`, `address`, `contact`, `inactive`, `tenant_id`, `created_on`, `modified_on`) VALUES ('65d5b83b-cdd1-4cd3-8241-b60c80317b12', 'Katherine', 'Hanna', 'Katherine Hanna', 'katherine.hanna@example.com', NULL, NULL, 0, 'df234305-8a47-4b4d-8efb-716a6b695428', '2025-07-01 10:48:56', '2025-07-01 10:48:56');
INSERT INTO `users` (`uuid`, `first_name`, `last_name`, `full_name`, `email`, `address`, `contact`, `inactive`, `tenant_id`, `created_on`, `modified_on`) VALUES ('3ecd3966-bb56-4ea7-969f-1f498f1bd39e', 'Jeremy', 'Pollard', 'Jeremy Pollard', 'jeremy.pollard@example.com', NULL, NULL, 0, 'df234305-8a47-4b4d-8efb-716a6b695428', '2025-07-01 10:48:56', '2025-07-01 10:48:56');
INSERT INTO `users` (`uuid`, `first_name`, `last_name`, `full_name`, `email`, `address`, `contact`, `inactive`, `tenant_id`, `created_on`, `modified_on`) VALUES ('49ebc2b5-5864-4789-a79a-e99a3ac88964', 'Debra', 'Boone', 'Debra Boone', 'debra.boone@example.com', NULL, NULL, 0, 'df234305-8a47-4b4d-8efb-716a6b695428', '2025-07-01 10:48:56', '2025-07-01 10:48:56');
INSERT INTO `users` (`uuid`, `first_name`, `last_name`, `full_name`, `email`, `address`, `contact`, `inactive`, `tenant_id`, `created_on`, `modified_on`) VALUES ('9cb35cce-4682-4375-85a2-505d3e0d8eff', 'Deborah', 'Adams', 'Deborah Adams', 'deborah.adams@example.com', NULL, NULL, 0, 'df234305-8a47-4b4d-8efb-716a6b695428', '2025-07-01 10:48:56', '2025-07-01 10:48:56');
INSERT INTO `users` (`uuid`, `first_name`, `last_name`, `full_name`, `email`, `address`, `contact`, `inactive`, `tenant_id`, `created_on`, `modified_on`) VALUES ('e5b9fbe8-a5c4-46cf-9393-3680d7fd0876', 'Anthony', 'Daniel', 'Anthony Daniel', 'anthony.daniel@example.com', NULL, NULL, 0, 'df234305-8a47-4b4d-8efb-716a6b695428', '2025-07-01 10:48:56', '2025-07-01 10:48:56');
INSERT INTO `users` (`uuid`, `first_name`, `last_name`, `full_name`, `email`, `address`, `contact`, `inactive`, `tenant_id`, `created_on`, `modified_on`) VALUES ('cf74c227-677f-4d10-baea-ca7e49af47a7', 'Thomas', 'Horne', 'Thomas Horne', 'thomas.horne@example.com', NULL, NULL, 0, 'df234305-8a47-4b4d-8efb-716a6b695428', '2025-07-01 10:48:56', '2025-07-01 10:48:56');
INSERT INTO `users` (`uuid`, `first_name`, `last_name`, `full_name`, `email`, `address`, `contact`, `inactive`, `tenant_id`, `created_on`, `modified_on`) VALUES ('a118a84f-aacd-41b6-892f-bf639dcb39dc', 'Rose', 'Swanson', 'Rose Swanson', 'rose.swanson@example.com', NULL, NULL, 0, 'df234305-8a47-4b4d-8efb-716a6b695428', '2025-07-01 10:48:56', '2025-07-01 10:48:56');
INSERT INTO `users` (`uuid`, `first_name`, `last_name`, `full_name`, `email`, `address`, `contact`, `inactive`, `tenant_id`, `created_on`, `modified_on`) VALUES ('78f1a185-9b43-4de0-8f39-3a4356554b8b', 'Cynthia', 'Martin', 'Cynthia Martin', 'cynthia.martin@example.com', NULL, NULL, 0, 'df234305-8a47-4b4d-8efb-716a6b695428', '2025-07-01 10:48:56', '2025-07-01 10:48:56');
INSERT INTO `users` (`uuid`, `first_name`, `last_name`, `full_name`, `email`, `address`, `contact`, `inactive`, `tenant_id`, `created_on`, `modified_on`) VALUES ('b2cb8172-30bb-44ea-9d69-071491575191', 'Samuel', 'Morrison', 'Samuel Morrison', 'samuel.morrison@example.com', NULL, NULL, 0, 'df234305-8a47-4b4d-8efb-716a6b695428', '2025-07-01 10:48:56', '2025-07-01 10:48:56');
INSERT INTO `users` (`uuid`, `first_name`, `last_name`, `full_name`, `email`, `address`, `contact`, `inactive`, `tenant_id`, `created_on`, `modified_on`) VALUES ('a4cd9652-3a15-4a70-b31c-ac56b60df64e', 'Erika', 'Daugherty', 'Erika Daugherty', 'erika.daugherty@example.com', NULL, NULL, 0, 'df234305-8a47-4b4d-8efb-716a6b695428', '2025-07-01 10:48:56', '2025-07-01 10:48:56');
INSERT INTO `users` (`uuid`, `first_name`, `last_name`, `full_name`, `email`, `address`, `contact`, `inactive`, `tenant_id`, `created_on`, `modified_on`) VALUES ('2e2ed379-52e9-4ef2-8ce7-75a85d684d67', 'Jonathan', 'Wright', 'Jonathan Wright', 'jonathan.wright@example.com', NULL, NULL, 0, 'df234305-8a47-4b4d-8efb-716a6b695428', '2025-07-01 10:48:56', '2025-07-01 10:48:56');
INSERT INTO `users` (`uuid`, `first_name`, `last_name`, `full_name`, `email`, `address`, `contact`, `inactive`, `tenant_id`, `created_on`, `modified_on`) VALUES ('23feddff-4053-41b4-a008-8a2f952e9e33', 'Kenneth', 'Peterson', 'Kenneth Peterson', 'kenneth.peterson@example.com', NULL, NULL, 0, 'df234305-8a47-4b4d-8efb-716a6b695428', '2025-07-01 10:48:56', '2025-07-01 10:48:56');
INSERT INTO `users` (`uuid`, `first_name`, `last_name`, `full_name`, `email`, `address`, `contact`, `inactive`, `tenant_id`, `created_on`, `modified_on`) VALUES ('4842efbb-606c-45c6-9bf5-785e6852ea67', 'Joy', 'Mendez', 'Joy Mendez', 'joy.mendez@example.com', NULL, NULL, 0, 'df234305-8a47-4b4d-8efb-716a6b695428', '2025-07-01 10:48:56', '2025-07-01 10:48:56');
INSERT INTO `users` (`uuid`, `first_name`, `last_name`, `full_name`, `email`, `address`, `contact`, `inactive`, `tenant_id`, `created_on`, `modified_on`) VALUES ('c6aa4dae-0d6a-414d-a126-247b58d54bf8', 'Virginia', 'Gill', 'Virginia Gill', 'virginia.gill@example.com', NULL, NULL, 0, 'df234305-8a47-4b4d-8efb-716a6b695428', '2025-07-01 10:48:56', '2025-07-01 10:48:56');
INSERT INTO `users` (`uuid`, `first_name`, `last_name`, `full_name`, `email`, `address`, `contact`, `inactive`, `tenant_id`, `created_on`, `modified_on`) VALUES ('a7b1a962-5bf7-46cc-880d-0ada1d299d9b', 'Shannon', 'Sullivan', 'Shannon Sullivan', 'shannon.sullivan@example.com', NULL, NULL, 0, 'df234305-8a47-4b4d-8efb-716a6b695428', '2025-07-01 10:48:56', '2025-07-01 10:48:56');
INSERT INTO `users` (`uuid`, `first_name`, `last_name`, `full_name`, `email`, `address`, `contact`, `inactive`, `tenant_id`, `created_on`, `modified_on`) VALUES ('70b7984e-2916-48a2-aacb-a5521d209d72', 'Rebecca', 'Obrien', 'Rebecca Obrien', 'rebecca.obrien@example.com', NULL, NULL, 0, 'df234305-8a47-4b4d-8efb-716a6b695428', '2025-07-01 10:48:56', '2025-07-01 10:48:56');
INSERT INTO `users` (`uuid`, `first_name`, `last_name`, `full_name`, `email`, `address`, `contact`, `inactive`, `tenant_id`, `created_on`, `modified_on`) VALUES ('0bca69b3-6f02-405e-b648-74d2fcd10a56', 'Zachary', 'Downs', 'Zachary Downs', 'zachary.downs@example.com', NULL, NULL, 0, 'df234305-8a47-4b4d-8efb-716a6b695428', '2025-07-01 10:48:56', '2025-07-01 10:48:56');
INSERT INTO `users` (`uuid`, `first_name`, `last_name`, `full_name`, `email`, `address`, `contact`, `inactive`, `tenant_id`, `created_on`, `modified_on`) VALUES ('1609bd67-426a-40ee-913d-393d46ba43dc', 'Gary', 'Garcia', 'Gary Garcia', 'gary.garcia@example.com', NULL, NULL, 0, 'df234305-8a47-4b4d-8efb-716a6b695428', '2025-07-01 10:48:56', '2025-07-01 10:48:56');
INSERT INTO `users` (`uuid`, `first_name`, `last_name`, `full_name`, `email`, `address`, `contact`, `inactive`, `tenant_id`, `created_on`, `modified_on`) VALUES ('6e36614d-ce4f-4c67-bdbf-83cbeb182e6f', 'Michael', 'Marquez', 'Michael Marquez', 'michael.marquez@example.com', NULL, NULL, 0, 'df234305-8a47-4b4d-8efb-716a6b695428', '2025-07-01 10:48:56', '2025-07-01 10:48:56');
INSERT INTO `users` (`uuid`, `first_name`, `last_name`, `full_name`, `email`, `address`, `contact`, `inactive`, `tenant_id`, `created_on`, `modified_on`) VALUES ('913f2282-ad6f-40cf-b5a0-e3d6fff23b3f', 'Donald', 'Taylor', 'Donald Taylor', 'donald.taylor@example.com', NULL, NULL, 0, 'df234305-8a47-4b4d-8efb-716a6b695428', '2025-07-01 10:48:56', '2025-07-01 10:48:56');
INSERT INTO `users` (`uuid`, `first_name`, `last_name`, `full_name`, `email`, `address`, `contact`, `inactive`, `tenant_id`, `created_on`, `modified_on`) VALUES ('19761f8e-cae5-4c5a-b5ec-c89e568a687a', 'Haley', 'Parker', 'Haley Parker', 'haley.parker@example.com', NULL, NULL, 0, 'df234305-8a47-4b4d-8efb-716a6b695428', '2025-07-01 10:48:56', '2025-07-01 10:48:56');
INSERT INTO `users` (`uuid`, `first_name`, `last_name`, `full_name`, `email`, `address`, `contact`, `inactive`, `tenant_id`, `created_on`, `modified_on`) VALUES ('d3343015-dc06-49c6-8b94-63da16c115b9', 'Jill', 'Mckinney', 'Jill Mckinney', 'jill.mckinney@example.com', NULL, NULL, 0, 'df234305-8a47-4b4d-8efb-716a6b695428', '2025-07-01 10:48:56', '2025-07-01 10:48:56');
INSERT INTO `users` (`uuid`, `first_name`, `last_name`, `full_name`, `email`, `address`, `contact`, `inactive`, `tenant_id`, `created_on`, `modified_on`) VALUES ('8ec36993-80fd-4473-b254-7ed9bcd8cb85', 'Adam', 'Castillo', 'Adam Castillo', 'adam.castillo@example.com', NULL, NULL, 0, 'df234305-8a47-4b4d-8efb-716a6b695428', '2025-07-01 10:48:56', '2025-07-01 10:48:56');
INSERT INTO `users` (`uuid`, `first_name`, `last_name`, `full_name`, `email`, `address`, `contact`, `inactive`, `tenant_id`, `created_on`, `modified_on`) VALUES ('a0de41f4-d4fd-4a46-91e1-96d1a30bec53', 'Sarah', 'Deleon', 'Sarah Deleon', 'sarah.deleon@example.com', NULL, NULL, 0, 'df234305-8a47-4b4d-8efb-716a6b695428', '2025-07-01 10:48:56', '2025-07-01 10:48:56');
INSERT INTO `users` (`uuid`, `first_name`, `last_name`, `full_name`, `email`, `address`, `contact`, `inactive`, `tenant_id`, `created_on`, `modified_on`) VALUES ('5a630179-f7bf-4df9-aefa-5c5df85a8237', 'Steven', 'Austin', 'Steven Austin', 'steven.austin@example.com', NULL, NULL, 0, 'df234305-8a47-4b4d-8efb-716a6b695428', '2025-07-01 10:48:56', '2025-07-01 10:48:56');
INSERT INTO `users` (`uuid`, `first_name`, `last_name`, `full_name`, `email`, `address`, `contact`, `inactive`, `tenant_id`, `created_on`, `modified_on`) VALUES ('aeaf33e3-3dca-4aee-81a3-227a4e0850b2', 'Cole', 'Moore', 'Cole Moore', 'cole.moore@example.com', NULL, NULL, 0, 'df234305-8a47-4b4d-8efb-716a6b695428', '2025-07-01 10:48:56', '2025-07-01 10:48:56');
INSERT INTO `users` (`uuid`, `first_name`, `last_name`, `full_name`, `email`, `address`, `contact`, `inactive`, `tenant_id`, `created_on`, `modified_on`) VALUES ('b9a547b2-67d6-4669-a49b-54da5dd805ca', 'Tamara', 'Espinoza', 'Tamara Espinoza', 'tamara.espinoza@example.com', NULL, NULL, 0, 'df234305-8a47-4b4d-8efb-716a6b695428', '2025-07-01 10:48:56', '2025-07-01 10:48:56');
INSERT INTO `users` (`uuid`, `first_name`, `last_name`, `full_name`, `email`, `address`, `contact`, `inactive`, `tenant_id`, `created_on`, `modified_on`) VALUES ('5b2f3a15-a3cd-4485-b68f-1303b6cfa311', 'Luke', 'Davis', 'Luke Davis', 'luke.davis@example.com', NULL, NULL, 0, 'df234305-8a47-4b4d-8efb-716a6b695428', '2025-07-01 10:48:56', '2025-07-01 10:48:56');
INSERT INTO `users` (`uuid`, `first_name`, `last_name`, `full_name`, `email`, `address`, `contact`, `inactive`, `tenant_id`, `created_on`, `modified_on`) VALUES ('da88ac2a-8c66-422a-8a3e-d344dc97fda0', 'Emily', 'Carter', 'Emily Carter', 'emily.carter@example.com', NULL, NULL, 0, 'df234305-8a47-4b4d-8efb-716a6b695428', '2025-07-01 10:48:56', '2025-07-01 10:48:56');
INSERT INTO `users` (`uuid`, `first_name`, `last_name`, `full_name`, `email`, `address`, `contact`, `inactive`, `tenant_id`, `created_on`, `modified_on`) VALUES ('33614116-3380-4183-8d65-7d9a800a930e', 'Jessica', 'Meyer', 'Jessica Meyer', 'jessica.meyer@example.com', NULL, NULL, 0, 'df234305-8a47-4b4d-8efb-716a6b695428', '2025-07-01 10:48:56', '2025-07-01 10:48:56');
INSERT INTO `users` (`uuid`, `first_name`, `last_name`, `full_name`, `email`, `address`, `contact`, `inactive`, `tenant_id`, `created_on`, `modified_on`) VALUES ('ace42e13-2736-43b5-a2d1-356159166a1e', 'Katherine', 'Espinoza', 'Katherine Espinoza', 'katherine.espinoza@example.com', NULL, NULL, 0, 'df234305-8a47-4b4d-8efb-716a6b695428', '2025-07-01 10:48:56', '2025-07-01 10:48:56');
INSERT INTO `users` (`uuid`, `first_name`, `last_name`, `full_name`, `email`, `address`, `contact`, `inactive`, `tenant_id`, `created_on`, `modified_on`) VALUES ('beae7767-87dc-4086-91a1-fafe3a97e699', 'Christina', 'Wilson', 'Christina Wilson', 'christina.wilson@example.com', NULL, NULL, 0, 'df234305-8a47-4b4d-8efb-716a6b695428', '2025-07-01 10:48:56', '2025-07-01 10:48:56');
INSERT INTO `users` (`uuid`, `first_name`, `last_name`, `full_name`, `email`, `address`, `contact`, `inactive`, `tenant_id`, `created_on`, `modified_on`) VALUES ('98cbe819-f83d-4254-b015-f2eed67ccd67', 'Lauren', 'Lewis', 'Lauren Lewis', 'lauren.lewis@example.com', NULL, NULL, 0, 'df234305-8a47-4b4d-8efb-716a6b695428', '2025-07-01 10:48:56', '2025-07-01 10:48:56');
INSERT INTO `users` (`uuid`, `first_name`, `last_name`, `full_name`, `email`, `address`, `contact`, `inactive`, `tenant_id`, `created_on`, `modified_on`) VALUES ('763e64fd-e770-4124-be82-d5ad116ce3cc', 'Jillian', 'Long', 'Jillian Long', 'jillian.long@example.com', NULL, NULL, 0, 'df234305-8a47-4b4d-8efb-716a6b695428', '2025-07-01 10:48:56', '2025-07-01 10:48:56');
INSERT INTO `users` (`uuid`, `first_name`, `last_name`, `full_name`, `email`, `address`, `contact`, `inactive`, `tenant_id`, `created_on`, `modified_on`) VALUES ('b74125f4-13ca-4a54-850a-8770eb884229', 'Robert', 'Allen', 'Robert Allen', 'robert.allen@example.com', NULL, NULL, 0, 'df234305-8a47-4b4d-8efb-716a6b695428', '2025-07-01 10:48:56', '2025-07-01 10:48:56');
INSERT INTO `users` (`uuid`, `first_name`, `last_name`, `full_name`, `email`, `address`, `contact`, `inactive`, `tenant_id`, `created_on`, `modified_on`) VALUES ('23524287-fbc4-4b5f-a524-1a1c1d9e1c27', 'Lindsay', 'Cox', 'Lindsay Cox', 'lindsay.cox@example.com', NULL, NULL, 0, 'df234305-8a47-4b4d-8efb-716a6b695428', '2025-07-01 10:48:56', '2025-07-01 10:48:56');
INSERT INTO `users` (`uuid`, `first_name`, `last_name`, `full_name`, `email`, `address`, `contact`, `inactive`, `tenant_id`, `created_on`, `modified_on`) VALUES ('2a345b13-def9-4f0f-b6ba-f4e43e17bde4', 'Susan', 'Mcdonald', 'Susan Mcdonald', 'susan.mcdonald@example.com', NULL, NULL, 0, 'df234305-8a47-4b4d-8efb-716a6b695428', '2025-07-01 10:48:56', '2025-07-01 10:48:56');
INSERT INTO `users` (`uuid`, `first_name`, `last_name`, `full_name`, `email`, `address`, `contact`, `inactive`, `tenant_id`, `created_on`, `modified_on`) VALUES ('e39c85df-f59f-4f87-b536-68e9ea555150', 'Anthony', 'Shaw', 'Anthony Shaw', 'anthony.shaw@example.com', NULL, NULL, 0, 'df234305-8a47-4b4d-8efb-716a6b695428', '2025-07-01 10:48:56', '2025-07-01 10:48:56');
INSERT INTO `users` (`uuid`, `first_name`, `last_name`, `full_name`, `email`, `address`, `contact`, `inactive`, `tenant_id`, `created_on`, `modified_on`) VALUES ('8e9c7e7b-2052-4bc8-a7ac-9f445be90963', 'Louis', 'Martin', 'Louis Martin', 'louis.martin@example.com', NULL, NULL, 0, 'df234305-8a47-4b4d-8efb-716a6b695428', '2025-07-01 10:48:56', '2025-07-01 10:48:56');
INSERT INTO `users` (`uuid`, `first_name`, `last_name`, `full_name`, `email`, `address`, `contact`, `inactive`, `tenant_id`, `created_on`, `modified_on`) VALUES ('f94fc119-ec19-4630-8776-475969fbc622', 'Andrea', 'Scott DDS', 'Andrea Scott DDS', 'andrea.scottdds@example.com', NULL, NULL, 0, 'df234305-8a47-4b4d-8efb-716a6b695428', '2025-07-01 10:48:56', '2025-07-01 10:48:56');
INSERT INTO `users` (`uuid`, `first_name`, `last_name`, `full_name`, `email`, `address`, `contact`, `inactive`, `tenant_id`, `created_on`, `modified_on`) VALUES ('7638fd99-ef48-4a81-a585-068c2e93335c', 'Karina', 'Barron', 'Karina Barron', 'karina.barron@example.com', NULL, NULL, 0, 'df234305-8a47-4b4d-8efb-716a6b695428', '2025-07-01 10:48:56', '2025-07-01 10:48:56');
INSERT INTO `users` (`uuid`, `first_name`, `last_name`, `full_name`, `email`, `address`, `contact`, `inactive`, `tenant_id`, `created_on`, `modified_on`) VALUES ('f8bd8ff3-a2d2-450b-a748-0947edb0a754', 'William', 'Luna', 'William Luna', 'william.luna@example.com', NULL, NULL, 0, 'df234305-8a47-4b4d-8efb-716a6b695428', '2025-07-01 10:48:56', '2025-07-01 10:48:56');
INSERT INTO `users` (`uuid`, `first_name`, `last_name`, `full_name`, `email`, `address`, `contact`, `inactive`, `tenant_id`, `created_on`, `modified_on`) VALUES ('e4e0b2ea-5522-4e24-bc66-cd491a8d55ed', 'Kurt', 'Murillo', 'Kurt Murillo', 'kurt.murillo@example.com', NULL, NULL, 0, 'df234305-8a47-4b4d-8efb-716a6b695428', '2025-07-01 10:48:56', '2025-07-01 10:48:56');
INSERT INTO `users` (`uuid`, `first_name`, `last_name`, `full_name`, `email`, `address`, `contact`, `inactive`, `tenant_id`, `created_on`, `modified_on`) VALUES ('c4088891-6a99-42ba-82a6-ff45c34128ef', 'Andrew', 'Daugherty', 'Andrew Daugherty', 'andrew.daugherty@example.com', NULL, NULL, 0, 'df234305-8a47-4b4d-8efb-716a6b695428', '2025-07-01 10:48:56', '2025-07-01 10:48:56');
INSERT INTO `users` (`uuid`, `first_name`, `last_name`, `full_name`, `email`, `address`, `contact`, `inactive`, `tenant_id`, `created_on`, `modified_on`) VALUES ('bbdaad35-533d-498b-ba8b-5c1334b682ce', 'Nancy', 'Romero', 'Nancy Romero', 'nancy.romero@example.com', NULL, NULL, 0, 'df234305-8a47-4b4d-8efb-716a6b695428', '2025-07-01 10:48:56', '2025-07-01 10:48:56');
INSERT INTO `users` (`uuid`, `first_name`, `last_name`, `full_name`, `email`, `address`, `contact`, `inactive`, `tenant_id`, `created_on`, `modified_on`) VALUES ('5ef22919-6fc0-4c2b-ab86-dc2550cff370', 'Justin', 'Harding', 'Justin Harding', 'justin.harding@example.com', NULL, NULL, 0, 'df234305-8a47-4b4d-8efb-716a6b695428', '2025-07-01 10:48:56', '2025-07-01 10:48:56');
INSERT INTO `users` (`uuid`, `first_name`, `last_name`, `full_name`, `email`, `address`, `contact`, `inactive`, `tenant_id`, `created_on`, `modified_on`) VALUES ('7bb1e621-239c-4a6f-86a4-293ae3d57307', 'Victoria', 'Rivera', 'Victoria Rivera', 'victoria.rivera@example.com', NULL, NULL, 0, 'df234305-8a47-4b4d-8efb-716a6b695428', '2025-07-01 10:48:56', '2025-07-01 10:48:56');
INSERT INTO `users` (`uuid`, `first_name`, `last_name`, `full_name`, `email`, `address`, `contact`, `inactive`, `tenant_id`, `created_on`, `modified_on`) VALUES ('eb05b40c-1491-49fe-9d66-95880b93e470', 'Philip', 'Garza', 'Philip Garza', 'philip.garza@example.com', NULL, NULL, 0, 'df234305-8a47-4b4d-8efb-716a6b695428', '2025-07-01 10:48:56', '2025-07-01 10:48:56');
INSERT INTO `users` (`uuid`, `first_name`, `last_name`, `full_name`, `email`, `address`, `contact`, `inactive`, `tenant_id`, `created_on`, `modified_on`) VALUES ('b7fdf5f1-adb2-4f03-8ff9-c45aa0ee789d', 'Brandy', 'Robinson', 'Brandy Robinson', 'brandy.robinson@example.com', NULL, NULL, 0, 'df234305-8a47-4b4d-8efb-716a6b695428', '2025-07-01 10:48:56', '2025-07-01 10:48:56');
INSERT INTO `users` (`uuid`, `first_name`, `last_name`, `full_name`, `email`, `address`, `contact`, `inactive`, `tenant_id`, `created_on`, `modified_on`) VALUES ('1c74331c-2528-4083-aea7-f6aebce0152c', 'Angela', 'Douglas', 'Angela Douglas', 'angela.douglas@example.com', NULL, NULL, 0, 'df234305-8a47-4b4d-8efb-716a6b695428', '2025-07-01 10:48:56', '2025-07-01 10:48:56');
INSERT INTO `users` (`uuid`, `first_name`, `last_name`, `full_name`, `email`, `address`, `contact`, `inactive`, `tenant_id`, `created_on`, `modified_on`) VALUES ('94cb2676-4a66-4a3c-83c9-bd554b6fe569', 'Elizabeth', 'Smith', 'Elizabeth Smith', 'elizabeth.smith@example.com', NULL, NULL, 0, 'df234305-8a47-4b4d-8efb-716a6b695428', '2025-07-01 10:48:56', '2025-07-01 10:48:56');
INSERT INTO `users` (`uuid`, `first_name`, `last_name`, `full_name`, `email`, `address`, `contact`, `inactive`, `tenant_id`, `created_on`, `modified_on`) VALUES ('c2d96b8e-63a6-418b-b6bc-47ed66c92bc8', 'Sarah', 'Vazquez', 'Sarah Vazquez', 'sarah.vazquez@example.com', NULL, NULL, 0, 'df234305-8a47-4b4d-8efb-716a6b695428', '2025-07-01 10:48:56', '2025-07-01 10:48:56');
INSERT INTO `users` (`uuid`, `first_name`, `last_name`, `full_name`, `email`, `address`, `contact`, `inactive`, `tenant_id`, `created_on`, `modified_on`) VALUES ('7c174bf6-93ef-4a79-8ece-60cd10deb9de', 'Kristen', 'Baldwin', 'Kristen Baldwin', 'kristen.baldwin@example.com', NULL, NULL, 0, 'df234305-8a47-4b4d-8efb-716a6b695428', '2025-07-01 10:48:56', '2025-07-01 10:48:56');
INSERT INTO `users` (`uuid`, `first_name`, `last_name`, `full_name`, `email`, `address`, `contact`, `inactive`, `tenant_id`, `created_on`, `modified_on`) VALUES ('c48edada-b98b-44da-a3df-de7f6963d827', 'Tina', 'Franco', 'Tina Franco', 'tina.franco@example.com', NULL, NULL, 0, 'df234305-8a47-4b4d-8efb-716a6b695428', '2025-07-01 10:48:56', '2025-07-01 10:48:56');
INSERT INTO `users` (`uuid`, `first_name`, `last_name`, `full_name`, `email`, `address`, `contact`, `inactive`, `tenant_id`, `created_on`, `modified_on`) VALUES ('03a1d5ec-d5de-45a0-b5a2-6094a7a8ac79', 'James', 'Alexander', 'James Alexander', 'james.alexander@example.com', NULL, NULL, 0, 'df234305-8a47-4b4d-8efb-716a6b695428', '2025-07-01 10:48:56', '2025-07-01 10:48:56');
INSERT INTO `users` (`uuid`, `first_name`, `last_name`, `full_name`, `email`, `address`, `contact`, `inactive`, `tenant_id`, `created_on`, `modified_on`) VALUES ('be992594-e53a-4a97-98b4-7e6ab67fc1af', 'James', 'Sanchez', 'James Sanchez', 'james.sanchez@example.com', NULL, NULL, 0, 'df234305-8a47-4b4d-8efb-716a6b695428', '2025-07-01 10:48:56', '2025-07-01 10:48:56');
INSERT INTO `users` (`uuid`, `first_name`, `last_name`, `full_name`, `email`, `address`, `contact`, `inactive`, `tenant_id`, `created_on`, `modified_on`) VALUES ('192adfae-71d9-4a0a-a32b-a3a182d32da0', 'Ryan', 'Hunt', 'Ryan Hunt', 'ryan.hunt@example.com', NULL, NULL, 0, 'df234305-8a47-4b4d-8efb-716a6b695428', '2025-07-01 10:48:56', '2025-07-01 10:48:56');
INSERT INTO `users` (`uuid`, `first_name`, `last_name`, `full_name`, `email`, `address`, `contact`, `inactive`, `tenant_id`, `created_on`, `modified_on`) VALUES ('62aafbad-3960-404e-8629-0123c5c5645c', 'Cameron', 'Wilson', 'Cameron Wilson', 'cameron.wilson@example.com', NULL, NULL, 0, 'df234305-8a47-4b4d-8efb-716a6b695428', '2025-07-01 10:48:56', '2025-07-01 10:48:56');
INSERT INTO `users` (`uuid`, `first_name`, `last_name`, `full_name`, `email`, `address`, `contact`, `inactive`, `tenant_id`, `created_on`, `modified_on`) VALUES ('048871b4-2d1e-42a3-ba72-97bb385726ad', 'Sara', 'Clark', 'Sara Clark', 'sara.clark@example.com', NULL, NULL, 0, 'df234305-8a47-4b4d-8efb-716a6b695428', '2025-07-01 10:48:56', '2025-07-01 10:48:56');
INSERT INTO `users` (`uuid`, `first_name`, `last_name`, `full_name`, `email`, `address`, `contact`, `inactive`, `tenant_id`, `created_on`, `modified_on`) VALUES ('2e6147b8-9bbb-48b9-8886-cfbbf9e6b9fe', 'Debbie', 'Cook', 'Debbie Cook', 'debbie.cook@example.com', NULL, NULL, 0, 'df234305-8a47-4b4d-8efb-716a6b695428', '2025-07-01 10:48:56', '2025-07-01 10:48:56');
INSERT INTO `users` (`uuid`, `first_name`, `last_name`, `full_name`, `email`, `address`, `contact`, `inactive`, `tenant_id`, `created_on`, `modified_on`) VALUES ('0d82dc87-0ecd-422f-a680-e64ee99cfe13', 'Deborah', 'Henry', 'Deborah Henry', 'deborah.henry@example.com', NULL, NULL, 0, 'df234305-8a47-4b4d-8efb-716a6b695428', '2025-07-01 10:48:56', '2025-07-01 10:48:56');
INSERT INTO `users` (`uuid`, `first_name`, `last_name`, `full_name`, `email`, `address`, `contact`, `inactive`, `tenant_id`, `created_on`, `modified_on`) VALUES ('5a6fe0fd-481f-4ef2-8aa7-aeac1224d7a9', 'Lisa', 'Lowe', 'Lisa Lowe', 'lisa.lowe@example.com', NULL, NULL, 0, 'df234305-8a47-4b4d-8efb-716a6b695428', '2025-07-01 10:48:56', '2025-07-01 10:48:56');
INSERT INTO `users` (`uuid`, `first_name`, `last_name`, `full_name`, `email`, `address`, `contact`, `inactive`, `tenant_id`, `created_on`, `modified_on`) VALUES ('a7ec909d-8af0-4ade-a10c-90ebf0164acb', 'David', 'Leonard', 'David Leonard', 'david.leonard@example.com', NULL, NULL, 0, 'df234305-8a47-4b4d-8efb-716a6b695428', '2025-07-01 10:48:56', '2025-07-01 10:48:56');
INSERT INTO `users` (`uuid`, `first_name`, `last_name`, `full_name`, `email`, `address`, `contact`, `inactive`, `tenant_id`, `created_on`, `modified_on`) VALUES ('cb4bb582-fab3-4b27-aa1b-84b6afc27086', 'Chelsea', 'Cameron MD', 'Chelsea Cameron MD', 'chelsea.cameronmd@example.com', NULL, NULL, 0, 'df234305-8a47-4b4d-8efb-716a6b695428', '2025-07-01 10:48:56', '2025-07-01 10:48:56');
INSERT INTO `users` (`uuid`, `first_name`, `last_name`, `full_name`, `email`, `address`, `contact`, `inactive`, `tenant_id`, `created_on`, `modified_on`) VALUES ('5fb21975-af01-4759-bb3b-a43141aaf5bc', 'Michael', 'Hughes', 'Michael Hughes', 'michael.hughes@example.com', NULL, NULL, 0, 'df234305-8a47-4b4d-8efb-716a6b695428', '2025-07-01 10:48:56', '2025-07-01 10:48:56');
INSERT INTO `users` (`uuid`, `first_name`, `last_name`, `full_name`, `email`, `address`, `contact`, `inactive`, `tenant_id`, `created_on`, `modified_on`) VALUES ('d91e7921-61a4-446d-92e2-cc5dfa5722e0', 'Victoria', 'Smith', 'Victoria Smith', 'victoria.smith@example.com', NULL, NULL, 0, 'df234305-8a47-4b4d-8efb-716a6b695428', '2025-07-01 10:48:56', '2025-07-01 10:48:56');
INSERT INTO `users` (`uuid`, `first_name`, `last_name`, `full_name`, `email`, `address`, `contact`, `inactive`, `tenant_id`, `created_on`, `modified_on`) VALUES ('6cdee713-f2ee-4758-8697-30dbdbaff624', 'Amy', 'Perry', 'Amy Perry', 'amy.perry@example.com', NULL, NULL, 0, 'df234305-8a47-4b4d-8efb-716a6b695428', '2025-07-01 10:48:56', '2025-07-01 10:48:56');
INSERT INTO `users` (`uuid`, `first_name`, `last_name`, `full_name`, `email`, `address`, `contact`, `inactive`, `tenant_id`, `created_on`, `modified_on`) VALUES ('513ccafc-8800-4327-ab74-6821485ce29f', 'Heather', 'Davis', 'Heather Davis', 'heather.davis@example.com', NULL, NULL, 0, 'df234305-8a47-4b4d-8efb-716a6b695428', '2025-07-01 10:48:56', '2025-07-01 10:48:56');
INSERT INTO `users` (`uuid`, `first_name`, `last_name`, `full_name`, `email`, `address`, `contact`, `inactive`, `tenant_id`, `created_on`, `modified_on`) VALUES ('0aebd1cc-4251-434a-8872-05c9d62820ac', 'Michael', 'Douglas', 'Michael Douglas', 'michael.douglas@example.com', NULL, NULL, 0, 'df234305-8a47-4b4d-8efb-716a6b695428', '2025-07-01 10:48:56', '2025-07-01 10:48:56');
INSERT INTO `users` (`uuid`, `first_name`, `last_name`, `full_name`, `email`, `address`, `contact`, `inactive`, `tenant_id`, `created_on`, `modified_on`) VALUES ('f0ce5244-fcdc-4110-97d6-2815896371ef', 'Eric', 'Nichols', 'Eric Nichols', 'eric.nichols@example.com', NULL, NULL, 0, 'df234305-8a47-4b4d-8efb-716a6b695428', '2025-07-01 10:48:56', '2025-07-01 10:48:56');
INSERT INTO `users` (`uuid`, `first_name`, `last_name`, `full_name`, `email`, `address`, `contact`, `inactive`, `tenant_id`, `created_on`, `modified_on`) VALUES ('08161a49-bfba-439a-b34f-4b517c48912f', 'William', 'Lopez Jr.', 'William Lopez Jr.', 'william.lopezjr.@example.com', NULL, NULL, 0, 'df234305-8a47-4b4d-8efb-716a6b695428', '2025-07-01 10:48:56', '2025-07-01 10:48:56');
INSERT INTO `users` (`uuid`, `first_name`, `last_name`, `full_name`, `email`, `address`, `contact`, `inactive`, `tenant_id`, `created_on`, `modified_on`) VALUES ('2ab51f4a-050d-4afb-ad43-d6b70decfb6b', 'Gregg', 'Martin', 'Gregg Martin', 'gregg.martin@example.com', NULL, NULL, 0, 'df234305-8a47-4b4d-8efb-716a6b695428', '2025-07-01 10:48:56', '2025-07-01 10:48:56');
INSERT INTO `users` (`uuid`, `first_name`, `last_name`, `full_name`, `email`, `address`, `contact`, `inactive`, `tenant_id`, `created_on`, `modified_on`) VALUES ('6c428862-d390-488d-9701-6f592da5d60c', 'Jessica', 'Walker', 'Jessica Walker', 'jessica.walker@example.com', NULL, NULL, 0, 'df234305-8a47-4b4d-8efb-716a6b695428', '2025-07-01 10:48:56', '2025-07-01 10:48:56');
INSERT INTO `users` (`uuid`, `first_name`, `last_name`, `full_name`, `email`, `address`, `contact`, `inactive`, `tenant_id`, `created_on`, `modified_on`) VALUES ('c92b64c0-0703-4f8a-b18c-0ed29f5f909b', 'Crystal', 'Smith', 'Crystal Smith', 'crystal.smith@example.com', NULL, NULL, 0, 'df234305-8a47-4b4d-8efb-716a6b695428', '2025-07-01 10:48:56', '2025-07-01 10:48:56');
INSERT INTO `users` (`uuid`, `first_name`, `last_name`, `full_name`, `email`, `address`, `contact`, `inactive`, `tenant_id`, `created_on`, `modified_on`) VALUES ('5526dc11-36f7-48a5-9d7f-544874f4bcd7', 'Jon', 'Thompson', 'Jon Thompson', 'jon.thompson@example.com', NULL, NULL, 0, 'df234305-8a47-4b4d-8efb-716a6b695428', '2025-07-01 10:48:56', '2025-07-01 10:48:56');
INSERT INTO `users` (`uuid`, `first_name`, `last_name`, `full_name`, `email`, `address`, `contact`, `inactive`, `tenant_id`, `created_on`, `modified_on`) VALUES ('25de7e1c-be46-420e-8fb0-801efd6d976f', 'Jose', 'Gonzalez', 'Jose Gonzalez', 'jose.gonzalez@example.com', NULL, NULL, 0, 'df234305-8a47-4b4d-8efb-716a6b695428', '2025-07-01 10:48:56', '2025-07-01 10:48:56');
INSERT INTO `users` (`uuid`, `first_name`, `last_name`, `full_name`, `email`, `address`, `contact`, `inactive`, `tenant_id`, `created_on`, `modified_on`) VALUES ('c5f3583c-9893-4216-a6cd-bc335f1a035c', 'James', 'Mora', 'James Mora', 'james.mora@example.com', NULL, NULL, 0, 'df234305-8a47-4b4d-8efb-716a6b695428', '2025-07-01 10:48:56', '2025-07-01 10:48:56');
INSERT INTO `users` (`uuid`, `first_name`, `last_name`, `full_name`, `email`, `address`, `contact`, `inactive`, `tenant_id`, `created_on`, `modified_on`) VALUES ('e2a314f5-2c99-43db-9d99-78ab70a8416d', 'Janice', 'Cameron', 'Janice Cameron', 'janice.cameron@example.com', NULL, NULL, 0, 'df234305-8a47-4b4d-8efb-716a6b695428', '2025-07-01 10:48:56', '2025-07-01 10:48:56');
INSERT INTO `users` (`uuid`, `first_name`, `last_name`, `full_name`, `email`, `address`, `contact`, `inactive`, `tenant_id`, `created_on`, `modified_on`) VALUES ('d950f511-1a43-4fec-b2f9-df910bd8c39f', 'Aaron', 'Thomas', 'Aaron Thomas', 'aaron.thomas@example.com', NULL, NULL, 0, 'df234305-8a47-4b4d-8efb-716a6b695428', '2025-07-01 10:48:56', '2025-07-01 10:48:56');
INSERT INTO `users` (`uuid`, `first_name`, `last_name`, `full_name`, `email`, `address`, `contact`, `inactive`, `tenant_id`, `created_on`, `modified_on`) VALUES ('7a87ac6a-8aa1-4bc7-8b53-d27da2280e78', 'Robert', 'Potts', 'Robert Potts', 'robert.potts@example.com', NULL, NULL, 0, 'df234305-8a47-4b4d-8efb-716a6b695428', '2025-07-01 10:48:56', '2025-07-01 10:48:56');
INSERT INTO `users` (`uuid`, `first_name`, `last_name`, `full_name`, `email`, `address`, `contact`, `inactive`, `tenant_id`, `created_on`, `modified_on`) VALUES ('84139234-eaf3-40a6-9b31-f38e2c639bd7', 'Leslie', 'Kim', 'Leslie Kim', 'leslie.kim@example.com', NULL, NULL, 0, 'df234305-8a47-4b4d-8efb-716a6b695428', '2025-07-01 10:48:56', '2025-07-01 10:48:56');
INSERT INTO `users` (`uuid`, `first_name`, `last_name`, `full_name`, `email`, `address`, `contact`, `inactive`, `tenant_id`, `created_on`, `modified_on`) VALUES ('a8ca3894-fb00-41a1-84f2-c0dfb8fc31ad', 'Leonard', 'Taylor', 'Leonard Taylor', 'leonard.taylor@example.com', NULL, NULL, 0, 'df234305-8a47-4b4d-8efb-716a6b695428', '2025-07-01 10:48:56', '2025-07-01 10:48:56');
INSERT INTO `client` (`uuid`, `client_name`, `client_code`, `is_active`, `tenant_id`, `created_on`, `modified_on`) VALUES ('698772f2-4e17-46c7-a251-3015d96def2c', 'Jenkins PLC', 1001, 1, 'df234305-8a47-4b4d-8efb-716a6b695428', '2025-07-01 10:48:56', '2025-07-01 10:48:56');
INSERT INTO `department` (`uuid`, `department`, `tenant_id`, `client_id`, `created_on`, `modified_on`) VALUES ('138b1531-859a-49fe-9643-624abf652acf', 'Biomedical', 'df234305-8a47-4b4d-8efb-716a6b695428', '698772f2-4e17-46c7-a251-3015d96def2c', '2025-07-01 10:48:56', '2025-07-01 10:48:56');
INSERT INTO `department` (`uuid`, `department`, `tenant_id`, `client_id`, `created_on`, `modified_on`) VALUES ('c6752076-dd8f-4c66-a411-2b6365ec104f', 'Cybersecurity', 'df234305-8a47-4b4d-8efb-716a6b695428', '698772f2-4e17-46c7-a251-3015d96def2c', '2025-07-01 10:48:56', '2025-07-01 10:48:56');
INSERT INTO `department` (`uuid`, `department`, `tenant_id`, `client_id`, `created_on`, `modified_on`) VALUES ('d70aadc4-98b2-43cf-a7ff-80500bad7147', 'Robotics', 'df234305-8a47-4b4d-8efb-716a6b695428', '698772f2-4e17-46c7-a251-3015d96def2c', '2025-07-01 10:48:56', '2025-07-01 10:48:56');
INSERT INTO `department` (`uuid`, `department`, `tenant_id`, `client_id`, `created_on`, `modified_on`) VALUES ('22070dbd-97ea-4793-af14-a58c80d92fdb', 'AI Solutions', 'df234305-8a47-4b4d-8efb-716a6b695428', '698772f2-4e17-46c7-a251-3015d96def2c', '2025-07-01 10:48:56', '2025-07-01 10:48:56');
INSERT INTO `department` (`uuid`, `department`, `tenant_id`, `client_id`, `created_on`, `modified_on`) VALUES ('5b1d1b88-9910-408a-8357-5485193665f6', 'Aerospace', 'df234305-8a47-4b4d-8efb-716a6b695428', '698772f2-4e17-46c7-a251-3015d96def2c', '2025-07-01 10:48:56', '2025-07-01 10:48:56');
INSERT INTO `department` (`uuid`, `department`, `tenant_id`, `client_id`, `created_on`, `modified_on`) VALUES ('b6195a25-7783-4cb4-8fdd-c45df3f49508', 'Civil Systems', 'df234305-8a47-4b4d-8efb-716a6b695428', '698772f2-4e17-46c7-a251-3015d96def2c', '2025-07-01 10:48:56', '2025-07-01 10:48:56');
INSERT INTO `client` (`uuid`, `client_name`, `client_code`, `is_active`, `tenant_id`, `created_on`, `modified_on`) VALUES ('915214d0-71de-4edc-870e-a4775e574728', 'Heath Group', 1002, 1, 'df234305-8a47-4b4d-8efb-716a6b695428', '2025-07-01 10:48:56', '2025-07-01 10:48:56');
INSERT INTO `department` (`uuid`, `department`, `tenant_id`, `client_id`, `created_on`, `modified_on`) VALUES ('fb5aedc6-24ba-4d85-9c1e-5dd79b4eb58a', 'Cybersecurity', 'df234305-8a47-4b4d-8efb-716a6b695428', '915214d0-71de-4edc-870e-a4775e574728', '2025-07-01 10:48:56', '2025-07-01 10:48:56');
INSERT INTO `department` (`uuid`, `department`, `tenant_id`, `client_id`, `created_on`, `modified_on`) VALUES ('640271f5-a02f-4ed2-bbd4-5fd96a1462b8', 'AI Solutions', 'df234305-8a47-4b4d-8efb-716a6b695428', '915214d0-71de-4edc-870e-a4775e574728', '2025-07-01 10:48:56', '2025-07-01 10:48:56');
INSERT INTO `department` (`uuid`, `department`, `tenant_id`, `client_id`, `created_on`, `modified_on`) VALUES ('ab76d9eb-bc97-4e65-879b-5ce043c4fe97', 'Aerospace', 'df234305-8a47-4b4d-8efb-716a6b695428', '915214d0-71de-4edc-870e-a4775e574728', '2025-07-01 10:48:56', '2025-07-01 10:48:56');
INSERT INTO `department` (`uuid`, `department`, `tenant_id`, `client_id`, `created_on`, `modified_on`) VALUES ('5f878c8f-2b96-4d7b-ae63-890a23609085', 'Civil Systems', 'df234305-8a47-4b4d-8efb-716a6b695428', '915214d0-71de-4edc-870e-a4775e574728', '2025-07-01 10:48:56', '2025-07-01 10:48:56');
INSERT INTO `department` (`uuid`, `department`, `tenant_id`, `client_id`, `created_on`, `modified_on`) VALUES ('dc2bd493-de8d-48e4-90b1-18b8d9678ae4', 'Biomedical', 'df234305-8a47-4b4d-8efb-716a6b695428', '915214d0-71de-4edc-870e-a4775e574728', '2025-07-01 10:48:56', '2025-07-01 10:48:56');
INSERT INTO `department` (`uuid`, `department`, `tenant_id`, `client_id`, `created_on`, `modified_on`) VALUES ('293cb4b2-dbe1-4591-ac54-78b1161b3b72', 'Robotics', 'df234305-8a47-4b4d-8efb-716a6b695428', '915214d0-71de-4edc-870e-a4775e574728', '2025-07-01 10:48:56', '2025-07-01 10:48:56');
INSERT INTO `client` (`uuid`, `client_name`, `client_code`, `is_active`, `tenant_id`, `created_on`, `modified_on`) VALUES ('82435b25-20d4-4a0b-bb64-c64abc7a7319', 'Fisher Inc', 1003, 1, 'df234305-8a47-4b4d-8efb-716a6b695428', '2025-07-01 10:48:56', '2025-07-01 10:48:56');
INSERT INTO `department` (`uuid`, `department`, `tenant_id`, `client_id`, `created_on`, `modified_on`) VALUES ('5eb53ca8-d6ee-4691-9e52-bc3e645e1c24', 'Biomedical', 'df234305-8a47-4b4d-8efb-716a6b695428', '82435b25-20d4-4a0b-bb64-c64abc7a7319', '2025-07-01 10:48:56', '2025-07-01 10:48:56');
INSERT INTO `department` (`uuid`, `department`, `tenant_id`, `client_id`, `created_on`, `modified_on`) VALUES ('d83411cd-e529-4f31-a825-be0877679e1a', 'Cybersecurity', 'df234305-8a47-4b4d-8efb-716a6b695428', '82435b25-20d4-4a0b-bb64-c64abc7a7319', '2025-07-01 10:48:56', '2025-07-01 10:48:56');
INSERT INTO `department` (`uuid`, `department`, `tenant_id`, `client_id`, `created_on`, `modified_on`) VALUES ('44b33699-8e77-4a1b-9fc8-82b2fceab828', 'Robotics', 'df234305-8a47-4b4d-8efb-716a6b695428', '82435b25-20d4-4a0b-bb64-c64abc7a7319', '2025-07-01 10:48:56', '2025-07-01 10:48:56');
INSERT INTO `department` (`uuid`, `department`, `tenant_id`, `client_id`, `created_on`, `modified_on`) VALUES ('35ec056e-4571-4762-b80c-79106d5afb35', 'Aerospace', 'df234305-8a47-4b4d-8efb-716a6b695428', '82435b25-20d4-4a0b-bb64-c64abc7a7319', '2025-07-01 10:48:56', '2025-07-01 10:48:56');
INSERT INTO `department` (`uuid`, `department`, `tenant_id`, `client_id`, `created_on`, `modified_on`) VALUES ('56f76044-1717-48db-9b1d-21249ae4f889', 'Civil Systems', 'df234305-8a47-4b4d-8efb-716a6b695428', '82435b25-20d4-4a0b-bb64-c64abc7a7319', '2025-07-01 10:48:56', '2025-07-01 10:48:56');
INSERT INTO `department` (`uuid`, `department`, `tenant_id`, `client_id`, `created_on`, `modified_on`) VALUES ('5b367309-eb70-4c72-897d-203639c5d29c', 'AI Solutions', 'df234305-8a47-4b4d-8efb-716a6b695428', '82435b25-20d4-4a0b-bb64-c64abc7a7319', '2025-07-01 10:48:56', '2025-07-01 10:48:56');
INSERT INTO `client` (`uuid`, `client_name`, `client_code`, `is_active`, `tenant_id`, `created_on`, `modified_on`) VALUES ('d276a060-37e5-4aab-8c3f-080f7a8f0fcc', 'Tucker Ltd', 1004, 1, 'df234305-8a47-4b4d-8efb-716a6b695428', '2025-07-01 10:48:56', '2025-07-01 10:48:56');
INSERT INTO `department` (`uuid`, `department`, `tenant_id`, `client_id`, `created_on`, `modified_on`) VALUES ('8eeeffd7-7f9b-43b5-8736-708bed1c299d', 'Cybersecurity', 'df234305-8a47-4b4d-8efb-716a6b695428', 'd276a060-37e5-4aab-8c3f-080f7a8f0fcc', '2025-07-01 10:48:56', '2025-07-01 10:48:56');
INSERT INTO `department` (`uuid`, `department`, `tenant_id`, `client_id`, `created_on`, `modified_on`) VALUES ('7575c1ed-9440-4c7c-bf24-9b7a5cbdbb91', 'Civil Systems', 'df234305-8a47-4b4d-8efb-716a6b695428', 'd276a060-37e5-4aab-8c3f-080f7a8f0fcc', '2025-07-01 10:48:56', '2025-07-01 10:48:56');
INSERT INTO `department` (`uuid`, `department`, `tenant_id`, `client_id`, `created_on`, `modified_on`) VALUES ('e9c49c88-46e1-49e1-b8c7-81f8898f5ea9', 'AI Solutions', 'df234305-8a47-4b4d-8efb-716a6b695428', 'd276a060-37e5-4aab-8c3f-080f7a8f0fcc', '2025-07-01 10:48:56', '2025-07-01 10:48:56');
INSERT INTO `department` (`uuid`, `department`, `tenant_id`, `client_id`, `created_on`, `modified_on`) VALUES ('3142d318-8f91-45d2-808a-6a59f7777f9b', 'Aerospace', 'df234305-8a47-4b4d-8efb-716a6b695428', 'd276a060-37e5-4aab-8c3f-080f7a8f0fcc', '2025-07-01 10:48:56', '2025-07-01 10:48:56');
INSERT INTO `department` (`uuid`, `department`, `tenant_id`, `client_id`, `created_on`, `modified_on`) VALUES ('20065f90-55b1-4688-a11f-6c0c6cb6d1b7', 'Robotics', 'df234305-8a47-4b4d-8efb-716a6b695428', 'd276a060-37e5-4aab-8c3f-080f7a8f0fcc', '2025-07-01 10:48:56', '2025-07-01 10:48:56');
INSERT INTO `department` (`uuid`, `department`, `tenant_id`, `client_id`, `created_on`, `modified_on`) VALUES ('0b11babf-722b-422c-bf0b-f4f0a05930bc', 'Biomedical', 'df234305-8a47-4b4d-8efb-716a6b695428', 'd276a060-37e5-4aab-8c3f-080f7a8f0fcc', '2025-07-01 10:48:56', '2025-07-01 10:48:56');
INSERT INTO `client` (`uuid`, `client_name`, `client_code`, `is_active`, `tenant_id`, `created_on`, `modified_on`) VALUES ('bff05b95-6848-4a2a-9dd5-3e17158133c2', 'Bailey-Shah', 1005, 1, 'df234305-8a47-4b4d-8efb-716a6b695428', '2025-07-01 10:48:56', '2025-07-01 10:48:56');
INSERT INTO `department` (`uuid`, `department`, `tenant_id`, `client_id`, `created_on`, `modified_on`) VALUES ('c53338e3-3022-4696-8695-2a4d4ce06466', 'AI Solutions', 'df234305-8a47-4b4d-8efb-716a6b695428', 'bff05b95-6848-4a2a-9dd5-3e17158133c2', '2025-07-01 10:48:56', '2025-07-01 10:48:56');
INSERT INTO `department` (`uuid`, `department`, `tenant_id`, `client_id`, `created_on`, `modified_on`) VALUES ('7961a3bc-0d5d-4282-a048-e21792f78316', 'Aerospace', 'df234305-8a47-4b4d-8efb-716a6b695428', 'bff05b95-6848-4a2a-9dd5-3e17158133c2', '2025-07-01 10:48:56', '2025-07-01 10:48:56');
INSERT INTO `department` (`uuid`, `department`, `tenant_id`, `client_id`, `created_on`, `modified_on`) VALUES ('63608cab-b04d-4b2a-8cfa-accb5cb09e4e', 'Civil Systems', 'df234305-8a47-4b4d-8efb-716a6b695428', 'bff05b95-6848-4a2a-9dd5-3e17158133c2', '2025-07-01 10:48:56', '2025-07-01 10:48:56');
INSERT INTO `department` (`uuid`, `department`, `tenant_id`, `client_id`, `created_on`, `modified_on`) VALUES ('8c25fc5a-6707-4183-9b42-8b8e1f846384', 'Cybersecurity', 'df234305-8a47-4b4d-8efb-716a6b695428', 'bff05b95-6848-4a2a-9dd5-3e17158133c2', '2025-07-01 10:48:56', '2025-07-01 10:48:56');
INSERT INTO `department` (`uuid`, `department`, `tenant_id`, `client_id`, `created_on`, `modified_on`) VALUES ('da5ca2aa-881c-4bc6-9cb5-2ef5e1b1caed', 'Robotics', 'df234305-8a47-4b4d-8efb-716a6b695428', 'bff05b95-6848-4a2a-9dd5-3e17158133c2', '2025-07-01 10:48:56', '2025-07-01 10:48:56');
INSERT INTO `department` (`uuid`, `department`, `tenant_id`, `client_id`, `created_on`, `modified_on`) VALUES ('af8fe7d2-49d6-4a7d-94a9-870f262fa983', 'Biomedical', 'df234305-8a47-4b4d-8efb-716a6b695428', 'bff05b95-6848-4a2a-9dd5-3e17158133c2', '2025-07-01 10:48:56', '2025-07-01 10:48:56');
INSERT INTO `client` (`uuid`, `client_name`, `client_code`, `is_active`, `tenant_id`, `created_on`, `modified_on`) VALUES ('304ea0ba-4f61-4741-b3dd-9353cff9ea61', 'Mitchell Group', 1006, 1, 'df234305-8a47-4b4d-8efb-716a6b695428', '2025-07-01 10:48:56', '2025-07-01 10:48:56');
INSERT INTO `department` (`uuid`, `department`, `tenant_id`, `client_id`, `created_on`, `modified_on`) VALUES ('1f86da60-1f3e-4a62-95fa-52f0d5fb7be9', 'Cybersecurity', 'df234305-8a47-4b4d-8efb-716a6b695428', '304ea0ba-4f61-4741-b3dd-9353cff9ea61', '2025-07-01 10:48:56', '2025-07-01 10:48:56');
INSERT INTO `department` (`uuid`, `department`, `tenant_id`, `client_id`, `created_on`, `modified_on`) VALUES ('3f50fd01-fcb7-478e-be32-7fc6884f9940', 'Aerospace', 'df234305-8a47-4b4d-8efb-716a6b695428', '304ea0ba-4f61-4741-b3dd-9353cff9ea61', '2025-07-01 10:48:56', '2025-07-01 10:48:56');
INSERT INTO `department` (`uuid`, `department`, `tenant_id`, `client_id`, `created_on`, `modified_on`) VALUES ('473b323b-f86c-4f16-9c5b-72ec9da53807', 'Robotics', 'df234305-8a47-4b4d-8efb-716a6b695428', '304ea0ba-4f61-4741-b3dd-9353cff9ea61', '2025-07-01 10:48:56', '2025-07-01 10:48:56');
INSERT INTO `department` (`uuid`, `department`, `tenant_id`, `client_id`, `created_on`, `modified_on`) VALUES ('33e5089d-1ffd-45f9-ae1d-60ff2769e6f4', 'Civil Systems', 'df234305-8a47-4b4d-8efb-716a6b695428', '304ea0ba-4f61-4741-b3dd-9353cff9ea61', '2025-07-01 10:48:56', '2025-07-01 10:48:56');
INSERT INTO `department` (`uuid`, `department`, `tenant_id`, `client_id`, `created_on`, `modified_on`) VALUES ('242ee26e-8c0c-4ea0-9fa4-943051d2dec7', 'AI Solutions', 'df234305-8a47-4b4d-8efb-716a6b695428', '304ea0ba-4f61-4741-b3dd-9353cff9ea61', '2025-07-01 10:48:56', '2025-07-01 10:48:56');
INSERT INTO `department` (`uuid`, `department`, `tenant_id`, `client_id`, `created_on`, `modified_on`) VALUES ('6d361d18-f26e-42d3-8c09-3504a463afbb', 'Biomedical', 'df234305-8a47-4b4d-8efb-716a6b695428', '304ea0ba-4f61-4741-b3dd-9353cff9ea61', '2025-07-01 10:48:56', '2025-07-01 10:48:56');
INSERT INTO `client` (`uuid`, `client_name`, `client_code`, `is_active`, `tenant_id`, `created_on`, `modified_on`) VALUES ('ee374c4f-a8bb-4129-a669-3c6d58a9ae35', 'Montes Inc', 1007, 1, 'df234305-8a47-4b4d-8efb-716a6b695428', '2025-07-01 10:48:56', '2025-07-01 10:48:56');
INSERT INTO `department` (`uuid`, `department`, `tenant_id`, `client_id`, `created_on`, `modified_on`) VALUES ('05f1f8b5-8f53-4da5-aea3-2ca1427dc528', 'Robotics', 'df234305-8a47-4b4d-8efb-716a6b695428', 'ee374c4f-a8bb-4129-a669-3c6d58a9ae35', '2025-07-01 10:48:56', '2025-07-01 10:48:56');
INSERT INTO `department` (`uuid`, `department`, `tenant_id`, `client_id`, `created_on`, `modified_on`) VALUES ('16f5ec36-45f7-469d-a43a-4fe41aa3217a', 'AI Solutions', 'df234305-8a47-4b4d-8efb-716a6b695428', 'ee374c4f-a8bb-4129-a669-3c6d58a9ae35', '2025-07-01 10:48:56', '2025-07-01 10:48:56');
INSERT INTO `department` (`uuid`, `department`, `tenant_id`, `client_id`, `created_on`, `modified_on`) VALUES ('fe2f4e7f-3df9-457d-91e7-d38f528ded61', 'Biomedical', 'df234305-8a47-4b4d-8efb-716a6b695428', 'ee374c4f-a8bb-4129-a669-3c6d58a9ae35', '2025-07-01 10:48:56', '2025-07-01 10:48:56');
INSERT INTO `department` (`uuid`, `department`, `tenant_id`, `client_id`, `created_on`, `modified_on`) VALUES ('5a2c760f-67ff-42d8-91c1-8919ddc03597', 'Civil Systems', 'df234305-8a47-4b4d-8efb-716a6b695428', 'ee374c4f-a8bb-4129-a669-3c6d58a9ae35', '2025-07-01 10:48:56', '2025-07-01 10:48:56');
INSERT INTO `department` (`uuid`, `department`, `tenant_id`, `client_id`, `created_on`, `modified_on`) VALUES ('212335f3-c28a-4cb0-9bf6-6e9f5b344a1a', 'Cybersecurity', 'df234305-8a47-4b4d-8efb-716a6b695428', 'ee374c4f-a8bb-4129-a669-3c6d58a9ae35', '2025-07-01 10:48:56', '2025-07-01 10:48:56');
INSERT INTO `department` (`uuid`, `department`, `tenant_id`, `client_id`, `created_on`, `modified_on`) VALUES ('31ddca04-3abb-42be-b529-3ce4bb0dbb70', 'Aerospace', 'df234305-8a47-4b4d-8efb-716a6b695428', 'ee374c4f-a8bb-4129-a669-3c6d58a9ae35', '2025-07-01 10:48:56', '2025-07-01 10:48:56');
INSERT INTO `client` (`uuid`, `client_name`, `client_code`, `is_active`, `tenant_id`, `created_on`, `modified_on`) VALUES ('6d237f8c-768f-44a0-b4b2-fc362a69633b', 'Brown Inc', 1008, 1, 'df234305-8a47-4b4d-8efb-716a6b695428', '2025-07-01 10:48:56', '2025-07-01 10:48:56');
INSERT INTO `department` (`uuid`, `department`, `tenant_id`, `client_id`, `created_on`, `modified_on`) VALUES ('590994cb-fbd3-47df-8245-3879426ded31', 'Aerospace', 'df234305-8a47-4b4d-8efb-716a6b695428', '6d237f8c-768f-44a0-b4b2-fc362a69633b', '2025-07-01 10:48:56', '2025-07-01 10:48:56');
INSERT INTO `department` (`uuid`, `department`, `tenant_id`, `client_id`, `created_on`, `modified_on`) VALUES ('09013ab6-6e41-42ef-bd41-d094330a2811', 'AI Solutions', 'df234305-8a47-4b4d-8efb-716a6b695428', '6d237f8c-768f-44a0-b4b2-fc362a69633b', '2025-07-01 10:48:56', '2025-07-01 10:48:56');
INSERT INTO `department` (`uuid`, `department`, `tenant_id`, `client_id`, `created_on`, `modified_on`) VALUES ('2c8e711c-613b-470d-aded-43a40d4dc363', 'Civil Systems', 'df234305-8a47-4b4d-8efb-716a6b695428', '6d237f8c-768f-44a0-b4b2-fc362a69633b', '2025-07-01 10:48:56', '2025-07-01 10:48:56');
INSERT INTO `department` (`uuid`, `department`, `tenant_id`, `client_id`, `created_on`, `modified_on`) VALUES ('3f030e17-5d7e-4017-b94e-b5e9e6a88857', 'Cybersecurity', 'df234305-8a47-4b4d-8efb-716a6b695428', '6d237f8c-768f-44a0-b4b2-fc362a69633b', '2025-07-01 10:48:56', '2025-07-01 10:48:56');
INSERT INTO `department` (`uuid`, `department`, `tenant_id`, `client_id`, `created_on`, `modified_on`) VALUES ('2926df98-ed69-4299-b1dd-d9745917df1b', 'Biomedical', 'df234305-8a47-4b4d-8efb-716a6b695428', '6d237f8c-768f-44a0-b4b2-fc362a69633b', '2025-07-01 10:48:56', '2025-07-01 10:48:56');
INSERT INTO `client` (`uuid`, `client_name`, `client_code`, `is_active`, `tenant_id`, `created_on`, `modified_on`) VALUES ('f586492d-f2c1-484a-956b-f117833b862b', 'Moon Group', 1009, 1, 'df234305-8a47-4b4d-8efb-716a6b695428', '2025-07-01 10:48:56', '2025-07-01 10:48:56');
INSERT INTO `department` (`uuid`, `department`, `tenant_id`, `client_id`, `created_on`, `modified_on`) VALUES ('e20ffa2f-c779-4dc0-a8d2-1c8066e81d47', 'Civil Systems', 'df234305-8a47-4b4d-8efb-716a6b695428', 'f586492d-f2c1-484a-956b-f117833b862b', '2025-07-01 10:48:56', '2025-07-01 10:48:56');
INSERT INTO `department` (`uuid`, `department`, `tenant_id`, `client_id`, `created_on`, `modified_on`) VALUES ('8fc4fab7-be03-4fc6-a247-ec1cc0a01866', 'Biomedical', 'df234305-8a47-4b4d-8efb-716a6b695428', 'f586492d-f2c1-484a-956b-f117833b862b', '2025-07-01 10:48:56', '2025-07-01 10:48:56');
INSERT INTO `department` (`uuid`, `department`, `tenant_id`, `client_id`, `created_on`, `modified_on`) VALUES ('cd610020-eaf5-4451-9ca4-ea18122935db', 'Robotics', 'df234305-8a47-4b4d-8efb-716a6b695428', 'f586492d-f2c1-484a-956b-f117833b862b', '2025-07-01 10:48:56', '2025-07-01 10:48:56');
INSERT INTO `department` (`uuid`, `department`, `tenant_id`, `client_id`, `created_on`, `modified_on`) VALUES ('1f86e064-6395-4172-8afc-b70d99d569ca', 'AI Solutions', 'df234305-8a47-4b4d-8efb-716a6b695428', 'f586492d-f2c1-484a-956b-f117833b862b', '2025-07-01 10:48:56', '2025-07-01 10:48:56');
INSERT INTO `department` (`uuid`, `department`, `tenant_id`, `client_id`, `created_on`, `modified_on`) VALUES ('31919ef0-f1bb-4643-b97d-63a64f5ef8ff', 'Aerospace', 'df234305-8a47-4b4d-8efb-716a6b695428', 'f586492d-f2c1-484a-956b-f117833b862b', '2025-07-01 10:48:56', '2025-07-01 10:48:56');
INSERT INTO `department` (`uuid`, `department`, `tenant_id`, `client_id`, `created_on`, `modified_on`) VALUES ('922836cb-1d2f-4088-9d30-6cc2d2a9cd51', 'Cybersecurity', 'df234305-8a47-4b4d-8efb-716a6b695428', 'f586492d-f2c1-484a-956b-f117833b862b', '2025-07-01 10:48:56', '2025-07-01 10:48:56');
INSERT INTO `client` (`uuid`, `client_name`, `client_code`, `is_active`, `tenant_id`, `created_on`, `modified_on`) VALUES ('0021d9ee-7315-4195-a12b-c754824039fb', 'Davis Group', 1010, 1, 'df234305-8a47-4b4d-8efb-716a6b695428', '2025-07-01 10:48:56', '2025-07-01 10:48:56');
INSERT INTO `department` (`uuid`, `department`, `tenant_id`, `client_id`, `created_on`, `modified_on`) VALUES ('fa65aa7e-40f6-4404-8ea9-701e66f37a5a', 'Cybersecurity', 'df234305-8a47-4b4d-8efb-716a6b695428', '0021d9ee-7315-4195-a12b-c754824039fb', '2025-07-01 10:48:56', '2025-07-01 10:48:56');
INSERT INTO `department` (`uuid`, `department`, `tenant_id`, `client_id`, `created_on`, `modified_on`) VALUES ('7e9b0031-e3f1-4750-b30c-d84ff0a3c3a2', 'Civil Systems', 'df234305-8a47-4b4d-8efb-716a6b695428', '0021d9ee-7315-4195-a12b-c754824039fb', '2025-07-01 10:48:56', '2025-07-01 10:48:56');
INSERT INTO `department` (`uuid`, `department`, `tenant_id`, `client_id`, `created_on`, `modified_on`) VALUES ('abcf245a-40fe-435b-bf0f-8920bb1855a4', 'AI Solutions', 'df234305-8a47-4b4d-8efb-716a6b695428', '0021d9ee-7315-4195-a12b-c754824039fb', '2025-07-01 10:48:56', '2025-07-01 10:48:56');
INSERT INTO `department` (`uuid`, `department`, `tenant_id`, `client_id`, `created_on`, `modified_on`) VALUES ('a07331df-aeba-4b7b-87ac-d99982aeccd5', 'Robotics', 'df234305-8a47-4b4d-8efb-716a6b695428', '0021d9ee-7315-4195-a12b-c754824039fb', '2025-07-01 10:48:56', '2025-07-01 10:48:56');
INSERT INTO `department` (`uuid`, `department`, `tenant_id`, `client_id`, `created_on`, `modified_on`) VALUES ('c728a1c2-8a86-4c55-bdcd-9e883f058c93', 'Aerospace', 'df234305-8a47-4b4d-8efb-716a6b695428', '0021d9ee-7315-4195-a12b-c754824039fb', '2025-07-01 10:48:56', '2025-07-01 10:48:56');
INSERT INTO `department` (`uuid`, `department`, `tenant_id`, `client_id`, `created_on`, `modified_on`) VALUES ('40b20f4a-a14c-4fe5-b1f2-32cbf9ad8beb', 'Biomedical', 'df234305-8a47-4b4d-8efb-716a6b695428', '0021d9ee-7315-4195-a12b-c754824039fb', '2025-07-01 10:48:56', '2025-07-01 10:48:56');
INSERT INTO `client` (`uuid`, `client_name`, `client_code`, `is_active`, `tenant_id`, `created_on`, `modified_on`) VALUES ('62cdd6e6-4750-4598-85ee-20b166a23bc7', 'Jones LLC', 1011, 1, 'df234305-8a47-4b4d-8efb-716a6b695428', '2025-07-01 10:48:56', '2025-07-01 10:48:56');
INSERT INTO `department` (`uuid`, `department`, `tenant_id`, `client_id`, `created_on`, `modified_on`) VALUES ('1e7e9699-63b6-4065-95be-491e6eb0d744', 'Aerospace', 'df234305-8a47-4b4d-8efb-716a6b695428', '62cdd6e6-4750-4598-85ee-20b166a23bc7', '2025-07-01 10:48:56', '2025-07-01 10:48:56');
INSERT INTO `department` (`uuid`, `department`, `tenant_id`, `client_id`, `created_on`, `modified_on`) VALUES ('6a893e67-d368-4999-b840-c6ab409f2bbc', 'AI Solutions', 'df234305-8a47-4b4d-8efb-716a6b695428', '62cdd6e6-4750-4598-85ee-20b166a23bc7', '2025-07-01 10:48:56', '2025-07-01 10:48:56');
INSERT INTO `department` (`uuid`, `department`, `tenant_id`, `client_id`, `created_on`, `modified_on`) VALUES ('5613cacd-8095-41ef-be6e-1ecc92915c66', 'Civil Systems', 'df234305-8a47-4b4d-8efb-716a6b695428', '62cdd6e6-4750-4598-85ee-20b166a23bc7', '2025-07-01 10:48:56', '2025-07-01 10:48:56');
INSERT INTO `department` (`uuid`, `department`, `tenant_id`, `client_id`, `created_on`, `modified_on`) VALUES ('717f12e2-81ad-49d5-8a6a-5922e81a4b1d', 'Biomedical', 'df234305-8a47-4b4d-8efb-716a6b695428', '62cdd6e6-4750-4598-85ee-20b166a23bc7', '2025-07-01 10:48:56', '2025-07-01 10:48:56');
INSERT INTO `department` (`uuid`, `department`, `tenant_id`, `client_id`, `created_on`, `modified_on`) VALUES ('4ed44ccb-6f34-41f9-beda-c34b5e139322', 'Robotics', 'df234305-8a47-4b4d-8efb-716a6b695428', '62cdd6e6-4750-4598-85ee-20b166a23bc7', '2025-07-01 10:48:56', '2025-07-01 10:48:56');
INSERT INTO `department` (`uuid`, `department`, `tenant_id`, `client_id`, `created_on`, `modified_on`) VALUES ('6c244035-31f3-4d8a-8ca8-0ee78c3a7c14', 'Cybersecurity', 'df234305-8a47-4b4d-8efb-716a6b695428', '62cdd6e6-4750-4598-85ee-20b166a23bc7', '2025-07-01 10:48:56', '2025-07-01 10:48:56');
INSERT INTO `client` (`uuid`, `client_name`, `client_code`, `is_active`, `tenant_id`, `created_on`, `modified_on`) VALUES ('25222ef8-d6cb-4999-a0ae-992d23e7942e', 'Sheppard, Smith and Ferguson', 1012, 1, 'df234305-8a47-4b4d-8efb-716a6b695428', '2025-07-01 10:48:56', '2025-07-01 10:48:56');
INSERT INTO `department` (`uuid`, `department`, `tenant_id`, `client_id`, `created_on`, `modified_on`) VALUES ('dd677c07-3f6b-48da-a87d-2fa23609b713', 'Civil Systems', 'df234305-8a47-4b4d-8efb-716a6b695428', '25222ef8-d6cb-4999-a0ae-992d23e7942e', '2025-07-01 10:48:56', '2025-07-01 10:48:56');
INSERT INTO `department` (`uuid`, `department`, `tenant_id`, `client_id`, `created_on`, `modified_on`) VALUES ('7cc557cf-cb41-4997-8d3e-f7e15b44daad', 'Cybersecurity', 'df234305-8a47-4b4d-8efb-716a6b695428', '25222ef8-d6cb-4999-a0ae-992d23e7942e', '2025-07-01 10:48:56', '2025-07-01 10:48:56');
INSERT INTO `department` (`uuid`, `department`, `tenant_id`, `client_id`, `created_on`, `modified_on`) VALUES ('ebc7afea-fee9-4b38-a782-31944f93314f', 'Robotics', 'df234305-8a47-4b4d-8efb-716a6b695428', '25222ef8-d6cb-4999-a0ae-992d23e7942e', '2025-07-01 10:48:56', '2025-07-01 10:48:56');
INSERT INTO `department` (`uuid`, `department`, `tenant_id`, `client_id`, `created_on`, `modified_on`) VALUES ('6282bcc6-9b45-44d4-95a3-239bfb7bf60d', 'Biomedical', 'df234305-8a47-4b4d-8efb-716a6b695428', '25222ef8-d6cb-4999-a0ae-992d23e7942e', '2025-07-01 10:48:56', '2025-07-01 10:48:56');
INSERT INTO `department` (`uuid`, `department`, `tenant_id`, `client_id`, `created_on`, `modified_on`) VALUES ('ec71b1f4-83f4-4836-97b7-affd37480100', 'AI Solutions', 'df234305-8a47-4b4d-8efb-716a6b695428', '25222ef8-d6cb-4999-a0ae-992d23e7942e', '2025-07-01 10:48:56', '2025-07-01 10:48:56');
INSERT INTO `department` (`uuid`, `department`, `tenant_id`, `client_id`, `created_on`, `modified_on`) VALUES ('7fcc4436-cb0c-4d78-a1ca-af8852d7966d', 'Aerospace', 'df234305-8a47-4b4d-8efb-716a6b695428', '25222ef8-d6cb-4999-a0ae-992d23e7942e', '2025-07-01 10:48:56', '2025-07-01 10:48:56');
INSERT INTO `client` (`uuid`, `client_name`, `client_code`, `is_active`, `tenant_id`, `created_on`, `modified_on`) VALUES ('8b0fcfc5-76b5-48f1-8aa5-5312bb162fbd', 'West, Orozco and Weaver', 1013, 1, 'df234305-8a47-4b4d-8efb-716a6b695428', '2025-07-01 10:48:56', '2025-07-01 10:48:56');
INSERT INTO `department` (`uuid`, `department`, `tenant_id`, `client_id`, `created_on`, `modified_on`) VALUES ('3796a293-1b08-4518-bf1e-e9e3dcd6c065', 'Biomedical', 'df234305-8a47-4b4d-8efb-716a6b695428', '8b0fcfc5-76b5-48f1-8aa5-5312bb162fbd', '2025-07-01 10:48:56', '2025-07-01 10:48:56');
INSERT INTO `department` (`uuid`, `department`, `tenant_id`, `client_id`, `created_on`, `modified_on`) VALUES ('ccde2c56-bc06-4a3f-88f4-3effd1dcc8b4', 'Civil Systems', 'df234305-8a47-4b4d-8efb-716a6b695428', '8b0fcfc5-76b5-48f1-8aa5-5312bb162fbd', '2025-07-01 10:48:56', '2025-07-01 10:48:56');
INSERT INTO `department` (`uuid`, `department`, `tenant_id`, `client_id`, `created_on`, `modified_on`) VALUES ('8bb30dc7-bd20-49b4-823a-cb6a85593175', 'Aerospace', 'df234305-8a47-4b4d-8efb-716a6b695428', '8b0fcfc5-76b5-48f1-8aa5-5312bb162fbd', '2025-07-01 10:48:56', '2025-07-01 10:48:56');
INSERT INTO `department` (`uuid`, `department`, `tenant_id`, `client_id`, `created_on`, `modified_on`) VALUES ('465b4410-6093-4e68-a17b-da1c012245d3', 'Cybersecurity', 'df234305-8a47-4b4d-8efb-716a6b695428', '8b0fcfc5-76b5-48f1-8aa5-5312bb162fbd', '2025-07-01 10:48:56', '2025-07-01 10:48:56');
INSERT INTO `department` (`uuid`, `department`, `tenant_id`, `client_id`, `created_on`, `modified_on`) VALUES ('f7cd710e-5cb4-445a-bbdd-0d51b3e5239b', 'Robotics', 'df234305-8a47-4b4d-8efb-716a6b695428', '8b0fcfc5-76b5-48f1-8aa5-5312bb162fbd', '2025-07-01 10:48:56', '2025-07-01 10:48:56');
INSERT INTO `department` (`uuid`, `department`, `tenant_id`, `client_id`, `created_on`, `modified_on`) VALUES ('af734c36-aa95-4486-846a-4afde18fb485', 'AI Solutions', 'df234305-8a47-4b4d-8efb-716a6b695428', '8b0fcfc5-76b5-48f1-8aa5-5312bb162fbd', '2025-07-01 10:48:56', '2025-07-01 10:48:56');
INSERT INTO `client` (`uuid`, `client_name`, `client_code`, `is_active`, `tenant_id`, `created_on`, `modified_on`) VALUES ('00ed9b1e-f86c-43a9-8789-ac52ca19f0fe', 'Smith Inc', 1014, 1, 'df234305-8a47-4b4d-8efb-716a6b695428', '2025-07-01 10:48:56', '2025-07-01 10:48:56');
INSERT INTO `department` (`uuid`, `department`, `tenant_id`, `client_id`, `created_on`, `modified_on`) VALUES ('416ce366-de7f-4675-8b6e-7824ae598657', 'Biomedical', 'df234305-8a47-4b4d-8efb-716a6b695428', '00ed9b1e-f86c-43a9-8789-ac52ca19f0fe', '2025-07-01 10:48:56', '2025-07-01 10:48:56');
INSERT INTO `department` (`uuid`, `department`, `tenant_id`, `client_id`, `created_on`, `modified_on`) VALUES ('27cda00a-1c28-4bda-a804-056b0c7cc848', 'Robotics', 'df234305-8a47-4b4d-8efb-716a6b695428', '00ed9b1e-f86c-43a9-8789-ac52ca19f0fe', '2025-07-01 10:48:56', '2025-07-01 10:48:56');
INSERT INTO `department` (`uuid`, `department`, `tenant_id`, `client_id`, `created_on`, `modified_on`) VALUES ('25a7104a-8a37-43ba-b052-792cfec069b1', 'Civil Systems', 'df234305-8a47-4b4d-8efb-716a6b695428', '00ed9b1e-f86c-43a9-8789-ac52ca19f0fe', '2025-07-01 10:48:56', '2025-07-01 10:48:56');
INSERT INTO `department` (`uuid`, `department`, `tenant_id`, `client_id`, `created_on`, `modified_on`) VALUES ('5a787659-87dc-42ba-a3a9-a2af0f4bce29', 'Cybersecurity', 'df234305-8a47-4b4d-8efb-716a6b695428', '00ed9b1e-f86c-43a9-8789-ac52ca19f0fe', '2025-07-01 10:48:56', '2025-07-01 10:48:56');
INSERT INTO `department` (`uuid`, `department`, `tenant_id`, `client_id`, `created_on`, `modified_on`) VALUES ('f0cbb7f6-f426-416f-aeaa-99b6fee24261', 'Aerospace', 'df234305-8a47-4b4d-8efb-716a6b695428', '00ed9b1e-f86c-43a9-8789-ac52ca19f0fe', '2025-07-01 10:48:56', '2025-07-01 10:48:56');
INSERT INTO `department` (`uuid`, `department`, `tenant_id`, `client_id`, `created_on`, `modified_on`) VALUES ('aa857732-5f2a-4ce4-9b4b-8033b504ebf9', 'AI Solutions', 'df234305-8a47-4b4d-8efb-716a6b695428', '00ed9b1e-f86c-43a9-8789-ac52ca19f0fe', '2025-07-01 10:48:56', '2025-07-01 10:48:56');
INSERT INTO `client` (`uuid`, `client_name`, `client_code`, `is_active`, `tenant_id`, `created_on`, `modified_on`) VALUES ('4a2bc086-16ed-4e05-b5b4-549559ea4334', 'Collins and Sons', 1015, 1, 'df234305-8a47-4b4d-8efb-716a6b695428', '2025-07-01 10:48:56', '2025-07-01 10:48:56');
INSERT INTO `department` (`uuid`, `department`, `tenant_id`, `client_id`, `created_on`, `modified_on`) VALUES ('5c82e77f-edf7-4a55-966f-158d26ff77fc', 'Aerospace', 'df234305-8a47-4b4d-8efb-716a6b695428', '4a2bc086-16ed-4e05-b5b4-549559ea4334', '2025-07-01 10:48:56', '2025-07-01 10:48:56');
INSERT INTO `department` (`uuid`, `department`, `tenant_id`, `client_id`, `created_on`, `modified_on`) VALUES ('25d13cd6-5c47-4c55-bae4-b3a7a352a769', 'Robotics', 'df234305-8a47-4b4d-8efb-716a6b695428', '4a2bc086-16ed-4e05-b5b4-549559ea4334', '2025-07-01 10:48:56', '2025-07-01 10:48:56');
INSERT INTO `department` (`uuid`, `department`, `tenant_id`, `client_id`, `created_on`, `modified_on`) VALUES ('49fa0fbf-8254-429a-a27c-7ce204f4d87e', 'Biomedical', 'df234305-8a47-4b4d-8efb-716a6b695428', '4a2bc086-16ed-4e05-b5b4-549559ea4334', '2025-07-01 10:48:56', '2025-07-01 10:48:56');
INSERT INTO `department` (`uuid`, `department`, `tenant_id`, `client_id`, `created_on`, `modified_on`) VALUES ('50cb9fad-1f3a-48a2-93af-8bb812892707', 'Civil Systems', 'df234305-8a47-4b4d-8efb-716a6b695428', '4a2bc086-16ed-4e05-b5b4-549559ea4334', '2025-07-01 10:48:56', '2025-07-01 10:48:56');
INSERT INTO `department` (`uuid`, `department`, `tenant_id`, `client_id`, `created_on`, `modified_on`) VALUES ('9b1d3634-ff7b-418a-aa10-71edd3f8c22a', 'Cybersecurity', 'df234305-8a47-4b4d-8efb-716a6b695428', '4a2bc086-16ed-4e05-b5b4-549559ea4334', '2025-07-01 10:48:56', '2025-07-01 10:48:56');
INSERT INTO `department` (`uuid`, `department`, `tenant_id`, `client_id`, `created_on`, `modified_on`) VALUES ('2b69e430-71ba-4f99-92f3-b913eec8b255', 'AI Solutions', 'df234305-8a47-4b4d-8efb-716a6b695428', '4a2bc086-16ed-4e05-b5b4-549559ea4334', '2025-07-01 10:48:56', '2025-07-01 10:48:56');
INSERT INTO `client` (`uuid`, `client_name`, `client_code`, `is_active`, `tenant_id`, `created_on`, `modified_on`) VALUES ('e2c8c71d-e7d7-4433-925d-7079527ab6db', 'Holland, Mccarty and Franklin', 1016, 1, 'df234305-8a47-4b4d-8efb-716a6b695428', '2025-07-01 10:48:56', '2025-07-01 10:48:56');
INSERT INTO `department` (`uuid`, `department`, `tenant_id`, `client_id`, `created_on`, `modified_on`) VALUES ('16aef56d-f449-44a7-8c4c-583044a32666', 'Robotics', 'df234305-8a47-4b4d-8efb-716a6b695428', 'e2c8c71d-e7d7-4433-925d-7079527ab6db', '2025-07-01 10:48:56', '2025-07-01 10:48:56');
INSERT INTO `department` (`uuid`, `department`, `tenant_id`, `client_id`, `created_on`, `modified_on`) VALUES ('0bfe9bb9-c41c-4999-954d-d359fbaa0035', 'Cybersecurity', 'df234305-8a47-4b4d-8efb-716a6b695428', 'e2c8c71d-e7d7-4433-925d-7079527ab6db', '2025-07-01 10:48:56', '2025-07-01 10:48:56');
INSERT INTO `department` (`uuid`, `department`, `tenant_id`, `client_id`, `created_on`, `modified_on`) VALUES ('35403b21-1ed2-4f12-8741-756e667ca78f', 'Aerospace', 'df234305-8a47-4b4d-8efb-716a6b695428', 'e2c8c71d-e7d7-4433-925d-7079527ab6db', '2025-07-01 10:48:56', '2025-07-01 10:48:56');
INSERT INTO `department` (`uuid`, `department`, `tenant_id`, `client_id`, `created_on`, `modified_on`) VALUES ('ca70d27a-10ef-4fe5-847a-c3b00da46f66', 'Civil Systems', 'df234305-8a47-4b4d-8efb-716a6b695428', 'e2c8c71d-e7d7-4433-925d-7079527ab6db', '2025-07-01 10:48:56', '2025-07-01 10:48:56');
INSERT INTO `department` (`uuid`, `department`, `tenant_id`, `client_id`, `created_on`, `modified_on`) VALUES ('442d80fe-9ddf-4c56-a8ad-296ddbf4209e', 'Biomedical', 'df234305-8a47-4b4d-8efb-716a6b695428', 'e2c8c71d-e7d7-4433-925d-7079527ab6db', '2025-07-01 10:48:56', '2025-07-01 10:48:56');
INSERT INTO `department` (`uuid`, `department`, `tenant_id`, `client_id`, `created_on`, `modified_on`) VALUES ('31b299f8-c516-4976-bfac-2c0b81ecf043', 'AI Solutions', 'df234305-8a47-4b4d-8efb-716a6b695428', 'e2c8c71d-e7d7-4433-925d-7079527ab6db', '2025-07-01 10:48:56', '2025-07-01 10:48:56');
INSERT INTO `client` (`uuid`, `client_name`, `client_code`, `is_active`, `tenant_id`, `created_on`, `modified_on`) VALUES ('90ba7cca-b58d-4a24-8aed-7ee7ce4b336c', 'Parker-Li', 1017, 1, 'df234305-8a47-4b4d-8efb-716a6b695428', '2025-07-01 10:48:56', '2025-07-01 10:48:56');
INSERT INTO `department` (`uuid`, `department`, `tenant_id`, `client_id`, `created_on`, `modified_on`) VALUES ('f9f57d9d-7456-41fc-bc24-9acecbfa1208', 'Aerospace', 'df234305-8a47-4b4d-8efb-716a6b695428', '90ba7cca-b58d-4a24-8aed-7ee7ce4b336c', '2025-07-01 10:48:56', '2025-07-01 10:48:56');
INSERT INTO `department` (`uuid`, `department`, `tenant_id`, `client_id`, `created_on`, `modified_on`) VALUES ('152a51f4-f0bb-4ee4-9123-df64416ec7d8', 'AI Solutions', 'df234305-8a47-4b4d-8efb-716a6b695428', '90ba7cca-b58d-4a24-8aed-7ee7ce4b336c', '2025-07-01 10:48:56', '2025-07-01 10:48:56');
INSERT INTO `department` (`uuid`, `department`, `tenant_id`, `client_id`, `created_on`, `modified_on`) VALUES ('2b0b8c15-db43-4dcc-b4a3-9c40c09f4fcf', 'Cybersecurity', 'df234305-8a47-4b4d-8efb-716a6b695428', '90ba7cca-b58d-4a24-8aed-7ee7ce4b336c', '2025-07-01 10:48:56', '2025-07-01 10:48:56');
INSERT INTO `department` (`uuid`, `department`, `tenant_id`, `client_id`, `created_on`, `modified_on`) VALUES ('250565f8-82b7-4ee0-93fd-48603cd872d5', 'Robotics', 'df234305-8a47-4b4d-8efb-716a6b695428', '90ba7cca-b58d-4a24-8aed-7ee7ce4b336c', '2025-07-01 10:48:56', '2025-07-01 10:48:56');
INSERT INTO `department` (`uuid`, `department`, `tenant_id`, `client_id`, `created_on`, `modified_on`) VALUES ('7383ac3c-50c2-401b-ab29-a09d37bc1148', 'Civil Systems', 'df234305-8a47-4b4d-8efb-716a6b695428', '90ba7cca-b58d-4a24-8aed-7ee7ce4b336c', '2025-07-01 10:48:56', '2025-07-01 10:48:56');
INSERT INTO `department` (`uuid`, `department`, `tenant_id`, `client_id`, `created_on`, `modified_on`) VALUES ('22fb5f50-9d26-482b-8219-36b7e059cb23', 'Biomedical', 'df234305-8a47-4b4d-8efb-716a6b695428', '90ba7cca-b58d-4a24-8aed-7ee7ce4b336c', '2025-07-01 10:48:56', '2025-07-01 10:48:56');
INSERT INTO `client` (`uuid`, `client_name`, `client_code`, `is_active`, `tenant_id`, `created_on`, `modified_on`) VALUES ('2e1ca2c7-6e9e-4c08-b57a-3bccf1252553', 'Cooper-Brown', 1018, 1, 'df234305-8a47-4b4d-8efb-716a6b695428', '2025-07-01 10:48:56', '2025-07-01 10:48:56');
INSERT INTO `department` (`uuid`, `department`, `tenant_id`, `client_id`, `created_on`, `modified_on`) VALUES ('2f9059ac-7154-4339-9139-ddea5473bbd3', 'Robotics', 'df234305-8a47-4b4d-8efb-716a6b695428', '2e1ca2c7-6e9e-4c08-b57a-3bccf1252553', '2025-07-01 10:48:56', '2025-07-01 10:48:56');
INSERT INTO `department` (`uuid`, `department`, `tenant_id`, `client_id`, `created_on`, `modified_on`) VALUES ('b005274f-6d5e-4f5a-9c39-c500c19beab7', 'Biomedical', 'df234305-8a47-4b4d-8efb-716a6b695428', '2e1ca2c7-6e9e-4c08-b57a-3bccf1252553', '2025-07-01 10:48:56', '2025-07-01 10:48:56');
INSERT INTO `department` (`uuid`, `department`, `tenant_id`, `client_id`, `created_on`, `modified_on`) VALUES ('71940c3d-45aa-436b-8ce8-305cfeecd7f0', 'Civil Systems', 'df234305-8a47-4b4d-8efb-716a6b695428', '2e1ca2c7-6e9e-4c08-b57a-3bccf1252553', '2025-07-01 10:48:56', '2025-07-01 10:48:56');
INSERT INTO `department` (`uuid`, `department`, `tenant_id`, `client_id`, `created_on`, `modified_on`) VALUES ('fe0979cd-d520-43e7-8651-b87f815fa52b', 'Aerospace', 'df234305-8a47-4b4d-8efb-716a6b695428', '2e1ca2c7-6e9e-4c08-b57a-3bccf1252553', '2025-07-01 10:48:56', '2025-07-01 10:48:56');
INSERT INTO `department` (`uuid`, `department`, `tenant_id`, `client_id`, `created_on`, `modified_on`) VALUES ('86be4c23-a91d-4006-9bec-70649ad0f026', 'AI Solutions', 'df234305-8a47-4b4d-8efb-716a6b695428', '2e1ca2c7-6e9e-4c08-b57a-3bccf1252553', '2025-07-01 10:48:56', '2025-07-01 10:48:56');
INSERT INTO `department` (`uuid`, `department`, `tenant_id`, `client_id`, `created_on`, `modified_on`) VALUES ('c795a12c-e356-4f1a-9959-36b18c9fc315', 'Cybersecurity', 'df234305-8a47-4b4d-8efb-716a6b695428', '2e1ca2c7-6e9e-4c08-b57a-3bccf1252553', '2025-07-01 10:48:56', '2025-07-01 10:48:56');
INSERT INTO `client` (`uuid`, `client_name`, `client_code`, `is_active`, `tenant_id`, `created_on`, `modified_on`) VALUES ('0de45cb6-c73e-4741-9eae-b8a72c18da0f', 'Glass, Ruiz and Jones', 1019, 1, 'df234305-8a47-4b4d-8efb-716a6b695428', '2025-07-01 10:48:56', '2025-07-01 10:48:56');
INSERT INTO `department` (`uuid`, `department`, `tenant_id`, `client_id`, `created_on`, `modified_on`) VALUES ('cfa3a745-3f83-46a2-9277-230f7b90ad1c', 'Biomedical', 'df234305-8a47-4b4d-8efb-716a6b695428', '0de45cb6-c73e-4741-9eae-b8a72c18da0f', '2025-07-01 10:48:56', '2025-07-01 10:48:56');
INSERT INTO `department` (`uuid`, `department`, `tenant_id`, `client_id`, `created_on`, `modified_on`) VALUES ('c388aac1-1b78-4c73-a8d9-add6aa6e5a7b', 'Aerospace', 'df234305-8a47-4b4d-8efb-716a6b695428', '0de45cb6-c73e-4741-9eae-b8a72c18da0f', '2025-07-01 10:48:56', '2025-07-01 10:48:56');
INSERT INTO `department` (`uuid`, `department`, `tenant_id`, `client_id`, `created_on`, `modified_on`) VALUES ('576c0a4c-b1fa-4a5d-a735-a307e5026633', 'Robotics', 'df234305-8a47-4b4d-8efb-716a6b695428', '0de45cb6-c73e-4741-9eae-b8a72c18da0f', '2025-07-01 10:48:56', '2025-07-01 10:48:56');
INSERT INTO `department` (`uuid`, `department`, `tenant_id`, `client_id`, `created_on`, `modified_on`) VALUES ('2ae51288-d73c-4e0e-95b0-9ab5ac7d2322', 'Civil Systems', 'df234305-8a47-4b4d-8efb-716a6b695428', '0de45cb6-c73e-4741-9eae-b8a72c18da0f', '2025-07-01 10:48:56', '2025-07-01 10:48:56');
INSERT INTO `department` (`uuid`, `department`, `tenant_id`, `client_id`, `created_on`, `modified_on`) VALUES ('171bbd4c-d033-4858-ab98-b4709a5b3cf2', 'AI Solutions', 'df234305-8a47-4b4d-8efb-716a6b695428', '0de45cb6-c73e-4741-9eae-b8a72c18da0f', '2025-07-01 10:48:56', '2025-07-01 10:48:56');
INSERT INTO `department` (`uuid`, `department`, `tenant_id`, `client_id`, `created_on`, `modified_on`) VALUES ('1d977aa9-208c-4872-9660-e17169ebad63', 'Cybersecurity', 'df234305-8a47-4b4d-8efb-716a6b695428', '0de45cb6-c73e-4741-9eae-b8a72c18da0f', '2025-07-01 10:48:56', '2025-07-01 10:48:56');
INSERT INTO `client` (`uuid`, `client_name`, `client_code`, `is_active`, `tenant_id`, `created_on`, `modified_on`) VALUES ('8979c257-e858-44c2-b88e-6b5132b3291a', 'Patel, Scott and Collins', 1020, 1, 'df234305-8a47-4b4d-8efb-716a6b695428', '2025-07-01 10:48:56', '2025-07-01 10:48:56');
INSERT INTO `department` (`uuid`, `department`, `tenant_id`, `client_id`, `created_on`, `modified_on`) VALUES ('ab526f1e-60ac-45de-9e83-2bb463fc0613', 'AI Solutions', 'df234305-8a47-4b4d-8efb-716a6b695428', '8979c257-e858-44c2-b88e-6b5132b3291a', '2025-07-01 10:48:56', '2025-07-01 10:48:56');
INSERT INTO `department` (`uuid`, `department`, `tenant_id`, `client_id`, `created_on`, `modified_on`) VALUES ('4d3a0d6f-7733-491c-8182-5fa6c00c883f', 'Cybersecurity', 'df234305-8a47-4b4d-8efb-716a6b695428', '8979c257-e858-44c2-b88e-6b5132b3291a', '2025-07-01 10:48:56', '2025-07-01 10:48:56');
INSERT INTO `department` (`uuid`, `department`, `tenant_id`, `client_id`, `created_on`, `modified_on`) VALUES ('6bb9d518-5951-434b-99db-fa85fa3e8605', 'Civil Systems', 'df234305-8a47-4b4d-8efb-716a6b695428', '8979c257-e858-44c2-b88e-6b5132b3291a', '2025-07-01 10:48:56', '2025-07-01 10:48:56');
INSERT INTO `department` (`uuid`, `department`, `tenant_id`, `client_id`, `created_on`, `modified_on`) VALUES ('33ddc305-0113-4722-9f61-5b14ce8cf04d', 'Biomedical', 'df234305-8a47-4b4d-8efb-716a6b695428', '8979c257-e858-44c2-b88e-6b5132b3291a', '2025-07-01 10:48:56', '2025-07-01 10:48:56');
INSERT INTO `department` (`uuid`, `department`, `tenant_id`, `client_id`, `created_on`, `modified_on`) VALUES ('da6654f8-8ea8-4cd2-bfd2-a717d512fe44', 'Aerospace', 'df234305-8a47-4b4d-8efb-716a6b695428', '8979c257-e858-44c2-b88e-6b5132b3291a', '2025-07-01 10:48:56', '2025-07-01 10:48:56');
INSERT INTO `department` (`uuid`, `department`, `tenant_id`, `client_id`, `created_on`, `modified_on`) VALUES ('90e81248-2cf7-4754-9835-0de08b75ec04', 'Robotics', 'df234305-8a47-4b4d-8efb-716a6b695428', '8979c257-e858-44c2-b88e-6b5132b3291a', '2025-07-01 10:48:56', '2025-07-01 10:48:56');
INSERT INTO `client` (`uuid`, `client_name`, `client_code`, `is_active`, `tenant_id`, `created_on`, `modified_on`) VALUES ('61ec5ac6-7a4a-4390-b98a-657188cb13a8', 'Nicholson Inc', 1021, 1, 'df234305-8a47-4b4d-8efb-716a6b695428', '2025-07-01 10:48:56', '2025-07-01 10:48:56');
INSERT INTO `department` (`uuid`, `department`, `tenant_id`, `client_id`, `created_on`, `modified_on`) VALUES ('4b4eb999-4d6c-4f6e-b84c-9b943c2ee0f6', 'Civil Systems', 'df234305-8a47-4b4d-8efb-716a6b695428', '61ec5ac6-7a4a-4390-b98a-657188cb13a8', '2025-07-01 10:48:56', '2025-07-01 10:48:56');
INSERT INTO `department` (`uuid`, `department`, `tenant_id`, `client_id`, `created_on`, `modified_on`) VALUES ('9ffe622e-fdd3-4e8e-bdee-de8585bd081a', 'Robotics', 'df234305-8a47-4b4d-8efb-716a6b695428', '61ec5ac6-7a4a-4390-b98a-657188cb13a8', '2025-07-01 10:48:56', '2025-07-01 10:48:56');
INSERT INTO `department` (`uuid`, `department`, `tenant_id`, `client_id`, `created_on`, `modified_on`) VALUES ('5cdc6be4-6558-41de-b177-a96be5d01b68', 'Cybersecurity', 'df234305-8a47-4b4d-8efb-716a6b695428', '61ec5ac6-7a4a-4390-b98a-657188cb13a8', '2025-07-01 10:48:56', '2025-07-01 10:48:56');
INSERT INTO `department` (`uuid`, `department`, `tenant_id`, `client_id`, `created_on`, `modified_on`) VALUES ('578a78e5-b68d-435b-b9c7-3052c72eabcc', 'Aerospace', 'df234305-8a47-4b4d-8efb-716a6b695428', '61ec5ac6-7a4a-4390-b98a-657188cb13a8', '2025-07-01 10:48:56', '2025-07-01 10:48:56');
INSERT INTO `department` (`uuid`, `department`, `tenant_id`, `client_id`, `created_on`, `modified_on`) VALUES ('1c44ba58-0414-43d4-a11e-3eb71a0bd482', 'AI Solutions', 'df234305-8a47-4b4d-8efb-716a6b695428', '61ec5ac6-7a4a-4390-b98a-657188cb13a8', '2025-07-01 10:48:56', '2025-07-01 10:48:56');
INSERT INTO `department` (`uuid`, `department`, `tenant_id`, `client_id`, `created_on`, `modified_on`) VALUES ('887445e0-df76-4c74-9620-909388870097', 'Biomedical', 'df234305-8a47-4b4d-8efb-716a6b695428', '61ec5ac6-7a4a-4390-b98a-657188cb13a8', '2025-07-01 10:48:56', '2025-07-01 10:48:56');
INSERT INTO `client` (`uuid`, `client_name`, `client_code`, `is_active`, `tenant_id`, `created_on`, `modified_on`) VALUES ('876598f6-ab1d-4624-b000-7cbcc90d1b2b', 'Hammond, Tucker and Miller', 1022, 1, 'df234305-8a47-4b4d-8efb-716a6b695428', '2025-07-01 10:48:56', '2025-07-01 10:48:56');
INSERT INTO `department` (`uuid`, `department`, `tenant_id`, `client_id`, `created_on`, `modified_on`) VALUES ('a00792cb-bcd4-48da-a126-70e280cec178', 'Biomedical', 'df234305-8a47-4b4d-8efb-716a6b695428', '876598f6-ab1d-4624-b000-7cbcc90d1b2b', '2025-07-01 10:48:56', '2025-07-01 10:48:56');
INSERT INTO `department` (`uuid`, `department`, `tenant_id`, `client_id`, `created_on`, `modified_on`) VALUES ('77cb52a7-88d0-4f2a-9a31-733eb0c6bdc7', 'AI Solutions', 'df234305-8a47-4b4d-8efb-716a6b695428', '876598f6-ab1d-4624-b000-7cbcc90d1b2b', '2025-07-01 10:48:56', '2025-07-01 10:48:56');
INSERT INTO `department` (`uuid`, `department`, `tenant_id`, `client_id`, `created_on`, `modified_on`) VALUES ('9aa0e875-f5b6-4234-b4f5-6074945e69ca', 'Robotics', 'df234305-8a47-4b4d-8efb-716a6b695428', '876598f6-ab1d-4624-b000-7cbcc90d1b2b', '2025-07-01 10:48:56', '2025-07-01 10:48:56');
INSERT INTO `department` (`uuid`, `department`, `tenant_id`, `client_id`, `created_on`, `modified_on`) VALUES ('10c641c2-7806-41cb-a3c5-56017cdb0623', 'Aerospace', 'df234305-8a47-4b4d-8efb-716a6b695428', '876598f6-ab1d-4624-b000-7cbcc90d1b2b', '2025-07-01 10:48:56', '2025-07-01 10:48:56');
INSERT INTO `department` (`uuid`, `department`, `tenant_id`, `client_id`, `created_on`, `modified_on`) VALUES ('901d695c-9c2f-45a6-aef6-8a007eecc12d', 'Cybersecurity', 'df234305-8a47-4b4d-8efb-716a6b695428', '876598f6-ab1d-4624-b000-7cbcc90d1b2b', '2025-07-01 10:48:56', '2025-07-01 10:48:56');
INSERT INTO `department` (`uuid`, `department`, `tenant_id`, `client_id`, `created_on`, `modified_on`) VALUES ('b3e2cf0d-4168-4026-82c7-a2c891f995d7', 'Civil Systems', 'df234305-8a47-4b4d-8efb-716a6b695428', '876598f6-ab1d-4624-b000-7cbcc90d1b2b', '2025-07-01 10:48:56', '2025-07-01 10:48:56');
INSERT INTO `client` (`uuid`, `client_name`, `client_code`, `is_active`, `tenant_id`, `created_on`, `modified_on`) VALUES ('15f3e846-1269-4a5c-8242-405c7b7cd5cd', 'Perez, Petersen and Flynn', 1023, 1, 'df234305-8a47-4b4d-8efb-716a6b695428', '2025-07-01 10:48:56', '2025-07-01 10:48:56');
INSERT INTO `department` (`uuid`, `department`, `tenant_id`, `client_id`, `created_on`, `modified_on`) VALUES ('a21ba4ca-2d08-4878-8f1d-47b0cdd7daf7', 'Cybersecurity', 'df234305-8a47-4b4d-8efb-716a6b695428', '15f3e846-1269-4a5c-8242-405c7b7cd5cd', '2025-07-01 10:48:56', '2025-07-01 10:48:56');
INSERT INTO `department` (`uuid`, `department`, `tenant_id`, `client_id`, `created_on`, `modified_on`) VALUES ('54026c94-0f46-478a-b0cf-500be9cd5525', 'Civil Systems', 'df234305-8a47-4b4d-8efb-716a6b695428', '15f3e846-1269-4a5c-8242-405c7b7cd5cd', '2025-07-01 10:48:56', '2025-07-01 10:48:56');
INSERT INTO `department` (`uuid`, `department`, `tenant_id`, `client_id`, `created_on`, `modified_on`) VALUES ('b70a3546-39d6-401e-9d8b-e2bc762d03b8', 'Robotics', 'df234305-8a47-4b4d-8efb-716a6b695428', '15f3e846-1269-4a5c-8242-405c7b7cd5cd', '2025-07-01 10:48:56', '2025-07-01 10:48:56');
INSERT INTO `department` (`uuid`, `department`, `tenant_id`, `client_id`, `created_on`, `modified_on`) VALUES ('c94f2066-ba80-4364-ac4d-ff4c9817b0b2', 'AI Solutions', 'df234305-8a47-4b4d-8efb-716a6b695428', '15f3e846-1269-4a5c-8242-405c7b7cd5cd', '2025-07-01 10:48:56', '2025-07-01 10:48:56');
INSERT INTO `department` (`uuid`, `department`, `tenant_id`, `client_id`, `created_on`, `modified_on`) VALUES ('a7c405c1-3073-45b3-9dfc-f850c3c1c2c9', 'Aerospace', 'df234305-8a47-4b4d-8efb-716a6b695428', '15f3e846-1269-4a5c-8242-405c7b7cd5cd', '2025-07-01 10:48:56', '2025-07-01 10:48:56');
INSERT INTO `department` (`uuid`, `department`, `tenant_id`, `client_id`, `created_on`, `modified_on`) VALUES ('76e443b3-1045-4264-95c4-c81e69032d16', 'Biomedical', 'df234305-8a47-4b4d-8efb-716a6b695428', '15f3e846-1269-4a5c-8242-405c7b7cd5cd', '2025-07-01 10:48:56', '2025-07-01 10:48:56');
INSERT INTO `client` (`uuid`, `client_name`, `client_code`, `is_active`, `tenant_id`, `created_on`, `modified_on`) VALUES ('8bbd6e9d-b192-4305-9863-6a592d52048a', 'Price, Day and Wolf', 1024, 1, 'df234305-8a47-4b4d-8efb-716a6b695428', '2025-07-01 10:48:56', '2025-07-01 10:48:56');
INSERT INTO `department` (`uuid`, `department`, `tenant_id`, `client_id`, `created_on`, `modified_on`) VALUES ('06398c09-89ad-4c4b-a671-b2745505c390', 'Robotics', 'df234305-8a47-4b4d-8efb-716a6b695428', '8bbd6e9d-b192-4305-9863-6a592d52048a', '2025-07-01 10:48:56', '2025-07-01 10:48:56');
INSERT INTO `department` (`uuid`, `department`, `tenant_id`, `client_id`, `created_on`, `modified_on`) VALUES ('9db42876-88df-4695-8d25-21eb3044e0ab', 'Biomedical', 'df234305-8a47-4b4d-8efb-716a6b695428', '8bbd6e9d-b192-4305-9863-6a592d52048a', '2025-07-01 10:48:56', '2025-07-01 10:48:56');
INSERT INTO `department` (`uuid`, `department`, `tenant_id`, `client_id`, `created_on`, `modified_on`) VALUES ('653c12ce-6b2b-414b-ac54-f88e08c06285', 'Civil Systems', 'df234305-8a47-4b4d-8efb-716a6b695428', '8bbd6e9d-b192-4305-9863-6a592d52048a', '2025-07-01 10:48:56', '2025-07-01 10:48:56');
INSERT INTO `department` (`uuid`, `department`, `tenant_id`, `client_id`, `created_on`, `modified_on`) VALUES ('dfc6dfbe-b0b6-4673-899a-52a53a150d13', 'Cybersecurity', 'df234305-8a47-4b4d-8efb-716a6b695428', '8bbd6e9d-b192-4305-9863-6a592d52048a', '2025-07-01 10:48:56', '2025-07-01 10:48:56');
INSERT INTO `department` (`uuid`, `department`, `tenant_id`, `client_id`, `created_on`, `modified_on`) VALUES ('9e889d41-100e-484d-a21e-c8cd3b02cef0', 'AI Solutions', 'df234305-8a47-4b4d-8efb-716a6b695428', '8bbd6e9d-b192-4305-9863-6a592d52048a', '2025-07-01 10:48:56', '2025-07-01 10:48:56');
INSERT INTO `department` (`uuid`, `department`, `tenant_id`, `client_id`, `created_on`, `modified_on`) VALUES ('0eea8dfc-7c1d-4662-a5bb-79429721dcb3', 'Aerospace', 'df234305-8a47-4b4d-8efb-716a6b695428', '8bbd6e9d-b192-4305-9863-6a592d52048a', '2025-07-01 10:48:56', '2025-07-01 10:48:56');
INSERT INTO `client` (`uuid`, `client_name`, `client_code`, `is_active`, `tenant_id`, `created_on`, `modified_on`) VALUES ('2a69aae2-14ea-4aea-a238-275236bd350d', 'Madden-Ballard', 1025, 1, 'df234305-8a47-4b4d-8efb-716a6b695428', '2025-07-01 10:48:56', '2025-07-01 10:48:56');
INSERT INTO `department` (`uuid`, `department`, `tenant_id`, `client_id`, `created_on`, `modified_on`) VALUES ('0505907a-34bf-43a0-adb8-af935efddb0b', 'Civil Systems', 'df234305-8a47-4b4d-8efb-716a6b695428', '2a69aae2-14ea-4aea-a238-275236bd350d', '2025-07-01 10:48:56', '2025-07-01 10:48:56');
INSERT INTO `department` (`uuid`, `department`, `tenant_id`, `client_id`, `created_on`, `modified_on`) VALUES ('15e72ed4-7deb-4c6c-956f-80b08e77b1b7', 'AI Solutions', 'df234305-8a47-4b4d-8efb-716a6b695428', '2a69aae2-14ea-4aea-a238-275236bd350d', '2025-07-01 10:48:56', '2025-07-01 10:48:56');
INSERT INTO `department` (`uuid`, `department`, `tenant_id`, `client_id`, `created_on`, `modified_on`) VALUES ('ea5c6fc9-dc65-4080-9a0f-5949554a6199', 'Aerospace', 'df234305-8a47-4b4d-8efb-716a6b695428', '2a69aae2-14ea-4aea-a238-275236bd350d', '2025-07-01 10:48:56', '2025-07-01 10:48:56');
INSERT INTO `department` (`uuid`, `department`, `tenant_id`, `client_id`, `created_on`, `modified_on`) VALUES ('630852e6-0d95-4cc8-a548-a6d44318928f', 'Biomedical', 'df234305-8a47-4b4d-8efb-716a6b695428', '2a69aae2-14ea-4aea-a238-275236bd350d', '2025-07-01 10:48:56', '2025-07-01 10:48:56');
INSERT INTO `department` (`uuid`, `department`, `tenant_id`, `client_id`, `created_on`, `modified_on`) VALUES ('94449653-70d0-4ac9-b592-5da7687d64fd', 'Cybersecurity', 'df234305-8a47-4b4d-8efb-716a6b695428', '2a69aae2-14ea-4aea-a238-275236bd350d', '2025-07-01 10:48:56', '2025-07-01 10:48:56');
INSERT INTO `department` (`uuid`, `department`, `tenant_id`, `client_id`, `created_on`, `modified_on`) VALUES ('663de5b7-642e-4e10-a94a-78642e30e487', 'Robotics', 'df234305-8a47-4b4d-8efb-716a6b695428', '2a69aae2-14ea-4aea-a238-275236bd350d', '2025-07-01 10:48:56', '2025-07-01 10:48:56');
INSERT INTO `client` (`uuid`, `client_name`, `client_code`, `is_active`, `tenant_id`, `created_on`, `modified_on`) VALUES ('324c0929-09e1-4e15-97d0-3571b2cb6af0', 'Vasquez, Peterson and Gonzalez', 1026, 1, 'df234305-8a47-4b4d-8efb-716a6b695428', '2025-07-01 10:48:56', '2025-07-01 10:48:56');
INSERT INTO `department` (`uuid`, `department`, `tenant_id`, `client_id`, `created_on`, `modified_on`) VALUES ('60f8cdb8-73bf-4b60-b431-40e5bdc0c93e', 'Aerospace', 'df234305-8a47-4b4d-8efb-716a6b695428', '324c0929-09e1-4e15-97d0-3571b2cb6af0', '2025-07-01 10:48:56', '2025-07-01 10:48:56');
INSERT INTO `department` (`uuid`, `department`, `tenant_id`, `client_id`, `created_on`, `modified_on`) VALUES ('b9c4a726-7d87-4cd0-8f61-01f0101c46de', 'Civil Systems', 'df234305-8a47-4b4d-8efb-716a6b695428', '324c0929-09e1-4e15-97d0-3571b2cb6af0', '2025-07-01 10:48:56', '2025-07-01 10:48:56');
INSERT INTO `department` (`uuid`, `department`, `tenant_id`, `client_id`, `created_on`, `modified_on`) VALUES ('186c2f89-a07b-46d3-a340-2f7976a3b55d', 'Robotics', 'df234305-8a47-4b4d-8efb-716a6b695428', '324c0929-09e1-4e15-97d0-3571b2cb6af0', '2025-07-01 10:48:56', '2025-07-01 10:48:56');
INSERT INTO `department` (`uuid`, `department`, `tenant_id`, `client_id`, `created_on`, `modified_on`) VALUES ('13ad3897-8344-4387-8b29-f0658847de86', 'AI Solutions', 'df234305-8a47-4b4d-8efb-716a6b695428', '324c0929-09e1-4e15-97d0-3571b2cb6af0', '2025-07-01 10:48:56', '2025-07-01 10:48:56');
INSERT INTO `department` (`uuid`, `department`, `tenant_id`, `client_id`, `created_on`, `modified_on`) VALUES ('0be90652-258e-4982-a529-35488e636274', 'Cybersecurity', 'df234305-8a47-4b4d-8efb-716a6b695428', '324c0929-09e1-4e15-97d0-3571b2cb6af0', '2025-07-01 10:48:56', '2025-07-01 10:48:56');
INSERT INTO `department` (`uuid`, `department`, `tenant_id`, `client_id`, `created_on`, `modified_on`) VALUES ('ee8b1014-c67f-4fb0-bd50-aae81d737b7a', 'Biomedical', 'df234305-8a47-4b4d-8efb-716a6b695428', '324c0929-09e1-4e15-97d0-3571b2cb6af0', '2025-07-01 10:48:56', '2025-07-01 10:48:56');
INSERT INTO `client` (`uuid`, `client_name`, `client_code`, `is_active`, `tenant_id`, `created_on`, `modified_on`) VALUES ('92817be3-5eca-4cdc-ab9b-2bb8d5f89e60', 'Howard-Shields', 1027, 1, 'df234305-8a47-4b4d-8efb-716a6b695428', '2025-07-01 10:48:56', '2025-07-01 10:48:56');
INSERT INTO `department` (`uuid`, `department`, `tenant_id`, `client_id`, `created_on`, `modified_on`) VALUES ('11c29925-2496-45c6-9ff4-74771a160190', 'Civil Systems', 'df234305-8a47-4b4d-8efb-716a6b695428', '92817be3-5eca-4cdc-ab9b-2bb8d5f89e60', '2025-07-01 10:48:56', '2025-07-01 10:48:56');
INSERT INTO `department` (`uuid`, `department`, `tenant_id`, `client_id`, `created_on`, `modified_on`) VALUES ('0339bfcd-4183-4025-9e81-ec8616df5485', 'Cybersecurity', 'df234305-8a47-4b4d-8efb-716a6b695428', '92817be3-5eca-4cdc-ab9b-2bb8d5f89e60', '2025-07-01 10:48:56', '2025-07-01 10:48:56');
INSERT INTO `department` (`uuid`, `department`, `tenant_id`, `client_id`, `created_on`, `modified_on`) VALUES ('3f082673-d90b-4899-9982-cb25bc9a4cde', 'AI Solutions', 'df234305-8a47-4b4d-8efb-716a6b695428', '92817be3-5eca-4cdc-ab9b-2bb8d5f89e60', '2025-07-01 10:48:56', '2025-07-01 10:48:56');
INSERT INTO `department` (`uuid`, `department`, `tenant_id`, `client_id`, `created_on`, `modified_on`) VALUES ('bc57217b-b603-4a61-ba29-78c17bee0457', 'Robotics', 'df234305-8a47-4b4d-8efb-716a6b695428', '92817be3-5eca-4cdc-ab9b-2bb8d5f89e60', '2025-07-01 10:48:56', '2025-07-01 10:48:56');
INSERT INTO `department` (`uuid`, `department`, `tenant_id`, `client_id`, `created_on`, `modified_on`) VALUES ('1d4f33fd-7d7a-4eb3-9ba4-4907f16e9d59', 'Aerospace', 'df234305-8a47-4b4d-8efb-716a6b695428', '92817be3-5eca-4cdc-ab9b-2bb8d5f89e60', '2025-07-01 10:48:56', '2025-07-01 10:48:56');
INSERT INTO `department` (`uuid`, `department`, `tenant_id`, `client_id`, `created_on`, `modified_on`) VALUES ('b523646b-7713-4129-96a8-5ef73659d5b9', 'Biomedical', 'df234305-8a47-4b4d-8efb-716a6b695428', '92817be3-5eca-4cdc-ab9b-2bb8d5f89e60', '2025-07-01 10:48:56', '2025-07-01 10:48:56');
INSERT INTO `client` (`uuid`, `client_name`, `client_code`, `is_active`, `tenant_id`, `created_on`, `modified_on`) VALUES ('d57a96ea-1232-4a2a-8a26-c455674c3b92', 'Cooper PLC', 1028, 1, 'df234305-8a47-4b4d-8efb-716a6b695428', '2025-07-01 10:48:56', '2025-07-01 10:48:56');
INSERT INTO `department` (`uuid`, `department`, `tenant_id`, `client_id`, `created_on`, `modified_on`) VALUES ('fa42d01a-9e4d-4b41-8cb1-dde0f79cc1ac', 'Civil Systems', 'df234305-8a47-4b4d-8efb-716a6b695428', 'd57a96ea-1232-4a2a-8a26-c455674c3b92', '2025-07-01 10:48:56', '2025-07-01 10:48:56');
INSERT INTO `department` (`uuid`, `department`, `tenant_id`, `client_id`, `created_on`, `modified_on`) VALUES ('cc2d3e3f-6fd2-4c7a-9aa8-16b850b4440d', 'Cybersecurity', 'df234305-8a47-4b4d-8efb-716a6b695428', 'd57a96ea-1232-4a2a-8a26-c455674c3b92', '2025-07-01 10:48:56', '2025-07-01 10:48:56');
INSERT INTO `department` (`uuid`, `department`, `tenant_id`, `client_id`, `created_on`, `modified_on`) VALUES ('50e47e0c-803c-43c9-87f4-c0ee6733922d', 'Biomedical', 'df234305-8a47-4b4d-8efb-716a6b695428', 'd57a96ea-1232-4a2a-8a26-c455674c3b92', '2025-07-01 10:48:56', '2025-07-01 10:48:56');
INSERT INTO `department` (`uuid`, `department`, `tenant_id`, `client_id`, `created_on`, `modified_on`) VALUES ('172c7d4d-0427-47f2-bad6-0418b2aa38bb', 'AI Solutions', 'df234305-8a47-4b4d-8efb-716a6b695428', 'd57a96ea-1232-4a2a-8a26-c455674c3b92', '2025-07-01 10:48:56', '2025-07-01 10:48:56');
INSERT INTO `department` (`uuid`, `department`, `tenant_id`, `client_id`, `created_on`, `modified_on`) VALUES ('e76b8c0a-e315-45fa-bc5e-962c015bb4f1', 'Aerospace', 'df234305-8a47-4b4d-8efb-716a6b695428', 'd57a96ea-1232-4a2a-8a26-c455674c3b92', '2025-07-01 10:48:56', '2025-07-01 10:48:56');
INSERT INTO `department` (`uuid`, `department`, `tenant_id`, `client_id`, `created_on`, `modified_on`) VALUES ('3dd248fe-4cbd-4862-bd7d-817d2ab9bba4', 'Robotics', 'df234305-8a47-4b4d-8efb-716a6b695428', 'd57a96ea-1232-4a2a-8a26-c455674c3b92', '2025-07-01 10:48:56', '2025-07-01 10:48:56');
INSERT INTO `client` (`uuid`, `client_name`, `client_code`, `is_active`, `tenant_id`, `created_on`, `modified_on`) VALUES ('b210d1aa-0896-4f5a-964a-34326aca00f2', 'Ward, Johns and Carroll', 1029, 1, 'df234305-8a47-4b4d-8efb-716a6b695428', '2025-07-01 10:48:56', '2025-07-01 10:48:56');
INSERT INTO `department` (`uuid`, `department`, `tenant_id`, `client_id`, `created_on`, `modified_on`) VALUES ('7e0287bf-6320-48d0-b7cb-1c24511df9a0', 'Cybersecurity', 'df234305-8a47-4b4d-8efb-716a6b695428', 'b210d1aa-0896-4f5a-964a-34326aca00f2', '2025-07-01 10:48:56', '2025-07-01 10:48:56');
INSERT INTO `department` (`uuid`, `department`, `tenant_id`, `client_id`, `created_on`, `modified_on`) VALUES ('0b54bfb6-4905-42ef-a896-4a08270ff361', 'Aerospace', 'df234305-8a47-4b4d-8efb-716a6b695428', 'b210d1aa-0896-4f5a-964a-34326aca00f2', '2025-07-01 10:48:56', '2025-07-01 10:48:56');
INSERT INTO `department` (`uuid`, `department`, `tenant_id`, `client_id`, `created_on`, `modified_on`) VALUES ('04d6f1ef-bb76-4034-88a5-2ca511788128', 'AI Solutions', 'df234305-8a47-4b4d-8efb-716a6b695428', 'b210d1aa-0896-4f5a-964a-34326aca00f2', '2025-07-01 10:48:56', '2025-07-01 10:48:56');
INSERT INTO `department` (`uuid`, `department`, `tenant_id`, `client_id`, `created_on`, `modified_on`) VALUES ('852dfc04-f8c8-4e0e-9fc8-d9bda981a6f3', 'Robotics', 'df234305-8a47-4b4d-8efb-716a6b695428', 'b210d1aa-0896-4f5a-964a-34326aca00f2', '2025-07-01 10:48:56', '2025-07-01 10:48:56');
INSERT INTO `department` (`uuid`, `department`, `tenant_id`, `client_id`, `created_on`, `modified_on`) VALUES ('dc9c7765-2ef2-4d68-be36-6f5e825321f0', 'Biomedical', 'df234305-8a47-4b4d-8efb-716a6b695428', 'b210d1aa-0896-4f5a-964a-34326aca00f2', '2025-07-01 10:48:56', '2025-07-01 10:48:56');
INSERT INTO `department` (`uuid`, `department`, `tenant_id`, `client_id`, `created_on`, `modified_on`) VALUES ('249f3c6b-2061-4de6-af8d-6f170f84cf96', 'Civil Systems', 'df234305-8a47-4b4d-8efb-716a6b695428', 'b210d1aa-0896-4f5a-964a-34326aca00f2', '2025-07-01 10:48:56', '2025-07-01 10:48:56');
INSERT INTO `client` (`uuid`, `client_name`, `client_code`, `is_active`, `tenant_id`, `created_on`, `modified_on`) VALUES ('8848d6fc-42c3-4cc2-8cd6-27170ed70c54', 'Ali-Hill', 1030, 1, 'df234305-8a47-4b4d-8efb-716a6b695428', '2025-07-01 10:48:56', '2025-07-01 10:48:56');
INSERT INTO `department` (`uuid`, `department`, `tenant_id`, `client_id`, `created_on`, `modified_on`) VALUES ('425cf4e1-eac3-4f66-9436-3bc0cd33b516', 'Civil Systems', 'df234305-8a47-4b4d-8efb-716a6b695428', '8848d6fc-42c3-4cc2-8cd6-27170ed70c54', '2025-07-01 10:48:56', '2025-07-01 10:48:56');
INSERT INTO `department` (`uuid`, `department`, `tenant_id`, `client_id`, `created_on`, `modified_on`) VALUES ('e2c4c5d8-b827-4941-ae45-8e5b375e5539', 'Biomedical', 'df234305-8a47-4b4d-8efb-716a6b695428', '8848d6fc-42c3-4cc2-8cd6-27170ed70c54', '2025-07-01 10:48:56', '2025-07-01 10:48:56');
INSERT INTO `department` (`uuid`, `department`, `tenant_id`, `client_id`, `created_on`, `modified_on`) VALUES ('0811abcf-ccea-44d7-a366-4b917d6c4f5c', 'Robotics', 'df234305-8a47-4b4d-8efb-716a6b695428', '8848d6fc-42c3-4cc2-8cd6-27170ed70c54', '2025-07-01 10:48:56', '2025-07-01 10:48:56');
INSERT INTO `department` (`uuid`, `department`, `tenant_id`, `client_id`, `created_on`, `modified_on`) VALUES ('516c7fcc-c77f-4876-adb1-6b36d4af054b', 'AI Solutions', 'df234305-8a47-4b4d-8efb-716a6b695428', '8848d6fc-42c3-4cc2-8cd6-27170ed70c54', '2025-07-01 10:48:56', '2025-07-01 10:48:56');
INSERT INTO `department` (`uuid`, `department`, `tenant_id`, `client_id`, `created_on`, `modified_on`) VALUES ('85d71859-35f8-47ad-8f12-abdc095bb6ff', 'Cybersecurity', 'df234305-8a47-4b4d-8efb-716a6b695428', '8848d6fc-42c3-4cc2-8cd6-27170ed70c54', '2025-07-01 10:48:56', '2025-07-01 10:48:56');
INSERT INTO `department` (`uuid`, `department`, `tenant_id`, `client_id`, `created_on`, `modified_on`) VALUES ('44965610-d1d7-4480-82b8-94ba8433b660', 'Aerospace', 'df234305-8a47-4b4d-8efb-716a6b695428', '8848d6fc-42c3-4cc2-8cd6-27170ed70c54', '2025-07-01 10:48:56', '2025-07-01 10:48:56');
INSERT INTO `client` (`uuid`, `client_name`, `client_code`, `is_active`, `tenant_id`, `created_on`, `modified_on`) VALUES ('ae29e8bd-6bc0-4089-9c48-6c34dc288917', 'King, Wilson and King', 1031, 1, 'df234305-8a47-4b4d-8efb-716a6b695428', '2025-07-01 10:48:56', '2025-07-01 10:48:56');
INSERT INTO `department` (`uuid`, `department`, `tenant_id`, `client_id`, `created_on`, `modified_on`) VALUES ('52b4a3ff-1452-4021-8d56-dc0009d1368c', 'Robotics', 'df234305-8a47-4b4d-8efb-716a6b695428', 'ae29e8bd-6bc0-4089-9c48-6c34dc288917', '2025-07-01 10:48:56', '2025-07-01 10:48:56');
INSERT INTO `department` (`uuid`, `department`, `tenant_id`, `client_id`, `created_on`, `modified_on`) VALUES ('4b17c5ef-1cdc-4ace-950e-91d3dde57ef7', 'Cybersecurity', 'df234305-8a47-4b4d-8efb-716a6b695428', 'ae29e8bd-6bc0-4089-9c48-6c34dc288917', '2025-07-01 10:48:56', '2025-07-01 10:48:56');
INSERT INTO `department` (`uuid`, `department`, `tenant_id`, `client_id`, `created_on`, `modified_on`) VALUES ('12bd12fd-8418-40ef-a2f5-0df4e80905ff', 'Civil Systems', 'df234305-8a47-4b4d-8efb-716a6b695428', 'ae29e8bd-6bc0-4089-9c48-6c34dc288917', '2025-07-01 10:48:56', '2025-07-01 10:48:56');
INSERT INTO `department` (`uuid`, `department`, `tenant_id`, `client_id`, `created_on`, `modified_on`) VALUES ('323e45ba-641b-4871-ab63-854f64263d58', 'Aerospace', 'df234305-8a47-4b4d-8efb-716a6b695428', 'ae29e8bd-6bc0-4089-9c48-6c34dc288917', '2025-07-01 10:48:56', '2025-07-01 10:48:56');
INSERT INTO `department` (`uuid`, `department`, `tenant_id`, `client_id`, `created_on`, `modified_on`) VALUES ('90c0a295-c113-4750-9ee7-15ef8ab53eff', 'AI Solutions', 'df234305-8a47-4b4d-8efb-716a6b695428', 'ae29e8bd-6bc0-4089-9c48-6c34dc288917', '2025-07-01 10:48:56', '2025-07-01 10:48:56');
INSERT INTO `department` (`uuid`, `department`, `tenant_id`, `client_id`, `created_on`, `modified_on`) VALUES ('f4f6a443-2617-4011-9a8f-ca24261f1c60', 'Biomedical', 'df234305-8a47-4b4d-8efb-716a6b695428', 'ae29e8bd-6bc0-4089-9c48-6c34dc288917', '2025-07-01 10:48:56', '2025-07-01 10:48:56');
INSERT INTO `client` (`uuid`, `client_name`, `client_code`, `is_active`, `tenant_id`, `created_on`, `modified_on`) VALUES ('1f73c5a5-ac0d-4056-9f3a-c87537ff02d5', 'Barnes Group', 1032, 1, 'df234305-8a47-4b4d-8efb-716a6b695428', '2025-07-01 10:48:56', '2025-07-01 10:48:56');
INSERT INTO `department` (`uuid`, `department`, `tenant_id`, `client_id`, `created_on`, `modified_on`) VALUES ('49305ab4-d72d-46b4-80ec-934317e1122e', 'Biomedical', 'df234305-8a47-4b4d-8efb-716a6b695428', '1f73c5a5-ac0d-4056-9f3a-c87537ff02d5', '2025-07-01 10:48:56', '2025-07-01 10:48:56');
INSERT INTO `department` (`uuid`, `department`, `tenant_id`, `client_id`, `created_on`, `modified_on`) VALUES ('632253d3-47de-4525-ac51-e95595f11588', 'Robotics', 'df234305-8a47-4b4d-8efb-716a6b695428', '1f73c5a5-ac0d-4056-9f3a-c87537ff02d5', '2025-07-01 10:48:56', '2025-07-01 10:48:56');
INSERT INTO `department` (`uuid`, `department`, `tenant_id`, `client_id`, `created_on`, `modified_on`) VALUES ('37cd84a3-59cd-4223-9b63-67e527a1f48f', 'Cybersecurity', 'df234305-8a47-4b4d-8efb-716a6b695428', '1f73c5a5-ac0d-4056-9f3a-c87537ff02d5', '2025-07-01 10:48:56', '2025-07-01 10:48:56');
INSERT INTO `department` (`uuid`, `department`, `tenant_id`, `client_id`, `created_on`, `modified_on`) VALUES ('bcccd2df-6dbf-4f42-b02e-678aa060ad7f', 'Aerospace', 'df234305-8a47-4b4d-8efb-716a6b695428', '1f73c5a5-ac0d-4056-9f3a-c87537ff02d5', '2025-07-01 10:48:56', '2025-07-01 10:48:56');
INSERT INTO `department` (`uuid`, `department`, `tenant_id`, `client_id`, `created_on`, `modified_on`) VALUES ('566debbe-1775-4db4-a0d1-99d35bf609b4', 'Civil Systems', 'df234305-8a47-4b4d-8efb-716a6b695428', '1f73c5a5-ac0d-4056-9f3a-c87537ff02d5', '2025-07-01 10:48:56', '2025-07-01 10:48:56');
INSERT INTO `department` (`uuid`, `department`, `tenant_id`, `client_id`, `created_on`, `modified_on`) VALUES ('7a8c7f41-3a3c-46f1-95e0-deb4103e05d6', 'AI Solutions', 'df234305-8a47-4b4d-8efb-716a6b695428', '1f73c5a5-ac0d-4056-9f3a-c87537ff02d5', '2025-07-01 10:48:56', '2025-07-01 10:48:56');
INSERT INTO `client` (`uuid`, `client_name`, `client_code`, `is_active`, `tenant_id`, `created_on`, `modified_on`) VALUES ('8efd6e8c-b2fc-4bcf-a238-bffd03a0729e', 'Dodson, Hernandez and Gonzalez', 1033, 1, 'df234305-8a47-4b4d-8efb-716a6b695428', '2025-07-01 10:48:56', '2025-07-01 10:48:56');
INSERT INTO `department` (`uuid`, `department`, `tenant_id`, `client_id`, `created_on`, `modified_on`) VALUES ('4f5e6464-0ad7-4a61-b81a-ee92ddc4644f', 'AI Solutions', 'df234305-8a47-4b4d-8efb-716a6b695428', '8efd6e8c-b2fc-4bcf-a238-bffd03a0729e', '2025-07-01 10:48:56', '2025-07-01 10:48:56');
INSERT INTO `department` (`uuid`, `department`, `tenant_id`, `client_id`, `created_on`, `modified_on`) VALUES ('9db4fbc6-a8a1-406d-bd91-6c62798212bf', 'Aerospace', 'df234305-8a47-4b4d-8efb-716a6b695428', '8efd6e8c-b2fc-4bcf-a238-bffd03a0729e', '2025-07-01 10:48:56', '2025-07-01 10:48:56');
INSERT INTO `department` (`uuid`, `department`, `tenant_id`, `client_id`, `created_on`, `modified_on`) VALUES ('e1ad2804-920c-4be6-955d-89e769425036', 'Civil Systems', 'df234305-8a47-4b4d-8efb-716a6b695428', '8efd6e8c-b2fc-4bcf-a238-bffd03a0729e', '2025-07-01 10:48:56', '2025-07-01 10:48:56');
INSERT INTO `department` (`uuid`, `department`, `tenant_id`, `client_id`, `created_on`, `modified_on`) VALUES ('b783a4d0-895f-483c-97ad-206abfb2aa6b', 'Cybersecurity', 'df234305-8a47-4b4d-8efb-716a6b695428', '8efd6e8c-b2fc-4bcf-a238-bffd03a0729e', '2025-07-01 10:48:56', '2025-07-01 10:48:56');
INSERT INTO `department` (`uuid`, `department`, `tenant_id`, `client_id`, `created_on`, `modified_on`) VALUES ('7bf4541f-eb41-4b9a-8c28-c8a471641274', 'Biomedical', 'df234305-8a47-4b4d-8efb-716a6b695428', '8efd6e8c-b2fc-4bcf-a238-bffd03a0729e', '2025-07-01 10:48:56', '2025-07-01 10:48:56');
INSERT INTO `department` (`uuid`, `department`, `tenant_id`, `client_id`, `created_on`, `modified_on`) VALUES ('827dc08c-e4ac-4444-9805-a33b47523500', 'Robotics', 'df234305-8a47-4b4d-8efb-716a6b695428', '8efd6e8c-b2fc-4bcf-a238-bffd03a0729e', '2025-07-01 10:48:56', '2025-07-01 10:48:56');
INSERT INTO `client` (`uuid`, `client_name`, `client_code`, `is_active`, `tenant_id`, `created_on`, `modified_on`) VALUES ('57e91b37-8794-44aa-b26d-26571f49d71b', 'Brown LLC', 1034, 1, 'df234305-8a47-4b4d-8efb-716a6b695428', '2025-07-01 10:48:56', '2025-07-01 10:48:56');
INSERT INTO `department` (`uuid`, `department`, `tenant_id`, `client_id`, `created_on`, `modified_on`) VALUES ('ea4df89c-9491-4fc3-95d6-f963e7c80e18', 'Aerospace', 'df234305-8a47-4b4d-8efb-716a6b695428', '57e91b37-8794-44aa-b26d-26571f49d71b', '2025-07-01 10:48:56', '2025-07-01 10:48:56');
INSERT INTO `department` (`uuid`, `department`, `tenant_id`, `client_id`, `created_on`, `modified_on`) VALUES ('504232a0-bc1a-4b9e-921d-9153951feb0f', 'Robotics', 'df234305-8a47-4b4d-8efb-716a6b695428', '57e91b37-8794-44aa-b26d-26571f49d71b', '2025-07-01 10:48:56', '2025-07-01 10:48:56');
INSERT INTO `department` (`uuid`, `department`, `tenant_id`, `client_id`, `created_on`, `modified_on`) VALUES ('890e1d42-b2f1-42a0-bec2-2a53950716a7', 'AI Solutions', 'df234305-8a47-4b4d-8efb-716a6b695428', '57e91b37-8794-44aa-b26d-26571f49d71b', '2025-07-01 10:48:56', '2025-07-01 10:48:56');
INSERT INTO `department` (`uuid`, `department`, `tenant_id`, `client_id`, `created_on`, `modified_on`) VALUES ('2798dc1d-a0dc-49a8-a74a-8799f5f28a60', 'Civil Systems', 'df234305-8a47-4b4d-8efb-716a6b695428', '57e91b37-8794-44aa-b26d-26571f49d71b', '2025-07-01 10:48:56', '2025-07-01 10:48:56');
INSERT INTO `department` (`uuid`, `department`, `tenant_id`, `client_id`, `created_on`, `modified_on`) VALUES ('03d2d705-4522-4109-b942-87322a984e7f', 'Cybersecurity', 'df234305-8a47-4b4d-8efb-716a6b695428', '57e91b37-8794-44aa-b26d-26571f49d71b', '2025-07-01 10:48:56', '2025-07-01 10:48:56');
INSERT INTO `department` (`uuid`, `department`, `tenant_id`, `client_id`, `created_on`, `modified_on`) VALUES ('ab579afb-20ed-4a29-a396-34cb793a76c0', 'Biomedical', 'df234305-8a47-4b4d-8efb-716a6b695428', '57e91b37-8794-44aa-b26d-26571f49d71b', '2025-07-01 10:48:56', '2025-07-01 10:48:56');
INSERT INTO `client` (`uuid`, `client_name`, `client_code`, `is_active`, `tenant_id`, `created_on`, `modified_on`) VALUES ('0b68270e-c507-441f-b11f-63d345f1b897', 'Watson Group', 1035, 1, 'df234305-8a47-4b4d-8efb-716a6b695428', '2025-07-01 10:48:56', '2025-07-01 10:48:56');
INSERT INTO `department` (`uuid`, `department`, `tenant_id`, `client_id`, `created_on`, `modified_on`) VALUES ('41b092ac-17a8-4618-98d4-cc00130cec07', 'Aerospace', 'df234305-8a47-4b4d-8efb-716a6b695428', '0b68270e-c507-441f-b11f-63d345f1b897', '2025-07-01 10:48:56', '2025-07-01 10:48:56');
INSERT INTO `department` (`uuid`, `department`, `tenant_id`, `client_id`, `created_on`, `modified_on`) VALUES ('ed5b3e61-db69-4231-95ae-fdc1edee78f1', 'Civil Systems', 'df234305-8a47-4b4d-8efb-716a6b695428', '0b68270e-c507-441f-b11f-63d345f1b897', '2025-07-01 10:48:56', '2025-07-01 10:48:56');
INSERT INTO `department` (`uuid`, `department`, `tenant_id`, `client_id`, `created_on`, `modified_on`) VALUES ('e32555de-73ac-43a7-b827-bded1bf56b28', 'Biomedical', 'df234305-8a47-4b4d-8efb-716a6b695428', '0b68270e-c507-441f-b11f-63d345f1b897', '2025-07-01 10:48:56', '2025-07-01 10:48:56');
INSERT INTO `department` (`uuid`, `department`, `tenant_id`, `client_id`, `created_on`, `modified_on`) VALUES ('077e18ae-3af8-40b1-9ce1-06896a94ef27', 'Robotics', 'df234305-8a47-4b4d-8efb-716a6b695428', '0b68270e-c507-441f-b11f-63d345f1b897', '2025-07-01 10:48:56', '2025-07-01 10:48:56');
INSERT INTO `department` (`uuid`, `department`, `tenant_id`, `client_id`, `created_on`, `modified_on`) VALUES ('d74bfa58-42d3-418a-8f0c-1809a3d4b3e2', 'Cybersecurity', 'df234305-8a47-4b4d-8efb-716a6b695428', '0b68270e-c507-441f-b11f-63d345f1b897', '2025-07-01 10:48:56', '2025-07-01 10:48:56');
INSERT INTO `department` (`uuid`, `department`, `tenant_id`, `client_id`, `created_on`, `modified_on`) VALUES ('07759a51-2bc3-4420-9720-e43779031b36', 'AI Solutions', 'df234305-8a47-4b4d-8efb-716a6b695428', '0b68270e-c507-441f-b11f-63d345f1b897', '2025-07-01 10:48:56', '2025-07-01 10:48:56');
INSERT INTO `client` (`uuid`, `client_name`, `client_code`, `is_active`, `tenant_id`, `created_on`, `modified_on`) VALUES ('e51a51f6-58c5-41d9-9b49-a62cd6514d7b', 'Joseph Ltd', 1036, 1, 'df234305-8a47-4b4d-8efb-716a6b695428', '2025-07-01 10:48:56', '2025-07-01 10:48:56');
INSERT INTO `department` (`uuid`, `department`, `tenant_id`, `client_id`, `created_on`, `modified_on`) VALUES ('12461504-8ce6-4d3e-9a70-910e3eb78e0b', 'Cybersecurity', 'df234305-8a47-4b4d-8efb-716a6b695428', 'e51a51f6-58c5-41d9-9b49-a62cd6514d7b', '2025-07-01 10:48:56', '2025-07-01 10:48:56');
INSERT INTO `department` (`uuid`, `department`, `tenant_id`, `client_id`, `created_on`, `modified_on`) VALUES ('126cf392-c48f-42bd-a48a-ed7ce538af45', 'Civil Systems', 'df234305-8a47-4b4d-8efb-716a6b695428', 'e51a51f6-58c5-41d9-9b49-a62cd6514d7b', '2025-07-01 10:48:56', '2025-07-01 10:48:56');
INSERT INTO `department` (`uuid`, `department`, `tenant_id`, `client_id`, `created_on`, `modified_on`) VALUES ('970afe96-20c4-4ee8-8290-993f82fb1a6c', 'AI Solutions', 'df234305-8a47-4b4d-8efb-716a6b695428', 'e51a51f6-58c5-41d9-9b49-a62cd6514d7b', '2025-07-01 10:48:56', '2025-07-01 10:48:56');
INSERT INTO `department` (`uuid`, `department`, `tenant_id`, `client_id`, `created_on`, `modified_on`) VALUES ('41801648-afad-42d6-bd9e-3cb8bb20eda5', 'Aerospace', 'df234305-8a47-4b4d-8efb-716a6b695428', 'e51a51f6-58c5-41d9-9b49-a62cd6514d7b', '2025-07-01 10:48:56', '2025-07-01 10:48:56');
INSERT INTO `department` (`uuid`, `department`, `tenant_id`, `client_id`, `created_on`, `modified_on`) VALUES ('684de145-56de-4d92-98c9-f22ff8dfabf2', 'Robotics', 'df234305-8a47-4b4d-8efb-716a6b695428', 'e51a51f6-58c5-41d9-9b49-a62cd6514d7b', '2025-07-01 10:48:56', '2025-07-01 10:48:56');
INSERT INTO `department` (`uuid`, `department`, `tenant_id`, `client_id`, `created_on`, `modified_on`) VALUES ('349f853f-7940-40c3-9f8f-f99b90c9c511', 'Biomedical', 'df234305-8a47-4b4d-8efb-716a6b695428', 'e51a51f6-58c5-41d9-9b49-a62cd6514d7b', '2025-07-01 10:48:56', '2025-07-01 10:48:56');
INSERT INTO `client` (`uuid`, `client_name`, `client_code`, `is_active`, `tenant_id`, `created_on`, `modified_on`) VALUES ('d66cd5b6-7f78-4861-965d-7235fd76e2d9', 'Smith and Sons', 1037, 1, 'df234305-8a47-4b4d-8efb-716a6b695428', '2025-07-01 10:48:56', '2025-07-01 10:48:56');
INSERT INTO `department` (`uuid`, `department`, `tenant_id`, `client_id`, `created_on`, `modified_on`) VALUES ('f59a9992-3893-42c6-8f0d-b8e72eee58f8', 'Civil Systems', 'df234305-8a47-4b4d-8efb-716a6b695428', 'd66cd5b6-7f78-4861-965d-7235fd76e2d9', '2025-07-01 10:48:56', '2025-07-01 10:48:56');
INSERT INTO `department` (`uuid`, `department`, `tenant_id`, `client_id`, `created_on`, `modified_on`) VALUES ('38c5af97-d207-4290-85f3-178b91b56b68', 'Robotics', 'df234305-8a47-4b4d-8efb-716a6b695428', 'd66cd5b6-7f78-4861-965d-7235fd76e2d9', '2025-07-01 10:48:56', '2025-07-01 10:48:56');
INSERT INTO `department` (`uuid`, `department`, `tenant_id`, `client_id`, `created_on`, `modified_on`) VALUES ('f67e32be-48ad-47c2-9071-b74e347a9d51', 'Aerospace', 'df234305-8a47-4b4d-8efb-716a6b695428', 'd66cd5b6-7f78-4861-965d-7235fd76e2d9', '2025-07-01 10:48:56', '2025-07-01 10:48:56');
INSERT INTO `department` (`uuid`, `department`, `tenant_id`, `client_id`, `created_on`, `modified_on`) VALUES ('a347b224-8417-4a5e-8665-525538e11eb8', 'Biomedical', 'df234305-8a47-4b4d-8efb-716a6b695428', 'd66cd5b6-7f78-4861-965d-7235fd76e2d9', '2025-07-01 10:48:56', '2025-07-01 10:48:56');
INSERT INTO `department` (`uuid`, `department`, `tenant_id`, `client_id`, `created_on`, `modified_on`) VALUES ('36fbf36e-d167-4d30-a43d-717f2d2424df', 'Cybersecurity', 'df234305-8a47-4b4d-8efb-716a6b695428', 'd66cd5b6-7f78-4861-965d-7235fd76e2d9', '2025-07-01 10:48:56', '2025-07-01 10:48:56');
INSERT INTO `department` (`uuid`, `department`, `tenant_id`, `client_id`, `created_on`, `modified_on`) VALUES ('6a5e40ce-aa16-4835-a980-fda9a1957fdd', 'AI Solutions', 'df234305-8a47-4b4d-8efb-716a6b695428', 'd66cd5b6-7f78-4861-965d-7235fd76e2d9', '2025-07-01 10:48:56', '2025-07-01 10:48:56');
INSERT INTO `client` (`uuid`, `client_name`, `client_code`, `is_active`, `tenant_id`, `created_on`, `modified_on`) VALUES ('3c6f9e4f-e1bf-4de5-b697-621c4ff6f9ef', 'Martin-Kidd', 1038, 1, 'df234305-8a47-4b4d-8efb-716a6b695428', '2025-07-01 10:48:56', '2025-07-01 10:48:56');
INSERT INTO `department` (`uuid`, `department`, `tenant_id`, `client_id`, `created_on`, `modified_on`) VALUES ('fc0529cb-a3b8-4af3-97c7-ec95b31143c1', 'Civil Systems', 'df234305-8a47-4b4d-8efb-716a6b695428', '3c6f9e4f-e1bf-4de5-b697-621c4ff6f9ef', '2025-07-01 10:48:56', '2025-07-01 10:48:56');
INSERT INTO `department` (`uuid`, `department`, `tenant_id`, `client_id`, `created_on`, `modified_on`) VALUES ('03bee6bb-fdf3-4779-bef0-467d7264aa41', 'Cybersecurity', 'df234305-8a47-4b4d-8efb-716a6b695428', '3c6f9e4f-e1bf-4de5-b697-621c4ff6f9ef', '2025-07-01 10:48:56', '2025-07-01 10:48:56');
INSERT INTO `department` (`uuid`, `department`, `tenant_id`, `client_id`, `created_on`, `modified_on`) VALUES ('bf904f28-7c89-4134-86a8-f4e9846ff7b4', 'Biomedical', 'df234305-8a47-4b4d-8efb-716a6b695428', '3c6f9e4f-e1bf-4de5-b697-621c4ff6f9ef', '2025-07-01 10:48:56', '2025-07-01 10:48:56');
INSERT INTO `department` (`uuid`, `department`, `tenant_id`, `client_id`, `created_on`, `modified_on`) VALUES ('a6aec639-4003-41e8-be70-ffc2ef9dade3', 'AI Solutions', 'df234305-8a47-4b4d-8efb-716a6b695428', '3c6f9e4f-e1bf-4de5-b697-621c4ff6f9ef', '2025-07-01 10:48:56', '2025-07-01 10:48:56');
INSERT INTO `department` (`uuid`, `department`, `tenant_id`, `client_id`, `created_on`, `modified_on`) VALUES ('28ef4fad-6baf-4779-832d-d078ab5a72c5', 'Aerospace', 'df234305-8a47-4b4d-8efb-716a6b695428', '3c6f9e4f-e1bf-4de5-b697-621c4ff6f9ef', '2025-07-01 10:48:56', '2025-07-01 10:48:56');
INSERT INTO `department` (`uuid`, `department`, `tenant_id`, `client_id`, `created_on`, `modified_on`) VALUES ('0ad76670-3e80-429c-8b76-ee7710d23d63', 'Robotics', 'df234305-8a47-4b4d-8efb-716a6b695428', '3c6f9e4f-e1bf-4de5-b697-621c4ff6f9ef', '2025-07-01 10:48:56', '2025-07-01 10:48:56');
INSERT INTO `client` (`uuid`, `client_name`, `client_code`, `is_active`, `tenant_id`, `created_on`, `modified_on`) VALUES ('e51f1092-e512-4b67-afa5-dc334947acf5', 'Wallace-Smith', 1039, 1, 'df234305-8a47-4b4d-8efb-716a6b695428', '2025-07-01 10:48:56', '2025-07-01 10:48:56');
INSERT INTO `department` (`uuid`, `department`, `tenant_id`, `client_id`, `created_on`, `modified_on`) VALUES ('0edc37db-6a6e-4188-9a13-87751d10b846', 'Civil Systems', 'df234305-8a47-4b4d-8efb-716a6b695428', 'e51f1092-e512-4b67-afa5-dc334947acf5', '2025-07-01 10:48:56', '2025-07-01 10:48:56');
INSERT INTO `department` (`uuid`, `department`, `tenant_id`, `client_id`, `created_on`, `modified_on`) VALUES ('b2a6c0be-f492-4cd3-aa57-ef5311030a7e', 'Biomedical', 'df234305-8a47-4b4d-8efb-716a6b695428', 'e51f1092-e512-4b67-afa5-dc334947acf5', '2025-07-01 10:48:56', '2025-07-01 10:48:56');
INSERT INTO `department` (`uuid`, `department`, `tenant_id`, `client_id`, `created_on`, `modified_on`) VALUES ('34554ef5-1dba-4544-a60f-5cf00d83e416', 'Aerospace', 'df234305-8a47-4b4d-8efb-716a6b695428', 'e51f1092-e512-4b67-afa5-dc334947acf5', '2025-07-01 10:48:56', '2025-07-01 10:48:56');
INSERT INTO `department` (`uuid`, `department`, `tenant_id`, `client_id`, `created_on`, `modified_on`) VALUES ('f844152d-06fe-4340-a186-d7609aa6c941', 'AI Solutions', 'df234305-8a47-4b4d-8efb-716a6b695428', 'e51f1092-e512-4b67-afa5-dc334947acf5', '2025-07-01 10:48:56', '2025-07-01 10:48:56');
INSERT INTO `department` (`uuid`, `department`, `tenant_id`, `client_id`, `created_on`, `modified_on`) VALUES ('0f452b11-7ec4-4d95-abc0-24a7b0eee665', 'Cybersecurity', 'df234305-8a47-4b4d-8efb-716a6b695428', 'e51f1092-e512-4b67-afa5-dc334947acf5', '2025-07-01 10:48:56', '2025-07-01 10:48:56');
INSERT INTO `department` (`uuid`, `department`, `tenant_id`, `client_id`, `created_on`, `modified_on`) VALUES ('b845ca55-a2c3-4c94-b22e-3e3660999427', 'Robotics', 'df234305-8a47-4b4d-8efb-716a6b695428', 'e51f1092-e512-4b67-afa5-dc334947acf5', '2025-07-01 10:48:56', '2025-07-01 10:48:56');
INSERT INTO `client` (`uuid`, `client_name`, `client_code`, `is_active`, `tenant_id`, `created_on`, `modified_on`) VALUES ('ebf06963-6a2d-4587-b344-2ea8fc9ee338', 'Khan, Flores and Sanchez', 1040, 1, 'df234305-8a47-4b4d-8efb-716a6b695428', '2025-07-01 10:48:56', '2025-07-01 10:48:56');
INSERT INTO `department` (`uuid`, `department`, `tenant_id`, `client_id`, `created_on`, `modified_on`) VALUES ('609059cc-a2e5-4f39-bcf0-3e0a7753f9b3', 'Aerospace', 'df234305-8a47-4b4d-8efb-716a6b695428', 'ebf06963-6a2d-4587-b344-2ea8fc9ee338', '2025-07-01 10:48:56', '2025-07-01 10:48:56');
INSERT INTO `department` (`uuid`, `department`, `tenant_id`, `client_id`, `created_on`, `modified_on`) VALUES ('dece1d00-e426-48d6-98f8-2cc830d5d68e', 'Cybersecurity', 'df234305-8a47-4b4d-8efb-716a6b695428', 'ebf06963-6a2d-4587-b344-2ea8fc9ee338', '2025-07-01 10:48:56', '2025-07-01 10:48:56');
INSERT INTO `department` (`uuid`, `department`, `tenant_id`, `client_id`, `created_on`, `modified_on`) VALUES ('a34ca4ad-2413-4827-9531-666d504fcae9', 'Robotics', 'df234305-8a47-4b4d-8efb-716a6b695428', 'ebf06963-6a2d-4587-b344-2ea8fc9ee338', '2025-07-01 10:48:56', '2025-07-01 10:48:56');
INSERT INTO `department` (`uuid`, `department`, `tenant_id`, `client_id`, `created_on`, `modified_on`) VALUES ('6f1a3b18-1801-4008-9153-bc6bf9ff2c20', 'Biomedical', 'df234305-8a47-4b4d-8efb-716a6b695428', 'ebf06963-6a2d-4587-b344-2ea8fc9ee338', '2025-07-01 10:48:56', '2025-07-01 10:48:56');
INSERT INTO `department` (`uuid`, `department`, `tenant_id`, `client_id`, `created_on`, `modified_on`) VALUES ('fcecfdcb-431c-4402-bae7-6713d727e574', 'AI Solutions', 'df234305-8a47-4b4d-8efb-716a6b695428', 'ebf06963-6a2d-4587-b344-2ea8fc9ee338', '2025-07-01 10:48:56', '2025-07-01 10:48:56');
INSERT INTO `department` (`uuid`, `department`, `tenant_id`, `client_id`, `created_on`, `modified_on`) VALUES ('7f7f833a-5582-4d12-97a0-38819bf87fe8', 'Civil Systems', 'df234305-8a47-4b4d-8efb-716a6b695428', 'ebf06963-6a2d-4587-b344-2ea8fc9ee338', '2025-07-01 10:48:56', '2025-07-01 10:48:56');
INSERT INTO `client` (`uuid`, `client_name`, `client_code`, `is_active`, `tenant_id`, `created_on`, `modified_on`) VALUES ('77dd1815-e2df-4786-84d9-da93ae168c5d', 'Mcclain PLC', 1041, 1, 'df234305-8a47-4b4d-8efb-716a6b695428', '2025-07-01 10:48:56', '2025-07-01 10:48:56');
INSERT INTO `department` (`uuid`, `department`, `tenant_id`, `client_id`, `created_on`, `modified_on`) VALUES ('1b3f8f4b-3505-46b8-986d-6ab7dd152c46', 'Civil Systems', 'df234305-8a47-4b4d-8efb-716a6b695428', '77dd1815-e2df-4786-84d9-da93ae168c5d', '2025-07-01 10:48:56', '2025-07-01 10:48:56');
INSERT INTO `department` (`uuid`, `department`, `tenant_id`, `client_id`, `created_on`, `modified_on`) VALUES ('3e2ebf74-b0cf-4cd0-9c17-b88b34b70d78', 'Aerospace', 'df234305-8a47-4b4d-8efb-716a6b695428', '77dd1815-e2df-4786-84d9-da93ae168c5d', '2025-07-01 10:48:56', '2025-07-01 10:48:56');
INSERT INTO `department` (`uuid`, `department`, `tenant_id`, `client_id`, `created_on`, `modified_on`) VALUES ('772156ab-6cb9-4b7b-b665-e15b646ecc7a', 'Biomedical', 'df234305-8a47-4b4d-8efb-716a6b695428', '77dd1815-e2df-4786-84d9-da93ae168c5d', '2025-07-01 10:48:56', '2025-07-01 10:48:56');
INSERT INTO `department` (`uuid`, `department`, `tenant_id`, `client_id`, `created_on`, `modified_on`) VALUES ('fb7a41ff-bf99-412a-ba92-fd1b8e702eec', 'AI Solutions', 'df234305-8a47-4b4d-8efb-716a6b695428', '77dd1815-e2df-4786-84d9-da93ae168c5d', '2025-07-01 10:48:56', '2025-07-01 10:48:56');
INSERT INTO `department` (`uuid`, `department`, `tenant_id`, `client_id`, `created_on`, `modified_on`) VALUES ('e550243e-74a7-41e9-b32b-e872a0798e98', 'Cybersecurity', 'df234305-8a47-4b4d-8efb-716a6b695428', '77dd1815-e2df-4786-84d9-da93ae168c5d', '2025-07-01 10:48:56', '2025-07-01 10:48:56');
INSERT INTO `department` (`uuid`, `department`, `tenant_id`, `client_id`, `created_on`, `modified_on`) VALUES ('e2356f49-fe2e-4341-8d4f-989dbefeb5f9', 'Robotics', 'df234305-8a47-4b4d-8efb-716a6b695428', '77dd1815-e2df-4786-84d9-da93ae168c5d', '2025-07-01 10:48:56', '2025-07-01 10:48:56');
INSERT INTO `client` (`uuid`, `client_name`, `client_code`, `is_active`, `tenant_id`, `created_on`, `modified_on`) VALUES ('7ce6e25a-a2bc-4137-a7cf-a8d16dabb45b', 'Lee LLC', 1042, 1, 'df234305-8a47-4b4d-8efb-716a6b695428', '2025-07-01 10:48:56', '2025-07-01 10:48:56');
INSERT INTO `department` (`uuid`, `department`, `tenant_id`, `client_id`, `created_on`, `modified_on`) VALUES ('550f119c-f264-496c-8294-327755323c99', 'AI Solutions', 'df234305-8a47-4b4d-8efb-716a6b695428', '7ce6e25a-a2bc-4137-a7cf-a8d16dabb45b', '2025-07-01 10:48:56', '2025-07-01 10:48:56');
INSERT INTO `department` (`uuid`, `department`, `tenant_id`, `client_id`, `created_on`, `modified_on`) VALUES ('fba1f2e1-504e-43b7-915b-57b193cc6d44', 'Aerospace', 'df234305-8a47-4b4d-8efb-716a6b695428', '7ce6e25a-a2bc-4137-a7cf-a8d16dabb45b', '2025-07-01 10:48:56', '2025-07-01 10:48:56');
INSERT INTO `department` (`uuid`, `department`, `tenant_id`, `client_id`, `created_on`, `modified_on`) VALUES ('c89f3213-7696-4e36-bf38-adcf367d9e6c', 'Robotics', 'df234305-8a47-4b4d-8efb-716a6b695428', '7ce6e25a-a2bc-4137-a7cf-a8d16dabb45b', '2025-07-01 10:48:56', '2025-07-01 10:48:56');
INSERT INTO `department` (`uuid`, `department`, `tenant_id`, `client_id`, `created_on`, `modified_on`) VALUES ('5050d21f-5a52-4e24-ab94-bd38b7c1e846', 'Cybersecurity', 'df234305-8a47-4b4d-8efb-716a6b695428', '7ce6e25a-a2bc-4137-a7cf-a8d16dabb45b', '2025-07-01 10:48:56', '2025-07-01 10:48:56');
INSERT INTO `department` (`uuid`, `department`, `tenant_id`, `client_id`, `created_on`, `modified_on`) VALUES ('3e4b5e35-6332-458a-b06a-55e5e408fa84', 'Civil Systems', 'df234305-8a47-4b4d-8efb-716a6b695428', '7ce6e25a-a2bc-4137-a7cf-a8d16dabb45b', '2025-07-01 10:48:56', '2025-07-01 10:48:56');
INSERT INTO `department` (`uuid`, `department`, `tenant_id`, `client_id`, `created_on`, `modified_on`) VALUES ('25c5a3da-f876-4ef8-ac8a-903cd5d0b905', 'Biomedical', 'df234305-8a47-4b4d-8efb-716a6b695428', '7ce6e25a-a2bc-4137-a7cf-a8d16dabb45b', '2025-07-01 10:48:56', '2025-07-01 10:48:56');
INSERT INTO `client` (`uuid`, `client_name`, `client_code`, `is_active`, `tenant_id`, `created_on`, `modified_on`) VALUES ('47f65894-6ebe-4881-8aba-bf874bed92af', 'Richard-Gill', 1043, 1, 'df234305-8a47-4b4d-8efb-716a6b695428', '2025-07-01 10:48:56', '2025-07-01 10:48:56');
INSERT INTO `department` (`uuid`, `department`, `tenant_id`, `client_id`, `created_on`, `modified_on`) VALUES ('eba821da-7981-4850-8071-4d5c643daa8e', 'Civil Systems', 'df234305-8a47-4b4d-8efb-716a6b695428', '47f65894-6ebe-4881-8aba-bf874bed92af', '2025-07-01 10:48:56', '2025-07-01 10:48:56');
INSERT INTO `department` (`uuid`, `department`, `tenant_id`, `client_id`, `created_on`, `modified_on`) VALUES ('3cabbe2e-4122-4802-a510-a64b988b7411', 'Aerospace', 'df234305-8a47-4b4d-8efb-716a6b695428', '47f65894-6ebe-4881-8aba-bf874bed92af', '2025-07-01 10:48:56', '2025-07-01 10:48:56');
INSERT INTO `department` (`uuid`, `department`, `tenant_id`, `client_id`, `created_on`, `modified_on`) VALUES ('89bfade9-b27a-4ffa-a595-04e2893ce9ed', 'Cybersecurity', 'df234305-8a47-4b4d-8efb-716a6b695428', '47f65894-6ebe-4881-8aba-bf874bed92af', '2025-07-01 10:48:56', '2025-07-01 10:48:56');
INSERT INTO `department` (`uuid`, `department`, `tenant_id`, `client_id`, `created_on`, `modified_on`) VALUES ('13431e72-9fbf-462c-a3cd-0ddeb8b45166', 'Biomedical', 'df234305-8a47-4b4d-8efb-716a6b695428', '47f65894-6ebe-4881-8aba-bf874bed92af', '2025-07-01 10:48:56', '2025-07-01 10:48:56');
INSERT INTO `department` (`uuid`, `department`, `tenant_id`, `client_id`, `created_on`, `modified_on`) VALUES ('23a40fd1-dfda-4fd3-8651-0e2d542c475c', 'AI Solutions', 'df234305-8a47-4b4d-8efb-716a6b695428', '47f65894-6ebe-4881-8aba-bf874bed92af', '2025-07-01 10:48:56', '2025-07-01 10:48:56');
INSERT INTO `department` (`uuid`, `department`, `tenant_id`, `client_id`, `created_on`, `modified_on`) VALUES ('f87dc2d3-ddf3-49b7-936a-c04f13a4d2cb', 'Robotics', 'df234305-8a47-4b4d-8efb-716a6b695428', '47f65894-6ebe-4881-8aba-bf874bed92af', '2025-07-01 10:48:56', '2025-07-01 10:48:56');
INSERT INTO `client` (`uuid`, `client_name`, `client_code`, `is_active`, `tenant_id`, `created_on`, `modified_on`) VALUES ('8c6d0a9a-c467-4339-90b4-867ad4cc54a9', 'Pena-Smith', 1044, 1, 'df234305-8a47-4b4d-8efb-716a6b695428', '2025-07-01 10:48:56', '2025-07-01 10:48:56');
INSERT INTO `department` (`uuid`, `department`, `tenant_id`, `client_id`, `created_on`, `modified_on`) VALUES ('3249f3c7-a260-4708-b5b3-06b98b0d82d5', 'AI Solutions', 'df234305-8a47-4b4d-8efb-716a6b695428', '8c6d0a9a-c467-4339-90b4-867ad4cc54a9', '2025-07-01 10:48:56', '2025-07-01 10:48:56');
INSERT INTO `department` (`uuid`, `department`, `tenant_id`, `client_id`, `created_on`, `modified_on`) VALUES ('dd586b08-926c-41d7-8f93-3c8ff70142bf', 'Robotics', 'df234305-8a47-4b4d-8efb-716a6b695428', '8c6d0a9a-c467-4339-90b4-867ad4cc54a9', '2025-07-01 10:48:56', '2025-07-01 10:48:56');
INSERT INTO `department` (`uuid`, `department`, `tenant_id`, `client_id`, `created_on`, `modified_on`) VALUES ('90909980-5ab6-431e-bc79-1621f3f4b490', 'Biomedical', 'df234305-8a47-4b4d-8efb-716a6b695428', '8c6d0a9a-c467-4339-90b4-867ad4cc54a9', '2025-07-01 10:48:56', '2025-07-01 10:48:56');
INSERT INTO `department` (`uuid`, `department`, `tenant_id`, `client_id`, `created_on`, `modified_on`) VALUES ('59a51ba0-c702-432d-88d4-bc94bedc6f0e', 'Cybersecurity', 'df234305-8a47-4b4d-8efb-716a6b695428', '8c6d0a9a-c467-4339-90b4-867ad4cc54a9', '2025-07-01 10:48:56', '2025-07-01 10:48:56');
INSERT INTO `department` (`uuid`, `department`, `tenant_id`, `client_id`, `created_on`, `modified_on`) VALUES ('bdc65a81-f4f5-45c5-9b25-3a8ca4fc9489', 'Civil Systems', 'df234305-8a47-4b4d-8efb-716a6b695428', '8c6d0a9a-c467-4339-90b4-867ad4cc54a9', '2025-07-01 10:48:56', '2025-07-01 10:48:56');
INSERT INTO `department` (`uuid`, `department`, `tenant_id`, `client_id`, `created_on`, `modified_on`) VALUES ('09e848af-26c6-4611-985c-75c5364e3c40', 'Aerospace', 'df234305-8a47-4b4d-8efb-716a6b695428', '8c6d0a9a-c467-4339-90b4-867ad4cc54a9', '2025-07-01 10:48:56', '2025-07-01 10:48:56');
INSERT INTO `client` (`uuid`, `client_name`, `client_code`, `is_active`, `tenant_id`, `created_on`, `modified_on`) VALUES ('43849c06-9839-4dc2-8dc2-5ae14eecba03', 'Wall Inc', 1045, 1, 'df234305-8a47-4b4d-8efb-716a6b695428', '2025-07-01 10:48:56', '2025-07-01 10:48:56');
INSERT INTO `department` (`uuid`, `department`, `tenant_id`, `client_id`, `created_on`, `modified_on`) VALUES ('03b5ff0d-3803-49b3-82b9-63a522b7d06f', 'AI Solutions', 'df234305-8a47-4b4d-8efb-716a6b695428', '43849c06-9839-4dc2-8dc2-5ae14eecba03', '2025-07-01 10:48:56', '2025-07-01 10:48:56');
INSERT INTO `department` (`uuid`, `department`, `tenant_id`, `client_id`, `created_on`, `modified_on`) VALUES ('4fa3428d-e11c-42a1-8c24-f6d56e4244be', 'Civil Systems', 'df234305-8a47-4b4d-8efb-716a6b695428', '43849c06-9839-4dc2-8dc2-5ae14eecba03', '2025-07-01 10:48:56', '2025-07-01 10:48:56');
INSERT INTO `department` (`uuid`, `department`, `tenant_id`, `client_id`, `created_on`, `modified_on`) VALUES ('d57900cb-c8de-4cb8-9cbb-1d0f2d5587f2', 'Robotics', 'df234305-8a47-4b4d-8efb-716a6b695428', '43849c06-9839-4dc2-8dc2-5ae14eecba03', '2025-07-01 10:48:56', '2025-07-01 10:48:56');
INSERT INTO `department` (`uuid`, `department`, `tenant_id`, `client_id`, `created_on`, `modified_on`) VALUES ('6f9be8b4-dd8c-4f61-ad17-6d3d5b1606cf', 'Cybersecurity', 'df234305-8a47-4b4d-8efb-716a6b695428', '43849c06-9839-4dc2-8dc2-5ae14eecba03', '2025-07-01 10:48:56', '2025-07-01 10:48:56');
INSERT INTO `department` (`uuid`, `department`, `tenant_id`, `client_id`, `created_on`, `modified_on`) VALUES ('7c31ac2c-699e-4406-94f7-355a3a14b1b9', 'Aerospace', 'df234305-8a47-4b4d-8efb-716a6b695428', '43849c06-9839-4dc2-8dc2-5ae14eecba03', '2025-07-01 10:48:56', '2025-07-01 10:48:56');
INSERT INTO `department` (`uuid`, `department`, `tenant_id`, `client_id`, `created_on`, `modified_on`) VALUES ('4a0765ea-d0b0-4c82-99de-4317556ba26a', 'Biomedical', 'df234305-8a47-4b4d-8efb-716a6b695428', '43849c06-9839-4dc2-8dc2-5ae14eecba03', '2025-07-01 10:48:56', '2025-07-01 10:48:56');
INSERT INTO `client` (`uuid`, `client_name`, `client_code`, `is_active`, `tenant_id`, `created_on`, `modified_on`) VALUES ('abb7d5c0-3b70-462f-a0a2-69da0f61d476', 'Green PLC', 1046, 1, 'df234305-8a47-4b4d-8efb-716a6b695428', '2025-07-01 10:48:56', '2025-07-01 10:48:56');
INSERT INTO `department` (`uuid`, `department`, `tenant_id`, `client_id`, `created_on`, `modified_on`) VALUES ('ff5cf149-d598-4d12-9789-66cf09c2d9c8', 'AI Solutions', 'df234305-8a47-4b4d-8efb-716a6b695428', 'abb7d5c0-3b70-462f-a0a2-69da0f61d476', '2025-07-01 10:48:56', '2025-07-01 10:48:56');
INSERT INTO `department` (`uuid`, `department`, `tenant_id`, `client_id`, `created_on`, `modified_on`) VALUES ('cc5e6551-eb00-4544-b704-b74ff2652198', 'Aerospace', 'df234305-8a47-4b4d-8efb-716a6b695428', 'abb7d5c0-3b70-462f-a0a2-69da0f61d476', '2025-07-01 10:48:56', '2025-07-01 10:48:56');
INSERT INTO `department` (`uuid`, `department`, `tenant_id`, `client_id`, `created_on`, `modified_on`) VALUES ('d6fd84aa-1215-431b-b3e1-5bcbaacaf349', 'Robotics', 'df234305-8a47-4b4d-8efb-716a6b695428', 'abb7d5c0-3b70-462f-a0a2-69da0f61d476', '2025-07-01 10:48:56', '2025-07-01 10:48:56');
INSERT INTO `department` (`uuid`, `department`, `tenant_id`, `client_id`, `created_on`, `modified_on`) VALUES ('5ac3624f-c03a-4014-b87c-24685c7fa7ac', 'Biomedical', 'df234305-8a47-4b4d-8efb-716a6b695428', 'abb7d5c0-3b70-462f-a0a2-69da0f61d476', '2025-07-01 10:48:56', '2025-07-01 10:48:56');
INSERT INTO `department` (`uuid`, `department`, `tenant_id`, `client_id`, `created_on`, `modified_on`) VALUES ('a83c9458-1766-45c5-b241-8ee06dce74ea', 'Civil Systems', 'df234305-8a47-4b4d-8efb-716a6b695428', 'abb7d5c0-3b70-462f-a0a2-69da0f61d476', '2025-07-01 10:48:56', '2025-07-01 10:48:56');
INSERT INTO `department` (`uuid`, `department`, `tenant_id`, `client_id`, `created_on`, `modified_on`) VALUES ('b40cfe6d-178c-4be9-977b-1f4061b26443', 'Cybersecurity', 'df234305-8a47-4b4d-8efb-716a6b695428', 'abb7d5c0-3b70-462f-a0a2-69da0f61d476', '2025-07-01 10:48:56', '2025-07-01 10:48:56');
INSERT INTO `client` (`uuid`, `client_name`, `client_code`, `is_active`, `tenant_id`, `created_on`, `modified_on`) VALUES ('7cd2e897-60c3-42c0-98e7-141143870cfc', 'Thomas Ltd', 1047, 1, 'df234305-8a47-4b4d-8efb-716a6b695428', '2025-07-01 10:48:56', '2025-07-01 10:48:56');
INSERT INTO `department` (`uuid`, `department`, `tenant_id`, `client_id`, `created_on`, `modified_on`) VALUES ('fc1287c8-d001-4ae0-8b3a-53bdc7d15eb5', 'Robotics', 'df234305-8a47-4b4d-8efb-716a6b695428', '7cd2e897-60c3-42c0-98e7-141143870cfc', '2025-07-01 10:48:56', '2025-07-01 10:48:56');
INSERT INTO `department` (`uuid`, `department`, `tenant_id`, `client_id`, `created_on`, `modified_on`) VALUES ('98d9ad7a-bd91-43a5-b5c5-0cbc0af9c0fa', 'AI Solutions', 'df234305-8a47-4b4d-8efb-716a6b695428', '7cd2e897-60c3-42c0-98e7-141143870cfc', '2025-07-01 10:48:56', '2025-07-01 10:48:56');
INSERT INTO `department` (`uuid`, `department`, `tenant_id`, `client_id`, `created_on`, `modified_on`) VALUES ('1947cf8e-2b3d-40a3-93e2-e1aa7421db89', 'Biomedical', 'df234305-8a47-4b4d-8efb-716a6b695428', '7cd2e897-60c3-42c0-98e7-141143870cfc', '2025-07-01 10:48:56', '2025-07-01 10:48:56');
INSERT INTO `department` (`uuid`, `department`, `tenant_id`, `client_id`, `created_on`, `modified_on`) VALUES ('90d974ba-9cc6-4cba-80e1-4d9ad55ec93d', 'Aerospace', 'df234305-8a47-4b4d-8efb-716a6b695428', '7cd2e897-60c3-42c0-98e7-141143870cfc', '2025-07-01 10:48:56', '2025-07-01 10:48:56');
INSERT INTO `department` (`uuid`, `department`, `tenant_id`, `client_id`, `created_on`, `modified_on`) VALUES ('e3fbb3ca-4ed1-457b-9a60-b7dec7bfceb8', 'Civil Systems', 'df234305-8a47-4b4d-8efb-716a6b695428', '7cd2e897-60c3-42c0-98e7-141143870cfc', '2025-07-01 10:48:56', '2025-07-01 10:48:56');
INSERT INTO `department` (`uuid`, `department`, `tenant_id`, `client_id`, `created_on`, `modified_on`) VALUES ('1ab8aa3c-93e6-4c91-9579-f1a9314d3f40', 'Cybersecurity', 'df234305-8a47-4b4d-8efb-716a6b695428', '7cd2e897-60c3-42c0-98e7-141143870cfc', '2025-07-01 10:48:56', '2025-07-01 10:48:56');
INSERT INTO `client` (`uuid`, `client_name`, `client_code`, `is_active`, `tenant_id`, `created_on`, `modified_on`) VALUES ('9d784550-8f78-4082-8c7b-8cd392168ce7', 'Spears, Solomon and Green', 1048, 1, 'df234305-8a47-4b4d-8efb-716a6b695428', '2025-07-01 10:48:56', '2025-07-01 10:48:56');
INSERT INTO `department` (`uuid`, `department`, `tenant_id`, `client_id`, `created_on`, `modified_on`) VALUES ('2c081735-c2a0-4a01-9aad-a3dd53c63c65', 'Biomedical', 'df234305-8a47-4b4d-8efb-716a6b695428', '9d784550-8f78-4082-8c7b-8cd392168ce7', '2025-07-01 10:48:56', '2025-07-01 10:48:56');
INSERT INTO `department` (`uuid`, `department`, `tenant_id`, `client_id`, `created_on`, `modified_on`) VALUES ('8d4c9958-97e7-4df4-95ab-719eb10fdfe3', 'Civil Systems', 'df234305-8a47-4b4d-8efb-716a6b695428', '9d784550-8f78-4082-8c7b-8cd392168ce7', '2025-07-01 10:48:56', '2025-07-01 10:48:56');
INSERT INTO `department` (`uuid`, `department`, `tenant_id`, `client_id`, `created_on`, `modified_on`) VALUES ('2e3eeab3-31b2-4282-8cff-b004cbe0043e', 'Aerospace', 'df234305-8a47-4b4d-8efb-716a6b695428', '9d784550-8f78-4082-8c7b-8cd392168ce7', '2025-07-01 10:48:56', '2025-07-01 10:48:56');
INSERT INTO `department` (`uuid`, `department`, `tenant_id`, `client_id`, `created_on`, `modified_on`) VALUES ('b963f70b-c6a7-4d6a-a9f1-a74b34516e65', 'Cybersecurity', 'df234305-8a47-4b4d-8efb-716a6b695428', '9d784550-8f78-4082-8c7b-8cd392168ce7', '2025-07-01 10:48:56', '2025-07-01 10:48:56');
INSERT INTO `department` (`uuid`, `department`, `tenant_id`, `client_id`, `created_on`, `modified_on`) VALUES ('56b2cece-68a9-4b80-ac42-471b5880ff7f', 'Robotics', 'df234305-8a47-4b4d-8efb-716a6b695428', '9d784550-8f78-4082-8c7b-8cd392168ce7', '2025-07-01 10:48:56', '2025-07-01 10:48:56');
INSERT INTO `department` (`uuid`, `department`, `tenant_id`, `client_id`, `created_on`, `modified_on`) VALUES ('c85a44f7-9f30-4ca6-8326-55007deddb5b', 'AI Solutions', 'df234305-8a47-4b4d-8efb-716a6b695428', '9d784550-8f78-4082-8c7b-8cd392168ce7', '2025-07-01 10:48:56', '2025-07-01 10:48:56');
INSERT INTO `client` (`uuid`, `client_name`, `client_code`, `is_active`, `tenant_id`, `created_on`, `modified_on`) VALUES ('0b07eed2-f6cf-4ebc-8cfb-efa5fa6dcb4e', 'Nichols Inc', 1049, 1, 'df234305-8a47-4b4d-8efb-716a6b695428', '2025-07-01 10:48:56', '2025-07-01 10:48:56');
INSERT INTO `department` (`uuid`, `department`, `tenant_id`, `client_id`, `created_on`, `modified_on`) VALUES ('05fa8480-efd4-4f7d-a758-c5455d035a4b', 'Civil Systems', 'df234305-8a47-4b4d-8efb-716a6b695428', '0b07eed2-f6cf-4ebc-8cfb-efa5fa6dcb4e', '2025-07-01 10:48:56', '2025-07-01 10:48:56');
INSERT INTO `department` (`uuid`, `department`, `tenant_id`, `client_id`, `created_on`, `modified_on`) VALUES ('138257e9-cd43-44c8-ae0d-ce5dd57663d5', 'Biomedical', 'df234305-8a47-4b4d-8efb-716a6b695428', '0b07eed2-f6cf-4ebc-8cfb-efa5fa6dcb4e', '2025-07-01 10:48:56', '2025-07-01 10:48:56');
INSERT INTO `department` (`uuid`, `department`, `tenant_id`, `client_id`, `created_on`, `modified_on`) VALUES ('0771d8a0-730d-433b-a677-52fd7fd8df6d', 'AI Solutions', 'df234305-8a47-4b4d-8efb-716a6b695428', '0b07eed2-f6cf-4ebc-8cfb-efa5fa6dcb4e', '2025-07-01 10:48:56', '2025-07-01 10:48:56');
INSERT INTO `department` (`uuid`, `department`, `tenant_id`, `client_id`, `created_on`, `modified_on`) VALUES ('5b58cb59-3e8f-468d-a065-241c8768b4b0', 'Cybersecurity', 'df234305-8a47-4b4d-8efb-716a6b695428', '0b07eed2-f6cf-4ebc-8cfb-efa5fa6dcb4e', '2025-07-01 10:48:56', '2025-07-01 10:48:56');
INSERT INTO `department` (`uuid`, `department`, `tenant_id`, `client_id`, `created_on`, `modified_on`) VALUES ('9a77cf45-e434-40d1-ad59-d3a83626a2a7', 'Aerospace', 'df234305-8a47-4b4d-8efb-716a6b695428', '0b07eed2-f6cf-4ebc-8cfb-efa5fa6dcb4e', '2025-07-01 10:48:56', '2025-07-01 10:48:56');
INSERT INTO `department` (`uuid`, `department`, `tenant_id`, `client_id`, `created_on`, `modified_on`) VALUES ('64bf0ea1-77eb-4798-9ab0-d5ee12f58437', 'Robotics', 'df234305-8a47-4b4d-8efb-716a6b695428', '0b07eed2-f6cf-4ebc-8cfb-efa5fa6dcb4e', '2025-07-01 10:48:56', '2025-07-01 10:48:56');
INSERT INTO `client` (`uuid`, `client_name`, `client_code`, `is_active`, `tenant_id`, `created_on`, `modified_on`) VALUES ('a63ed9f5-b894-4ca8-916f-9835e05978b3', 'Stevens, Bradley and Boyd', 1050, 1, 'df234305-8a47-4b4d-8efb-716a6b695428', '2025-07-01 10:48:56', '2025-07-01 10:48:56');
INSERT INTO `department` (`uuid`, `department`, `tenant_id`, `client_id`, `created_on`, `modified_on`) VALUES ('b0e1aebf-8f38-4c4c-bcfe-6a8287b45e69', 'Cybersecurity', 'df234305-8a47-4b4d-8efb-716a6b695428', 'a63ed9f5-b894-4ca8-916f-9835e05978b3', '2025-07-01 10:48:56', '2025-07-01 10:48:56');
INSERT INTO `department` (`uuid`, `department`, `tenant_id`, `client_id`, `created_on`, `modified_on`) VALUES ('b192ecd2-c465-4615-a1db-6bd1ae0c411c', 'Aerospace', 'df234305-8a47-4b4d-8efb-716a6b695428', 'a63ed9f5-b894-4ca8-916f-9835e05978b3', '2025-07-01 10:48:56', '2025-07-01 10:48:56');
INSERT INTO `department` (`uuid`, `department`, `tenant_id`, `client_id`, `created_on`, `modified_on`) VALUES ('0117c094-a744-4709-93ef-6380623814e0', 'Civil Systems', 'df234305-8a47-4b4d-8efb-716a6b695428', 'a63ed9f5-b894-4ca8-916f-9835e05978b3', '2025-07-01 10:48:56', '2025-07-01 10:48:56');
INSERT INTO `department` (`uuid`, `department`, `tenant_id`, `client_id`, `created_on`, `modified_on`) VALUES ('169c1056-3241-4843-b8c4-ccc723b60f30', 'Robotics', 'df234305-8a47-4b4d-8efb-716a6b695428', 'a63ed9f5-b894-4ca8-916f-9835e05978b3', '2025-07-01 10:48:56', '2025-07-01 10:48:56');
INSERT INTO `department` (`uuid`, `department`, `tenant_id`, `client_id`, `created_on`, `modified_on`) VALUES ('22424533-6d37-418d-b779-f2471ea56224', 'AI Solutions', 'df234305-8a47-4b4d-8efb-716a6b695428', 'a63ed9f5-b894-4ca8-916f-9835e05978b3', '2025-07-01 10:48:56', '2025-07-01 10:48:56');
INSERT INTO `department` (`uuid`, `department`, `tenant_id`, `client_id`, `created_on`, `modified_on`) VALUES ('21984a61-4650-41c9-890e-3be6d8ac0afb', 'Biomedical', 'df234305-8a47-4b4d-8efb-716a6b695428', 'a63ed9f5-b894-4ca8-916f-9835e05978b3', '2025-07-01 10:48:56', '2025-07-01 10:48:56');
INSERT INTO `client` (`uuid`, `client_name`, `client_code`, `is_active`, `tenant_id`, `created_on`, `modified_on`) VALUES ('21b28d7b-fa20-439a-8396-9772084dbb91', 'Young, Austin and Grimes', 1051, 1, 'df234305-8a47-4b4d-8efb-716a6b695428', '2025-07-01 10:48:56', '2025-07-01 10:48:56');
INSERT INTO `department` (`uuid`, `department`, `tenant_id`, `client_id`, `created_on`, `modified_on`) VALUES ('30f2f56f-713e-49bf-a132-1206db6cf871', 'Biomedical', 'df234305-8a47-4b4d-8efb-716a6b695428', '21b28d7b-fa20-439a-8396-9772084dbb91', '2025-07-01 10:48:56', '2025-07-01 10:48:56');
INSERT INTO `department` (`uuid`, `department`, `tenant_id`, `client_id`, `created_on`, `modified_on`) VALUES ('076b165e-4ff0-4b00-8ec2-3bb0254a35f5', 'Aerospace', 'df234305-8a47-4b4d-8efb-716a6b695428', '21b28d7b-fa20-439a-8396-9772084dbb91', '2025-07-01 10:48:56', '2025-07-01 10:48:56');
INSERT INTO `department` (`uuid`, `department`, `tenant_id`, `client_id`, `created_on`, `modified_on`) VALUES ('a3e67c1e-3871-4fbb-ae33-bc5f5f6c134e', 'AI Solutions', 'df234305-8a47-4b4d-8efb-716a6b695428', '21b28d7b-fa20-439a-8396-9772084dbb91', '2025-07-01 10:48:56', '2025-07-01 10:48:56');
INSERT INTO `department` (`uuid`, `department`, `tenant_id`, `client_id`, `created_on`, `modified_on`) VALUES ('3094e540-a30d-4e72-a382-f5d14d5d8698', 'Robotics', 'df234305-8a47-4b4d-8efb-716a6b695428', '21b28d7b-fa20-439a-8396-9772084dbb91', '2025-07-01 10:48:56', '2025-07-01 10:48:56');
INSERT INTO `department` (`uuid`, `department`, `tenant_id`, `client_id`, `created_on`, `modified_on`) VALUES ('935e6017-367a-43ba-b754-7915a5274290', 'Civil Systems', 'df234305-8a47-4b4d-8efb-716a6b695428', '21b28d7b-fa20-439a-8396-9772084dbb91', '2025-07-01 10:48:56', '2025-07-01 10:48:56');
INSERT INTO `department` (`uuid`, `department`, `tenant_id`, `client_id`, `created_on`, `modified_on`) VALUES ('6de7862f-c33f-41b8-bcc1-2a0dbd054bd3', 'Cybersecurity', 'df234305-8a47-4b4d-8efb-716a6b695428', '21b28d7b-fa20-439a-8396-9772084dbb91', '2025-07-01 10:48:56', '2025-07-01 10:48:56');
INSERT INTO `client` (`uuid`, `client_name`, `client_code`, `is_active`, `tenant_id`, `created_on`, `modified_on`) VALUES ('f62fb72a-05fc-4a73-b908-b94afaca2ada', 'Jones Inc', 1052, 1, 'df234305-8a47-4b4d-8efb-716a6b695428', '2025-07-01 10:48:56', '2025-07-01 10:48:56');
INSERT INTO `department` (`uuid`, `department`, `tenant_id`, `client_id`, `created_on`, `modified_on`) VALUES ('43201b1c-17c0-4981-8603-2ae0890abf1e', 'Civil Systems', 'df234305-8a47-4b4d-8efb-716a6b695428', 'f62fb72a-05fc-4a73-b908-b94afaca2ada', '2025-07-01 10:48:56', '2025-07-01 10:48:56');
INSERT INTO `department` (`uuid`, `department`, `tenant_id`, `client_id`, `created_on`, `modified_on`) VALUES ('ee51d9bc-ebed-4b56-812d-0abc5a2547a1', 'AI Solutions', 'df234305-8a47-4b4d-8efb-716a6b695428', 'f62fb72a-05fc-4a73-b908-b94afaca2ada', '2025-07-01 10:48:56', '2025-07-01 10:48:56');
INSERT INTO `department` (`uuid`, `department`, `tenant_id`, `client_id`, `created_on`, `modified_on`) VALUES ('495e7aef-040c-45ce-9cd5-f8190b4e47ed', 'Cybersecurity', 'df234305-8a47-4b4d-8efb-716a6b695428', 'f62fb72a-05fc-4a73-b908-b94afaca2ada', '2025-07-01 10:48:56', '2025-07-01 10:48:56');
INSERT INTO `department` (`uuid`, `department`, `tenant_id`, `client_id`, `created_on`, `modified_on`) VALUES ('a4b36c7e-4054-43a9-84db-e82b3ebbc3a5', 'Robotics', 'df234305-8a47-4b4d-8efb-716a6b695428', 'f62fb72a-05fc-4a73-b908-b94afaca2ada', '2025-07-01 10:48:56', '2025-07-01 10:48:56');
INSERT INTO `department` (`uuid`, `department`, `tenant_id`, `client_id`, `created_on`, `modified_on`) VALUES ('7a2a5fbd-6217-4359-a742-e707d382f881', 'Aerospace', 'df234305-8a47-4b4d-8efb-716a6b695428', 'f62fb72a-05fc-4a73-b908-b94afaca2ada', '2025-07-01 10:48:56', '2025-07-01 10:48:56');
INSERT INTO `department` (`uuid`, `department`, `tenant_id`, `client_id`, `created_on`, `modified_on`) VALUES ('ddb8ecee-c171-417b-8d44-f1c33cab6b3c', 'Biomedical', 'df234305-8a47-4b4d-8efb-716a6b695428', 'f62fb72a-05fc-4a73-b908-b94afaca2ada', '2025-07-01 10:48:56', '2025-07-01 10:48:56');
INSERT INTO `client` (`uuid`, `client_name`, `client_code`, `is_active`, `tenant_id`, `created_on`, `modified_on`) VALUES ('d88da6f4-a3c9-4824-8de6-47f639171e17', 'Case-Reynolds', 1053, 1, 'df234305-8a47-4b4d-8efb-716a6b695428', '2025-07-01 10:48:56', '2025-07-01 10:48:56');
INSERT INTO `department` (`uuid`, `department`, `tenant_id`, `client_id`, `created_on`, `modified_on`) VALUES ('436e8ae7-c727-47d9-98ee-ebf5b054e538', 'Cybersecurity', 'df234305-8a47-4b4d-8efb-716a6b695428', 'd88da6f4-a3c9-4824-8de6-47f639171e17', '2025-07-01 10:48:56', '2025-07-01 10:48:56');
INSERT INTO `department` (`uuid`, `department`, `tenant_id`, `client_id`, `created_on`, `modified_on`) VALUES ('cb15bda1-0041-4484-80b5-db5f9231991e', 'Biomedical', 'df234305-8a47-4b4d-8efb-716a6b695428', 'd88da6f4-a3c9-4824-8de6-47f639171e17', '2025-07-01 10:48:56', '2025-07-01 10:48:56');
INSERT INTO `department` (`uuid`, `department`, `tenant_id`, `client_id`, `created_on`, `modified_on`) VALUES ('86c538ae-5e46-4177-ba98-ee034da7d0c1', 'AI Solutions', 'df234305-8a47-4b4d-8efb-716a6b695428', 'd88da6f4-a3c9-4824-8de6-47f639171e17', '2025-07-01 10:48:56', '2025-07-01 10:48:56');
INSERT INTO `department` (`uuid`, `department`, `tenant_id`, `client_id`, `created_on`, `modified_on`) VALUES ('676b99d3-4052-4910-880b-6663c317a016', 'Robotics', 'df234305-8a47-4b4d-8efb-716a6b695428', 'd88da6f4-a3c9-4824-8de6-47f639171e17', '2025-07-01 10:48:56', '2025-07-01 10:48:56');
INSERT INTO `department` (`uuid`, `department`, `tenant_id`, `client_id`, `created_on`, `modified_on`) VALUES ('6a2eec9e-0017-46f8-8469-4e1d0cd7d272', 'Aerospace', 'df234305-8a47-4b4d-8efb-716a6b695428', 'd88da6f4-a3c9-4824-8de6-47f639171e17', '2025-07-01 10:48:56', '2025-07-01 10:48:56');
INSERT INTO `department` (`uuid`, `department`, `tenant_id`, `client_id`, `created_on`, `modified_on`) VALUES ('b896ff82-6100-42c1-8d33-e1ff1036c666', 'Civil Systems', 'df234305-8a47-4b4d-8efb-716a6b695428', 'd88da6f4-a3c9-4824-8de6-47f639171e17', '2025-07-01 10:48:56', '2025-07-01 10:48:56');
INSERT INTO `client` (`uuid`, `client_name`, `client_code`, `is_active`, `tenant_id`, `created_on`, `modified_on`) VALUES ('b5a7e67b-f876-42f8-8132-3321841b933c', 'Neal-Thompson', 1054, 1, 'df234305-8a47-4b4d-8efb-716a6b695428', '2025-07-01 10:48:56', '2025-07-01 10:48:56');
INSERT INTO `department` (`uuid`, `department`, `tenant_id`, `client_id`, `created_on`, `modified_on`) VALUES ('b7ed42a1-c5bb-42e1-96bc-6088bf3c1d76', 'Cybersecurity', 'df234305-8a47-4b4d-8efb-716a6b695428', 'b5a7e67b-f876-42f8-8132-3321841b933c', '2025-07-01 10:48:56', '2025-07-01 10:48:56');
INSERT INTO `department` (`uuid`, `department`, `tenant_id`, `client_id`, `created_on`, `modified_on`) VALUES ('f8da9a5f-1a6d-4c45-b13e-dfe1d009cb6b', 'Robotics', 'df234305-8a47-4b4d-8efb-716a6b695428', 'b5a7e67b-f876-42f8-8132-3321841b933c', '2025-07-01 10:48:56', '2025-07-01 10:48:56');
INSERT INTO `department` (`uuid`, `department`, `tenant_id`, `client_id`, `created_on`, `modified_on`) VALUES ('a394bed0-3ea7-466e-b64c-53a3c39b2372', 'Aerospace', 'df234305-8a47-4b4d-8efb-716a6b695428', 'b5a7e67b-f876-42f8-8132-3321841b933c', '2025-07-01 10:48:56', '2025-07-01 10:48:56');
INSERT INTO `department` (`uuid`, `department`, `tenant_id`, `client_id`, `created_on`, `modified_on`) VALUES ('e5344a65-32f6-46cc-b755-db9bc340d141', 'AI Solutions', 'df234305-8a47-4b4d-8efb-716a6b695428', 'b5a7e67b-f876-42f8-8132-3321841b933c', '2025-07-01 10:48:56', '2025-07-01 10:48:56');
INSERT INTO `department` (`uuid`, `department`, `tenant_id`, `client_id`, `created_on`, `modified_on`) VALUES ('c45ce279-f937-43ab-bd30-140ef0858cc5', 'Biomedical', 'df234305-8a47-4b4d-8efb-716a6b695428', 'b5a7e67b-f876-42f8-8132-3321841b933c', '2025-07-01 10:48:56', '2025-07-01 10:48:56');
INSERT INTO `department` (`uuid`, `department`, `tenant_id`, `client_id`, `created_on`, `modified_on`) VALUES ('455362ac-d16b-4033-b7a4-c84b88df823a', 'Civil Systems', 'df234305-8a47-4b4d-8efb-716a6b695428', 'b5a7e67b-f876-42f8-8132-3321841b933c', '2025-07-01 10:48:56', '2025-07-01 10:48:56');
INSERT INTO `client` (`uuid`, `client_name`, `client_code`, `is_active`, `tenant_id`, `created_on`, `modified_on`) VALUES ('2e530726-a2ea-4b7a-9e58-d2689bc20ff7', 'Rhodes-Escobar', 1055, 1, 'df234305-8a47-4b4d-8efb-716a6b695428', '2025-07-01 10:48:56', '2025-07-01 10:48:56');
INSERT INTO `department` (`uuid`, `department`, `tenant_id`, `client_id`, `created_on`, `modified_on`) VALUES ('692a0ecc-b53a-4725-adaf-acdfc79cdc96', 'Biomedical', 'df234305-8a47-4b4d-8efb-716a6b695428', '2e530726-a2ea-4b7a-9e58-d2689bc20ff7', '2025-07-01 10:48:56', '2025-07-01 10:48:56');
INSERT INTO `department` (`uuid`, `department`, `tenant_id`, `client_id`, `created_on`, `modified_on`) VALUES ('c4561724-8aa8-4353-bb56-41d12bda045a', 'Cybersecurity', 'df234305-8a47-4b4d-8efb-716a6b695428', '2e530726-a2ea-4b7a-9e58-d2689bc20ff7', '2025-07-01 10:48:56', '2025-07-01 10:48:56');
INSERT INTO `department` (`uuid`, `department`, `tenant_id`, `client_id`, `created_on`, `modified_on`) VALUES ('38645344-8d5d-454a-8abc-cabd6cff1d98', 'Aerospace', 'df234305-8a47-4b4d-8efb-716a6b695428', '2e530726-a2ea-4b7a-9e58-d2689bc20ff7', '2025-07-01 10:48:56', '2025-07-01 10:48:56');
INSERT INTO `department` (`uuid`, `department`, `tenant_id`, `client_id`, `created_on`, `modified_on`) VALUES ('bf521f98-38cd-4ae9-a116-8c481f3f624e', 'AI Solutions', 'df234305-8a47-4b4d-8efb-716a6b695428', '2e530726-a2ea-4b7a-9e58-d2689bc20ff7', '2025-07-01 10:48:56', '2025-07-01 10:48:56');
INSERT INTO `department` (`uuid`, `department`, `tenant_id`, `client_id`, `created_on`, `modified_on`) VALUES ('9393fac3-7dc6-40b4-b0fc-0bf0f23987ef', 'Robotics', 'df234305-8a47-4b4d-8efb-716a6b695428', '2e530726-a2ea-4b7a-9e58-d2689bc20ff7', '2025-07-01 10:48:56', '2025-07-01 10:48:56');
INSERT INTO `department` (`uuid`, `department`, `tenant_id`, `client_id`, `created_on`, `modified_on`) VALUES ('147eec7f-8397-45f4-933a-9de2f3a745fc', 'Civil Systems', 'df234305-8a47-4b4d-8efb-716a6b695428', '2e530726-a2ea-4b7a-9e58-d2689bc20ff7', '2025-07-01 10:48:56', '2025-07-01 10:48:56');
INSERT INTO `client` (`uuid`, `client_name`, `client_code`, `is_active`, `tenant_id`, `created_on`, `modified_on`) VALUES ('32569dec-a32c-4336-8179-6ebcee6f0ba5', 'Morales Group', 1056, 1, 'df234305-8a47-4b4d-8efb-716a6b695428', '2025-07-01 10:48:56', '2025-07-01 10:48:56');
INSERT INTO `department` (`uuid`, `department`, `tenant_id`, `client_id`, `created_on`, `modified_on`) VALUES ('71ac1adc-d33e-494c-a34d-f9af3405fc09', 'Robotics', 'df234305-8a47-4b4d-8efb-716a6b695428', '32569dec-a32c-4336-8179-6ebcee6f0ba5', '2025-07-01 10:48:56', '2025-07-01 10:48:56');
INSERT INTO `department` (`uuid`, `department`, `tenant_id`, `client_id`, `created_on`, `modified_on`) VALUES ('d3e12313-1165-48ab-9534-513b9ee0b3fa', 'Aerospace', 'df234305-8a47-4b4d-8efb-716a6b695428', '32569dec-a32c-4336-8179-6ebcee6f0ba5', '2025-07-01 10:48:56', '2025-07-01 10:48:56');
INSERT INTO `department` (`uuid`, `department`, `tenant_id`, `client_id`, `created_on`, `modified_on`) VALUES ('e1d6a760-4dc3-41f6-a960-23736d882e1c', 'Civil Systems', 'df234305-8a47-4b4d-8efb-716a6b695428', '32569dec-a32c-4336-8179-6ebcee6f0ba5', '2025-07-01 10:48:56', '2025-07-01 10:48:56');
INSERT INTO `department` (`uuid`, `department`, `tenant_id`, `client_id`, `created_on`, `modified_on`) VALUES ('c4d12053-4ef4-4e61-bc51-87d560fbe4cc', 'Biomedical', 'df234305-8a47-4b4d-8efb-716a6b695428', '32569dec-a32c-4336-8179-6ebcee6f0ba5', '2025-07-01 10:48:56', '2025-07-01 10:48:56');
INSERT INTO `department` (`uuid`, `department`, `tenant_id`, `client_id`, `created_on`, `modified_on`) VALUES ('5b0f009b-fc05-432d-a66e-c902515daf88', 'AI Solutions', 'df234305-8a47-4b4d-8efb-716a6b695428', '32569dec-a32c-4336-8179-6ebcee6f0ba5', '2025-07-01 10:48:56', '2025-07-01 10:48:56');
INSERT INTO `department` (`uuid`, `department`, `tenant_id`, `client_id`, `created_on`, `modified_on`) VALUES ('f4fe27e2-f4ef-40ff-8424-547c4e8d0e25', 'Cybersecurity', 'df234305-8a47-4b4d-8efb-716a6b695428', '32569dec-a32c-4336-8179-6ebcee6f0ba5', '2025-07-01 10:48:56', '2025-07-01 10:48:56');
INSERT INTO `client` (`uuid`, `client_name`, `client_code`, `is_active`, `tenant_id`, `created_on`, `modified_on`) VALUES ('fb03c3de-dd26-42f8-8759-299f5acd51ee', 'Murray-Harris', 1057, 1, 'df234305-8a47-4b4d-8efb-716a6b695428', '2025-07-01 10:48:56', '2025-07-01 10:48:56');
INSERT INTO `department` (`uuid`, `department`, `tenant_id`, `client_id`, `created_on`, `modified_on`) VALUES ('329a7d5e-4785-474f-af00-b15ef05c2a13', 'Aerospace', 'df234305-8a47-4b4d-8efb-716a6b695428', 'fb03c3de-dd26-42f8-8759-299f5acd51ee', '2025-07-01 10:48:56', '2025-07-01 10:48:56');
INSERT INTO `department` (`uuid`, `department`, `tenant_id`, `client_id`, `created_on`, `modified_on`) VALUES ('2cb16b32-1832-468d-a12f-73a04a5587d1', 'AI Solutions', 'df234305-8a47-4b4d-8efb-716a6b695428', 'fb03c3de-dd26-42f8-8759-299f5acd51ee', '2025-07-01 10:48:56', '2025-07-01 10:48:56');
INSERT INTO `department` (`uuid`, `department`, `tenant_id`, `client_id`, `created_on`, `modified_on`) VALUES ('7683976f-a7e2-4a1e-a3b8-a69bb31aaa8d', 'Cybersecurity', 'df234305-8a47-4b4d-8efb-716a6b695428', 'fb03c3de-dd26-42f8-8759-299f5acd51ee', '2025-07-01 10:48:56', '2025-07-01 10:48:56');
INSERT INTO `department` (`uuid`, `department`, `tenant_id`, `client_id`, `created_on`, `modified_on`) VALUES ('617ec398-5348-44b2-9e47-bf1f1f2b1f21', 'Civil Systems', 'df234305-8a47-4b4d-8efb-716a6b695428', 'fb03c3de-dd26-42f8-8759-299f5acd51ee', '2025-07-01 10:48:56', '2025-07-01 10:48:56');
INSERT INTO `department` (`uuid`, `department`, `tenant_id`, `client_id`, `created_on`, `modified_on`) VALUES ('e5316ab2-3b93-402c-944b-b38432ca6b68', 'Biomedical', 'df234305-8a47-4b4d-8efb-716a6b695428', 'fb03c3de-dd26-42f8-8759-299f5acd51ee', '2025-07-01 10:48:56', '2025-07-01 10:48:56');
INSERT INTO `department` (`uuid`, `department`, `tenant_id`, `client_id`, `created_on`, `modified_on`) VALUES ('8c33c541-aa3b-4d73-9e7e-c9987f0d11cc', 'Robotics', 'df234305-8a47-4b4d-8efb-716a6b695428', 'fb03c3de-dd26-42f8-8759-299f5acd51ee', '2025-07-01 10:48:56', '2025-07-01 10:48:56');
INSERT INTO `client` (`uuid`, `client_name`, `client_code`, `is_active`, `tenant_id`, `created_on`, `modified_on`) VALUES ('7776bb89-a8a2-427f-ad5b-2fc646c0f479', 'Frank-Hebert', 1058, 1, 'df234305-8a47-4b4d-8efb-716a6b695428', '2025-07-01 10:48:56', '2025-07-01 10:48:56');
INSERT INTO `department` (`uuid`, `department`, `tenant_id`, `client_id`, `created_on`, `modified_on`) VALUES ('a459c3c6-c526-450b-bb8b-bebb92b7ed9a', 'AI Solutions', 'df234305-8a47-4b4d-8efb-716a6b695428', '7776bb89-a8a2-427f-ad5b-2fc646c0f479', '2025-07-01 10:48:56', '2025-07-01 10:48:56');
INSERT INTO `department` (`uuid`, `department`, `tenant_id`, `client_id`, `created_on`, `modified_on`) VALUES ('708dc9e1-18cf-445a-8ff7-f38237cc3ffc', 'Cybersecurity', 'df234305-8a47-4b4d-8efb-716a6b695428', '7776bb89-a8a2-427f-ad5b-2fc646c0f479', '2025-07-01 10:48:56', '2025-07-01 10:48:56');
INSERT INTO `department` (`uuid`, `department`, `tenant_id`, `client_id`, `created_on`, `modified_on`) VALUES ('11fd3afe-b019-4f40-afe1-10ea13c8258b', 'Robotics', 'df234305-8a47-4b4d-8efb-716a6b695428', '7776bb89-a8a2-427f-ad5b-2fc646c0f479', '2025-07-01 10:48:56', '2025-07-01 10:48:56');
INSERT INTO `department` (`uuid`, `department`, `tenant_id`, `client_id`, `created_on`, `modified_on`) VALUES ('5eaf4b2a-cd43-4e9d-a3f7-324025ffd23f', 'Aerospace', 'df234305-8a47-4b4d-8efb-716a6b695428', '7776bb89-a8a2-427f-ad5b-2fc646c0f479', '2025-07-01 10:48:56', '2025-07-01 10:48:56');
INSERT INTO `department` (`uuid`, `department`, `tenant_id`, `client_id`, `created_on`, `modified_on`) VALUES ('ba0de69f-84a7-4d4a-8497-ef627b969bf8', 'Civil Systems', 'df234305-8a47-4b4d-8efb-716a6b695428', '7776bb89-a8a2-427f-ad5b-2fc646c0f479', '2025-07-01 10:48:56', '2025-07-01 10:48:56');
INSERT INTO `department` (`uuid`, `department`, `tenant_id`, `client_id`, `created_on`, `modified_on`) VALUES ('6bd899d5-ef33-4692-9758-ee3fa5af55e0', 'Biomedical', 'df234305-8a47-4b4d-8efb-716a6b695428', '7776bb89-a8a2-427f-ad5b-2fc646c0f479', '2025-07-01 10:48:56', '2025-07-01 10:48:56');
INSERT INTO `client` (`uuid`, `client_name`, `client_code`, `is_active`, `tenant_id`, `created_on`, `modified_on`) VALUES ('1c8d7201-55bd-41f8-bd83-8b6a9e885a57', 'Stanton Group', 1059, 1, 'df234305-8a47-4b4d-8efb-716a6b695428', '2025-07-01 10:48:56', '2025-07-01 10:48:56');
INSERT INTO `department` (`uuid`, `department`, `tenant_id`, `client_id`, `created_on`, `modified_on`) VALUES ('77822905-b017-4673-bc9d-9c9ab8c9f96b', 'Biomedical', 'df234305-8a47-4b4d-8efb-716a6b695428', '1c8d7201-55bd-41f8-bd83-8b6a9e885a57', '2025-07-01 10:48:56', '2025-07-01 10:48:56');
INSERT INTO `department` (`uuid`, `department`, `tenant_id`, `client_id`, `created_on`, `modified_on`) VALUES ('7bde5d59-517a-44d1-8312-1901928b0ec2', 'Cybersecurity', 'df234305-8a47-4b4d-8efb-716a6b695428', '1c8d7201-55bd-41f8-bd83-8b6a9e885a57', '2025-07-01 10:48:56', '2025-07-01 10:48:56');
INSERT INTO `department` (`uuid`, `department`, `tenant_id`, `client_id`, `created_on`, `modified_on`) VALUES ('744a68ce-6a45-4bf2-9bcb-6dfe0d3457d6', 'Robotics', 'df234305-8a47-4b4d-8efb-716a6b695428', '1c8d7201-55bd-41f8-bd83-8b6a9e885a57', '2025-07-01 10:48:56', '2025-07-01 10:48:56');
INSERT INTO `department` (`uuid`, `department`, `tenant_id`, `client_id`, `created_on`, `modified_on`) VALUES ('b5da0065-8c4d-4957-b75f-d71aee22412e', 'Aerospace', 'df234305-8a47-4b4d-8efb-716a6b695428', '1c8d7201-55bd-41f8-bd83-8b6a9e885a57', '2025-07-01 10:48:56', '2025-07-01 10:48:56');
INSERT INTO `department` (`uuid`, `department`, `tenant_id`, `client_id`, `created_on`, `modified_on`) VALUES ('6cbaaa97-ab66-499a-94d1-db46ef33f9b8', 'Civil Systems', 'df234305-8a47-4b4d-8efb-716a6b695428', '1c8d7201-55bd-41f8-bd83-8b6a9e885a57', '2025-07-01 10:48:56', '2025-07-01 10:48:56');
INSERT INTO `department` (`uuid`, `department`, `tenant_id`, `client_id`, `created_on`, `modified_on`) VALUES ('3eeb54cf-a14c-4d41-b632-eda989972d58', 'AI Solutions', 'df234305-8a47-4b4d-8efb-716a6b695428', '1c8d7201-55bd-41f8-bd83-8b6a9e885a57', '2025-07-01 10:48:56', '2025-07-01 10:48:56');
INSERT INTO `client` (`uuid`, `client_name`, `client_code`, `is_active`, `tenant_id`, `created_on`, `modified_on`) VALUES ('2a9a795a-30c9-47fe-a481-060c071f35fe', 'Parks LLC', 1060, 1, 'df234305-8a47-4b4d-8efb-716a6b695428', '2025-07-01 10:48:56', '2025-07-01 10:48:56');
INSERT INTO `department` (`uuid`, `department`, `tenant_id`, `client_id`, `created_on`, `modified_on`) VALUES ('6fabe416-65d3-489b-afc8-6e94491e815b', 'Robotics', 'df234305-8a47-4b4d-8efb-716a6b695428', '2a9a795a-30c9-47fe-a481-060c071f35fe', '2025-07-01 10:48:56', '2025-07-01 10:48:56');
INSERT INTO `department` (`uuid`, `department`, `tenant_id`, `client_id`, `created_on`, `modified_on`) VALUES ('fded1598-7638-4e09-a213-f02ce0d6b4ba', 'AI Solutions', 'df234305-8a47-4b4d-8efb-716a6b695428', '2a9a795a-30c9-47fe-a481-060c071f35fe', '2025-07-01 10:48:56', '2025-07-01 10:48:56');
INSERT INTO `department` (`uuid`, `department`, `tenant_id`, `client_id`, `created_on`, `modified_on`) VALUES ('101b7fa1-7c5c-4db4-bd20-15ceeee35d9b', 'Civil Systems', 'df234305-8a47-4b4d-8efb-716a6b695428', '2a9a795a-30c9-47fe-a481-060c071f35fe', '2025-07-01 10:48:56', '2025-07-01 10:48:56');
INSERT INTO `department` (`uuid`, `department`, `tenant_id`, `client_id`, `created_on`, `modified_on`) VALUES ('1fb6714f-fbf1-4cbf-b33f-c1b14964cf37', 'Aerospace', 'df234305-8a47-4b4d-8efb-716a6b695428', '2a9a795a-30c9-47fe-a481-060c071f35fe', '2025-07-01 10:48:56', '2025-07-01 10:48:56');
INSERT INTO `department` (`uuid`, `department`, `tenant_id`, `client_id`, `created_on`, `modified_on`) VALUES ('b0cdd1a4-6667-4a76-94af-fc67698f5f64', 'Cybersecurity', 'df234305-8a47-4b4d-8efb-716a6b695428', '2a9a795a-30c9-47fe-a481-060c071f35fe', '2025-07-01 10:48:56', '2025-07-01 10:48:56');
INSERT INTO `department` (`uuid`, `department`, `tenant_id`, `client_id`, `created_on`, `modified_on`) VALUES ('9e532f27-7706-4a85-8b98-d38d6ad54f66', 'Biomedical', 'df234305-8a47-4b4d-8efb-716a6b695428', '2a9a795a-30c9-47fe-a481-060c071f35fe', '2025-07-01 10:48:56', '2025-07-01 10:48:56');
INSERT INTO `client` (`uuid`, `client_name`, `client_code`, `is_active`, `tenant_id`, `created_on`, `modified_on`) VALUES ('b950f3d2-680a-45db-85e8-c8c4ecf0243e', 'Baldwin, Scott and Gomez', 1061, 1, 'df234305-8a47-4b4d-8efb-716a6b695428', '2025-07-01 10:48:56', '2025-07-01 10:48:56');
INSERT INTO `department` (`uuid`, `department`, `tenant_id`, `client_id`, `created_on`, `modified_on`) VALUES ('a21485bd-9cad-4048-aff3-5c641db43223', 'Civil Systems', 'df234305-8a47-4b4d-8efb-716a6b695428', 'b950f3d2-680a-45db-85e8-c8c4ecf0243e', '2025-07-01 10:48:56', '2025-07-01 10:48:56');
INSERT INTO `department` (`uuid`, `department`, `tenant_id`, `client_id`, `created_on`, `modified_on`) VALUES ('13c6ba75-6b48-467f-a91d-a11ff0808cc4', 'Biomedical', 'df234305-8a47-4b4d-8efb-716a6b695428', 'b950f3d2-680a-45db-85e8-c8c4ecf0243e', '2025-07-01 10:48:56', '2025-07-01 10:48:56');
INSERT INTO `department` (`uuid`, `department`, `tenant_id`, `client_id`, `created_on`, `modified_on`) VALUES ('ac9bb981-93b7-4bd7-966c-03504df33efd', 'Robotics', 'df234305-8a47-4b4d-8efb-716a6b695428', 'b950f3d2-680a-45db-85e8-c8c4ecf0243e', '2025-07-01 10:48:56', '2025-07-01 10:48:56');
INSERT INTO `department` (`uuid`, `department`, `tenant_id`, `client_id`, `created_on`, `modified_on`) VALUES ('8ba365ce-78c8-49d5-b62e-ca46687794bc', 'Aerospace', 'df234305-8a47-4b4d-8efb-716a6b695428', 'b950f3d2-680a-45db-85e8-c8c4ecf0243e', '2025-07-01 10:48:56', '2025-07-01 10:48:56');
INSERT INTO `department` (`uuid`, `department`, `tenant_id`, `client_id`, `created_on`, `modified_on`) VALUES ('b64490d9-5cd3-4f8a-a59c-dbb1c80ae2bc', 'Cybersecurity', 'df234305-8a47-4b4d-8efb-716a6b695428', 'b950f3d2-680a-45db-85e8-c8c4ecf0243e', '2025-07-01 10:48:56', '2025-07-01 10:48:56');
INSERT INTO `department` (`uuid`, `department`, `tenant_id`, `client_id`, `created_on`, `modified_on`) VALUES ('1aae08d3-b619-42eb-ab4e-7b6c5c12455b', 'AI Solutions', 'df234305-8a47-4b4d-8efb-716a6b695428', 'b950f3d2-680a-45db-85e8-c8c4ecf0243e', '2025-07-01 10:48:56', '2025-07-01 10:48:56');
INSERT INTO `client` (`uuid`, `client_name`, `client_code`, `is_active`, `tenant_id`, `created_on`, `modified_on`) VALUES ('780fc84a-f4d4-4c3f-b501-7918bc03a7de', 'Bennett-Clark', 1062, 1, 'df234305-8a47-4b4d-8efb-716a6b695428', '2025-07-01 10:48:56', '2025-07-01 10:48:56');
INSERT INTO `department` (`uuid`, `department`, `tenant_id`, `client_id`, `created_on`, `modified_on`) VALUES ('fa8d5212-a2ca-4ba2-97d4-4783a1a833c9', 'Aerospace', 'df234305-8a47-4b4d-8efb-716a6b695428', '780fc84a-f4d4-4c3f-b501-7918bc03a7de', '2025-07-01 10:48:56', '2025-07-01 10:48:56');
INSERT INTO `department` (`uuid`, `department`, `tenant_id`, `client_id`, `created_on`, `modified_on`) VALUES ('431f43d3-1ba3-446a-8ff3-19665f37dce9', 'Civil Systems', 'df234305-8a47-4b4d-8efb-716a6b695428', '780fc84a-f4d4-4c3f-b501-7918bc03a7de', '2025-07-01 10:48:56', '2025-07-01 10:48:56');
INSERT INTO `department` (`uuid`, `department`, `tenant_id`, `client_id`, `created_on`, `modified_on`) VALUES ('682fad1b-3db6-4c92-b6b4-3df7e0b2edfe', 'Biomedical', 'df234305-8a47-4b4d-8efb-716a6b695428', '780fc84a-f4d4-4c3f-b501-7918bc03a7de', '2025-07-01 10:48:56', '2025-07-01 10:48:56');
INSERT INTO `department` (`uuid`, `department`, `tenant_id`, `client_id`, `created_on`, `modified_on`) VALUES ('010ea23c-1a42-4c27-934c-f94f071db3a0', 'Robotics', 'df234305-8a47-4b4d-8efb-716a6b695428', '780fc84a-f4d4-4c3f-b501-7918bc03a7de', '2025-07-01 10:48:56', '2025-07-01 10:48:56');
INSERT INTO `department` (`uuid`, `department`, `tenant_id`, `client_id`, `created_on`, `modified_on`) VALUES ('30cdd944-8991-428c-9bbd-b6b829799c93', 'AI Solutions', 'df234305-8a47-4b4d-8efb-716a6b695428', '780fc84a-f4d4-4c3f-b501-7918bc03a7de', '2025-07-01 10:48:56', '2025-07-01 10:48:56');
INSERT INTO `department` (`uuid`, `department`, `tenant_id`, `client_id`, `created_on`, `modified_on`) VALUES ('79f1fabe-2617-494f-814e-1468501fa883', 'Cybersecurity', 'df234305-8a47-4b4d-8efb-716a6b695428', '780fc84a-f4d4-4c3f-b501-7918bc03a7de', '2025-07-01 10:48:56', '2025-07-01 10:48:56');
INSERT INTO `client` (`uuid`, `client_name`, `client_code`, `is_active`, `tenant_id`, `created_on`, `modified_on`) VALUES ('73d4511d-3bf5-4734-bfba-db0715f7ed62', 'Lopez, Johnson and Goodman', 1063, 1, 'df234305-8a47-4b4d-8efb-716a6b695428', '2025-07-01 10:48:56', '2025-07-01 10:48:56');
INSERT INTO `department` (`uuid`, `department`, `tenant_id`, `client_id`, `created_on`, `modified_on`) VALUES ('9902f103-428d-4074-99d4-bdf824693061', 'Aerospace', 'df234305-8a47-4b4d-8efb-716a6b695428', '73d4511d-3bf5-4734-bfba-db0715f7ed62', '2025-07-01 10:48:56', '2025-07-01 10:48:56');
INSERT INTO `department` (`uuid`, `department`, `tenant_id`, `client_id`, `created_on`, `modified_on`) VALUES ('1020bedf-0dd2-408a-a008-c1a5b0697d61', 'Cybersecurity', 'df234305-8a47-4b4d-8efb-716a6b695428', '73d4511d-3bf5-4734-bfba-db0715f7ed62', '2025-07-01 10:48:56', '2025-07-01 10:48:56');
INSERT INTO `department` (`uuid`, `department`, `tenant_id`, `client_id`, `created_on`, `modified_on`) VALUES ('944c43b6-97bc-4509-a095-8ac6c6bb4ba0', 'Biomedical', 'df234305-8a47-4b4d-8efb-716a6b695428', '73d4511d-3bf5-4734-bfba-db0715f7ed62', '2025-07-01 10:48:56', '2025-07-01 10:48:56');
INSERT INTO `department` (`uuid`, `department`, `tenant_id`, `client_id`, `created_on`, `modified_on`) VALUES ('d8801795-bfde-4f68-b076-d3e280423177', 'Robotics', 'df234305-8a47-4b4d-8efb-716a6b695428', '73d4511d-3bf5-4734-bfba-db0715f7ed62', '2025-07-01 10:48:56', '2025-07-01 10:48:56');
INSERT INTO `department` (`uuid`, `department`, `tenant_id`, `client_id`, `created_on`, `modified_on`) VALUES ('675ebabf-903f-4a52-b587-e2d8732cc69d', 'AI Solutions', 'df234305-8a47-4b4d-8efb-716a6b695428', '73d4511d-3bf5-4734-bfba-db0715f7ed62', '2025-07-01 10:48:56', '2025-07-01 10:48:56');
INSERT INTO `department` (`uuid`, `department`, `tenant_id`, `client_id`, `created_on`, `modified_on`) VALUES ('b407cc2b-a17c-4f86-afec-c5743975efb7', 'Civil Systems', 'df234305-8a47-4b4d-8efb-716a6b695428', '73d4511d-3bf5-4734-bfba-db0715f7ed62', '2025-07-01 10:48:56', '2025-07-01 10:48:56');
INSERT INTO `client` (`uuid`, `client_name`, `client_code`, `is_active`, `tenant_id`, `created_on`, `modified_on`) VALUES ('8f843bbb-fc80-4926-8707-2c732e940443', 'Webb and Sons', 1064, 1, 'df234305-8a47-4b4d-8efb-716a6b695428', '2025-07-01 10:48:56', '2025-07-01 10:48:56');
INSERT INTO `department` (`uuid`, `department`, `tenant_id`, `client_id`, `created_on`, `modified_on`) VALUES ('0fe47258-c08a-4b3d-87e0-044938bdb097', 'AI Solutions', 'df234305-8a47-4b4d-8efb-716a6b695428', '8f843bbb-fc80-4926-8707-2c732e940443', '2025-07-01 10:48:56', '2025-07-01 10:48:56');
INSERT INTO `department` (`uuid`, `department`, `tenant_id`, `client_id`, `created_on`, `modified_on`) VALUES ('43a51926-fc90-4b51-8e3a-3d912266f6d9', 'Civil Systems', 'df234305-8a47-4b4d-8efb-716a6b695428', '8f843bbb-fc80-4926-8707-2c732e940443', '2025-07-01 10:48:56', '2025-07-01 10:48:56');
INSERT INTO `department` (`uuid`, `department`, `tenant_id`, `client_id`, `created_on`, `modified_on`) VALUES ('fc03ca92-df07-4783-93e1-c6bdac02dd7a', 'Biomedical', 'df234305-8a47-4b4d-8efb-716a6b695428', '8f843bbb-fc80-4926-8707-2c732e940443', '2025-07-01 10:48:56', '2025-07-01 10:48:56');
INSERT INTO `department` (`uuid`, `department`, `tenant_id`, `client_id`, `created_on`, `modified_on`) VALUES ('9fe58c31-f671-4e39-99a4-b5ffd8fb5deb', 'Robotics', 'df234305-8a47-4b4d-8efb-716a6b695428', '8f843bbb-fc80-4926-8707-2c732e940443', '2025-07-01 10:48:56', '2025-07-01 10:48:56');
INSERT INTO `department` (`uuid`, `department`, `tenant_id`, `client_id`, `created_on`, `modified_on`) VALUES ('c6af4f93-e199-45d3-b5ed-ca1fc3f737eb', 'Aerospace', 'df234305-8a47-4b4d-8efb-716a6b695428', '8f843bbb-fc80-4926-8707-2c732e940443', '2025-07-01 10:48:56', '2025-07-01 10:48:56');
INSERT INTO `department` (`uuid`, `department`, `tenant_id`, `client_id`, `created_on`, `modified_on`) VALUES ('3bd68c9c-ac8f-4547-a9f0-1c39078203ef', 'Cybersecurity', 'df234305-8a47-4b4d-8efb-716a6b695428', '8f843bbb-fc80-4926-8707-2c732e940443', '2025-07-01 10:48:56', '2025-07-01 10:48:56');
INSERT INTO `client` (`uuid`, `client_name`, `client_code`, `is_active`, `tenant_id`, `created_on`, `modified_on`) VALUES ('53eeb2ff-7b5f-4da6-944d-8283ea00dfed', 'Campbell Inc', 1065, 1, 'df234305-8a47-4b4d-8efb-716a6b695428', '2025-07-01 10:48:56', '2025-07-01 10:48:56');
INSERT INTO `department` (`uuid`, `department`, `tenant_id`, `client_id`, `created_on`, `modified_on`) VALUES ('383b0ead-b347-4370-b5fc-eaa4ba0c1fa5', 'AI Solutions', 'df234305-8a47-4b4d-8efb-716a6b695428', '53eeb2ff-7b5f-4da6-944d-8283ea00dfed', '2025-07-01 10:48:56', '2025-07-01 10:48:56');
INSERT INTO `department` (`uuid`, `department`, `tenant_id`, `client_id`, `created_on`, `modified_on`) VALUES ('72bdd7bb-766e-4517-8356-602e81fcd119', 'Civil Systems', 'df234305-8a47-4b4d-8efb-716a6b695428', '53eeb2ff-7b5f-4da6-944d-8283ea00dfed', '2025-07-01 10:48:56', '2025-07-01 10:48:56');
INSERT INTO `department` (`uuid`, `department`, `tenant_id`, `client_id`, `created_on`, `modified_on`) VALUES ('b9caa480-3e0c-443b-9ee1-3e1df17aab8e', 'Biomedical', 'df234305-8a47-4b4d-8efb-716a6b695428', '53eeb2ff-7b5f-4da6-944d-8283ea00dfed', '2025-07-01 10:48:56', '2025-07-01 10:48:56');
INSERT INTO `department` (`uuid`, `department`, `tenant_id`, `client_id`, `created_on`, `modified_on`) VALUES ('834b5d94-9bc6-48fb-9be6-0e5cb2321444', 'Aerospace', 'df234305-8a47-4b4d-8efb-716a6b695428', '53eeb2ff-7b5f-4da6-944d-8283ea00dfed', '2025-07-01 10:48:56', '2025-07-01 10:48:56');
INSERT INTO `department` (`uuid`, `department`, `tenant_id`, `client_id`, `created_on`, `modified_on`) VALUES ('866fbe8e-71ef-4e0d-91e2-699f92b726bb', 'Cybersecurity', 'df234305-8a47-4b4d-8efb-716a6b695428', '53eeb2ff-7b5f-4da6-944d-8283ea00dfed', '2025-07-01 10:48:56', '2025-07-01 10:48:56');
INSERT INTO `department` (`uuid`, `department`, `tenant_id`, `client_id`, `created_on`, `modified_on`) VALUES ('e7feaa1c-af71-4a43-a38c-a0a172fd7760', 'Robotics', 'df234305-8a47-4b4d-8efb-716a6b695428', '53eeb2ff-7b5f-4da6-944d-8283ea00dfed', '2025-07-01 10:48:56', '2025-07-01 10:48:56');
INSERT INTO `client` (`uuid`, `client_name`, `client_code`, `is_active`, `tenant_id`, `created_on`, `modified_on`) VALUES ('9aed73f7-c3e9-45d1-bb2c-7ed7e8a00579', 'Thomas-Evans', 1066, 1, 'df234305-8a47-4b4d-8efb-716a6b695428', '2025-07-01 10:48:56', '2025-07-01 10:48:56');
INSERT INTO `department` (`uuid`, `department`, `tenant_id`, `client_id`, `created_on`, `modified_on`) VALUES ('418e1d2e-da52-41b4-936a-441f0038ebbf', 'Robotics', 'df234305-8a47-4b4d-8efb-716a6b695428', '9aed73f7-c3e9-45d1-bb2c-7ed7e8a00579', '2025-07-01 10:48:56', '2025-07-01 10:48:56');
INSERT INTO `department` (`uuid`, `department`, `tenant_id`, `client_id`, `created_on`, `modified_on`) VALUES ('06d5b6de-ef1f-4402-8148-b842b16394f9', 'Biomedical', 'df234305-8a47-4b4d-8efb-716a6b695428', '9aed73f7-c3e9-45d1-bb2c-7ed7e8a00579', '2025-07-01 10:48:56', '2025-07-01 10:48:56');
INSERT INTO `department` (`uuid`, `department`, `tenant_id`, `client_id`, `created_on`, `modified_on`) VALUES ('374d8e44-8d83-42cd-bf6e-aada13849a5d', 'AI Solutions', 'df234305-8a47-4b4d-8efb-716a6b695428', '9aed73f7-c3e9-45d1-bb2c-7ed7e8a00579', '2025-07-01 10:48:56', '2025-07-01 10:48:56');
INSERT INTO `department` (`uuid`, `department`, `tenant_id`, `client_id`, `created_on`, `modified_on`) VALUES ('5b895073-5d7b-4655-94e5-6ba78fd076d4', 'Cybersecurity', 'df234305-8a47-4b4d-8efb-716a6b695428', '9aed73f7-c3e9-45d1-bb2c-7ed7e8a00579', '2025-07-01 10:48:56', '2025-07-01 10:48:56');
INSERT INTO `department` (`uuid`, `department`, `tenant_id`, `client_id`, `created_on`, `modified_on`) VALUES ('d713d58c-f0ae-4a40-85a6-c38a665ae99e', 'Civil Systems', 'df234305-8a47-4b4d-8efb-716a6b695428', '9aed73f7-c3e9-45d1-bb2c-7ed7e8a00579', '2025-07-01 10:48:56', '2025-07-01 10:48:56');
INSERT INTO `department` (`uuid`, `department`, `tenant_id`, `client_id`, `created_on`, `modified_on`) VALUES ('84724f9d-999f-49b1-bfb7-4fad9b490fec', 'Aerospace', 'df234305-8a47-4b4d-8efb-716a6b695428', '9aed73f7-c3e9-45d1-bb2c-7ed7e8a00579', '2025-07-01 10:48:56', '2025-07-01 10:48:56');
INSERT INTO `client` (`uuid`, `client_name`, `client_code`, `is_active`, `tenant_id`, `created_on`, `modified_on`) VALUES ('6db270cc-620d-400c-b542-61f63f2eca8d', 'Butler Ltd', 1067, 1, 'df234305-8a47-4b4d-8efb-716a6b695428', '2025-07-01 10:48:56', '2025-07-01 10:48:56');
INSERT INTO `department` (`uuid`, `department`, `tenant_id`, `client_id`, `created_on`, `modified_on`) VALUES ('97ac1052-12b1-47fb-bfab-ca09d3065cee', 'AI Solutions', 'df234305-8a47-4b4d-8efb-716a6b695428', '6db270cc-620d-400c-b542-61f63f2eca8d', '2025-07-01 10:48:56', '2025-07-01 10:48:56');
INSERT INTO `department` (`uuid`, `department`, `tenant_id`, `client_id`, `created_on`, `modified_on`) VALUES ('3818ec1c-a3a6-4f9c-8575-44ead937caa9', 'Aerospace', 'df234305-8a47-4b4d-8efb-716a6b695428', '6db270cc-620d-400c-b542-61f63f2eca8d', '2025-07-01 10:48:56', '2025-07-01 10:48:56');
INSERT INTO `department` (`uuid`, `department`, `tenant_id`, `client_id`, `created_on`, `modified_on`) VALUES ('f3363ed2-b431-453f-9f88-5bccfd907423', 'Civil Systems', 'df234305-8a47-4b4d-8efb-716a6b695428', '6db270cc-620d-400c-b542-61f63f2eca8d', '2025-07-01 10:48:56', '2025-07-01 10:48:56');
INSERT INTO `department` (`uuid`, `department`, `tenant_id`, `client_id`, `created_on`, `modified_on`) VALUES ('43d8949e-b94f-4ac7-9a8a-2e977b6a242f', 'Robotics', 'df234305-8a47-4b4d-8efb-716a6b695428', '6db270cc-620d-400c-b542-61f63f2eca8d', '2025-07-01 10:48:56', '2025-07-01 10:48:56');
INSERT INTO `department` (`uuid`, `department`, `tenant_id`, `client_id`, `created_on`, `modified_on`) VALUES ('3b9c9ec4-4518-4a13-8845-7296ac6c6dad', 'Biomedical', 'df234305-8a47-4b4d-8efb-716a6b695428', '6db270cc-620d-400c-b542-61f63f2eca8d', '2025-07-01 10:48:56', '2025-07-01 10:48:56');
INSERT INTO `department` (`uuid`, `department`, `tenant_id`, `client_id`, `created_on`, `modified_on`) VALUES ('8890d8e0-5767-44ff-902f-e20f3302f351', 'Cybersecurity', 'df234305-8a47-4b4d-8efb-716a6b695428', '6db270cc-620d-400c-b542-61f63f2eca8d', '2025-07-01 10:48:56', '2025-07-01 10:48:56');
INSERT INTO `client` (`uuid`, `client_name`, `client_code`, `is_active`, `tenant_id`, `created_on`, `modified_on`) VALUES ('630c5215-9d0d-4253-aa3d-81d7e00fd1b3', 'Jackson Ltd', 1068, 1, 'df234305-8a47-4b4d-8efb-716a6b695428', '2025-07-01 10:48:56', '2025-07-01 10:48:56');
INSERT INTO `department` (`uuid`, `department`, `tenant_id`, `client_id`, `created_on`, `modified_on`) VALUES ('fd36cf2c-2274-4d63-9447-8dadfc137f04', 'Cybersecurity', 'df234305-8a47-4b4d-8efb-716a6b695428', '630c5215-9d0d-4253-aa3d-81d7e00fd1b3', '2025-07-01 10:48:56', '2025-07-01 10:48:56');
INSERT INTO `department` (`uuid`, `department`, `tenant_id`, `client_id`, `created_on`, `modified_on`) VALUES ('81c3dbfa-d13d-4e7d-8233-74e6c71cf053', 'Civil Systems', 'df234305-8a47-4b4d-8efb-716a6b695428', '630c5215-9d0d-4253-aa3d-81d7e00fd1b3', '2025-07-01 10:48:56', '2025-07-01 10:48:56');
INSERT INTO `department` (`uuid`, `department`, `tenant_id`, `client_id`, `created_on`, `modified_on`) VALUES ('ab365b9c-86d7-4f6c-b5b8-5134d08fcb42', 'Biomedical', 'df234305-8a47-4b4d-8efb-716a6b695428', '630c5215-9d0d-4253-aa3d-81d7e00fd1b3', '2025-07-01 10:48:56', '2025-07-01 10:48:56');
INSERT INTO `department` (`uuid`, `department`, `tenant_id`, `client_id`, `created_on`, `modified_on`) VALUES ('b4fea899-29b9-47c5-8f9d-d9133ee24ffa', 'AI Solutions', 'df234305-8a47-4b4d-8efb-716a6b695428', '630c5215-9d0d-4253-aa3d-81d7e00fd1b3', '2025-07-01 10:48:56', '2025-07-01 10:48:56');
INSERT INTO `department` (`uuid`, `department`, `tenant_id`, `client_id`, `created_on`, `modified_on`) VALUES ('f7892cfe-ed5f-4e11-856c-c1a1b6daf6eb', 'Robotics', 'df234305-8a47-4b4d-8efb-716a6b695428', '630c5215-9d0d-4253-aa3d-81d7e00fd1b3', '2025-07-01 10:48:56', '2025-07-01 10:48:56');
INSERT INTO `department` (`uuid`, `department`, `tenant_id`, `client_id`, `created_on`, `modified_on`) VALUES ('fd3ac94d-c272-41bd-815d-31b7e7fa8d5c', 'Aerospace', 'df234305-8a47-4b4d-8efb-716a6b695428', '630c5215-9d0d-4253-aa3d-81d7e00fd1b3', '2025-07-01 10:48:56', '2025-07-01 10:48:56');
INSERT INTO `client` (`uuid`, `client_name`, `client_code`, `is_active`, `tenant_id`, `created_on`, `modified_on`) VALUES ('197cb4ef-a5e3-4455-a000-5ea0ce6bbcd8', 'Romero, Bentley and Torres', 1069, 1, 'df234305-8a47-4b4d-8efb-716a6b695428', '2025-07-01 10:48:56', '2025-07-01 10:48:56');
INSERT INTO `department` (`uuid`, `department`, `tenant_id`, `client_id`, `created_on`, `modified_on`) VALUES ('3690090f-b3c1-4897-b2e5-114dd8f4d91c', 'Cybersecurity', 'df234305-8a47-4b4d-8efb-716a6b695428', '197cb4ef-a5e3-4455-a000-5ea0ce6bbcd8', '2025-07-01 10:48:56', '2025-07-01 10:48:56');
INSERT INTO `department` (`uuid`, `department`, `tenant_id`, `client_id`, `created_on`, `modified_on`) VALUES ('89dcb225-7691-45b3-ada7-26a810c006fd', 'Aerospace', 'df234305-8a47-4b4d-8efb-716a6b695428', '197cb4ef-a5e3-4455-a000-5ea0ce6bbcd8', '2025-07-01 10:48:56', '2025-07-01 10:48:56');
INSERT INTO `department` (`uuid`, `department`, `tenant_id`, `client_id`, `created_on`, `modified_on`) VALUES ('9c1e8e32-3d37-4932-ba80-f956bafd04d1', 'Biomedical', 'df234305-8a47-4b4d-8efb-716a6b695428', '197cb4ef-a5e3-4455-a000-5ea0ce6bbcd8', '2025-07-01 10:48:56', '2025-07-01 10:48:56');
INSERT INTO `department` (`uuid`, `department`, `tenant_id`, `client_id`, `created_on`, `modified_on`) VALUES ('f0c48207-fc80-4204-a579-69f8adbf230e', 'Civil Systems', 'df234305-8a47-4b4d-8efb-716a6b695428', '197cb4ef-a5e3-4455-a000-5ea0ce6bbcd8', '2025-07-01 10:48:56', '2025-07-01 10:48:56');
INSERT INTO `department` (`uuid`, `department`, `tenant_id`, `client_id`, `created_on`, `modified_on`) VALUES ('48f05809-b537-4d1a-b334-d8b95b7f4de3', 'AI Solutions', 'df234305-8a47-4b4d-8efb-716a6b695428', '197cb4ef-a5e3-4455-a000-5ea0ce6bbcd8', '2025-07-01 10:48:56', '2025-07-01 10:48:56');
INSERT INTO `department` (`uuid`, `department`, `tenant_id`, `client_id`, `created_on`, `modified_on`) VALUES ('960f426e-ad28-44ce-ba99-441d8ded55e0', 'Robotics', 'df234305-8a47-4b4d-8efb-716a6b695428', '197cb4ef-a5e3-4455-a000-5ea0ce6bbcd8', '2025-07-01 10:48:56', '2025-07-01 10:48:56');
INSERT INTO `client` (`uuid`, `client_name`, `client_code`, `is_active`, `tenant_id`, `created_on`, `modified_on`) VALUES ('8da2eb09-0335-4050-8a47-82ac540b20fa', 'Johnson Ltd', 1070, 1, 'df234305-8a47-4b4d-8efb-716a6b695428', '2025-07-01 10:48:56', '2025-07-01 10:48:56');
INSERT INTO `department` (`uuid`, `department`, `tenant_id`, `client_id`, `created_on`, `modified_on`) VALUES ('a5192d5e-90c1-46d2-8a70-99b79e5c30b8', 'Cybersecurity', 'df234305-8a47-4b4d-8efb-716a6b695428', '8da2eb09-0335-4050-8a47-82ac540b20fa', '2025-07-01 10:48:56', '2025-07-01 10:48:56');
INSERT INTO `department` (`uuid`, `department`, `tenant_id`, `client_id`, `created_on`, `modified_on`) VALUES ('483ea725-669c-4d07-a50c-564ef45d7d06', 'Robotics', 'df234305-8a47-4b4d-8efb-716a6b695428', '8da2eb09-0335-4050-8a47-82ac540b20fa', '2025-07-01 10:48:56', '2025-07-01 10:48:56');
INSERT INTO `department` (`uuid`, `department`, `tenant_id`, `client_id`, `created_on`, `modified_on`) VALUES ('9f986454-fbdd-4977-b7ff-dd6a00b783ca', 'Biomedical', 'df234305-8a47-4b4d-8efb-716a6b695428', '8da2eb09-0335-4050-8a47-82ac540b20fa', '2025-07-01 10:48:56', '2025-07-01 10:48:56');
INSERT INTO `department` (`uuid`, `department`, `tenant_id`, `client_id`, `created_on`, `modified_on`) VALUES ('b8c4fdbf-d86b-40da-bb87-92671a1e845e', 'AI Solutions', 'df234305-8a47-4b4d-8efb-716a6b695428', '8da2eb09-0335-4050-8a47-82ac540b20fa', '2025-07-01 10:48:56', '2025-07-01 10:48:56');
INSERT INTO `department` (`uuid`, `department`, `tenant_id`, `client_id`, `created_on`, `modified_on`) VALUES ('39b8acc8-ba5d-4e33-912d-993a3675ad6e', 'Aerospace', 'df234305-8a47-4b4d-8efb-716a6b695428', '8da2eb09-0335-4050-8a47-82ac540b20fa', '2025-07-01 10:48:56', '2025-07-01 10:48:56');
INSERT INTO `department` (`uuid`, `department`, `tenant_id`, `client_id`, `created_on`, `modified_on`) VALUES ('8f671cbc-d276-4286-896b-f692c2573537', 'Civil Systems', 'df234305-8a47-4b4d-8efb-716a6b695428', '8da2eb09-0335-4050-8a47-82ac540b20fa', '2025-07-01 10:48:56', '2025-07-01 10:48:56');
INSERT INTO `client` (`uuid`, `client_name`, `client_code`, `is_active`, `tenant_id`, `created_on`, `modified_on`) VALUES ('3122e9eb-76e3-48d7-954f-419487d0212e', 'David Inc', 1071, 1, 'df234305-8a47-4b4d-8efb-716a6b695428', '2025-07-01 10:48:56', '2025-07-01 10:48:56');
INSERT INTO `department` (`uuid`, `department`, `tenant_id`, `client_id`, `created_on`, `modified_on`) VALUES ('093011ff-e819-4881-b7a9-a2ade955bae3', 'Biomedical', 'df234305-8a47-4b4d-8efb-716a6b695428', '3122e9eb-76e3-48d7-954f-419487d0212e', '2025-07-01 10:48:56', '2025-07-01 10:48:56');
INSERT INTO `department` (`uuid`, `department`, `tenant_id`, `client_id`, `created_on`, `modified_on`) VALUES ('1f1f3745-caf4-4490-9f34-fb79aa1fbbb6', 'Robotics', 'df234305-8a47-4b4d-8efb-716a6b695428', '3122e9eb-76e3-48d7-954f-419487d0212e', '2025-07-01 10:48:56', '2025-07-01 10:48:56');
INSERT INTO `department` (`uuid`, `department`, `tenant_id`, `client_id`, `created_on`, `modified_on`) VALUES ('64bc60f0-94a5-4028-a121-4530892fa249', 'Aerospace', 'df234305-8a47-4b4d-8efb-716a6b695428', '3122e9eb-76e3-48d7-954f-419487d0212e', '2025-07-01 10:48:56', '2025-07-01 10:48:56');
INSERT INTO `department` (`uuid`, `department`, `tenant_id`, `client_id`, `created_on`, `modified_on`) VALUES ('2702d39c-9abb-425c-ad92-d92acd2d89f3', 'Civil Systems', 'df234305-8a47-4b4d-8efb-716a6b695428', '3122e9eb-76e3-48d7-954f-419487d0212e', '2025-07-01 10:48:56', '2025-07-01 10:48:56');
INSERT INTO `department` (`uuid`, `department`, `tenant_id`, `client_id`, `created_on`, `modified_on`) VALUES ('66f2ac81-28e7-48e6-afcd-29671c0fbb0e', 'Cybersecurity', 'df234305-8a47-4b4d-8efb-716a6b695428', '3122e9eb-76e3-48d7-954f-419487d0212e', '2025-07-01 10:48:56', '2025-07-01 10:48:56');
INSERT INTO `department` (`uuid`, `department`, `tenant_id`, `client_id`, `created_on`, `modified_on`) VALUES ('edc16664-49a5-4d62-88d5-ecf68f7e5894', 'AI Solutions', 'df234305-8a47-4b4d-8efb-716a6b695428', '3122e9eb-76e3-48d7-954f-419487d0212e', '2025-07-01 10:48:56', '2025-07-01 10:48:56');
INSERT INTO `client` (`uuid`, `client_name`, `client_code`, `is_active`, `tenant_id`, `created_on`, `modified_on`) VALUES ('b458608f-53bb-4537-98a3-dccc1fdfefc0', 'Miles, Heath and Davis', 1072, 1, 'df234305-8a47-4b4d-8efb-716a6b695428', '2025-07-01 10:48:56', '2025-07-01 10:48:56');
INSERT INTO `department` (`uuid`, `department`, `tenant_id`, `client_id`, `created_on`, `modified_on`) VALUES ('a6f179a7-5b79-4d25-bf37-f92cba448381', 'Aerospace', 'df234305-8a47-4b4d-8efb-716a6b695428', 'b458608f-53bb-4537-98a3-dccc1fdfefc0', '2025-07-01 10:48:56', '2025-07-01 10:48:56');
INSERT INTO `department` (`uuid`, `department`, `tenant_id`, `client_id`, `created_on`, `modified_on`) VALUES ('a79b3152-1a53-47d4-a799-24fb7776ba97', 'AI Solutions', 'df234305-8a47-4b4d-8efb-716a6b695428', 'b458608f-53bb-4537-98a3-dccc1fdfefc0', '2025-07-01 10:48:56', '2025-07-01 10:48:56');
INSERT INTO `department` (`uuid`, `department`, `tenant_id`, `client_id`, `created_on`, `modified_on`) VALUES ('c4d02010-f2cc-4061-8fe1-86849e97bbed', 'Robotics', 'df234305-8a47-4b4d-8efb-716a6b695428', 'b458608f-53bb-4537-98a3-dccc1fdfefc0', '2025-07-01 10:48:56', '2025-07-01 10:48:56');
INSERT INTO `department` (`uuid`, `department`, `tenant_id`, `client_id`, `created_on`, `modified_on`) VALUES ('434391e9-f0b7-4ea3-9a42-76444138742f', 'Civil Systems', 'df234305-8a47-4b4d-8efb-716a6b695428', 'b458608f-53bb-4537-98a3-dccc1fdfefc0', '2025-07-01 10:48:56', '2025-07-01 10:48:56');
INSERT INTO `department` (`uuid`, `department`, `tenant_id`, `client_id`, `created_on`, `modified_on`) VALUES ('f3b60f0b-a538-4907-b76a-f538dee3feff', 'Cybersecurity', 'df234305-8a47-4b4d-8efb-716a6b695428', 'b458608f-53bb-4537-98a3-dccc1fdfefc0', '2025-07-01 10:48:56', '2025-07-01 10:48:56');
INSERT INTO `department` (`uuid`, `department`, `tenant_id`, `client_id`, `created_on`, `modified_on`) VALUES ('6cb4975d-ee36-496d-9703-9eae944700db', 'Biomedical', 'df234305-8a47-4b4d-8efb-716a6b695428', 'b458608f-53bb-4537-98a3-dccc1fdfefc0', '2025-07-01 10:48:56', '2025-07-01 10:48:56');
INSERT INTO `client` (`uuid`, `client_name`, `client_code`, `is_active`, `tenant_id`, `created_on`, `modified_on`) VALUES ('01d6ce64-5a2e-4ed4-a298-4d809e48cb6e', 'Turner-Huber', 1073, 1, 'df234305-8a47-4b4d-8efb-716a6b695428', '2025-07-01 10:48:56', '2025-07-01 10:48:56');
INSERT INTO `department` (`uuid`, `department`, `tenant_id`, `client_id`, `created_on`, `modified_on`) VALUES ('2830197c-5d3c-4fac-acd4-d6c9d376fc03', 'Robotics', 'df234305-8a47-4b4d-8efb-716a6b695428', '01d6ce64-5a2e-4ed4-a298-4d809e48cb6e', '2025-07-01 10:48:56', '2025-07-01 10:48:56');
INSERT INTO `department` (`uuid`, `department`, `tenant_id`, `client_id`, `created_on`, `modified_on`) VALUES ('848fe8d7-0d0a-47f2-9084-d4158596112d', 'Biomedical', 'df234305-8a47-4b4d-8efb-716a6b695428', '01d6ce64-5a2e-4ed4-a298-4d809e48cb6e', '2025-07-01 10:48:56', '2025-07-01 10:48:56');
INSERT INTO `department` (`uuid`, `department`, `tenant_id`, `client_id`, `created_on`, `modified_on`) VALUES ('6830048c-f237-4968-af60-d1c99df06de9', 'Aerospace', 'df234305-8a47-4b4d-8efb-716a6b695428', '01d6ce64-5a2e-4ed4-a298-4d809e48cb6e', '2025-07-01 10:48:56', '2025-07-01 10:48:56');
INSERT INTO `department` (`uuid`, `department`, `tenant_id`, `client_id`, `created_on`, `modified_on`) VALUES ('33091180-4623-479a-bff4-f0bde6e9c673', 'Civil Systems', 'df234305-8a47-4b4d-8efb-716a6b695428', '01d6ce64-5a2e-4ed4-a298-4d809e48cb6e', '2025-07-01 10:48:56', '2025-07-01 10:48:56');
INSERT INTO `department` (`uuid`, `department`, `tenant_id`, `client_id`, `created_on`, `modified_on`) VALUES ('59392162-67d5-4ead-a37c-2ba3a4c37ed7', 'Cybersecurity', 'df234305-8a47-4b4d-8efb-716a6b695428', '01d6ce64-5a2e-4ed4-a298-4d809e48cb6e', '2025-07-01 10:48:56', '2025-07-01 10:48:56');
INSERT INTO `department` (`uuid`, `department`, `tenant_id`, `client_id`, `created_on`, `modified_on`) VALUES ('40caa3cb-a9f8-488c-9de1-26775619d30a', 'AI Solutions', 'df234305-8a47-4b4d-8efb-716a6b695428', '01d6ce64-5a2e-4ed4-a298-4d809e48cb6e', '2025-07-01 10:48:56', '2025-07-01 10:48:56');
INSERT INTO `client` (`uuid`, `client_name`, `client_code`, `is_active`, `tenant_id`, `created_on`, `modified_on`) VALUES ('bfa1abfa-22e6-4a8f-8cad-a06d795b7e75', 'Shea-Jones', 1074, 1, 'df234305-8a47-4b4d-8efb-716a6b695428', '2025-07-01 10:48:56', '2025-07-01 10:48:56');
INSERT INTO `department` (`uuid`, `department`, `tenant_id`, `client_id`, `created_on`, `modified_on`) VALUES ('4e19b220-1c30-4a1e-85a7-32968c03dec0', 'Civil Systems', 'df234305-8a47-4b4d-8efb-716a6b695428', 'bfa1abfa-22e6-4a8f-8cad-a06d795b7e75', '2025-07-01 10:48:56', '2025-07-01 10:48:56');
INSERT INTO `department` (`uuid`, `department`, `tenant_id`, `client_id`, `created_on`, `modified_on`) VALUES ('19ccf6cf-c5fd-4842-b5a3-79f333ab9e88', 'Aerospace', 'df234305-8a47-4b4d-8efb-716a6b695428', 'bfa1abfa-22e6-4a8f-8cad-a06d795b7e75', '2025-07-01 10:48:56', '2025-07-01 10:48:56');
INSERT INTO `department` (`uuid`, `department`, `tenant_id`, `client_id`, `created_on`, `modified_on`) VALUES ('ef61a8d2-87e9-40a1-8ec0-663e6ca3627b', 'Cybersecurity', 'df234305-8a47-4b4d-8efb-716a6b695428', 'bfa1abfa-22e6-4a8f-8cad-a06d795b7e75', '2025-07-01 10:48:56', '2025-07-01 10:48:56');
INSERT INTO `department` (`uuid`, `department`, `tenant_id`, `client_id`, `created_on`, `modified_on`) VALUES ('1f66c9d5-df86-453d-88cd-26c674f7fc93', 'Robotics', 'df234305-8a47-4b4d-8efb-716a6b695428', 'bfa1abfa-22e6-4a8f-8cad-a06d795b7e75', '2025-07-01 10:48:56', '2025-07-01 10:48:56');
INSERT INTO `department` (`uuid`, `department`, `tenant_id`, `client_id`, `created_on`, `modified_on`) VALUES ('5a56100f-cca1-4477-8f0b-fb3130a0887b', 'AI Solutions', 'df234305-8a47-4b4d-8efb-716a6b695428', 'bfa1abfa-22e6-4a8f-8cad-a06d795b7e75', '2025-07-01 10:48:56', '2025-07-01 10:48:56');
INSERT INTO `client` (`uuid`, `client_name`, `client_code`, `is_active`, `tenant_id`, `created_on`, `modified_on`) VALUES ('d3e8a091-0530-41e2-adb3-81383872facf', 'Cooper, Fitzgerald and Dodson', 1075, 1, 'df234305-8a47-4b4d-8efb-716a6b695428', '2025-07-01 10:48:56', '2025-07-01 10:48:56');
INSERT INTO `department` (`uuid`, `department`, `tenant_id`, `client_id`, `created_on`, `modified_on`) VALUES ('3cce897f-5f01-48bc-a953-a0b5e7667e19', 'AI Solutions', 'df234305-8a47-4b4d-8efb-716a6b695428', 'd3e8a091-0530-41e2-adb3-81383872facf', '2025-07-01 10:48:56', '2025-07-01 10:48:56');
INSERT INTO `department` (`uuid`, `department`, `tenant_id`, `client_id`, `created_on`, `modified_on`) VALUES ('a5b71f23-d034-4f9e-9a73-eb6801e09ae1', 'Cybersecurity', 'df234305-8a47-4b4d-8efb-716a6b695428', 'd3e8a091-0530-41e2-adb3-81383872facf', '2025-07-01 10:48:56', '2025-07-01 10:48:56');
INSERT INTO `department` (`uuid`, `department`, `tenant_id`, `client_id`, `created_on`, `modified_on`) VALUES ('ce214e3a-9f9a-481a-9805-c13868556b73', 'Civil Systems', 'df234305-8a47-4b4d-8efb-716a6b695428', 'd3e8a091-0530-41e2-adb3-81383872facf', '2025-07-01 10:48:56', '2025-07-01 10:48:56');
INSERT INTO `department` (`uuid`, `department`, `tenant_id`, `client_id`, `created_on`, `modified_on`) VALUES ('c154e5a9-0589-4b40-a005-54f834027f45', 'Biomedical', 'df234305-8a47-4b4d-8efb-716a6b695428', 'd3e8a091-0530-41e2-adb3-81383872facf', '2025-07-01 10:48:56', '2025-07-01 10:48:56');
INSERT INTO `department` (`uuid`, `department`, `tenant_id`, `client_id`, `created_on`, `modified_on`) VALUES ('a16616ac-593d-4faa-9302-ec7979af4d10', 'Aerospace', 'df234305-8a47-4b4d-8efb-716a6b695428', 'd3e8a091-0530-41e2-adb3-81383872facf', '2025-07-01 10:48:56', '2025-07-01 10:48:56');
INSERT INTO `department` (`uuid`, `department`, `tenant_id`, `client_id`, `created_on`, `modified_on`) VALUES ('15836671-bf49-4333-a5a3-670418d3f372', 'Robotics', 'df234305-8a47-4b4d-8efb-716a6b695428', 'd3e8a091-0530-41e2-adb3-81383872facf', '2025-07-01 10:48:56', '2025-07-01 10:48:56');
INSERT INTO `client` (`uuid`, `client_name`, `client_code`, `is_active`, `tenant_id`, `created_on`, `modified_on`) VALUES ('c9d92693-42e6-4011-8130-72ca38a83598', 'Booth-Kramer', 1076, 1, 'df234305-8a47-4b4d-8efb-716a6b695428', '2025-07-01 10:48:56', '2025-07-01 10:48:56');
INSERT INTO `department` (`uuid`, `department`, `tenant_id`, `client_id`, `created_on`, `modified_on`) VALUES ('3540a773-2e1e-4687-bfdb-14e91214d0e4', 'Cybersecurity', 'df234305-8a47-4b4d-8efb-716a6b695428', 'c9d92693-42e6-4011-8130-72ca38a83598', '2025-07-01 10:48:56', '2025-07-01 10:48:56');
INSERT INTO `department` (`uuid`, `department`, `tenant_id`, `client_id`, `created_on`, `modified_on`) VALUES ('5d6f523a-d142-4a35-b8d0-c9c3d2c1fb16', 'Robotics', 'df234305-8a47-4b4d-8efb-716a6b695428', 'c9d92693-42e6-4011-8130-72ca38a83598', '2025-07-01 10:48:56', '2025-07-01 10:48:56');
INSERT INTO `department` (`uuid`, `department`, `tenant_id`, `client_id`, `created_on`, `modified_on`) VALUES ('860b3554-bc65-40cb-9a6e-6249e170830c', 'Civil Systems', 'df234305-8a47-4b4d-8efb-716a6b695428', 'c9d92693-42e6-4011-8130-72ca38a83598', '2025-07-01 10:48:56', '2025-07-01 10:48:56');
INSERT INTO `department` (`uuid`, `department`, `tenant_id`, `client_id`, `created_on`, `modified_on`) VALUES ('f464d4ed-1e69-4461-bb7e-729da6bc6d36', 'AI Solutions', 'df234305-8a47-4b4d-8efb-716a6b695428', 'c9d92693-42e6-4011-8130-72ca38a83598', '2025-07-01 10:48:56', '2025-07-01 10:48:56');
INSERT INTO `department` (`uuid`, `department`, `tenant_id`, `client_id`, `created_on`, `modified_on`) VALUES ('6ad17ace-8b18-4c95-a849-8b6fb8198279', 'Aerospace', 'df234305-8a47-4b4d-8efb-716a6b695428', 'c9d92693-42e6-4011-8130-72ca38a83598', '2025-07-01 10:48:56', '2025-07-01 10:48:56');
INSERT INTO `department` (`uuid`, `department`, `tenant_id`, `client_id`, `created_on`, `modified_on`) VALUES ('71e8c5dc-1247-4479-9013-40f8ada78c96', 'Biomedical', 'df234305-8a47-4b4d-8efb-716a6b695428', 'c9d92693-42e6-4011-8130-72ca38a83598', '2025-07-01 10:48:56', '2025-07-01 10:48:56');
INSERT INTO `client` (`uuid`, `client_name`, `client_code`, `is_active`, `tenant_id`, `created_on`, `modified_on`) VALUES ('f7c724b7-c2b6-494e-99f2-eeda3dea5600', 'Murray-Burns', 1077, 1, 'df234305-8a47-4b4d-8efb-716a6b695428', '2025-07-01 10:48:56', '2025-07-01 10:48:56');
INSERT INTO `department` (`uuid`, `department`, `tenant_id`, `client_id`, `created_on`, `modified_on`) VALUES ('c3bf6e33-c5ad-47f5-892b-220647d81db3', 'Civil Systems', 'df234305-8a47-4b4d-8efb-716a6b695428', 'f7c724b7-c2b6-494e-99f2-eeda3dea5600', '2025-07-01 10:48:56', '2025-07-01 10:48:56');
INSERT INTO `department` (`uuid`, `department`, `tenant_id`, `client_id`, `created_on`, `modified_on`) VALUES ('04c36b4e-1922-4167-b97e-0d8a5bc8662e', 'AI Solutions', 'df234305-8a47-4b4d-8efb-716a6b695428', 'f7c724b7-c2b6-494e-99f2-eeda3dea5600', '2025-07-01 10:48:56', '2025-07-01 10:48:56');
INSERT INTO `department` (`uuid`, `department`, `tenant_id`, `client_id`, `created_on`, `modified_on`) VALUES ('4fffe186-5ed9-4650-99ae-8e43fd564e32', 'Biomedical', 'df234305-8a47-4b4d-8efb-716a6b695428', 'f7c724b7-c2b6-494e-99f2-eeda3dea5600', '2025-07-01 10:48:56', '2025-07-01 10:48:56');
INSERT INTO `department` (`uuid`, `department`, `tenant_id`, `client_id`, `created_on`, `modified_on`) VALUES ('048368f4-6d36-468e-bc7d-443ff10725bc', 'Robotics', 'df234305-8a47-4b4d-8efb-716a6b695428', 'f7c724b7-c2b6-494e-99f2-eeda3dea5600', '2025-07-01 10:48:56', '2025-07-01 10:48:56');
INSERT INTO `department` (`uuid`, `department`, `tenant_id`, `client_id`, `created_on`, `modified_on`) VALUES ('0b878415-1df8-41eb-8562-cd57aef10eb2', 'Cybersecurity', 'df234305-8a47-4b4d-8efb-716a6b695428', 'f7c724b7-c2b6-494e-99f2-eeda3dea5600', '2025-07-01 10:48:56', '2025-07-01 10:48:56');
INSERT INTO `department` (`uuid`, `department`, `tenant_id`, `client_id`, `created_on`, `modified_on`) VALUES ('8e9334d9-901c-4ab0-b97f-3bd1d954a200', 'Aerospace', 'df234305-8a47-4b4d-8efb-716a6b695428', 'f7c724b7-c2b6-494e-99f2-eeda3dea5600', '2025-07-01 10:48:56', '2025-07-01 10:48:56');
INSERT INTO `client` (`uuid`, `client_name`, `client_code`, `is_active`, `tenant_id`, `created_on`, `modified_on`) VALUES ('442adbaf-1666-4928-94c4-5a87a244b115', 'Fox Group', 1078, 1, 'df234305-8a47-4b4d-8efb-716a6b695428', '2025-07-01 10:48:56', '2025-07-01 10:48:56');
INSERT INTO `department` (`uuid`, `department`, `tenant_id`, `client_id`, `created_on`, `modified_on`) VALUES ('9a369c3e-4af9-42d6-a010-147bc1df0dcd', 'Civil Systems', 'df234305-8a47-4b4d-8efb-716a6b695428', '442adbaf-1666-4928-94c4-5a87a244b115', '2025-07-01 10:48:56', '2025-07-01 10:48:56');
INSERT INTO `department` (`uuid`, `department`, `tenant_id`, `client_id`, `created_on`, `modified_on`) VALUES ('e52fe737-1323-49ac-9311-71dd733aa835', 'AI Solutions', 'df234305-8a47-4b4d-8efb-716a6b695428', '442adbaf-1666-4928-94c4-5a87a244b115', '2025-07-01 10:48:56', '2025-07-01 10:48:56');
INSERT INTO `department` (`uuid`, `department`, `tenant_id`, `client_id`, `created_on`, `modified_on`) VALUES ('bddb1bd4-a119-43b2-94ed-bee0d13243b2', 'Aerospace', 'df234305-8a47-4b4d-8efb-716a6b695428', '442adbaf-1666-4928-94c4-5a87a244b115', '2025-07-01 10:48:56', '2025-07-01 10:48:56');
INSERT INTO `department` (`uuid`, `department`, `tenant_id`, `client_id`, `created_on`, `modified_on`) VALUES ('31d5595d-d7bb-475e-b5f1-04b90b039b76', 'Biomedical', 'df234305-8a47-4b4d-8efb-716a6b695428', '442adbaf-1666-4928-94c4-5a87a244b115', '2025-07-01 10:48:56', '2025-07-01 10:48:56');
INSERT INTO `department` (`uuid`, `department`, `tenant_id`, `client_id`, `created_on`, `modified_on`) VALUES ('ad28d9af-77d4-4f1b-8b92-a04fb26fef77', 'Robotics', 'df234305-8a47-4b4d-8efb-716a6b695428', '442adbaf-1666-4928-94c4-5a87a244b115', '2025-07-01 10:48:56', '2025-07-01 10:48:56');
INSERT INTO `department` (`uuid`, `department`, `tenant_id`, `client_id`, `created_on`, `modified_on`) VALUES ('9d1a930c-008d-4910-8638-5861bffd6461', 'Cybersecurity', 'df234305-8a47-4b4d-8efb-716a6b695428', '442adbaf-1666-4928-94c4-5a87a244b115', '2025-07-01 10:48:56', '2025-07-01 10:48:56');
INSERT INTO `client` (`uuid`, `client_name`, `client_code`, `is_active`, `tenant_id`, `created_on`, `modified_on`) VALUES ('2179b0e7-ec96-4e04-b9e0-9f35bb918b31', 'Zimmerman, Rodriguez and Booth', 1079, 1, 'df234305-8a47-4b4d-8efb-716a6b695428', '2025-07-01 10:48:56', '2025-07-01 10:48:56');
INSERT INTO `department` (`uuid`, `department`, `tenant_id`, `client_id`, `created_on`, `modified_on`) VALUES ('6814ee44-0db8-4fd2-95b3-ce0f7e9b9680', 'Robotics', 'df234305-8a47-4b4d-8efb-716a6b695428', '2179b0e7-ec96-4e04-b9e0-9f35bb918b31', '2025-07-01 10:48:56', '2025-07-01 10:48:56');
INSERT INTO `department` (`uuid`, `department`, `tenant_id`, `client_id`, `created_on`, `modified_on`) VALUES ('7b603c28-6e1b-47d3-80d2-dae81793fd88', 'Biomedical', 'df234305-8a47-4b4d-8efb-716a6b695428', '2179b0e7-ec96-4e04-b9e0-9f35bb918b31', '2025-07-01 10:48:56', '2025-07-01 10:48:56');
INSERT INTO `department` (`uuid`, `department`, `tenant_id`, `client_id`, `created_on`, `modified_on`) VALUES ('567de0d7-fa8b-458a-a393-0a852f25776d', 'Cybersecurity', 'df234305-8a47-4b4d-8efb-716a6b695428', '2179b0e7-ec96-4e04-b9e0-9f35bb918b31', '2025-07-01 10:48:56', '2025-07-01 10:48:56');
INSERT INTO `department` (`uuid`, `department`, `tenant_id`, `client_id`, `created_on`, `modified_on`) VALUES ('35b32f95-2279-4ac2-9b57-2de97302fed4', 'AI Solutions', 'df234305-8a47-4b4d-8efb-716a6b695428', '2179b0e7-ec96-4e04-b9e0-9f35bb918b31', '2025-07-01 10:48:56', '2025-07-01 10:48:56');
INSERT INTO `department` (`uuid`, `department`, `tenant_id`, `client_id`, `created_on`, `modified_on`) VALUES ('71bc4295-9657-41d4-81e0-2471e68d0361', 'Civil Systems', 'df234305-8a47-4b4d-8efb-716a6b695428', '2179b0e7-ec96-4e04-b9e0-9f35bb918b31', '2025-07-01 10:48:56', '2025-07-01 10:48:56');
INSERT INTO `department` (`uuid`, `department`, `tenant_id`, `client_id`, `created_on`, `modified_on`) VALUES ('69b152df-cef7-436b-b9a3-d6f95b048ea7', 'Aerospace', 'df234305-8a47-4b4d-8efb-716a6b695428', '2179b0e7-ec96-4e04-b9e0-9f35bb918b31', '2025-07-01 10:48:56', '2025-07-01 10:48:56');
INSERT INTO `client` (`uuid`, `client_name`, `client_code`, `is_active`, `tenant_id`, `created_on`, `modified_on`) VALUES ('1e7e440d-be54-46b2-b715-38390975c57e', 'Burch, Levy and Harding', 1080, 1, 'df234305-8a47-4b4d-8efb-716a6b695428', '2025-07-01 10:48:56', '2025-07-01 10:48:56');
INSERT INTO `department` (`uuid`, `department`, `tenant_id`, `client_id`, `created_on`, `modified_on`) VALUES ('221451c5-7412-4903-8746-97fa0b008b3c', 'Robotics', 'df234305-8a47-4b4d-8efb-716a6b695428', '1e7e440d-be54-46b2-b715-38390975c57e', '2025-07-01 10:48:56', '2025-07-01 10:48:56');
INSERT INTO `department` (`uuid`, `department`, `tenant_id`, `client_id`, `created_on`, `modified_on`) VALUES ('3ddba8e5-fe05-45f6-ac5d-ed31cde4cf6e', 'Cybersecurity', 'df234305-8a47-4b4d-8efb-716a6b695428', '1e7e440d-be54-46b2-b715-38390975c57e', '2025-07-01 10:48:56', '2025-07-01 10:48:56');
INSERT INTO `department` (`uuid`, `department`, `tenant_id`, `client_id`, `created_on`, `modified_on`) VALUES ('784f9b22-afb4-4e6d-999b-edc497363985', 'Biomedical', 'df234305-8a47-4b4d-8efb-716a6b695428', '1e7e440d-be54-46b2-b715-38390975c57e', '2025-07-01 10:48:56', '2025-07-01 10:48:56');
INSERT INTO `department` (`uuid`, `department`, `tenant_id`, `client_id`, `created_on`, `modified_on`) VALUES ('9190eb18-4a74-4851-9eaf-80287b97966c', 'Civil Systems', 'df234305-8a47-4b4d-8efb-716a6b695428', '1e7e440d-be54-46b2-b715-38390975c57e', '2025-07-01 10:48:56', '2025-07-01 10:48:56');
INSERT INTO `department` (`uuid`, `department`, `tenant_id`, `client_id`, `created_on`, `modified_on`) VALUES ('0c71aaf4-50f4-4072-943f-c288f7bf00f2', 'AI Solutions', 'df234305-8a47-4b4d-8efb-716a6b695428', '1e7e440d-be54-46b2-b715-38390975c57e', '2025-07-01 10:48:56', '2025-07-01 10:48:56');
INSERT INTO `department` (`uuid`, `department`, `tenant_id`, `client_id`, `created_on`, `modified_on`) VALUES ('73ebf986-d386-4328-bd20-f3a95838d32b', 'Aerospace', 'df234305-8a47-4b4d-8efb-716a6b695428', '1e7e440d-be54-46b2-b715-38390975c57e', '2025-07-01 10:48:56', '2025-07-01 10:48:56');
INSERT INTO `client` (`uuid`, `client_name`, `client_code`, `is_active`, `tenant_id`, `created_on`, `modified_on`) VALUES ('11592969-5937-491a-bc06-c84567a362b1', 'Mendez Inc', 1081, 1, 'df234305-8a47-4b4d-8efb-716a6b695428', '2025-07-01 10:48:56', '2025-07-01 10:48:56');
INSERT INTO `department` (`uuid`, `department`, `tenant_id`, `client_id`, `created_on`, `modified_on`) VALUES ('be3a7138-2eab-4181-9f79-76c6801bd520', 'Robotics', 'df234305-8a47-4b4d-8efb-716a6b695428', '11592969-5937-491a-bc06-c84567a362b1', '2025-07-01 10:48:56', '2025-07-01 10:48:56');
INSERT INTO `department` (`uuid`, `department`, `tenant_id`, `client_id`, `created_on`, `modified_on`) VALUES ('ce54d82a-0b25-4914-aa19-90a894e1646a', 'Aerospace', 'df234305-8a47-4b4d-8efb-716a6b695428', '11592969-5937-491a-bc06-c84567a362b1', '2025-07-01 10:48:56', '2025-07-01 10:48:56');
INSERT INTO `department` (`uuid`, `department`, `tenant_id`, `client_id`, `created_on`, `modified_on`) VALUES ('884091de-8c9a-4c84-b0bf-59b950730da2', 'AI Solutions', 'df234305-8a47-4b4d-8efb-716a6b695428', '11592969-5937-491a-bc06-c84567a362b1', '2025-07-01 10:48:56', '2025-07-01 10:48:56');
INSERT INTO `department` (`uuid`, `department`, `tenant_id`, `client_id`, `created_on`, `modified_on`) VALUES ('057ef112-60b7-45f9-9e68-c4378c6fbd38', 'Cybersecurity', 'df234305-8a47-4b4d-8efb-716a6b695428', '11592969-5937-491a-bc06-c84567a362b1', '2025-07-01 10:48:56', '2025-07-01 10:48:56');
INSERT INTO `department` (`uuid`, `department`, `tenant_id`, `client_id`, `created_on`, `modified_on`) VALUES ('18743aa0-bdad-4954-931c-4b28463a4f3a', 'Biomedical', 'df234305-8a47-4b4d-8efb-716a6b695428', '11592969-5937-491a-bc06-c84567a362b1', '2025-07-01 10:48:56', '2025-07-01 10:48:56');
INSERT INTO `department` (`uuid`, `department`, `tenant_id`, `client_id`, `created_on`, `modified_on`) VALUES ('d2541532-3ed0-4b45-8ef0-6cf6cc748582', 'Civil Systems', 'df234305-8a47-4b4d-8efb-716a6b695428', '11592969-5937-491a-bc06-c84567a362b1', '2025-07-01 10:48:56', '2025-07-01 10:48:56');
INSERT INTO `client` (`uuid`, `client_name`, `client_code`, `is_active`, `tenant_id`, `created_on`, `modified_on`) VALUES ('289e1194-cab2-4f06-892f-b1bb442641d2', 'Charles-Brown', 1082, 1, 'df234305-8a47-4b4d-8efb-716a6b695428', '2025-07-01 10:48:56', '2025-07-01 10:48:56');
INSERT INTO `department` (`uuid`, `department`, `tenant_id`, `client_id`, `created_on`, `modified_on`) VALUES ('476bd56f-6fe2-40b7-8238-36c7f0108d61', 'Robotics', 'df234305-8a47-4b4d-8efb-716a6b695428', '289e1194-cab2-4f06-892f-b1bb442641d2', '2025-07-01 10:48:56', '2025-07-01 10:48:56');
INSERT INTO `department` (`uuid`, `department`, `tenant_id`, `client_id`, `created_on`, `modified_on`) VALUES ('6013df56-a166-44c6-8abc-ffc5205fab74', 'Aerospace', 'df234305-8a47-4b4d-8efb-716a6b695428', '289e1194-cab2-4f06-892f-b1bb442641d2', '2025-07-01 10:48:56', '2025-07-01 10:48:56');
INSERT INTO `department` (`uuid`, `department`, `tenant_id`, `client_id`, `created_on`, `modified_on`) VALUES ('039977f0-6dd7-463a-b31b-b6240f865dd7', 'AI Solutions', 'df234305-8a47-4b4d-8efb-716a6b695428', '289e1194-cab2-4f06-892f-b1bb442641d2', '2025-07-01 10:48:56', '2025-07-01 10:48:56');
INSERT INTO `department` (`uuid`, `department`, `tenant_id`, `client_id`, `created_on`, `modified_on`) VALUES ('9c7e6344-5362-4feb-9245-a855e66ece0a', 'Biomedical', 'df234305-8a47-4b4d-8efb-716a6b695428', '289e1194-cab2-4f06-892f-b1bb442641d2', '2025-07-01 10:48:56', '2025-07-01 10:48:56');
INSERT INTO `department` (`uuid`, `department`, `tenant_id`, `client_id`, `created_on`, `modified_on`) VALUES ('86b74a66-f8e1-4126-87e8-cad845800323', 'Cybersecurity', 'df234305-8a47-4b4d-8efb-716a6b695428', '289e1194-cab2-4f06-892f-b1bb442641d2', '2025-07-01 10:48:56', '2025-07-01 10:48:56');
INSERT INTO `department` (`uuid`, `department`, `tenant_id`, `client_id`, `created_on`, `modified_on`) VALUES ('19f5d648-b602-4f28-b947-5bf605c24119', 'Civil Systems', 'df234305-8a47-4b4d-8efb-716a6b695428', '289e1194-cab2-4f06-892f-b1bb442641d2', '2025-07-01 10:48:56', '2025-07-01 10:48:56');
INSERT INTO `client` (`uuid`, `client_name`, `client_code`, `is_active`, `tenant_id`, `created_on`, `modified_on`) VALUES ('dfb106ef-baff-4a2c-9337-6d30ac60b981', 'Becker PLC', 1083, 1, 'df234305-8a47-4b4d-8efb-716a6b695428', '2025-07-01 10:48:56', '2025-07-01 10:48:56');
INSERT INTO `department` (`uuid`, `department`, `tenant_id`, `client_id`, `created_on`, `modified_on`) VALUES ('8a8f3938-a0fa-4a71-96f6-fff6ea7b5ad7', 'AI Solutions', 'df234305-8a47-4b4d-8efb-716a6b695428', 'dfb106ef-baff-4a2c-9337-6d30ac60b981', '2025-07-01 10:48:56', '2025-07-01 10:48:56');
INSERT INTO `department` (`uuid`, `department`, `tenant_id`, `client_id`, `created_on`, `modified_on`) VALUES ('dbf21aa4-5387-4747-af44-1ff9a3e1f1a3', 'Civil Systems', 'df234305-8a47-4b4d-8efb-716a6b695428', 'dfb106ef-baff-4a2c-9337-6d30ac60b981', '2025-07-01 10:48:56', '2025-07-01 10:48:56');
INSERT INTO `department` (`uuid`, `department`, `tenant_id`, `client_id`, `created_on`, `modified_on`) VALUES ('e5b44c7b-5df1-4181-b1af-336d67e1f76f', 'Aerospace', 'df234305-8a47-4b4d-8efb-716a6b695428', 'dfb106ef-baff-4a2c-9337-6d30ac60b981', '2025-07-01 10:48:56', '2025-07-01 10:48:56');
INSERT INTO `department` (`uuid`, `department`, `tenant_id`, `client_id`, `created_on`, `modified_on`) VALUES ('ae6a0e5a-cb83-466d-aa19-27756db10c4c', 'Cybersecurity', 'df234305-8a47-4b4d-8efb-716a6b695428', 'dfb106ef-baff-4a2c-9337-6d30ac60b981', '2025-07-01 10:48:56', '2025-07-01 10:48:56');
INSERT INTO `department` (`uuid`, `department`, `tenant_id`, `client_id`, `created_on`, `modified_on`) VALUES ('688c98e6-3ce7-4b09-bf02-fd1429a91322', 'Biomedical', 'df234305-8a47-4b4d-8efb-716a6b695428', 'dfb106ef-baff-4a2c-9337-6d30ac60b981', '2025-07-01 10:48:56', '2025-07-01 10:48:56');
INSERT INTO `department` (`uuid`, `department`, `tenant_id`, `client_id`, `created_on`, `modified_on`) VALUES ('050465c5-27f7-4833-9cef-b315cacbe439', 'Robotics', 'df234305-8a47-4b4d-8efb-716a6b695428', 'dfb106ef-baff-4a2c-9337-6d30ac60b981', '2025-07-01 10:48:56', '2025-07-01 10:48:56');
INSERT INTO `client` (`uuid`, `client_name`, `client_code`, `is_active`, `tenant_id`, `created_on`, `modified_on`) VALUES ('36ce00ae-5839-4822-b3e7-1cc7e65e45e5', 'Roth, Price and Walsh', 1084, 1, 'df234305-8a47-4b4d-8efb-716a6b695428', '2025-07-01 10:48:56', '2025-07-01 10:48:56');
INSERT INTO `department` (`uuid`, `department`, `tenant_id`, `client_id`, `created_on`, `modified_on`) VALUES ('58c4b817-420c-47dd-9178-5a5006d1e19e', 'Civil Systems', 'df234305-8a47-4b4d-8efb-716a6b695428', '36ce00ae-5839-4822-b3e7-1cc7e65e45e5', '2025-07-01 10:48:56', '2025-07-01 10:48:56');
INSERT INTO `department` (`uuid`, `department`, `tenant_id`, `client_id`, `created_on`, `modified_on`) VALUES ('1a373339-aa13-498c-b22a-27bd5d992164', 'Aerospace', 'df234305-8a47-4b4d-8efb-716a6b695428', '36ce00ae-5839-4822-b3e7-1cc7e65e45e5', '2025-07-01 10:48:56', '2025-07-01 10:48:56');
INSERT INTO `department` (`uuid`, `department`, `tenant_id`, `client_id`, `created_on`, `modified_on`) VALUES ('d93e0732-1bdb-4e32-8855-f90115a42157', 'Cybersecurity', 'df234305-8a47-4b4d-8efb-716a6b695428', '36ce00ae-5839-4822-b3e7-1cc7e65e45e5', '2025-07-01 10:48:56', '2025-07-01 10:48:56');
INSERT INTO `department` (`uuid`, `department`, `tenant_id`, `client_id`, `created_on`, `modified_on`) VALUES ('fd9899e4-dad7-4e30-a7bb-42803fc8a266', 'AI Solutions', 'df234305-8a47-4b4d-8efb-716a6b695428', '36ce00ae-5839-4822-b3e7-1cc7e65e45e5', '2025-07-01 10:48:56', '2025-07-01 10:48:56');
INSERT INTO `department` (`uuid`, `department`, `tenant_id`, `client_id`, `created_on`, `modified_on`) VALUES ('4528fc69-1efb-45ab-abd6-342dbbbbd4fd', 'Robotics', 'df234305-8a47-4b4d-8efb-716a6b695428', '36ce00ae-5839-4822-b3e7-1cc7e65e45e5', '2025-07-01 10:48:56', '2025-07-01 10:48:56');
INSERT INTO `department` (`uuid`, `department`, `tenant_id`, `client_id`, `created_on`, `modified_on`) VALUES ('5447d2cb-d192-40c5-8846-875ed32b3de9', 'Biomedical', 'df234305-8a47-4b4d-8efb-716a6b695428', '36ce00ae-5839-4822-b3e7-1cc7e65e45e5', '2025-07-01 10:48:56', '2025-07-01 10:48:56');
INSERT INTO `client` (`uuid`, `client_name`, `client_code`, `is_active`, `tenant_id`, `created_on`, `modified_on`) VALUES ('a46751aa-18f0-4231-8f12-418b0f72901c', 'Frost-Beasley', 1085, 1, 'df234305-8a47-4b4d-8efb-716a6b695428', '2025-07-01 10:48:56', '2025-07-01 10:48:56');
INSERT INTO `department` (`uuid`, `department`, `tenant_id`, `client_id`, `created_on`, `modified_on`) VALUES ('877aee5a-ab21-4887-abea-67723ff4f21b', 'Biomedical', 'df234305-8a47-4b4d-8efb-716a6b695428', 'a46751aa-18f0-4231-8f12-418b0f72901c', '2025-07-01 10:48:56', '2025-07-01 10:48:56');
INSERT INTO `department` (`uuid`, `department`, `tenant_id`, `client_id`, `created_on`, `modified_on`) VALUES ('add65f94-6799-4cf2-8ba8-7de3f6a92da5', 'AI Solutions', 'df234305-8a47-4b4d-8efb-716a6b695428', 'a46751aa-18f0-4231-8f12-418b0f72901c', '2025-07-01 10:48:56', '2025-07-01 10:48:56');
INSERT INTO `department` (`uuid`, `department`, `tenant_id`, `client_id`, `created_on`, `modified_on`) VALUES ('407e47c9-0857-4529-a86e-0b508aa91b09', 'Civil Systems', 'df234305-8a47-4b4d-8efb-716a6b695428', 'a46751aa-18f0-4231-8f12-418b0f72901c', '2025-07-01 10:48:56', '2025-07-01 10:48:56');
INSERT INTO `department` (`uuid`, `department`, `tenant_id`, `client_id`, `created_on`, `modified_on`) VALUES ('40a4b951-c8a7-4700-b258-dbbe6d852fcc', 'Robotics', 'df234305-8a47-4b4d-8efb-716a6b695428', 'a46751aa-18f0-4231-8f12-418b0f72901c', '2025-07-01 10:48:56', '2025-07-01 10:48:56');
INSERT INTO `department` (`uuid`, `department`, `tenant_id`, `client_id`, `created_on`, `modified_on`) VALUES ('31e22945-49c8-4b7e-98e3-15f780799b45', 'Aerospace', 'df234305-8a47-4b4d-8efb-716a6b695428', 'a46751aa-18f0-4231-8f12-418b0f72901c', '2025-07-01 10:48:56', '2025-07-01 10:48:56');
INSERT INTO `department` (`uuid`, `department`, `tenant_id`, `client_id`, `created_on`, `modified_on`) VALUES ('5acf0102-fdbe-4e5f-8872-6f3ece0d73e7', 'Cybersecurity', 'df234305-8a47-4b4d-8efb-716a6b695428', 'a46751aa-18f0-4231-8f12-418b0f72901c', '2025-07-01 10:48:56', '2025-07-01 10:48:56');
INSERT INTO `client` (`uuid`, `client_name`, `client_code`, `is_active`, `tenant_id`, `created_on`, `modified_on`) VALUES ('b55b5421-f83d-4d6c-a073-7b696eed961c', 'Harris, Wells and Henry', 1086, 1, 'df234305-8a47-4b4d-8efb-716a6b695428', '2025-07-01 10:48:56', '2025-07-01 10:48:56');
INSERT INTO `department` (`uuid`, `department`, `tenant_id`, `client_id`, `created_on`, `modified_on`) VALUES ('2057baf3-cdcf-478e-b64b-70b18c6f7d7d', 'Biomedical', 'df234305-8a47-4b4d-8efb-716a6b695428', 'b55b5421-f83d-4d6c-a073-7b696eed961c', '2025-07-01 10:48:56', '2025-07-01 10:48:56');
INSERT INTO `department` (`uuid`, `department`, `tenant_id`, `client_id`, `created_on`, `modified_on`) VALUES ('fce36787-ed23-4c9f-9b6a-898a2965b38d', 'Civil Systems', 'df234305-8a47-4b4d-8efb-716a6b695428', 'b55b5421-f83d-4d6c-a073-7b696eed961c', '2025-07-01 10:48:56', '2025-07-01 10:48:56');
INSERT INTO `department` (`uuid`, `department`, `tenant_id`, `client_id`, `created_on`, `modified_on`) VALUES ('3455ce3f-660b-4373-b164-9ed62e35aa67', 'Aerospace', 'df234305-8a47-4b4d-8efb-716a6b695428', 'b55b5421-f83d-4d6c-a073-7b696eed961c', '2025-07-01 10:48:56', '2025-07-01 10:48:56');
INSERT INTO `department` (`uuid`, `department`, `tenant_id`, `client_id`, `created_on`, `modified_on`) VALUES ('7bdbff65-337f-4d05-89a7-2f21073ca2fa', 'Cybersecurity', 'df234305-8a47-4b4d-8efb-716a6b695428', 'b55b5421-f83d-4d6c-a073-7b696eed961c', '2025-07-01 10:48:56', '2025-07-01 10:48:56');
INSERT INTO `department` (`uuid`, `department`, `tenant_id`, `client_id`, `created_on`, `modified_on`) VALUES ('3a09a9fc-bf7f-4931-998d-52e808b6f062', 'AI Solutions', 'df234305-8a47-4b4d-8efb-716a6b695428', 'b55b5421-f83d-4d6c-a073-7b696eed961c', '2025-07-01 10:48:56', '2025-07-01 10:48:56');
INSERT INTO `department` (`uuid`, `department`, `tenant_id`, `client_id`, `created_on`, `modified_on`) VALUES ('8e5d2110-d072-4fac-a3c0-4577a8ec67e2', 'Robotics', 'df234305-8a47-4b4d-8efb-716a6b695428', 'b55b5421-f83d-4d6c-a073-7b696eed961c', '2025-07-01 10:48:56', '2025-07-01 10:48:56');
INSERT INTO `client` (`uuid`, `client_name`, `client_code`, `is_active`, `tenant_id`, `created_on`, `modified_on`) VALUES ('685bad2e-918a-4cbb-aa7f-a0c21543bcc7', 'Patel Inc', 1087, 1, 'df234305-8a47-4b4d-8efb-716a6b695428', '2025-07-01 10:48:56', '2025-07-01 10:48:56');
INSERT INTO `department` (`uuid`, `department`, `tenant_id`, `client_id`, `created_on`, `modified_on`) VALUES ('ea059926-82a5-4f0b-8daa-b49628e84a88', 'AI Solutions', 'df234305-8a47-4b4d-8efb-716a6b695428', '685bad2e-918a-4cbb-aa7f-a0c21543bcc7', '2025-07-01 10:48:56', '2025-07-01 10:48:56');
INSERT INTO `department` (`uuid`, `department`, `tenant_id`, `client_id`, `created_on`, `modified_on`) VALUES ('7dfdda6c-1d3b-4c02-9a33-b198db9205b4', 'Biomedical', 'df234305-8a47-4b4d-8efb-716a6b695428', '685bad2e-918a-4cbb-aa7f-a0c21543bcc7', '2025-07-01 10:48:56', '2025-07-01 10:48:56');
INSERT INTO `department` (`uuid`, `department`, `tenant_id`, `client_id`, `created_on`, `modified_on`) VALUES ('fe425a56-9dac-4c0d-a140-07e2dbd0f179', 'Cybersecurity', 'df234305-8a47-4b4d-8efb-716a6b695428', '685bad2e-918a-4cbb-aa7f-a0c21543bcc7', '2025-07-01 10:48:56', '2025-07-01 10:48:56');
INSERT INTO `department` (`uuid`, `department`, `tenant_id`, `client_id`, `created_on`, `modified_on`) VALUES ('8dfcb3d9-5d0a-4816-976d-6a69f2fe12cc', 'Civil Systems', 'df234305-8a47-4b4d-8efb-716a6b695428', '685bad2e-918a-4cbb-aa7f-a0c21543bcc7', '2025-07-01 10:48:56', '2025-07-01 10:48:56');
INSERT INTO `department` (`uuid`, `department`, `tenant_id`, `client_id`, `created_on`, `modified_on`) VALUES ('e93d6dce-a83f-489c-9c45-88e806498794', 'Robotics', 'df234305-8a47-4b4d-8efb-716a6b695428', '685bad2e-918a-4cbb-aa7f-a0c21543bcc7', '2025-07-01 10:48:56', '2025-07-01 10:48:56');
INSERT INTO `department` (`uuid`, `department`, `tenant_id`, `client_id`, `created_on`, `modified_on`) VALUES ('3cff8f66-3b1a-4c55-a3b5-57ad4fe2caf3', 'Aerospace', 'df234305-8a47-4b4d-8efb-716a6b695428', '685bad2e-918a-4cbb-aa7f-a0c21543bcc7', '2025-07-01 10:48:56', '2025-07-01 10:48:56');
INSERT INTO `client` (`uuid`, `client_name`, `client_code`, `is_active`, `tenant_id`, `created_on`, `modified_on`) VALUES ('d356eca9-bf42-4d0a-9b7f-d2fac08564ec', 'Taylor Inc', 1088, 1, 'df234305-8a47-4b4d-8efb-716a6b695428', '2025-07-01 10:48:56', '2025-07-01 10:48:56');
INSERT INTO `department` (`uuid`, `department`, `tenant_id`, `client_id`, `created_on`, `modified_on`) VALUES ('cd547640-6e85-464f-a105-3699f54e9722', 'Aerospace', 'df234305-8a47-4b4d-8efb-716a6b695428', 'd356eca9-bf42-4d0a-9b7f-d2fac08564ec', '2025-07-01 10:48:56', '2025-07-01 10:48:56');
INSERT INTO `department` (`uuid`, `department`, `tenant_id`, `client_id`, `created_on`, `modified_on`) VALUES ('aa4e93da-3c10-4465-9992-d7d4938486da', 'Robotics', 'df234305-8a47-4b4d-8efb-716a6b695428', 'd356eca9-bf42-4d0a-9b7f-d2fac08564ec', '2025-07-01 10:48:56', '2025-07-01 10:48:56');
INSERT INTO `department` (`uuid`, `department`, `tenant_id`, `client_id`, `created_on`, `modified_on`) VALUES ('d6c32aac-4bf5-422d-8f16-c1ed778618c3', 'Biomedical', 'df234305-8a47-4b4d-8efb-716a6b695428', 'd356eca9-bf42-4d0a-9b7f-d2fac08564ec', '2025-07-01 10:48:56', '2025-07-01 10:48:56');
INSERT INTO `department` (`uuid`, `department`, `tenant_id`, `client_id`, `created_on`, `modified_on`) VALUES ('91cbefa5-b6db-455c-8abf-56c1514c1076', 'AI Solutions', 'df234305-8a47-4b4d-8efb-716a6b695428', 'd356eca9-bf42-4d0a-9b7f-d2fac08564ec', '2025-07-01 10:48:56', '2025-07-01 10:48:56');
INSERT INTO `department` (`uuid`, `department`, `tenant_id`, `client_id`, `created_on`, `modified_on`) VALUES ('4d59c9f9-a509-4eef-9d45-b01b27ad97c6', 'Cybersecurity', 'df234305-8a47-4b4d-8efb-716a6b695428', 'd356eca9-bf42-4d0a-9b7f-d2fac08564ec', '2025-07-01 10:48:56', '2025-07-01 10:48:56');
INSERT INTO `department` (`uuid`, `department`, `tenant_id`, `client_id`, `created_on`, `modified_on`) VALUES ('d4604a4f-881c-4e0f-9d91-0905ffd96ad8', 'Civil Systems', 'df234305-8a47-4b4d-8efb-716a6b695428', 'd356eca9-bf42-4d0a-9b7f-d2fac08564ec', '2025-07-01 10:48:56', '2025-07-01 10:48:56');
INSERT INTO `client` (`uuid`, `client_name`, `client_code`, `is_active`, `tenant_id`, `created_on`, `modified_on`) VALUES ('a5de9741-b64a-4af7-9180-4cc6c8673bb5', 'Franco-Ballard', 1089, 1, 'df234305-8a47-4b4d-8efb-716a6b695428', '2025-07-01 10:48:56', '2025-07-01 10:48:56');
INSERT INTO `department` (`uuid`, `department`, `tenant_id`, `client_id`, `created_on`, `modified_on`) VALUES ('2727f749-174c-4b6b-800f-3944cc9f7a7a', 'Cybersecurity', 'df234305-8a47-4b4d-8efb-716a6b695428', 'a5de9741-b64a-4af7-9180-4cc6c8673bb5', '2025-07-01 10:48:56', '2025-07-01 10:48:56');
INSERT INTO `department` (`uuid`, `department`, `tenant_id`, `client_id`, `created_on`, `modified_on`) VALUES ('11074ab3-fdf5-4c47-8694-3c51c81b7866', 'Biomedical', 'df234305-8a47-4b4d-8efb-716a6b695428', 'a5de9741-b64a-4af7-9180-4cc6c8673bb5', '2025-07-01 10:48:56', '2025-07-01 10:48:56');
INSERT INTO `department` (`uuid`, `department`, `tenant_id`, `client_id`, `created_on`, `modified_on`) VALUES ('51867c85-1705-4d9b-9d87-e130b0f4a49d', 'Aerospace', 'df234305-8a47-4b4d-8efb-716a6b695428', 'a5de9741-b64a-4af7-9180-4cc6c8673bb5', '2025-07-01 10:48:56', '2025-07-01 10:48:56');
INSERT INTO `department` (`uuid`, `department`, `tenant_id`, `client_id`, `created_on`, `modified_on`) VALUES ('44b714ce-c66c-4c04-a989-0f51266178f8', 'Civil Systems', 'df234305-8a47-4b4d-8efb-716a6b695428', 'a5de9741-b64a-4af7-9180-4cc6c8673bb5', '2025-07-01 10:48:56', '2025-07-01 10:48:56');
INSERT INTO `department` (`uuid`, `department`, `tenant_id`, `client_id`, `created_on`, `modified_on`) VALUES ('f41fef61-0fd4-4e40-a1e1-0509fd53562b', 'AI Solutions', 'df234305-8a47-4b4d-8efb-716a6b695428', 'a5de9741-b64a-4af7-9180-4cc6c8673bb5', '2025-07-01 10:48:56', '2025-07-01 10:48:56');
INSERT INTO `department` (`uuid`, `department`, `tenant_id`, `client_id`, `created_on`, `modified_on`) VALUES ('c85bcb34-81f8-4f2d-a916-61e075dd0f16', 'Robotics', 'df234305-8a47-4b4d-8efb-716a6b695428', 'a5de9741-b64a-4af7-9180-4cc6c8673bb5', '2025-07-01 10:48:56', '2025-07-01 10:48:56');
INSERT INTO `client` (`uuid`, `client_name`, `client_code`, `is_active`, `tenant_id`, `created_on`, `modified_on`) VALUES ('a865c7c8-33fd-4bcc-8696-d9abcc592b56', 'West PLC', 1090, 1, 'df234305-8a47-4b4d-8efb-716a6b695428', '2025-07-01 10:48:56', '2025-07-01 10:48:56');
INSERT INTO `department` (`uuid`, `department`, `tenant_id`, `client_id`, `created_on`, `modified_on`) VALUES ('b644560b-294c-4665-a857-03ba6544641e', 'Civil Systems', 'df234305-8a47-4b4d-8efb-716a6b695428', 'a865c7c8-33fd-4bcc-8696-d9abcc592b56', '2025-07-01 10:48:56', '2025-07-01 10:48:56');
INSERT INTO `department` (`uuid`, `department`, `tenant_id`, `client_id`, `created_on`, `modified_on`) VALUES ('ed2c433f-9ad0-4cd1-92f6-0cb1570e09ec', 'Biomedical', 'df234305-8a47-4b4d-8efb-716a6b695428', 'a865c7c8-33fd-4bcc-8696-d9abcc592b56', '2025-07-01 10:48:56', '2025-07-01 10:48:56');
INSERT INTO `department` (`uuid`, `department`, `tenant_id`, `client_id`, `created_on`, `modified_on`) VALUES ('2a019292-8f6c-48d8-880c-299be3a1956e', 'Robotics', 'df234305-8a47-4b4d-8efb-716a6b695428', 'a865c7c8-33fd-4bcc-8696-d9abcc592b56', '2025-07-01 10:48:56', '2025-07-01 10:48:56');
INSERT INTO `department` (`uuid`, `department`, `tenant_id`, `client_id`, `created_on`, `modified_on`) VALUES ('3c395415-23e5-442b-9d03-104517dd6926', 'AI Solutions', 'df234305-8a47-4b4d-8efb-716a6b695428', 'a865c7c8-33fd-4bcc-8696-d9abcc592b56', '2025-07-01 10:48:56', '2025-07-01 10:48:56');
INSERT INTO `department` (`uuid`, `department`, `tenant_id`, `client_id`, `created_on`, `modified_on`) VALUES ('c0a7ca31-379e-4b4b-aa11-7672373bafa5', 'Aerospace', 'df234305-8a47-4b4d-8efb-716a6b695428', 'a865c7c8-33fd-4bcc-8696-d9abcc592b56', '2025-07-01 10:48:56', '2025-07-01 10:48:56');
INSERT INTO `department` (`uuid`, `department`, `tenant_id`, `client_id`, `created_on`, `modified_on`) VALUES ('6be5eb70-81a9-44b3-89f0-abae3b21cf4c', 'Cybersecurity', 'df234305-8a47-4b4d-8efb-716a6b695428', 'a865c7c8-33fd-4bcc-8696-d9abcc592b56', '2025-07-01 10:48:56', '2025-07-01 10:48:56');
INSERT INTO `client` (`uuid`, `client_name`, `client_code`, `is_active`, `tenant_id`, `created_on`, `modified_on`) VALUES ('40826c21-b37d-442f-8d2f-6ff7f9d9759f', 'Ray, Ware and Fisher', 1091, 1, 'df234305-8a47-4b4d-8efb-716a6b695428', '2025-07-01 10:48:56', '2025-07-01 10:48:56');
INSERT INTO `department` (`uuid`, `department`, `tenant_id`, `client_id`, `created_on`, `modified_on`) VALUES ('b82f62b3-2525-47bc-9e62-07ad538a4cdc', 'Aerospace', 'df234305-8a47-4b4d-8efb-716a6b695428', '40826c21-b37d-442f-8d2f-6ff7f9d9759f', '2025-07-01 10:48:56', '2025-07-01 10:48:56');
INSERT INTO `department` (`uuid`, `department`, `tenant_id`, `client_id`, `created_on`, `modified_on`) VALUES ('19ef2484-f897-4529-9a96-b0564cbafdb2', 'Biomedical', 'df234305-8a47-4b4d-8efb-716a6b695428', '40826c21-b37d-442f-8d2f-6ff7f9d9759f', '2025-07-01 10:48:56', '2025-07-01 10:48:56');
INSERT INTO `department` (`uuid`, `department`, `tenant_id`, `client_id`, `created_on`, `modified_on`) VALUES ('015da558-13d1-4dbc-89af-8637c7979893', 'Civil Systems', 'df234305-8a47-4b4d-8efb-716a6b695428', '40826c21-b37d-442f-8d2f-6ff7f9d9759f', '2025-07-01 10:48:56', '2025-07-01 10:48:56');
INSERT INTO `department` (`uuid`, `department`, `tenant_id`, `client_id`, `created_on`, `modified_on`) VALUES ('3fc0b2cf-402c-4993-917c-96b912f20cc4', 'Cybersecurity', 'df234305-8a47-4b4d-8efb-716a6b695428', '40826c21-b37d-442f-8d2f-6ff7f9d9759f', '2025-07-01 10:48:56', '2025-07-01 10:48:56');
INSERT INTO `department` (`uuid`, `department`, `tenant_id`, `client_id`, `created_on`, `modified_on`) VALUES ('3d2e19a9-6cc6-47f2-9fc9-457fa9f0f5e5', 'AI Solutions', 'df234305-8a47-4b4d-8efb-716a6b695428', '40826c21-b37d-442f-8d2f-6ff7f9d9759f', '2025-07-01 10:48:56', '2025-07-01 10:48:56');
INSERT INTO `department` (`uuid`, `department`, `tenant_id`, `client_id`, `created_on`, `modified_on`) VALUES ('548bee49-2b2d-4180-bb43-a328c511e1a2', 'Robotics', 'df234305-8a47-4b4d-8efb-716a6b695428', '40826c21-b37d-442f-8d2f-6ff7f9d9759f', '2025-07-01 10:48:56', '2025-07-01 10:48:56');
INSERT INTO `client` (`uuid`, `client_name`, `client_code`, `is_active`, `tenant_id`, `created_on`, `modified_on`) VALUES ('a6c83f87-d567-436d-be11-bde1f249a56e', 'Moses Ltd', 1092, 1, 'df234305-8a47-4b4d-8efb-716a6b695428', '2025-07-01 10:48:56', '2025-07-01 10:48:56');
INSERT INTO `department` (`uuid`, `department`, `tenant_id`, `client_id`, `created_on`, `modified_on`) VALUES ('25df97fd-e9e8-42e2-b351-e1ece2df8bab', 'Biomedical', 'df234305-8a47-4b4d-8efb-716a6b695428', 'a6c83f87-d567-436d-be11-bde1f249a56e', '2025-07-01 10:48:56', '2025-07-01 10:48:56');
INSERT INTO `department` (`uuid`, `department`, `tenant_id`, `client_id`, `created_on`, `modified_on`) VALUES ('6fac5a7c-a56d-40b3-bae6-7702b0c114cc', 'AI Solutions', 'df234305-8a47-4b4d-8efb-716a6b695428', 'a6c83f87-d567-436d-be11-bde1f249a56e', '2025-07-01 10:48:56', '2025-07-01 10:48:56');
INSERT INTO `department` (`uuid`, `department`, `tenant_id`, `client_id`, `created_on`, `modified_on`) VALUES ('5c1513d8-35a2-4282-ae8e-9c2d4dd22e7d', 'Civil Systems', 'df234305-8a47-4b4d-8efb-716a6b695428', 'a6c83f87-d567-436d-be11-bde1f249a56e', '2025-07-01 10:48:56', '2025-07-01 10:48:56');
INSERT INTO `department` (`uuid`, `department`, `tenant_id`, `client_id`, `created_on`, `modified_on`) VALUES ('ccaf4d62-6591-44b3-b2ef-1631dda4073e', 'Aerospace', 'df234305-8a47-4b4d-8efb-716a6b695428', 'a6c83f87-d567-436d-be11-bde1f249a56e', '2025-07-01 10:48:56', '2025-07-01 10:48:56');
INSERT INTO `department` (`uuid`, `department`, `tenant_id`, `client_id`, `created_on`, `modified_on`) VALUES ('777b28d9-bba7-495b-af01-ab408fd474ac', 'Robotics', 'df234305-8a47-4b4d-8efb-716a6b695428', 'a6c83f87-d567-436d-be11-bde1f249a56e', '2025-07-01 10:48:56', '2025-07-01 10:48:56');
INSERT INTO `department` (`uuid`, `department`, `tenant_id`, `client_id`, `created_on`, `modified_on`) VALUES ('08822783-e4d7-49c9-8628-44cdd5cdbb28', 'Cybersecurity', 'df234305-8a47-4b4d-8efb-716a6b695428', 'a6c83f87-d567-436d-be11-bde1f249a56e', '2025-07-01 10:48:56', '2025-07-01 10:48:56');
INSERT INTO `client` (`uuid`, `client_name`, `client_code`, `is_active`, `tenant_id`, `created_on`, `modified_on`) VALUES ('a340170c-1e30-4879-907d-98048c44a731', 'Gonzalez Ltd', 1093, 1, 'df234305-8a47-4b4d-8efb-716a6b695428', '2025-07-01 10:48:56', '2025-07-01 10:48:56');
INSERT INTO `department` (`uuid`, `department`, `tenant_id`, `client_id`, `created_on`, `modified_on`) VALUES ('737cb103-bf2f-4233-9a05-9d7426582319', 'Robotics', 'df234305-8a47-4b4d-8efb-716a6b695428', 'a340170c-1e30-4879-907d-98048c44a731', '2025-07-01 10:48:56', '2025-07-01 10:48:56');
INSERT INTO `department` (`uuid`, `department`, `tenant_id`, `client_id`, `created_on`, `modified_on`) VALUES ('c47bef91-b35e-40b5-8958-e69d41867290', 'Civil Systems', 'df234305-8a47-4b4d-8efb-716a6b695428', 'a340170c-1e30-4879-907d-98048c44a731', '2025-07-01 10:48:56', '2025-07-01 10:48:56');
INSERT INTO `department` (`uuid`, `department`, `tenant_id`, `client_id`, `created_on`, `modified_on`) VALUES ('b035ff74-8058-4d8c-9f76-918b8497695d', 'Cybersecurity', 'df234305-8a47-4b4d-8efb-716a6b695428', 'a340170c-1e30-4879-907d-98048c44a731', '2025-07-01 10:48:56', '2025-07-01 10:48:56');
INSERT INTO `department` (`uuid`, `department`, `tenant_id`, `client_id`, `created_on`, `modified_on`) VALUES ('128f54d0-eb9e-48f5-bb37-1310a4946eb0', 'AI Solutions', 'df234305-8a47-4b4d-8efb-716a6b695428', 'a340170c-1e30-4879-907d-98048c44a731', '2025-07-01 10:48:56', '2025-07-01 10:48:56');
INSERT INTO `department` (`uuid`, `department`, `tenant_id`, `client_id`, `created_on`, `modified_on`) VALUES ('2764b8a2-ac8f-4246-ad38-f87ac96cd8d4', 'Biomedical', 'df234305-8a47-4b4d-8efb-716a6b695428', 'a340170c-1e30-4879-907d-98048c44a731', '2025-07-01 10:48:56', '2025-07-01 10:48:56');
INSERT INTO `department` (`uuid`, `department`, `tenant_id`, `client_id`, `created_on`, `modified_on`) VALUES ('7adfa962-a361-461f-a92a-74bdbf73034d', 'Aerospace', 'df234305-8a47-4b4d-8efb-716a6b695428', 'a340170c-1e30-4879-907d-98048c44a731', '2025-07-01 10:48:56', '2025-07-01 10:48:56');
INSERT INTO `client` (`uuid`, `client_name`, `client_code`, `is_active`, `tenant_id`, `created_on`, `modified_on`) VALUES ('8f46f50d-6c2d-4f87-9f27-450353bf113f', 'Miller, Guzman and George', 1094, 1, 'df234305-8a47-4b4d-8efb-716a6b695428', '2025-07-01 10:48:56', '2025-07-01 10:48:56');
INSERT INTO `department` (`uuid`, `department`, `tenant_id`, `client_id`, `created_on`, `modified_on`) VALUES ('230593a9-bd95-4b9d-972c-d00298dd0045', 'Biomedical', 'df234305-8a47-4b4d-8efb-716a6b695428', '8f46f50d-6c2d-4f87-9f27-450353bf113f', '2025-07-01 10:48:56', '2025-07-01 10:48:56');
INSERT INTO `department` (`uuid`, `department`, `tenant_id`, `client_id`, `created_on`, `modified_on`) VALUES ('79fdb7b2-6069-4793-b924-2c942e3932ee', 'Civil Systems', 'df234305-8a47-4b4d-8efb-716a6b695428', '8f46f50d-6c2d-4f87-9f27-450353bf113f', '2025-07-01 10:48:56', '2025-07-01 10:48:56');
INSERT INTO `department` (`uuid`, `department`, `tenant_id`, `client_id`, `created_on`, `modified_on`) VALUES ('398a029f-15ae-4bc6-802c-33b8fded0780', 'Aerospace', 'df234305-8a47-4b4d-8efb-716a6b695428', '8f46f50d-6c2d-4f87-9f27-450353bf113f', '2025-07-01 10:48:56', '2025-07-01 10:48:56');
INSERT INTO `department` (`uuid`, `department`, `tenant_id`, `client_id`, `created_on`, `modified_on`) VALUES ('b1cb1be6-e8bf-4177-9352-037d3814ac92', 'AI Solutions', 'df234305-8a47-4b4d-8efb-716a6b695428', '8f46f50d-6c2d-4f87-9f27-450353bf113f', '2025-07-01 10:48:56', '2025-07-01 10:48:56');
INSERT INTO `department` (`uuid`, `department`, `tenant_id`, `client_id`, `created_on`, `modified_on`) VALUES ('04f96fdf-1379-4ab1-bc48-90a83de91aef', 'Cybersecurity', 'df234305-8a47-4b4d-8efb-716a6b695428', '8f46f50d-6c2d-4f87-9f27-450353bf113f', '2025-07-01 10:48:56', '2025-07-01 10:48:56');
INSERT INTO `department` (`uuid`, `department`, `tenant_id`, `client_id`, `created_on`, `modified_on`) VALUES ('4cb424cc-3d53-493a-8bca-d09f82669c8a', 'Robotics', 'df234305-8a47-4b4d-8efb-716a6b695428', '8f46f50d-6c2d-4f87-9f27-450353bf113f', '2025-07-01 10:48:56', '2025-07-01 10:48:56');
INSERT INTO `client` (`uuid`, `client_name`, `client_code`, `is_active`, `tenant_id`, `created_on`, `modified_on`) VALUES ('fca02db2-2ffa-48bf-a954-74517ef056f3', 'Brown and Sons', 1095, 1, 'df234305-8a47-4b4d-8efb-716a6b695428', '2025-07-01 10:48:56', '2025-07-01 10:48:56');
INSERT INTO `department` (`uuid`, `department`, `tenant_id`, `client_id`, `created_on`, `modified_on`) VALUES ('67165e8e-e765-481c-b7a5-6c15762e4cb5', 'AI Solutions', 'df234305-8a47-4b4d-8efb-716a6b695428', 'fca02db2-2ffa-48bf-a954-74517ef056f3', '2025-07-01 10:48:56', '2025-07-01 10:48:56');
INSERT INTO `department` (`uuid`, `department`, `tenant_id`, `client_id`, `created_on`, `modified_on`) VALUES ('04c1212d-2768-48e3-80c4-52186c153baa', 'Civil Systems', 'df234305-8a47-4b4d-8efb-716a6b695428', 'fca02db2-2ffa-48bf-a954-74517ef056f3', '2025-07-01 10:48:56', '2025-07-01 10:48:56');
INSERT INTO `department` (`uuid`, `department`, `tenant_id`, `client_id`, `created_on`, `modified_on`) VALUES ('723ff957-a7c8-447f-83f7-73139c7a845e', 'Aerospace', 'df234305-8a47-4b4d-8efb-716a6b695428', 'fca02db2-2ffa-48bf-a954-74517ef056f3', '2025-07-01 10:48:56', '2025-07-01 10:48:56');
INSERT INTO `department` (`uuid`, `department`, `tenant_id`, `client_id`, `created_on`, `modified_on`) VALUES ('d4eaed3a-3129-4162-908a-13a9bfaa17d3', 'Biomedical', 'df234305-8a47-4b4d-8efb-716a6b695428', 'fca02db2-2ffa-48bf-a954-74517ef056f3', '2025-07-01 10:48:56', '2025-07-01 10:48:56');
INSERT INTO `department` (`uuid`, `department`, `tenant_id`, `client_id`, `created_on`, `modified_on`) VALUES ('19323751-87e2-4d42-88fd-21eb6e788e74', 'Cybersecurity', 'df234305-8a47-4b4d-8efb-716a6b695428', 'fca02db2-2ffa-48bf-a954-74517ef056f3', '2025-07-01 10:48:56', '2025-07-01 10:48:56');
INSERT INTO `department` (`uuid`, `department`, `tenant_id`, `client_id`, `created_on`, `modified_on`) VALUES ('513f44c9-2ab3-490b-8b77-5a7e3cbd7487', 'Robotics', 'df234305-8a47-4b4d-8efb-716a6b695428', 'fca02db2-2ffa-48bf-a954-74517ef056f3', '2025-07-01 10:48:56', '2025-07-01 10:48:56');
INSERT INTO `client` (`uuid`, `client_name`, `client_code`, `is_active`, `tenant_id`, `created_on`, `modified_on`) VALUES ('2404dd4f-f9e3-4e11-bc72-e70a93a770f2', 'Mason, Mccoy and Parker', 1096, 1, 'df234305-8a47-4b4d-8efb-716a6b695428', '2025-07-01 10:48:56', '2025-07-01 10:48:56');
INSERT INTO `department` (`uuid`, `department`, `tenant_id`, `client_id`, `created_on`, `modified_on`) VALUES ('416725dc-eec4-4b8a-a759-96f420c660d0', 'Robotics', 'df234305-8a47-4b4d-8efb-716a6b695428', '2404dd4f-f9e3-4e11-bc72-e70a93a770f2', '2025-07-01 10:48:56', '2025-07-01 10:48:56');
INSERT INTO `department` (`uuid`, `department`, `tenant_id`, `client_id`, `created_on`, `modified_on`) VALUES ('cf46be41-5388-41b6-a399-1824bd3b411a', 'Civil Systems', 'df234305-8a47-4b4d-8efb-716a6b695428', '2404dd4f-f9e3-4e11-bc72-e70a93a770f2', '2025-07-01 10:48:56', '2025-07-01 10:48:56');
INSERT INTO `department` (`uuid`, `department`, `tenant_id`, `client_id`, `created_on`, `modified_on`) VALUES ('79215096-63a3-4132-a7d7-c795585c7cd5', 'Biomedical', 'df234305-8a47-4b4d-8efb-716a6b695428', '2404dd4f-f9e3-4e11-bc72-e70a93a770f2', '2025-07-01 10:48:56', '2025-07-01 10:48:56');
INSERT INTO `department` (`uuid`, `department`, `tenant_id`, `client_id`, `created_on`, `modified_on`) VALUES ('5c80a944-36b2-4fed-a482-e663e6ea303b', 'Cybersecurity', 'df234305-8a47-4b4d-8efb-716a6b695428', '2404dd4f-f9e3-4e11-bc72-e70a93a770f2', '2025-07-01 10:48:56', '2025-07-01 10:48:56');
INSERT INTO `department` (`uuid`, `department`, `tenant_id`, `client_id`, `created_on`, `modified_on`) VALUES ('d12a9591-fc16-4fef-987d-a4186dfd7be7', 'Aerospace', 'df234305-8a47-4b4d-8efb-716a6b695428', '2404dd4f-f9e3-4e11-bc72-e70a93a770f2', '2025-07-01 10:48:56', '2025-07-01 10:48:56');
INSERT INTO `department` (`uuid`, `department`, `tenant_id`, `client_id`, `created_on`, `modified_on`) VALUES ('e6292848-774c-457d-ae82-c88454b76711', 'AI Solutions', 'df234305-8a47-4b4d-8efb-716a6b695428', '2404dd4f-f9e3-4e11-bc72-e70a93a770f2', '2025-07-01 10:48:56', '2025-07-01 10:48:56');
INSERT INTO `client` (`uuid`, `client_name`, `client_code`, `is_active`, `tenant_id`, `created_on`, `modified_on`) VALUES ('91c3e57b-da5e-457a-ad60-c41a22ff118f', 'Campbell, Mcpherson and Brown', 1097, 1, 'df234305-8a47-4b4d-8efb-716a6b695428', '2025-07-01 10:48:56', '2025-07-01 10:48:56');
INSERT INTO `department` (`uuid`, `department`, `tenant_id`, `client_id`, `created_on`, `modified_on`) VALUES ('dbee429c-ffea-49b3-a49d-c280a8be3bf6', 'Biomedical', 'df234305-8a47-4b4d-8efb-716a6b695428', '91c3e57b-da5e-457a-ad60-c41a22ff118f', '2025-07-01 10:48:56', '2025-07-01 10:48:56');
INSERT INTO `department` (`uuid`, `department`, `tenant_id`, `client_id`, `created_on`, `modified_on`) VALUES ('eb5dec6b-a12b-4127-bfb5-1f67edd03bc4', 'Aerospace', 'df234305-8a47-4b4d-8efb-716a6b695428', '91c3e57b-da5e-457a-ad60-c41a22ff118f', '2025-07-01 10:48:56', '2025-07-01 10:48:56');
INSERT INTO `department` (`uuid`, `department`, `tenant_id`, `client_id`, `created_on`, `modified_on`) VALUES ('c625aa94-2328-4f8d-bd08-8d61ca88a65a', 'Cybersecurity', 'df234305-8a47-4b4d-8efb-716a6b695428', '91c3e57b-da5e-457a-ad60-c41a22ff118f', '2025-07-01 10:48:56', '2025-07-01 10:48:56');
INSERT INTO `department` (`uuid`, `department`, `tenant_id`, `client_id`, `created_on`, `modified_on`) VALUES ('70389989-2d60-4fa0-9152-7645f120f553', 'Civil Systems', 'df234305-8a47-4b4d-8efb-716a6b695428', '91c3e57b-da5e-457a-ad60-c41a22ff118f', '2025-07-01 10:48:56', '2025-07-01 10:48:56');
INSERT INTO `department` (`uuid`, `department`, `tenant_id`, `client_id`, `created_on`, `modified_on`) VALUES ('08c55594-dd51-4269-bcaa-a2dce8044ed7', 'Robotics', 'df234305-8a47-4b4d-8efb-716a6b695428', '91c3e57b-da5e-457a-ad60-c41a22ff118f', '2025-07-01 10:48:56', '2025-07-01 10:48:56');
INSERT INTO `department` (`uuid`, `department`, `tenant_id`, `client_id`, `created_on`, `modified_on`) VALUES ('211017f0-c359-426b-8d45-0f6a9735dc3e', 'AI Solutions', 'df234305-8a47-4b4d-8efb-716a6b695428', '91c3e57b-da5e-457a-ad60-c41a22ff118f', '2025-07-01 10:48:56', '2025-07-01 10:48:56');
INSERT INTO `client` (`uuid`, `client_name`, `client_code`, `is_active`, `tenant_id`, `created_on`, `modified_on`) VALUES ('e5c74c62-2d21-4592-bb9e-b12a64416f72', 'Green, Morgan and King', 1098, 1, 'df234305-8a47-4b4d-8efb-716a6b695428', '2025-07-01 10:48:56', '2025-07-01 10:48:56');
INSERT INTO `department` (`uuid`, `department`, `tenant_id`, `client_id`, `created_on`, `modified_on`) VALUES ('2c5dd0cb-0024-4be4-a125-c419d4b990c6', 'Civil Systems', 'df234305-8a47-4b4d-8efb-716a6b695428', 'e5c74c62-2d21-4592-bb9e-b12a64416f72', '2025-07-01 10:48:56', '2025-07-01 10:48:56');
INSERT INTO `department` (`uuid`, `department`, `tenant_id`, `client_id`, `created_on`, `modified_on`) VALUES ('fa9809d0-a32e-4f6f-a557-abde37d35592', 'AI Solutions', 'df234305-8a47-4b4d-8efb-716a6b695428', 'e5c74c62-2d21-4592-bb9e-b12a64416f72', '2025-07-01 10:48:56', '2025-07-01 10:48:56');
INSERT INTO `department` (`uuid`, `department`, `tenant_id`, `client_id`, `created_on`, `modified_on`) VALUES ('ea0a42ee-562d-4bcd-b48c-7111049df353', 'Aerospace', 'df234305-8a47-4b4d-8efb-716a6b695428', 'e5c74c62-2d21-4592-bb9e-b12a64416f72', '2025-07-01 10:48:56', '2025-07-01 10:48:56');
INSERT INTO `department` (`uuid`, `department`, `tenant_id`, `client_id`, `created_on`, `modified_on`) VALUES ('412a3f08-d336-464e-9d98-d1ec15efdb2c', 'Biomedical', 'df234305-8a47-4b4d-8efb-716a6b695428', 'e5c74c62-2d21-4592-bb9e-b12a64416f72', '2025-07-01 10:48:56', '2025-07-01 10:48:56');
INSERT INTO `department` (`uuid`, `department`, `tenant_id`, `client_id`, `created_on`, `modified_on`) VALUES ('426b00af-6c94-430c-8c5e-06d6e24f201e', 'Cybersecurity', 'df234305-8a47-4b4d-8efb-716a6b695428', 'e5c74c62-2d21-4592-bb9e-b12a64416f72', '2025-07-01 10:48:56', '2025-07-01 10:48:56');
INSERT INTO `department` (`uuid`, `department`, `tenant_id`, `client_id`, `created_on`, `modified_on`) VALUES ('abc4f234-aa4f-485f-9f7e-a51ecaa16a56', 'Robotics', 'df234305-8a47-4b4d-8efb-716a6b695428', 'e5c74c62-2d21-4592-bb9e-b12a64416f72', '2025-07-01 10:48:56', '2025-07-01 10:48:56');
INSERT INTO `client` (`uuid`, `client_name`, `client_code`, `is_active`, `tenant_id`, `created_on`, `modified_on`) VALUES ('1d54b56e-f13e-43ed-b818-1825affd7f37', 'Russell-Brandt', 1099, 1, 'df234305-8a47-4b4d-8efb-716a6b695428', '2025-07-01 10:48:56', '2025-07-01 10:48:56');
INSERT INTO `department` (`uuid`, `department`, `tenant_id`, `client_id`, `created_on`, `modified_on`) VALUES ('b3c5a7dc-69f2-4a44-aee5-8c3f0e53e2cb', 'Robotics', 'df234305-8a47-4b4d-8efb-716a6b695428', '1d54b56e-f13e-43ed-b818-1825affd7f37', '2025-07-01 10:48:56', '2025-07-01 10:48:56');
INSERT INTO `department` (`uuid`, `department`, `tenant_id`, `client_id`, `created_on`, `modified_on`) VALUES ('1f74942d-42fe-4341-b043-b07fe99655d1', 'AI Solutions', 'df234305-8a47-4b4d-8efb-716a6b695428', '1d54b56e-f13e-43ed-b818-1825affd7f37', '2025-07-01 10:48:56', '2025-07-01 10:48:56');
INSERT INTO `department` (`uuid`, `department`, `tenant_id`, `client_id`, `created_on`, `modified_on`) VALUES ('f3658585-c647-400c-b07b-ca982b05d573', 'Aerospace', 'df234305-8a47-4b4d-8efb-716a6b695428', '1d54b56e-f13e-43ed-b818-1825affd7f37', '2025-07-01 10:48:56', '2025-07-01 10:48:56');
INSERT INTO `department` (`uuid`, `department`, `tenant_id`, `client_id`, `created_on`, `modified_on`) VALUES ('36128b54-0347-4d4c-bd50-1b5fee1885cf', 'Cybersecurity', 'df234305-8a47-4b4d-8efb-716a6b695428', '1d54b56e-f13e-43ed-b818-1825affd7f37', '2025-07-01 10:48:56', '2025-07-01 10:48:56');
INSERT INTO `department` (`uuid`, `department`, `tenant_id`, `client_id`, `created_on`, `modified_on`) VALUES ('860c9218-86f8-4444-bc36-29a67516e9b4', 'Biomedical', 'df234305-8a47-4b4d-8efb-716a6b695428', '1d54b56e-f13e-43ed-b818-1825affd7f37', '2025-07-01 10:48:56', '2025-07-01 10:48:56');
INSERT INTO `department` (`uuid`, `department`, `tenant_id`, `client_id`, `created_on`, `modified_on`) VALUES ('93abc45a-cdd9-4915-83af-3f79085d385e', 'Civil Systems', 'df234305-8a47-4b4d-8efb-716a6b695428', '1d54b56e-f13e-43ed-b818-1825affd7f37', '2025-07-01 10:48:56', '2025-07-01 10:48:56');
INSERT INTO `client` (`uuid`, `client_name`, `client_code`, `is_active`, `tenant_id`, `created_on`, `modified_on`) VALUES ('e1670ea1-99f9-4ed3-b2be-c0fa7ee054f6', 'Martinez-Espinoza', 1100, 1, 'df234305-8a47-4b4d-8efb-716a6b695428', '2025-07-01 10:48:56', '2025-07-01 10:48:56');
INSERT INTO `department` (`uuid`, `department`, `tenant_id`, `client_id`, `created_on`, `modified_on`) VALUES ('2abed8ff-d75f-4fde-be4c-53dda3420ad9', 'Biomedical', 'df234305-8a47-4b4d-8efb-716a6b695428', 'e1670ea1-99f9-4ed3-b2be-c0fa7ee054f6', '2025-07-01 10:48:56', '2025-07-01 10:48:56');
INSERT INTO `department` (`uuid`, `department`, `tenant_id`, `client_id`, `created_on`, `modified_on`) VALUES ('f7a344ef-0f4a-43fc-98d6-9584d22cf9a4', 'Robotics', 'df234305-8a47-4b4d-8efb-716a6b695428', 'e1670ea1-99f9-4ed3-b2be-c0fa7ee054f6', '2025-07-01 10:48:56', '2025-07-01 10:48:56');
INSERT INTO `department` (`uuid`, `department`, `tenant_id`, `client_id`, `created_on`, `modified_on`) VALUES ('7ec176c2-65ca-4035-9c0d-81a3ca1ab085', 'Aerospace', 'df234305-8a47-4b4d-8efb-716a6b695428', 'e1670ea1-99f9-4ed3-b2be-c0fa7ee054f6', '2025-07-01 10:48:56', '2025-07-01 10:48:56');
INSERT INTO `department` (`uuid`, `department`, `tenant_id`, `client_id`, `created_on`, `modified_on`) VALUES ('3a2d37f7-d63b-42f0-8791-77aa6bb3b4d7', 'AI Solutions', 'df234305-8a47-4b4d-8efb-716a6b695428', 'e1670ea1-99f9-4ed3-b2be-c0fa7ee054f6', '2025-07-01 10:48:56', '2025-07-01 10:48:56');
INSERT INTO `department` (`uuid`, `department`, `tenant_id`, `client_id`, `created_on`, `modified_on`) VALUES ('e11e1606-8e04-4c73-99f3-0f92047ee0fd', 'Civil Systems', 'df234305-8a47-4b4d-8efb-716a6b695428', 'e1670ea1-99f9-4ed3-b2be-c0fa7ee054f6', '2025-07-01 10:48:56', '2025-07-01 10:48:56');
INSERT INTO `department` (`uuid`, `department`, `tenant_id`, `client_id`, `created_on`, `modified_on`) VALUES ('d2d19646-8390-486e-91cf-1b6e06533a21', 'Cybersecurity', 'df234305-8a47-4b4d-8efb-716a6b695428', 'e1670ea1-99f9-4ed3-b2be-c0fa7ee054f6', '2025-07-01 10:48:56', '2025-07-01 10:48:56');
INSERT INTO `client` (`uuid`, `client_name`, `client_code`, `is_active`, `tenant_id`, `created_on`, `modified_on`) VALUES ('39d7ae54-6cdf-4abf-b461-d3aa7cb6f451', 'Williamson-Long', 1101, 1, 'df234305-8a47-4b4d-8efb-716a6b695428', '2025-07-01 10:48:56', '2025-07-01 10:48:56');
INSERT INTO `department` (`uuid`, `department`, `tenant_id`, `client_id`, `created_on`, `modified_on`) VALUES ('d9637c20-d1cb-462d-90a5-84ca3c33cb37', 'Robotics', 'df234305-8a47-4b4d-8efb-716a6b695428', '39d7ae54-6cdf-4abf-b461-d3aa7cb6f451', '2025-07-01 10:48:56', '2025-07-01 10:48:56');
INSERT INTO `department` (`uuid`, `department`, `tenant_id`, `client_id`, `created_on`, `modified_on`) VALUES ('d4996d7e-a15c-404f-8c05-6456c6ed1e45', 'Biomedical', 'df234305-8a47-4b4d-8efb-716a6b695428', '39d7ae54-6cdf-4abf-b461-d3aa7cb6f451', '2025-07-01 10:48:56', '2025-07-01 10:48:56');
INSERT INTO `department` (`uuid`, `department`, `tenant_id`, `client_id`, `created_on`, `modified_on`) VALUES ('c1a28eb5-c7b4-4b68-9ca8-6e90eaa4adf1', 'AI Solutions', 'df234305-8a47-4b4d-8efb-716a6b695428', '39d7ae54-6cdf-4abf-b461-d3aa7cb6f451', '2025-07-01 10:48:56', '2025-07-01 10:48:56');
INSERT INTO `department` (`uuid`, `department`, `tenant_id`, `client_id`, `created_on`, `modified_on`) VALUES ('0940a926-4f02-404d-92e0-1c1d18dc0547', 'Aerospace', 'df234305-8a47-4b4d-8efb-716a6b695428', '39d7ae54-6cdf-4abf-b461-d3aa7cb6f451', '2025-07-01 10:48:56', '2025-07-01 10:48:56');
INSERT INTO `department` (`uuid`, `department`, `tenant_id`, `client_id`, `created_on`, `modified_on`) VALUES ('9fe07fc9-eb8e-47e8-b37d-d3aa6a24a723', 'Cybersecurity', 'df234305-8a47-4b4d-8efb-716a6b695428', '39d7ae54-6cdf-4abf-b461-d3aa7cb6f451', '2025-07-01 10:48:56', '2025-07-01 10:48:56');
INSERT INTO `department` (`uuid`, `department`, `tenant_id`, `client_id`, `created_on`, `modified_on`) VALUES ('cc3d009c-c416-48a9-8516-df97511344d3', 'Civil Systems', 'df234305-8a47-4b4d-8efb-716a6b695428', '39d7ae54-6cdf-4abf-b461-d3aa7cb6f451', '2025-07-01 10:48:56', '2025-07-01 10:48:56');
INSERT INTO `client` (`uuid`, `client_name`, `client_code`, `is_active`, `tenant_id`, `created_on`, `modified_on`) VALUES ('627b8979-e15d-4651-890f-38539cd5f045', 'Carroll Inc', 1102, 1, 'df234305-8a47-4b4d-8efb-716a6b695428', '2025-07-01 10:48:56', '2025-07-01 10:48:56');
INSERT INTO `department` (`uuid`, `department`, `tenant_id`, `client_id`, `created_on`, `modified_on`) VALUES ('dd347945-1534-4d48-a25c-cf59bf9da991', 'Aerospace', 'df234305-8a47-4b4d-8efb-716a6b695428', '627b8979-e15d-4651-890f-38539cd5f045', '2025-07-01 10:48:56', '2025-07-01 10:48:56');
INSERT INTO `department` (`uuid`, `department`, `tenant_id`, `client_id`, `created_on`, `modified_on`) VALUES ('9a40dd39-c285-483c-bb1f-0a8876da10aa', 'Cybersecurity', 'df234305-8a47-4b4d-8efb-716a6b695428', '627b8979-e15d-4651-890f-38539cd5f045', '2025-07-01 10:48:56', '2025-07-01 10:48:56');
INSERT INTO `department` (`uuid`, `department`, `tenant_id`, `client_id`, `created_on`, `modified_on`) VALUES ('5ca73909-6685-434b-848d-0c1c2fcd1d35', 'Biomedical', 'df234305-8a47-4b4d-8efb-716a6b695428', '627b8979-e15d-4651-890f-38539cd5f045', '2025-07-01 10:48:56', '2025-07-01 10:48:56');
INSERT INTO `department` (`uuid`, `department`, `tenant_id`, `client_id`, `created_on`, `modified_on`) VALUES ('edab691b-45c3-450d-8ac6-b8b70521ed52', 'Civil Systems', 'df234305-8a47-4b4d-8efb-716a6b695428', '627b8979-e15d-4651-890f-38539cd5f045', '2025-07-01 10:48:56', '2025-07-01 10:48:56');
INSERT INTO `department` (`uuid`, `department`, `tenant_id`, `client_id`, `created_on`, `modified_on`) VALUES ('50b13ebf-e1fc-453f-9f29-6f60a3ed4fc5', 'AI Solutions', 'df234305-8a47-4b4d-8efb-716a6b695428', '627b8979-e15d-4651-890f-38539cd5f045', '2025-07-01 10:48:56', '2025-07-01 10:48:56');
INSERT INTO `department` (`uuid`, `department`, `tenant_id`, `client_id`, `created_on`, `modified_on`) VALUES ('b6943efe-709d-4e7d-abc6-e0d40bf3093b', 'Robotics', 'df234305-8a47-4b4d-8efb-716a6b695428', '627b8979-e15d-4651-890f-38539cd5f045', '2025-07-01 10:48:56', '2025-07-01 10:48:56');
INSERT INTO `client` (`uuid`, `client_name`, `client_code`, `is_active`, `tenant_id`, `created_on`, `modified_on`) VALUES ('c60b3092-7099-4878-9ab0-5d0480c2f53d', 'Hicks-Gonzalez', 1103, 1, 'df234305-8a47-4b4d-8efb-716a6b695428', '2025-07-01 10:48:56', '2025-07-01 10:48:56');
INSERT INTO `department` (`uuid`, `department`, `tenant_id`, `client_id`, `created_on`, `modified_on`) VALUES ('46b0620f-073f-4749-b2df-29b12e7d6139', 'Robotics', 'df234305-8a47-4b4d-8efb-716a6b695428', 'c60b3092-7099-4878-9ab0-5d0480c2f53d', '2025-07-01 10:48:56', '2025-07-01 10:48:56');
INSERT INTO `department` (`uuid`, `department`, `tenant_id`, `client_id`, `created_on`, `modified_on`) VALUES ('e09cb20f-cee2-493f-be77-841a9d61bbed', 'Biomedical', 'df234305-8a47-4b4d-8efb-716a6b695428', 'c60b3092-7099-4878-9ab0-5d0480c2f53d', '2025-07-01 10:48:56', '2025-07-01 10:48:56');
INSERT INTO `department` (`uuid`, `department`, `tenant_id`, `client_id`, `created_on`, `modified_on`) VALUES ('c38c6a32-4733-45bb-8ce0-02a2d523d3cc', 'Civil Systems', 'df234305-8a47-4b4d-8efb-716a6b695428', 'c60b3092-7099-4878-9ab0-5d0480c2f53d', '2025-07-01 10:48:56', '2025-07-01 10:48:56');
INSERT INTO `department` (`uuid`, `department`, `tenant_id`, `client_id`, `created_on`, `modified_on`) VALUES ('bce393b0-25c4-4edf-9121-3b79c0ebedaf', 'AI Solutions', 'df234305-8a47-4b4d-8efb-716a6b695428', 'c60b3092-7099-4878-9ab0-5d0480c2f53d', '2025-07-01 10:48:56', '2025-07-01 10:48:56');
INSERT INTO `department` (`uuid`, `department`, `tenant_id`, `client_id`, `created_on`, `modified_on`) VALUES ('96a23e49-056f-4a1b-acf4-b94439a9df61', 'Aerospace', 'df234305-8a47-4b4d-8efb-716a6b695428', 'c60b3092-7099-4878-9ab0-5d0480c2f53d', '2025-07-01 10:48:56', '2025-07-01 10:48:56');
INSERT INTO `department` (`uuid`, `department`, `tenant_id`, `client_id`, `created_on`, `modified_on`) VALUES ('4c5be17d-8878-4463-9a05-b03ccf81dcb8', 'Cybersecurity', 'df234305-8a47-4b4d-8efb-716a6b695428', 'c60b3092-7099-4878-9ab0-5d0480c2f53d', '2025-07-01 10:48:56', '2025-07-01 10:48:56');
INSERT INTO `client` (`uuid`, `client_name`, `client_code`, `is_active`, `tenant_id`, `created_on`, `modified_on`) VALUES ('26762570-2776-4762-a2db-2c55316278ed', 'Long and Sons', 1104, 1, 'df234305-8a47-4b4d-8efb-716a6b695428', '2025-07-01 10:48:56', '2025-07-01 10:48:56');
INSERT INTO `department` (`uuid`, `department`, `tenant_id`, `client_id`, `created_on`, `modified_on`) VALUES ('e762cb5a-4c97-47d8-81ad-d0215563a4af', 'Robotics', 'df234305-8a47-4b4d-8efb-716a6b695428', '26762570-2776-4762-a2db-2c55316278ed', '2025-07-01 10:48:56', '2025-07-01 10:48:56');
INSERT INTO `department` (`uuid`, `department`, `tenant_id`, `client_id`, `created_on`, `modified_on`) VALUES ('b8304105-87ab-4a5b-9590-763840656773', 'AI Solutions', 'df234305-8a47-4b4d-8efb-716a6b695428', '26762570-2776-4762-a2db-2c55316278ed', '2025-07-01 10:48:56', '2025-07-01 10:48:56');
INSERT INTO `department` (`uuid`, `department`, `tenant_id`, `client_id`, `created_on`, `modified_on`) VALUES ('5e7a6d32-1abf-4a25-b1e8-b33d4d312e24', 'Civil Systems', 'df234305-8a47-4b4d-8efb-716a6b695428', '26762570-2776-4762-a2db-2c55316278ed', '2025-07-01 10:48:56', '2025-07-01 10:48:56');
INSERT INTO `department` (`uuid`, `department`, `tenant_id`, `client_id`, `created_on`, `modified_on`) VALUES ('98a35bf5-cb45-4e84-a302-991e8ad99190', 'Biomedical', 'df234305-8a47-4b4d-8efb-716a6b695428', '26762570-2776-4762-a2db-2c55316278ed', '2025-07-01 10:48:56', '2025-07-01 10:48:56');
INSERT INTO `department` (`uuid`, `department`, `tenant_id`, `client_id`, `created_on`, `modified_on`) VALUES ('41f27168-6c3f-4cb8-80db-af06897607ba', 'Cybersecurity', 'df234305-8a47-4b4d-8efb-716a6b695428', '26762570-2776-4762-a2db-2c55316278ed', '2025-07-01 10:48:56', '2025-07-01 10:48:56');
INSERT INTO `department` (`uuid`, `department`, `tenant_id`, `client_id`, `created_on`, `modified_on`) VALUES ('f2fbca21-7063-43de-a48f-e2884c9a10cc', 'Aerospace', 'df234305-8a47-4b4d-8efb-716a6b695428', '26762570-2776-4762-a2db-2c55316278ed', '2025-07-01 10:48:56', '2025-07-01 10:48:56');
INSERT INTO `client` (`uuid`, `client_name`, `client_code`, `is_active`, `tenant_id`, `created_on`, `modified_on`) VALUES ('3e92e656-52f9-40e2-a5aa-70cd7cd95dd5', 'Schneider, Wagner and Smith', 1105, 1, 'df234305-8a47-4b4d-8efb-716a6b695428', '2025-07-01 10:48:56', '2025-07-01 10:48:56');
INSERT INTO `department` (`uuid`, `department`, `tenant_id`, `client_id`, `created_on`, `modified_on`) VALUES ('70c06e3d-a9cb-48f7-bdc8-fa8f6ab61550', 'Aerospace', 'df234305-8a47-4b4d-8efb-716a6b695428', '3e92e656-52f9-40e2-a5aa-70cd7cd95dd5', '2025-07-01 10:48:56', '2025-07-01 10:48:56');
INSERT INTO `department` (`uuid`, `department`, `tenant_id`, `client_id`, `created_on`, `modified_on`) VALUES ('cc2d6306-e352-4e16-b3b8-8104e9115583', 'AI Solutions', 'df234305-8a47-4b4d-8efb-716a6b695428', '3e92e656-52f9-40e2-a5aa-70cd7cd95dd5', '2025-07-01 10:48:56', '2025-07-01 10:48:56');
INSERT INTO `department` (`uuid`, `department`, `tenant_id`, `client_id`, `created_on`, `modified_on`) VALUES ('8b80a406-bba2-4b0f-8d9d-d03a06a2e76f', 'Robotics', 'df234305-8a47-4b4d-8efb-716a6b695428', '3e92e656-52f9-40e2-a5aa-70cd7cd95dd5', '2025-07-01 10:48:56', '2025-07-01 10:48:56');
INSERT INTO `department` (`uuid`, `department`, `tenant_id`, `client_id`, `created_on`, `modified_on`) VALUES ('740005b9-1f70-4b9b-84f6-039d54cec59f', 'Biomedical', 'df234305-8a47-4b4d-8efb-716a6b695428', '3e92e656-52f9-40e2-a5aa-70cd7cd95dd5', '2025-07-01 10:48:56', '2025-07-01 10:48:56');
INSERT INTO `department` (`uuid`, `department`, `tenant_id`, `client_id`, `created_on`, `modified_on`) VALUES ('52b99e53-2843-4518-9b9d-19c3facef10e', 'Cybersecurity', 'df234305-8a47-4b4d-8efb-716a6b695428', '3e92e656-52f9-40e2-a5aa-70cd7cd95dd5', '2025-07-01 10:48:56', '2025-07-01 10:48:56');
INSERT INTO `department` (`uuid`, `department`, `tenant_id`, `client_id`, `created_on`, `modified_on`) VALUES ('9ba135ee-fd63-45b4-9a29-74950fc6c273', 'Civil Systems', 'df234305-8a47-4b4d-8efb-716a6b695428', '3e92e656-52f9-40e2-a5aa-70cd7cd95dd5', '2025-07-01 10:48:56', '2025-07-01 10:48:56');
INSERT INTO `client` (`uuid`, `client_name`, `client_code`, `is_active`, `tenant_id`, `created_on`, `modified_on`) VALUES ('ade5e288-26ac-481f-bed9-00d03a67e4d4', 'Wilkerson, Ramirez and Walker', 1106, 1, 'df234305-8a47-4b4d-8efb-716a6b695428', '2025-07-01 10:48:56', '2025-07-01 10:48:56');
INSERT INTO `department` (`uuid`, `department`, `tenant_id`, `client_id`, `created_on`, `modified_on`) VALUES ('32686770-8c6f-4e20-a98e-a92bd0e287b3', 'Aerospace', 'df234305-8a47-4b4d-8efb-716a6b695428', 'ade5e288-26ac-481f-bed9-00d03a67e4d4', '2025-07-01 10:48:56', '2025-07-01 10:48:56');
INSERT INTO `department` (`uuid`, `department`, `tenant_id`, `client_id`, `created_on`, `modified_on`) VALUES ('022a9066-3ed3-4143-bd77-0e27e932ced4', 'AI Solutions', 'df234305-8a47-4b4d-8efb-716a6b695428', 'ade5e288-26ac-481f-bed9-00d03a67e4d4', '2025-07-01 10:48:56', '2025-07-01 10:48:56');
INSERT INTO `department` (`uuid`, `department`, `tenant_id`, `client_id`, `created_on`, `modified_on`) VALUES ('40067dbf-5ce2-4806-a187-e735a18443ac', 'Cybersecurity', 'df234305-8a47-4b4d-8efb-716a6b695428', 'ade5e288-26ac-481f-bed9-00d03a67e4d4', '2025-07-01 10:48:56', '2025-07-01 10:48:56');
INSERT INTO `department` (`uuid`, `department`, `tenant_id`, `client_id`, `created_on`, `modified_on`) VALUES ('ed6d8f1c-36e6-4bd6-b112-4f1f0ca4b8c5', 'Biomedical', 'df234305-8a47-4b4d-8efb-716a6b695428', 'ade5e288-26ac-481f-bed9-00d03a67e4d4', '2025-07-01 10:48:56', '2025-07-01 10:48:56');
INSERT INTO `department` (`uuid`, `department`, `tenant_id`, `client_id`, `created_on`, `modified_on`) VALUES ('569d78e4-c613-4edf-b0df-da37c5c9df2e', 'Robotics', 'df234305-8a47-4b4d-8efb-716a6b695428', 'ade5e288-26ac-481f-bed9-00d03a67e4d4', '2025-07-01 10:48:56', '2025-07-01 10:48:56');
INSERT INTO `department` (`uuid`, `department`, `tenant_id`, `client_id`, `created_on`, `modified_on`) VALUES ('4baa7b21-7d27-4d19-a4da-447fe7432c53', 'Civil Systems', 'df234305-8a47-4b4d-8efb-716a6b695428', 'ade5e288-26ac-481f-bed9-00d03a67e4d4', '2025-07-01 10:48:56', '2025-07-01 10:48:56');
INSERT INTO `client` (`uuid`, `client_name`, `client_code`, `is_active`, `tenant_id`, `created_on`, `modified_on`) VALUES ('c8e7aa19-0a5d-4a81-96c0-7062d4e0660e', 'Stephens-Ray', 1107, 1, 'df234305-8a47-4b4d-8efb-716a6b695428', '2025-07-01 10:48:56', '2025-07-01 10:48:56');
INSERT INTO `department` (`uuid`, `department`, `tenant_id`, `client_id`, `created_on`, `modified_on`) VALUES ('a56f01aa-7744-43c4-a5e1-e58c125f5233', 'Civil Systems', 'df234305-8a47-4b4d-8efb-716a6b695428', 'c8e7aa19-0a5d-4a81-96c0-7062d4e0660e', '2025-07-01 10:48:56', '2025-07-01 10:48:56');
INSERT INTO `department` (`uuid`, `department`, `tenant_id`, `client_id`, `created_on`, `modified_on`) VALUES ('29aba08e-6d73-4a70-a1a3-642c8516f0b0', 'Robotics', 'df234305-8a47-4b4d-8efb-716a6b695428', 'c8e7aa19-0a5d-4a81-96c0-7062d4e0660e', '2025-07-01 10:48:56', '2025-07-01 10:48:56');
INSERT INTO `department` (`uuid`, `department`, `tenant_id`, `client_id`, `created_on`, `modified_on`) VALUES ('76c44899-d231-4883-8315-8babcfa2ec07', 'Biomedical', 'df234305-8a47-4b4d-8efb-716a6b695428', 'c8e7aa19-0a5d-4a81-96c0-7062d4e0660e', '2025-07-01 10:48:56', '2025-07-01 10:48:56');
INSERT INTO `department` (`uuid`, `department`, `tenant_id`, `client_id`, `created_on`, `modified_on`) VALUES ('663609ac-756a-451b-9173-aab26f0568fc', 'Aerospace', 'df234305-8a47-4b4d-8efb-716a6b695428', 'c8e7aa19-0a5d-4a81-96c0-7062d4e0660e', '2025-07-01 10:48:56', '2025-07-01 10:48:56');
INSERT INTO `department` (`uuid`, `department`, `tenant_id`, `client_id`, `created_on`, `modified_on`) VALUES ('2ac4c30f-8cb3-453b-b12e-30e26e993e1c', 'AI Solutions', 'df234305-8a47-4b4d-8efb-716a6b695428', 'c8e7aa19-0a5d-4a81-96c0-7062d4e0660e', '2025-07-01 10:48:56', '2025-07-01 10:48:56');
INSERT INTO `department` (`uuid`, `department`, `tenant_id`, `client_id`, `created_on`, `modified_on`) VALUES ('cbd74829-a5ed-44e4-99a3-6974e37037bd', 'Cybersecurity', 'df234305-8a47-4b4d-8efb-716a6b695428', 'c8e7aa19-0a5d-4a81-96c0-7062d4e0660e', '2025-07-01 10:48:56', '2025-07-01 10:48:56');
INSERT INTO `client` (`uuid`, `client_name`, `client_code`, `is_active`, `tenant_id`, `created_on`, `modified_on`) VALUES ('6e2ea45e-f541-4a4d-83b7-9e337d0552c6', 'Clark-Hansen', 1108, 1, 'df234305-8a47-4b4d-8efb-716a6b695428', '2025-07-01 10:48:56', '2025-07-01 10:48:56');
INSERT INTO `department` (`uuid`, `department`, `tenant_id`, `client_id`, `created_on`, `modified_on`) VALUES ('ff196ac0-6a74-441e-b8a9-900eb6051abc', 'Aerospace', 'df234305-8a47-4b4d-8efb-716a6b695428', '6e2ea45e-f541-4a4d-83b7-9e337d0552c6', '2025-07-01 10:48:56', '2025-07-01 10:48:56');
INSERT INTO `department` (`uuid`, `department`, `tenant_id`, `client_id`, `created_on`, `modified_on`) VALUES ('09229d14-ee30-4501-b09b-efaadd097235', 'AI Solutions', 'df234305-8a47-4b4d-8efb-716a6b695428', '6e2ea45e-f541-4a4d-83b7-9e337d0552c6', '2025-07-01 10:48:56', '2025-07-01 10:48:56');
INSERT INTO `department` (`uuid`, `department`, `tenant_id`, `client_id`, `created_on`, `modified_on`) VALUES ('d5b09f36-1e32-447e-a989-5abdbeb5cf2a', 'Cybersecurity', 'df234305-8a47-4b4d-8efb-716a6b695428', '6e2ea45e-f541-4a4d-83b7-9e337d0552c6', '2025-07-01 10:48:56', '2025-07-01 10:48:56');
INSERT INTO `department` (`uuid`, `department`, `tenant_id`, `client_id`, `created_on`, `modified_on`) VALUES ('38bc8516-9b1e-48a6-9ddc-c044c4de104f', 'Civil Systems', 'df234305-8a47-4b4d-8efb-716a6b695428', '6e2ea45e-f541-4a4d-83b7-9e337d0552c6', '2025-07-01 10:48:56', '2025-07-01 10:48:56');
INSERT INTO `department` (`uuid`, `department`, `tenant_id`, `client_id`, `created_on`, `modified_on`) VALUES ('93db0cf4-08f7-43fb-8c22-37b81f514020', 'Biomedical', 'df234305-8a47-4b4d-8efb-716a6b695428', '6e2ea45e-f541-4a4d-83b7-9e337d0552c6', '2025-07-01 10:48:56', '2025-07-01 10:48:56');
INSERT INTO `department` (`uuid`, `department`, `tenant_id`, `client_id`, `created_on`, `modified_on`) VALUES ('cd6013c5-0a2e-4ffa-b352-f9650d67f254', 'Robotics', 'df234305-8a47-4b4d-8efb-716a6b695428', '6e2ea45e-f541-4a4d-83b7-9e337d0552c6', '2025-07-01 10:48:56', '2025-07-01 10:48:56');
INSERT INTO `client` (`uuid`, `client_name`, `client_code`, `is_active`, `tenant_id`, `created_on`, `modified_on`) VALUES ('86a150f7-1e06-4dcf-9e81-a6c77414e0c2', 'Moore Ltd', 1109, 1, 'df234305-8a47-4b4d-8efb-716a6b695428', '2025-07-01 10:48:56', '2025-07-01 10:48:56');
INSERT INTO `department` (`uuid`, `department`, `tenant_id`, `client_id`, `created_on`, `modified_on`) VALUES ('a6bf546c-bf04-4611-83a0-c1da95543779', 'Biomedical', 'df234305-8a47-4b4d-8efb-716a6b695428', '86a150f7-1e06-4dcf-9e81-a6c77414e0c2', '2025-07-01 10:48:56', '2025-07-01 10:48:56');
INSERT INTO `department` (`uuid`, `department`, `tenant_id`, `client_id`, `created_on`, `modified_on`) VALUES ('439e1e53-9c69-490b-bcc6-82549eaa31fc', 'Civil Systems', 'df234305-8a47-4b4d-8efb-716a6b695428', '86a150f7-1e06-4dcf-9e81-a6c77414e0c2', '2025-07-01 10:48:56', '2025-07-01 10:48:56');
INSERT INTO `department` (`uuid`, `department`, `tenant_id`, `client_id`, `created_on`, `modified_on`) VALUES ('491972eb-a40e-4212-8a8d-9183f6b4e8e1', 'Cybersecurity', 'df234305-8a47-4b4d-8efb-716a6b695428', '86a150f7-1e06-4dcf-9e81-a6c77414e0c2', '2025-07-01 10:48:56', '2025-07-01 10:48:56');
INSERT INTO `department` (`uuid`, `department`, `tenant_id`, `client_id`, `created_on`, `modified_on`) VALUES ('919dfec9-44a2-487b-8864-555e8f93be0c', 'AI Solutions', 'df234305-8a47-4b4d-8efb-716a6b695428', '86a150f7-1e06-4dcf-9e81-a6c77414e0c2', '2025-07-01 10:48:56', '2025-07-01 10:48:56');
INSERT INTO `department` (`uuid`, `department`, `tenant_id`, `client_id`, `created_on`, `modified_on`) VALUES ('1dbdd992-606d-46cc-8a6d-6b0b63df77d9', 'Aerospace', 'df234305-8a47-4b4d-8efb-716a6b695428', '86a150f7-1e06-4dcf-9e81-a6c77414e0c2', '2025-07-01 10:48:56', '2025-07-01 10:48:56');
INSERT INTO `department` (`uuid`, `department`, `tenant_id`, `client_id`, `created_on`, `modified_on`) VALUES ('1007c92e-09a1-4c72-b9af-7c4638b79585', 'Robotics', 'df234305-8a47-4b4d-8efb-716a6b695428', '86a150f7-1e06-4dcf-9e81-a6c77414e0c2', '2025-07-01 10:48:56', '2025-07-01 10:48:56');
INSERT INTO `client` (`uuid`, `client_name`, `client_code`, `is_active`, `tenant_id`, `created_on`, `modified_on`) VALUES ('d007a8d4-767e-4e1b-bcf4-f54bd1b85d64', 'Drake-Duncan', 1110, 1, 'df234305-8a47-4b4d-8efb-716a6b695428', '2025-07-01 10:48:56', '2025-07-01 10:48:56');
INSERT INTO `department` (`uuid`, `department`, `tenant_id`, `client_id`, `created_on`, `modified_on`) VALUES ('68345506-16f4-484e-8438-999d156594c7', 'AI Solutions', 'df234305-8a47-4b4d-8efb-716a6b695428', 'd007a8d4-767e-4e1b-bcf4-f54bd1b85d64', '2025-07-01 10:48:56', '2025-07-01 10:48:56');
INSERT INTO `department` (`uuid`, `department`, `tenant_id`, `client_id`, `created_on`, `modified_on`) VALUES ('0916c471-db82-4c17-a42d-9f44c2b7fbbd', 'Civil Systems', 'df234305-8a47-4b4d-8efb-716a6b695428', 'd007a8d4-767e-4e1b-bcf4-f54bd1b85d64', '2025-07-01 10:48:56', '2025-07-01 10:48:56');
INSERT INTO `department` (`uuid`, `department`, `tenant_id`, `client_id`, `created_on`, `modified_on`) VALUES ('4a86d1e6-f554-48ec-8d03-eb86de2e99ea', 'Aerospace', 'df234305-8a47-4b4d-8efb-716a6b695428', 'd007a8d4-767e-4e1b-bcf4-f54bd1b85d64', '2025-07-01 10:48:56', '2025-07-01 10:48:56');
INSERT INTO `department` (`uuid`, `department`, `tenant_id`, `client_id`, `created_on`, `modified_on`) VALUES ('ed32d053-3c15-47d1-b1c0-009ffc5665c6', 'Cybersecurity', 'df234305-8a47-4b4d-8efb-716a6b695428', 'd007a8d4-767e-4e1b-bcf4-f54bd1b85d64', '2025-07-01 10:48:56', '2025-07-01 10:48:56');
INSERT INTO `department` (`uuid`, `department`, `tenant_id`, `client_id`, `created_on`, `modified_on`) VALUES ('97c370da-bceb-48ba-b907-18dd9c1e4d0b', 'Robotics', 'df234305-8a47-4b4d-8efb-716a6b695428', 'd007a8d4-767e-4e1b-bcf4-f54bd1b85d64', '2025-07-01 10:48:56', '2025-07-01 10:48:56');
INSERT INTO `department` (`uuid`, `department`, `tenant_id`, `client_id`, `created_on`, `modified_on`) VALUES ('91930070-112b-48d8-94d6-dca1937bbafb', 'Biomedical', 'df234305-8a47-4b4d-8efb-716a6b695428', 'd007a8d4-767e-4e1b-bcf4-f54bd1b85d64', '2025-07-01 10:48:56', '2025-07-01 10:48:56');
INSERT INTO `client` (`uuid`, `client_name`, `client_code`, `is_active`, `tenant_id`, `created_on`, `modified_on`) VALUES ('771dcc3a-09cb-4f3e-89e7-b2652aa3af27', 'Ramirez-Moran', 1111, 1, 'df234305-8a47-4b4d-8efb-716a6b695428', '2025-07-01 10:48:56', '2025-07-01 10:48:56');
INSERT INTO `department` (`uuid`, `department`, `tenant_id`, `client_id`, `created_on`, `modified_on`) VALUES ('fbca759a-cd62-4c99-b61d-81e0a30d1852', 'Robotics', 'df234305-8a47-4b4d-8efb-716a6b695428', '771dcc3a-09cb-4f3e-89e7-b2652aa3af27', '2025-07-01 10:48:56', '2025-07-01 10:48:56');
INSERT INTO `department` (`uuid`, `department`, `tenant_id`, `client_id`, `created_on`, `modified_on`) VALUES ('40f98474-f67b-4fca-b7cb-c31c17907f77', 'Cybersecurity', 'df234305-8a47-4b4d-8efb-716a6b695428', '771dcc3a-09cb-4f3e-89e7-b2652aa3af27', '2025-07-01 10:48:56', '2025-07-01 10:48:56');
INSERT INTO `department` (`uuid`, `department`, `tenant_id`, `client_id`, `created_on`, `modified_on`) VALUES ('91e07616-2607-4d2f-bdd5-c8fe898d2b08', 'Civil Systems', 'df234305-8a47-4b4d-8efb-716a6b695428', '771dcc3a-09cb-4f3e-89e7-b2652aa3af27', '2025-07-01 10:48:56', '2025-07-01 10:48:56');
INSERT INTO `department` (`uuid`, `department`, `tenant_id`, `client_id`, `created_on`, `modified_on`) VALUES ('0c7c1faa-263f-47aa-bf0e-b0ab4c532ba0', 'AI Solutions', 'df234305-8a47-4b4d-8efb-716a6b695428', '771dcc3a-09cb-4f3e-89e7-b2652aa3af27', '2025-07-01 10:48:56', '2025-07-01 10:48:56');
INSERT INTO `department` (`uuid`, `department`, `tenant_id`, `client_id`, `created_on`, `modified_on`) VALUES ('178724a1-d434-4f12-a98f-294c8b63dbd3', 'Biomedical', 'df234305-8a47-4b4d-8efb-716a6b695428', '771dcc3a-09cb-4f3e-89e7-b2652aa3af27', '2025-07-01 10:48:56', '2025-07-01 10:48:56');
INSERT INTO `department` (`uuid`, `department`, `tenant_id`, `client_id`, `created_on`, `modified_on`) VALUES ('4b2268da-5f99-4265-b46c-7bf7f047f490', 'Aerospace', 'df234305-8a47-4b4d-8efb-716a6b695428', '771dcc3a-09cb-4f3e-89e7-b2652aa3af27', '2025-07-01 10:48:56', '2025-07-01 10:48:56');
INSERT INTO `client` (`uuid`, `client_name`, `client_code`, `is_active`, `tenant_id`, `created_on`, `modified_on`) VALUES ('9dfc5be3-6107-40cc-a99d-fa1ca7fbe5fb', 'Forbes, May and Williams', 1112, 1, 'df234305-8a47-4b4d-8efb-716a6b695428', '2025-07-01 10:48:56', '2025-07-01 10:48:56');
INSERT INTO `department` (`uuid`, `department`, `tenant_id`, `client_id`, `created_on`, `modified_on`) VALUES ('977caede-d033-4c64-9818-51ff6635de5f', 'Cybersecurity', 'df234305-8a47-4b4d-8efb-716a6b695428', '9dfc5be3-6107-40cc-a99d-fa1ca7fbe5fb', '2025-07-01 10:48:56', '2025-07-01 10:48:56');
INSERT INTO `department` (`uuid`, `department`, `tenant_id`, `client_id`, `created_on`, `modified_on`) VALUES ('38785e07-9ee0-4c85-aacb-687631c93bb5', 'Robotics', 'df234305-8a47-4b4d-8efb-716a6b695428', '9dfc5be3-6107-40cc-a99d-fa1ca7fbe5fb', '2025-07-01 10:48:56', '2025-07-01 10:48:56');
INSERT INTO `department` (`uuid`, `department`, `tenant_id`, `client_id`, `created_on`, `modified_on`) VALUES ('f3c19240-6aae-4a1e-a3ec-bb5f484410ed', 'AI Solutions', 'df234305-8a47-4b4d-8efb-716a6b695428', '9dfc5be3-6107-40cc-a99d-fa1ca7fbe5fb', '2025-07-01 10:48:56', '2025-07-01 10:48:56');
INSERT INTO `department` (`uuid`, `department`, `tenant_id`, `client_id`, `created_on`, `modified_on`) VALUES ('74c73692-0a5f-4ad0-8598-fe95f43a8c20', 'Biomedical', 'df234305-8a47-4b4d-8efb-716a6b695428', '9dfc5be3-6107-40cc-a99d-fa1ca7fbe5fb', '2025-07-01 10:48:56', '2025-07-01 10:48:56');
INSERT INTO `department` (`uuid`, `department`, `tenant_id`, `client_id`, `created_on`, `modified_on`) VALUES ('9f4bff71-fb43-4b8e-a581-9d42645e6fe3', 'Civil Systems', 'df234305-8a47-4b4d-8efb-716a6b695428', '9dfc5be3-6107-40cc-a99d-fa1ca7fbe5fb', '2025-07-01 10:48:56', '2025-07-01 10:48:56');
INSERT INTO `client` (`uuid`, `client_name`, `client_code`, `is_active`, `tenant_id`, `created_on`, `modified_on`) VALUES ('e1d18f14-a4d6-4198-81c7-32ffec0de02a', 'Peterson-Ellis', 1113, 1, 'df234305-8a47-4b4d-8efb-716a6b695428', '2025-07-01 10:48:56', '2025-07-01 10:48:56');
INSERT INTO `department` (`uuid`, `department`, `tenant_id`, `client_id`, `created_on`, `modified_on`) VALUES ('1ae84d22-f25a-47c1-924b-06e1ddcfa883', 'Aerospace', 'df234305-8a47-4b4d-8efb-716a6b695428', 'e1d18f14-a4d6-4198-81c7-32ffec0de02a', '2025-07-01 10:48:56', '2025-07-01 10:48:56');
INSERT INTO `department` (`uuid`, `department`, `tenant_id`, `client_id`, `created_on`, `modified_on`) VALUES ('de362588-29ec-48f9-94f7-af5b3063752d', 'Cybersecurity', 'df234305-8a47-4b4d-8efb-716a6b695428', 'e1d18f14-a4d6-4198-81c7-32ffec0de02a', '2025-07-01 10:48:56', '2025-07-01 10:48:56');
INSERT INTO `department` (`uuid`, `department`, `tenant_id`, `client_id`, `created_on`, `modified_on`) VALUES ('a8d66300-88fd-4828-a040-0cb234ef4bc5', 'AI Solutions', 'df234305-8a47-4b4d-8efb-716a6b695428', 'e1d18f14-a4d6-4198-81c7-32ffec0de02a', '2025-07-01 10:48:56', '2025-07-01 10:48:56');
INSERT INTO `department` (`uuid`, `department`, `tenant_id`, `client_id`, `created_on`, `modified_on`) VALUES ('643de9cd-6226-4803-97a0-112713aa24cc', 'Civil Systems', 'df234305-8a47-4b4d-8efb-716a6b695428', 'e1d18f14-a4d6-4198-81c7-32ffec0de02a', '2025-07-01 10:48:56', '2025-07-01 10:48:56');
INSERT INTO `department` (`uuid`, `department`, `tenant_id`, `client_id`, `created_on`, `modified_on`) VALUES ('0caeeab7-8434-49b9-b026-b3177c58d4eb', 'Robotics', 'df234305-8a47-4b4d-8efb-716a6b695428', 'e1d18f14-a4d6-4198-81c7-32ffec0de02a', '2025-07-01 10:48:56', '2025-07-01 10:48:56');
INSERT INTO `department` (`uuid`, `department`, `tenant_id`, `client_id`, `created_on`, `modified_on`) VALUES ('e26dda8e-1f1b-47e2-b936-1379326a1c0d', 'Biomedical', 'df234305-8a47-4b4d-8efb-716a6b695428', 'e1d18f14-a4d6-4198-81c7-32ffec0de02a', '2025-07-01 10:48:56', '2025-07-01 10:48:56');
INSERT INTO `client` (`uuid`, `client_name`, `client_code`, `is_active`, `tenant_id`, `created_on`, `modified_on`) VALUES ('9e5926a2-91fa-4c51-a77f-5fd24417fdbc', 'Cole, Cummings and Hart', 1114, 1, 'df234305-8a47-4b4d-8efb-716a6b695428', '2025-07-01 10:48:56', '2025-07-01 10:48:56');
INSERT INTO `department` (`uuid`, `department`, `tenant_id`, `client_id`, `created_on`, `modified_on`) VALUES ('8c5d8d86-0d73-46f2-8ad2-8bcefc2050df', 'AI Solutions', 'df234305-8a47-4b4d-8efb-716a6b695428', '9e5926a2-91fa-4c51-a77f-5fd24417fdbc', '2025-07-01 10:48:56', '2025-07-01 10:48:56');
INSERT INTO `department` (`uuid`, `department`, `tenant_id`, `client_id`, `created_on`, `modified_on`) VALUES ('92cb2f11-7869-4d6b-8038-1dd86941cbd8', 'Aerospace', 'df234305-8a47-4b4d-8efb-716a6b695428', '9e5926a2-91fa-4c51-a77f-5fd24417fdbc', '2025-07-01 10:48:56', '2025-07-01 10:48:56');
INSERT INTO `department` (`uuid`, `department`, `tenant_id`, `client_id`, `created_on`, `modified_on`) VALUES ('f3a29208-f008-4b71-b1f5-3970af339974', 'Civil Systems', 'df234305-8a47-4b4d-8efb-716a6b695428', '9e5926a2-91fa-4c51-a77f-5fd24417fdbc', '2025-07-01 10:48:56', '2025-07-01 10:48:56');
INSERT INTO `department` (`uuid`, `department`, `tenant_id`, `client_id`, `created_on`, `modified_on`) VALUES ('d00e99d8-0bd9-47d4-ab50-766f65e3ca2a', 'Biomedical', 'df234305-8a47-4b4d-8efb-716a6b695428', '9e5926a2-91fa-4c51-a77f-5fd24417fdbc', '2025-07-01 10:48:56', '2025-07-01 10:48:56');
INSERT INTO `department` (`uuid`, `department`, `tenant_id`, `client_id`, `created_on`, `modified_on`) VALUES ('78e9dbb5-b30d-40eb-a474-8df8f43fa089', 'Cybersecurity', 'df234305-8a47-4b4d-8efb-716a6b695428', '9e5926a2-91fa-4c51-a77f-5fd24417fdbc', '2025-07-01 10:48:56', '2025-07-01 10:48:56');
INSERT INTO `department` (`uuid`, `department`, `tenant_id`, `client_id`, `created_on`, `modified_on`) VALUES ('6f8647b7-1608-4218-9964-f7c90f2c7991', 'Robotics', 'df234305-8a47-4b4d-8efb-716a6b695428', '9e5926a2-91fa-4c51-a77f-5fd24417fdbc', '2025-07-01 10:48:56', '2025-07-01 10:48:56');
INSERT INTO `client` (`uuid`, `client_name`, `client_code`, `is_active`, `tenant_id`, `created_on`, `modified_on`) VALUES ('9a7dccd6-2ab3-4873-9d16-9d5ace4e8f7d', 'Webb, Cook and Franklin', 1115, 1, 'df234305-8a47-4b4d-8efb-716a6b695428', '2025-07-01 10:48:56', '2025-07-01 10:48:56');
INSERT INTO `department` (`uuid`, `department`, `tenant_id`, `client_id`, `created_on`, `modified_on`) VALUES ('e80bed27-b4b8-4955-8b63-c164bcb5e7ba', 'Civil Systems', 'df234305-8a47-4b4d-8efb-716a6b695428', '9a7dccd6-2ab3-4873-9d16-9d5ace4e8f7d', '2025-07-01 10:48:56', '2025-07-01 10:48:56');
INSERT INTO `department` (`uuid`, `department`, `tenant_id`, `client_id`, `created_on`, `modified_on`) VALUES ('a752a1a0-d7ae-4a23-82e6-878df70e2c4a', 'Aerospace', 'df234305-8a47-4b4d-8efb-716a6b695428', '9a7dccd6-2ab3-4873-9d16-9d5ace4e8f7d', '2025-07-01 10:48:56', '2025-07-01 10:48:56');
INSERT INTO `department` (`uuid`, `department`, `tenant_id`, `client_id`, `created_on`, `modified_on`) VALUES ('fe9f3997-00d0-4d54-881a-a7fdaf2facbb', 'Biomedical', 'df234305-8a47-4b4d-8efb-716a6b695428', '9a7dccd6-2ab3-4873-9d16-9d5ace4e8f7d', '2025-07-01 10:48:56', '2025-07-01 10:48:56');
INSERT INTO `department` (`uuid`, `department`, `tenant_id`, `client_id`, `created_on`, `modified_on`) VALUES ('206be2ae-5c77-4707-9bcd-134b373a5008', 'AI Solutions', 'df234305-8a47-4b4d-8efb-716a6b695428', '9a7dccd6-2ab3-4873-9d16-9d5ace4e8f7d', '2025-07-01 10:48:56', '2025-07-01 10:48:56');
INSERT INTO `department` (`uuid`, `department`, `tenant_id`, `client_id`, `created_on`, `modified_on`) VALUES ('49f391d1-4e4f-493b-9da9-c6e9553fa87e', 'Robotics', 'df234305-8a47-4b4d-8efb-716a6b695428', '9a7dccd6-2ab3-4873-9d16-9d5ace4e8f7d', '2025-07-01 10:48:56', '2025-07-01 10:48:56');
INSERT INTO `department` (`uuid`, `department`, `tenant_id`, `client_id`, `created_on`, `modified_on`) VALUES ('29cd6d3f-9553-49ff-b1c5-c7b584b28e8f', 'Cybersecurity', 'df234305-8a47-4b4d-8efb-716a6b695428', '9a7dccd6-2ab3-4873-9d16-9d5ace4e8f7d', '2025-07-01 10:48:56', '2025-07-01 10:48:56');
INSERT INTO `client` (`uuid`, `client_name`, `client_code`, `is_active`, `tenant_id`, `created_on`, `modified_on`) VALUES ('92cf3f1b-69d2-483a-b4bd-89fc3e9c396c', 'Watson, Brewer and Manning', 1116, 1, 'df234305-8a47-4b4d-8efb-716a6b695428', '2025-07-01 10:48:56', '2025-07-01 10:48:56');
INSERT INTO `department` (`uuid`, `department`, `tenant_id`, `client_id`, `created_on`, `modified_on`) VALUES ('fada9192-2661-4cb7-b036-6dcb48ff33c4', 'Biomedical', 'df234305-8a47-4b4d-8efb-716a6b695428', '92cf3f1b-69d2-483a-b4bd-89fc3e9c396c', '2025-07-01 10:48:56', '2025-07-01 10:48:56');
INSERT INTO `department` (`uuid`, `department`, `tenant_id`, `client_id`, `created_on`, `modified_on`) VALUES ('6274d3a6-d171-479d-aff4-8fb1d73c0eef', 'AI Solutions', 'df234305-8a47-4b4d-8efb-716a6b695428', '92cf3f1b-69d2-483a-b4bd-89fc3e9c396c', '2025-07-01 10:48:56', '2025-07-01 10:48:56');
INSERT INTO `department` (`uuid`, `department`, `tenant_id`, `client_id`, `created_on`, `modified_on`) VALUES ('560b3c18-40ee-441e-adf8-83d9eb24b88b', 'Aerospace', 'df234305-8a47-4b4d-8efb-716a6b695428', '92cf3f1b-69d2-483a-b4bd-89fc3e9c396c', '2025-07-01 10:48:56', '2025-07-01 10:48:56');
INSERT INTO `department` (`uuid`, `department`, `tenant_id`, `client_id`, `created_on`, `modified_on`) VALUES ('ad1d380e-10b8-431b-868e-81b06e39c5ac', 'Civil Systems', 'df234305-8a47-4b4d-8efb-716a6b695428', '92cf3f1b-69d2-483a-b4bd-89fc3e9c396c', '2025-07-01 10:48:56', '2025-07-01 10:48:56');
INSERT INTO `department` (`uuid`, `department`, `tenant_id`, `client_id`, `created_on`, `modified_on`) VALUES ('eab4c297-83e9-41bb-837d-e1a62696e377', 'Cybersecurity', 'df234305-8a47-4b4d-8efb-716a6b695428', '92cf3f1b-69d2-483a-b4bd-89fc3e9c396c', '2025-07-01 10:48:56', '2025-07-01 10:48:56');
INSERT INTO `department` (`uuid`, `department`, `tenant_id`, `client_id`, `created_on`, `modified_on`) VALUES ('7f21aafb-962d-4024-9003-36f7a143d807', 'Robotics', 'df234305-8a47-4b4d-8efb-716a6b695428', '92cf3f1b-69d2-483a-b4bd-89fc3e9c396c', '2025-07-01 10:48:56', '2025-07-01 10:48:56');
INSERT INTO `client` (`uuid`, `client_name`, `client_code`, `is_active`, `tenant_id`, `created_on`, `modified_on`) VALUES ('b145121a-6b6b-4a95-8e99-fe6d29c523b6', 'Gonzales, Hall and Garcia', 1117, 1, 'df234305-8a47-4b4d-8efb-716a6b695428', '2025-07-01 10:48:56', '2025-07-01 10:48:56');
INSERT INTO `department` (`uuid`, `department`, `tenant_id`, `client_id`, `created_on`, `modified_on`) VALUES ('0177d51d-35c1-4f5a-98b6-85a41eeafdc0', 'Aerospace', 'df234305-8a47-4b4d-8efb-716a6b695428', 'b145121a-6b6b-4a95-8e99-fe6d29c523b6', '2025-07-01 10:48:56', '2025-07-01 10:48:56');
INSERT INTO `department` (`uuid`, `department`, `tenant_id`, `client_id`, `created_on`, `modified_on`) VALUES ('0bc5a834-18f1-4dab-ae1d-555333bd1aa2', 'Civil Systems', 'df234305-8a47-4b4d-8efb-716a6b695428', 'b145121a-6b6b-4a95-8e99-fe6d29c523b6', '2025-07-01 10:48:56', '2025-07-01 10:48:56');
INSERT INTO `department` (`uuid`, `department`, `tenant_id`, `client_id`, `created_on`, `modified_on`) VALUES ('199f4075-68c8-4a62-84a1-4cc6a43ecb62', 'Cybersecurity', 'df234305-8a47-4b4d-8efb-716a6b695428', 'b145121a-6b6b-4a95-8e99-fe6d29c523b6', '2025-07-01 10:48:56', '2025-07-01 10:48:56');
INSERT INTO `department` (`uuid`, `department`, `tenant_id`, `client_id`, `created_on`, `modified_on`) VALUES ('809d63ef-b619-4b19-a7a9-e2a0a9c45c97', 'Biomedical', 'df234305-8a47-4b4d-8efb-716a6b695428', 'b145121a-6b6b-4a95-8e99-fe6d29c523b6', '2025-07-01 10:48:56', '2025-07-01 10:48:56');
INSERT INTO `department` (`uuid`, `department`, `tenant_id`, `client_id`, `created_on`, `modified_on`) VALUES ('5296625c-9d0f-4613-a814-8a5ffc9afdb6', 'AI Solutions', 'df234305-8a47-4b4d-8efb-716a6b695428', 'b145121a-6b6b-4a95-8e99-fe6d29c523b6', '2025-07-01 10:48:56', '2025-07-01 10:48:56');
INSERT INTO `department` (`uuid`, `department`, `tenant_id`, `client_id`, `created_on`, `modified_on`) VALUES ('ef9dc2a7-022b-439f-9682-9aae2bf5a89f', 'Robotics', 'df234305-8a47-4b4d-8efb-716a6b695428', 'b145121a-6b6b-4a95-8e99-fe6d29c523b6', '2025-07-01 10:48:56', '2025-07-01 10:48:56');
INSERT INTO `client` (`uuid`, `client_name`, `client_code`, `is_active`, `tenant_id`, `created_on`, `modified_on`) VALUES ('2edb0c01-90ae-4878-a53f-7a2ae3eac200', 'Dawson, Porter and Arnold', 1118, 1, 'df234305-8a47-4b4d-8efb-716a6b695428', '2025-07-01 10:48:56', '2025-07-01 10:48:56');
INSERT INTO `department` (`uuid`, `department`, `tenant_id`, `client_id`, `created_on`, `modified_on`) VALUES ('3fcc492e-65f1-4265-80ae-38bcc02a45f2', 'Aerospace', 'df234305-8a47-4b4d-8efb-716a6b695428', '2edb0c01-90ae-4878-a53f-7a2ae3eac200', '2025-07-01 10:48:56', '2025-07-01 10:48:56');
INSERT INTO `department` (`uuid`, `department`, `tenant_id`, `client_id`, `created_on`, `modified_on`) VALUES ('2a3d2e76-18b0-4552-a5ed-e9296aa91184', 'Cybersecurity', 'df234305-8a47-4b4d-8efb-716a6b695428', '2edb0c01-90ae-4878-a53f-7a2ae3eac200', '2025-07-01 10:48:56', '2025-07-01 10:48:56');
INSERT INTO `department` (`uuid`, `department`, `tenant_id`, `client_id`, `created_on`, `modified_on`) VALUES ('3063d204-badc-4024-9935-f22ab7faf222', 'AI Solutions', 'df234305-8a47-4b4d-8efb-716a6b695428', '2edb0c01-90ae-4878-a53f-7a2ae3eac200', '2025-07-01 10:48:56', '2025-07-01 10:48:56');
INSERT INTO `department` (`uuid`, `department`, `tenant_id`, `client_id`, `created_on`, `modified_on`) VALUES ('3c521f50-0477-45a0-950c-f58bcfa13cfd', 'Civil Systems', 'df234305-8a47-4b4d-8efb-716a6b695428', '2edb0c01-90ae-4878-a53f-7a2ae3eac200', '2025-07-01 10:48:56', '2025-07-01 10:48:56');
INSERT INTO `department` (`uuid`, `department`, `tenant_id`, `client_id`, `created_on`, `modified_on`) VALUES ('a8c0ddb9-de6a-4a78-8c9d-878ee4b34841', 'Biomedical', 'df234305-8a47-4b4d-8efb-716a6b695428', '2edb0c01-90ae-4878-a53f-7a2ae3eac200', '2025-07-01 10:48:56', '2025-07-01 10:48:56');
INSERT INTO `department` (`uuid`, `department`, `tenant_id`, `client_id`, `created_on`, `modified_on`) VALUES ('46daa8aa-77f8-406b-b657-8e2186678485', 'Robotics', 'df234305-8a47-4b4d-8efb-716a6b695428', '2edb0c01-90ae-4878-a53f-7a2ae3eac200', '2025-07-01 10:48:56', '2025-07-01 10:48:56');
INSERT INTO `client` (`uuid`, `client_name`, `client_code`, `is_active`, `tenant_id`, `created_on`, `modified_on`) VALUES ('209ee87a-2805-49de-a973-f8a29deff184', 'Campos Group', 1119, 1, 'df234305-8a47-4b4d-8efb-716a6b695428', '2025-07-01 10:48:56', '2025-07-01 10:48:56');
INSERT INTO `department` (`uuid`, `department`, `tenant_id`, `client_id`, `created_on`, `modified_on`) VALUES ('31678a1b-bca6-48f8-9646-ab1aba4b053b', 'Civil Systems', 'df234305-8a47-4b4d-8efb-716a6b695428', '209ee87a-2805-49de-a973-f8a29deff184', '2025-07-01 10:48:56', '2025-07-01 10:48:56');
INSERT INTO `department` (`uuid`, `department`, `tenant_id`, `client_id`, `created_on`, `modified_on`) VALUES ('3a18263e-ec60-4737-af1b-dc814d80fd23', 'Biomedical', 'df234305-8a47-4b4d-8efb-716a6b695428', '209ee87a-2805-49de-a973-f8a29deff184', '2025-07-01 10:48:56', '2025-07-01 10:48:56');
INSERT INTO `department` (`uuid`, `department`, `tenant_id`, `client_id`, `created_on`, `modified_on`) VALUES ('e7b7e988-91fc-4e26-8fea-97372eebd489', 'Aerospace', 'df234305-8a47-4b4d-8efb-716a6b695428', '209ee87a-2805-49de-a973-f8a29deff184', '2025-07-01 10:48:56', '2025-07-01 10:48:56');
INSERT INTO `department` (`uuid`, `department`, `tenant_id`, `client_id`, `created_on`, `modified_on`) VALUES ('bbfaa0a1-a2be-4ee8-80c1-2def111a8944', 'Cybersecurity', 'df234305-8a47-4b4d-8efb-716a6b695428', '209ee87a-2805-49de-a973-f8a29deff184', '2025-07-01 10:48:56', '2025-07-01 10:48:56');
INSERT INTO `department` (`uuid`, `department`, `tenant_id`, `client_id`, `created_on`, `modified_on`) VALUES ('5330d65b-484a-451e-8387-c0edf72fd427', 'Robotics', 'df234305-8a47-4b4d-8efb-716a6b695428', '209ee87a-2805-49de-a973-f8a29deff184', '2025-07-01 10:48:56', '2025-07-01 10:48:56');
INSERT INTO `department` (`uuid`, `department`, `tenant_id`, `client_id`, `created_on`, `modified_on`) VALUES ('8de056b8-6688-409e-8749-f1bdf11655e0', 'AI Solutions', 'df234305-8a47-4b4d-8efb-716a6b695428', '209ee87a-2805-49de-a973-f8a29deff184', '2025-07-01 10:48:56', '2025-07-01 10:48:56');
INSERT INTO `client` (`uuid`, `client_name`, `client_code`, `is_active`, `tenant_id`, `created_on`, `modified_on`) VALUES ('125b2eb3-e826-4ab3-bcae-244d153ded97', 'Trevino, White and Frye', 1120, 1, 'df234305-8a47-4b4d-8efb-716a6b695428', '2025-07-01 10:48:56', '2025-07-01 10:48:56');
INSERT INTO `department` (`uuid`, `department`, `tenant_id`, `client_id`, `created_on`, `modified_on`) VALUES ('679e7277-b24f-49ba-98bf-c5ba90c05f4d', 'Biomedical', 'df234305-8a47-4b4d-8efb-716a6b695428', '125b2eb3-e826-4ab3-bcae-244d153ded97', '2025-07-01 10:48:56', '2025-07-01 10:48:56');
INSERT INTO `department` (`uuid`, `department`, `tenant_id`, `client_id`, `created_on`, `modified_on`) VALUES ('23a3cbf2-7a70-451e-bdf0-960d0b6f5860', 'Cybersecurity', 'df234305-8a47-4b4d-8efb-716a6b695428', '125b2eb3-e826-4ab3-bcae-244d153ded97', '2025-07-01 10:48:56', '2025-07-01 10:48:56');
INSERT INTO `department` (`uuid`, `department`, `tenant_id`, `client_id`, `created_on`, `modified_on`) VALUES ('17bd6029-778e-4a5f-bdd6-4d5ef3314eec', 'AI Solutions', 'df234305-8a47-4b4d-8efb-716a6b695428', '125b2eb3-e826-4ab3-bcae-244d153ded97', '2025-07-01 10:48:56', '2025-07-01 10:48:56');
INSERT INTO `department` (`uuid`, `department`, `tenant_id`, `client_id`, `created_on`, `modified_on`) VALUES ('fdbcc699-2395-41d4-832b-997bbdfb93d1', 'Civil Systems', 'df234305-8a47-4b4d-8efb-716a6b695428', '125b2eb3-e826-4ab3-bcae-244d153ded97', '2025-07-01 10:48:56', '2025-07-01 10:48:56');
INSERT INTO `department` (`uuid`, `department`, `tenant_id`, `client_id`, `created_on`, `modified_on`) VALUES ('d6dc5423-4c70-4af2-9086-334966008498', 'Aerospace', 'df234305-8a47-4b4d-8efb-716a6b695428', '125b2eb3-e826-4ab3-bcae-244d153ded97', '2025-07-01 10:48:56', '2025-07-01 10:48:56');
INSERT INTO `department` (`uuid`, `department`, `tenant_id`, `client_id`, `created_on`, `modified_on`) VALUES ('84bcf6d2-4723-47ff-8b12-016074d9bc3d', 'Robotics', 'df234305-8a47-4b4d-8efb-716a6b695428', '125b2eb3-e826-4ab3-bcae-244d153ded97', '2025-07-01 10:48:56', '2025-07-01 10:48:56');
INSERT INTO `client` (`uuid`, `client_name`, `client_code`, `is_active`, `tenant_id`, `created_on`, `modified_on`) VALUES ('47c09bef-5877-4600-b839-6ab5d0898809', 'Steele-Frost', 1121, 1, 'df234305-8a47-4b4d-8efb-716a6b695428', '2025-07-01 10:48:56', '2025-07-01 10:48:56');
INSERT INTO `department` (`uuid`, `department`, `tenant_id`, `client_id`, `created_on`, `modified_on`) VALUES ('30e853ef-44bb-4d3a-8259-229e8acde656', 'Civil Systems', 'df234305-8a47-4b4d-8efb-716a6b695428', '47c09bef-5877-4600-b839-6ab5d0898809', '2025-07-01 10:48:56', '2025-07-01 10:48:56');
INSERT INTO `department` (`uuid`, `department`, `tenant_id`, `client_id`, `created_on`, `modified_on`) VALUES ('f0777c6c-793b-48b6-a111-23908539c9a7', 'AI Solutions', 'df234305-8a47-4b4d-8efb-716a6b695428', '47c09bef-5877-4600-b839-6ab5d0898809', '2025-07-01 10:48:56', '2025-07-01 10:48:56');
INSERT INTO `department` (`uuid`, `department`, `tenant_id`, `client_id`, `created_on`, `modified_on`) VALUES ('96de29a3-e615-4bc4-a435-f8f2ffbfbde2', 'Aerospace', 'df234305-8a47-4b4d-8efb-716a6b695428', '47c09bef-5877-4600-b839-6ab5d0898809', '2025-07-01 10:48:56', '2025-07-01 10:48:56');
INSERT INTO `department` (`uuid`, `department`, `tenant_id`, `client_id`, `created_on`, `modified_on`) VALUES ('afe51ef9-0837-408f-bf55-487aea558550', 'Robotics', 'df234305-8a47-4b4d-8efb-716a6b695428', '47c09bef-5877-4600-b839-6ab5d0898809', '2025-07-01 10:48:56', '2025-07-01 10:48:56');
INSERT INTO `department` (`uuid`, `department`, `tenant_id`, `client_id`, `created_on`, `modified_on`) VALUES ('0e559674-3c7b-426d-865d-900cea7ee92e', 'Cybersecurity', 'df234305-8a47-4b4d-8efb-716a6b695428', '47c09bef-5877-4600-b839-6ab5d0898809', '2025-07-01 10:48:56', '2025-07-01 10:48:56');
INSERT INTO `department` (`uuid`, `department`, `tenant_id`, `client_id`, `created_on`, `modified_on`) VALUES ('685e0d1b-389d-49ef-9526-6450816c3fa8', 'Biomedical', 'df234305-8a47-4b4d-8efb-716a6b695428', '47c09bef-5877-4600-b839-6ab5d0898809', '2025-07-01 10:48:56', '2025-07-01 10:48:56');
INSERT INTO `client` (`uuid`, `client_name`, `client_code`, `is_active`, `tenant_id`, `created_on`, `modified_on`) VALUES ('018b4b21-30e9-4baf-bde7-08d545c72836', 'Lopez Inc', 1122, 1, 'df234305-8a47-4b4d-8efb-716a6b695428', '2025-07-01 10:48:56', '2025-07-01 10:48:56');
INSERT INTO `department` (`uuid`, `department`, `tenant_id`, `client_id`, `created_on`, `modified_on`) VALUES ('34899388-7a8a-4462-9af3-7c0a02cdd0b4', 'Robotics', 'df234305-8a47-4b4d-8efb-716a6b695428', '018b4b21-30e9-4baf-bde7-08d545c72836', '2025-07-01 10:48:56', '2025-07-01 10:48:56');
INSERT INTO `department` (`uuid`, `department`, `tenant_id`, `client_id`, `created_on`, `modified_on`) VALUES ('db25b156-e349-49d6-b1b1-65eb68faf875', 'Aerospace', 'df234305-8a47-4b4d-8efb-716a6b695428', '018b4b21-30e9-4baf-bde7-08d545c72836', '2025-07-01 10:48:56', '2025-07-01 10:48:56');
INSERT INTO `department` (`uuid`, `department`, `tenant_id`, `client_id`, `created_on`, `modified_on`) VALUES ('d5f3d85c-4046-4ef8-a348-e72986230281', 'AI Solutions', 'df234305-8a47-4b4d-8efb-716a6b695428', '018b4b21-30e9-4baf-bde7-08d545c72836', '2025-07-01 10:48:56', '2025-07-01 10:48:56');
INSERT INTO `department` (`uuid`, `department`, `tenant_id`, `client_id`, `created_on`, `modified_on`) VALUES ('8a33a7b3-628f-443f-ae65-6658ce2f02cf', 'Biomedical', 'df234305-8a47-4b4d-8efb-716a6b695428', '018b4b21-30e9-4baf-bde7-08d545c72836', '2025-07-01 10:48:56', '2025-07-01 10:48:56');
INSERT INTO `department` (`uuid`, `department`, `tenant_id`, `client_id`, `created_on`, `modified_on`) VALUES ('8de68f0b-236c-4cc6-bdc5-78eafd21950d', 'Cybersecurity', 'df234305-8a47-4b4d-8efb-716a6b695428', '018b4b21-30e9-4baf-bde7-08d545c72836', '2025-07-01 10:48:56', '2025-07-01 10:48:56');
INSERT INTO `department` (`uuid`, `department`, `tenant_id`, `client_id`, `created_on`, `modified_on`) VALUES ('11c81035-c4ab-44c7-99e6-f54e843c6eb4', 'Civil Systems', 'df234305-8a47-4b4d-8efb-716a6b695428', '018b4b21-30e9-4baf-bde7-08d545c72836', '2025-07-01 10:48:56', '2025-07-01 10:48:56');
INSERT INTO `client` (`uuid`, `client_name`, `client_code`, `is_active`, `tenant_id`, `created_on`, `modified_on`) VALUES ('8619af3c-6edf-4d4e-83bf-1b68c5256120', 'Hoffman, Moore and Douglas', 1123, 1, 'df234305-8a47-4b4d-8efb-716a6b695428', '2025-07-01 10:48:56', '2025-07-01 10:48:56');
INSERT INTO `department` (`uuid`, `department`, `tenant_id`, `client_id`, `created_on`, `modified_on`) VALUES ('972cf04f-78f0-4db1-a906-68dfb2b4e91e', 'Cybersecurity', 'df234305-8a47-4b4d-8efb-716a6b695428', '8619af3c-6edf-4d4e-83bf-1b68c5256120', '2025-07-01 10:48:56', '2025-07-01 10:48:56');
INSERT INTO `department` (`uuid`, `department`, `tenant_id`, `client_id`, `created_on`, `modified_on`) VALUES ('31c3f77b-0b13-4f08-9453-aa35aef06cd4', 'Civil Systems', 'df234305-8a47-4b4d-8efb-716a6b695428', '8619af3c-6edf-4d4e-83bf-1b68c5256120', '2025-07-01 10:48:56', '2025-07-01 10:48:56');
INSERT INTO `department` (`uuid`, `department`, `tenant_id`, `client_id`, `created_on`, `modified_on`) VALUES ('51849d2e-8c25-4f0c-bdd6-ccdb4186498e', 'Robotics', 'df234305-8a47-4b4d-8efb-716a6b695428', '8619af3c-6edf-4d4e-83bf-1b68c5256120', '2025-07-01 10:48:56', '2025-07-01 10:48:56');
INSERT INTO `department` (`uuid`, `department`, `tenant_id`, `client_id`, `created_on`, `modified_on`) VALUES ('bb6e7627-8a48-4480-b322-36ab572e6afe', 'Aerospace', 'df234305-8a47-4b4d-8efb-716a6b695428', '8619af3c-6edf-4d4e-83bf-1b68c5256120', '2025-07-01 10:48:56', '2025-07-01 10:48:56');
INSERT INTO `department` (`uuid`, `department`, `tenant_id`, `client_id`, `created_on`, `modified_on`) VALUES ('0bcf9fad-73e7-4691-8c41-57cb4219c97e', 'AI Solutions', 'df234305-8a47-4b4d-8efb-716a6b695428', '8619af3c-6edf-4d4e-83bf-1b68c5256120', '2025-07-01 10:48:56', '2025-07-01 10:48:56');
INSERT INTO `department` (`uuid`, `department`, `tenant_id`, `client_id`, `created_on`, `modified_on`) VALUES ('9bd1d40f-a6cd-4928-b117-4f210b4e5882', 'Biomedical', 'df234305-8a47-4b4d-8efb-716a6b695428', '8619af3c-6edf-4d4e-83bf-1b68c5256120', '2025-07-01 10:48:56', '2025-07-01 10:48:56');
INSERT INTO `client` (`uuid`, `client_name`, `client_code`, `is_active`, `tenant_id`, `created_on`, `modified_on`) VALUES ('6203b53c-91cf-4bfc-bdb8-84974547fabe', 'Vaughn-Pace', 1124, 1, 'df234305-8a47-4b4d-8efb-716a6b695428', '2025-07-01 10:48:56', '2025-07-01 10:48:56');
INSERT INTO `department` (`uuid`, `department`, `tenant_id`, `client_id`, `created_on`, `modified_on`) VALUES ('541c7037-ec53-4d76-9f2e-7004682dea87', 'AI Solutions', 'df234305-8a47-4b4d-8efb-716a6b695428', '6203b53c-91cf-4bfc-bdb8-84974547fabe', '2025-07-01 10:48:56', '2025-07-01 10:48:56');
INSERT INTO `department` (`uuid`, `department`, `tenant_id`, `client_id`, `created_on`, `modified_on`) VALUES ('75d9539d-6127-4890-be2d-4c58d10947aa', 'Cybersecurity', 'df234305-8a47-4b4d-8efb-716a6b695428', '6203b53c-91cf-4bfc-bdb8-84974547fabe', '2025-07-01 10:48:56', '2025-07-01 10:48:56');
INSERT INTO `department` (`uuid`, `department`, `tenant_id`, `client_id`, `created_on`, `modified_on`) VALUES ('e5e412fa-dd6f-45c1-80f3-9e69bec56c2b', 'Biomedical', 'df234305-8a47-4b4d-8efb-716a6b695428', '6203b53c-91cf-4bfc-bdb8-84974547fabe', '2025-07-01 10:48:56', '2025-07-01 10:48:56');
INSERT INTO `department` (`uuid`, `department`, `tenant_id`, `client_id`, `created_on`, `modified_on`) VALUES ('77c3e067-5a82-4a11-adbe-797ac0d55b7f', 'Aerospace', 'df234305-8a47-4b4d-8efb-716a6b695428', '6203b53c-91cf-4bfc-bdb8-84974547fabe', '2025-07-01 10:48:56', '2025-07-01 10:48:56');
INSERT INTO `department` (`uuid`, `department`, `tenant_id`, `client_id`, `created_on`, `modified_on`) VALUES ('32cf5148-6bdf-491a-a81a-34bfd6dc9a38', 'Civil Systems', 'df234305-8a47-4b4d-8efb-716a6b695428', '6203b53c-91cf-4bfc-bdb8-84974547fabe', '2025-07-01 10:48:56', '2025-07-01 10:48:56');
INSERT INTO `department` (`uuid`, `department`, `tenant_id`, `client_id`, `created_on`, `modified_on`) VALUES ('fc3dafaf-4a5c-404d-9b9a-5639457087df', 'Robotics', 'df234305-8a47-4b4d-8efb-716a6b695428', '6203b53c-91cf-4bfc-bdb8-84974547fabe', '2025-07-01 10:48:56', '2025-07-01 10:48:56');
INSERT INTO `client` (`uuid`, `client_name`, `client_code`, `is_active`, `tenant_id`, `created_on`, `modified_on`) VALUES ('91c0e316-cbf5-4af0-9d8f-06f860280613', 'Hernandez PLC', 1125, 1, 'df234305-8a47-4b4d-8efb-716a6b695428', '2025-07-01 10:48:56', '2025-07-01 10:48:56');
INSERT INTO `department` (`uuid`, `department`, `tenant_id`, `client_id`, `created_on`, `modified_on`) VALUES ('89952fe2-cd63-4417-8b7e-51568e0f890e', 'Robotics', 'df234305-8a47-4b4d-8efb-716a6b695428', '91c0e316-cbf5-4af0-9d8f-06f860280613', '2025-07-01 10:48:56', '2025-07-01 10:48:56');
INSERT INTO `department` (`uuid`, `department`, `tenant_id`, `client_id`, `created_on`, `modified_on`) VALUES ('be66ba39-5a05-412b-9649-ba3b8fbfd785', 'AI Solutions', 'df234305-8a47-4b4d-8efb-716a6b695428', '91c0e316-cbf5-4af0-9d8f-06f860280613', '2025-07-01 10:48:56', '2025-07-01 10:48:56');
INSERT INTO `department` (`uuid`, `department`, `tenant_id`, `client_id`, `created_on`, `modified_on`) VALUES ('9196e378-43a6-46fb-a95f-9c86c7ba3368', 'Aerospace', 'df234305-8a47-4b4d-8efb-716a6b695428', '91c0e316-cbf5-4af0-9d8f-06f860280613', '2025-07-01 10:48:56', '2025-07-01 10:48:56');
INSERT INTO `department` (`uuid`, `department`, `tenant_id`, `client_id`, `created_on`, `modified_on`) VALUES ('8a9425bb-8190-408d-a174-e7f034ce5948', 'Cybersecurity', 'df234305-8a47-4b4d-8efb-716a6b695428', '91c0e316-cbf5-4af0-9d8f-06f860280613', '2025-07-01 10:48:56', '2025-07-01 10:48:56');
INSERT INTO `department` (`uuid`, `department`, `tenant_id`, `client_id`, `created_on`, `modified_on`) VALUES ('ed56e37f-c43f-4ec6-a205-8696f9413eda', 'Civil Systems', 'df234305-8a47-4b4d-8efb-716a6b695428', '91c0e316-cbf5-4af0-9d8f-06f860280613', '2025-07-01 10:48:56', '2025-07-01 10:48:56');
INSERT INTO `department` (`uuid`, `department`, `tenant_id`, `client_id`, `created_on`, `modified_on`) VALUES ('0592f799-777c-4aa1-8666-d3c8aed75360', 'Biomedical', 'df234305-8a47-4b4d-8efb-716a6b695428', '91c0e316-cbf5-4af0-9d8f-06f860280613', '2025-07-01 10:48:56', '2025-07-01 10:48:56');
INSERT INTO `client` (`uuid`, `client_name`, `client_code`, `is_active`, `tenant_id`, `created_on`, `modified_on`) VALUES ('75b1db27-c2c1-43e1-8731-5ea213ac5c66', 'Willis, Fuller and Montgomery', 1126, 1, 'df234305-8a47-4b4d-8efb-716a6b695428', '2025-07-01 10:48:56', '2025-07-01 10:48:56');
INSERT INTO `department` (`uuid`, `department`, `tenant_id`, `client_id`, `created_on`, `modified_on`) VALUES ('1f2d0d87-422d-4a93-b00b-ac6ef8ef9912', 'AI Solutions', 'df234305-8a47-4b4d-8efb-716a6b695428', '75b1db27-c2c1-43e1-8731-5ea213ac5c66', '2025-07-01 10:48:56', '2025-07-01 10:48:56');
INSERT INTO `department` (`uuid`, `department`, `tenant_id`, `client_id`, `created_on`, `modified_on`) VALUES ('e4711597-996a-4e66-b7d2-cd81f0306fc8', 'Cybersecurity', 'df234305-8a47-4b4d-8efb-716a6b695428', '75b1db27-c2c1-43e1-8731-5ea213ac5c66', '2025-07-01 10:48:56', '2025-07-01 10:48:56');
INSERT INTO `department` (`uuid`, `department`, `tenant_id`, `client_id`, `created_on`, `modified_on`) VALUES ('db2a2d81-d52b-4c3c-a450-ecba6a061380', 'Biomedical', 'df234305-8a47-4b4d-8efb-716a6b695428', '75b1db27-c2c1-43e1-8731-5ea213ac5c66', '2025-07-01 10:48:56', '2025-07-01 10:48:56');
INSERT INTO `department` (`uuid`, `department`, `tenant_id`, `client_id`, `created_on`, `modified_on`) VALUES ('929dbfbc-f438-4c59-9fba-5b95199e2b31', 'Civil Systems', 'df234305-8a47-4b4d-8efb-716a6b695428', '75b1db27-c2c1-43e1-8731-5ea213ac5c66', '2025-07-01 10:48:56', '2025-07-01 10:48:56');
INSERT INTO `department` (`uuid`, `department`, `tenant_id`, `client_id`, `created_on`, `modified_on`) VALUES ('b48ad8de-c9d5-4342-8f57-0f8b768fb6b8', 'Robotics', 'df234305-8a47-4b4d-8efb-716a6b695428', '75b1db27-c2c1-43e1-8731-5ea213ac5c66', '2025-07-01 10:48:56', '2025-07-01 10:48:56');
INSERT INTO `department` (`uuid`, `department`, `tenant_id`, `client_id`, `created_on`, `modified_on`) VALUES ('d0352ab3-e884-4413-879e-eecc44376517', 'Aerospace', 'df234305-8a47-4b4d-8efb-716a6b695428', '75b1db27-c2c1-43e1-8731-5ea213ac5c66', '2025-07-01 10:48:56', '2025-07-01 10:48:56');
INSERT INTO `client` (`uuid`, `client_name`, `client_code`, `is_active`, `tenant_id`, `created_on`, `modified_on`) VALUES ('31093af2-cfe9-4159-90f1-f47990b74d24', 'Christensen-Todd', 1127, 1, 'df234305-8a47-4b4d-8efb-716a6b695428', '2025-07-01 10:48:56', '2025-07-01 10:48:56');
INSERT INTO `department` (`uuid`, `department`, `tenant_id`, `client_id`, `created_on`, `modified_on`) VALUES ('7f1913f4-854a-4749-8859-8e4d88ec623e', 'Biomedical', 'df234305-8a47-4b4d-8efb-716a6b695428', '31093af2-cfe9-4159-90f1-f47990b74d24', '2025-07-01 10:48:56', '2025-07-01 10:48:56');
INSERT INTO `department` (`uuid`, `department`, `tenant_id`, `client_id`, `created_on`, `modified_on`) VALUES ('c5b083c9-6147-404c-ab08-0d290ab59bde', 'Robotics', 'df234305-8a47-4b4d-8efb-716a6b695428', '31093af2-cfe9-4159-90f1-f47990b74d24', '2025-07-01 10:48:56', '2025-07-01 10:48:56');
INSERT INTO `department` (`uuid`, `department`, `tenant_id`, `client_id`, `created_on`, `modified_on`) VALUES ('0bce1a8f-5ca2-4a59-bcfc-4808962482f7', 'Cybersecurity', 'df234305-8a47-4b4d-8efb-716a6b695428', '31093af2-cfe9-4159-90f1-f47990b74d24', '2025-07-01 10:48:56', '2025-07-01 10:48:56');
INSERT INTO `department` (`uuid`, `department`, `tenant_id`, `client_id`, `created_on`, `modified_on`) VALUES ('3bd56e5a-a036-4811-846a-240553b46ae1', 'AI Solutions', 'df234305-8a47-4b4d-8efb-716a6b695428', '31093af2-cfe9-4159-90f1-f47990b74d24', '2025-07-01 10:48:56', '2025-07-01 10:48:56');
INSERT INTO `department` (`uuid`, `department`, `tenant_id`, `client_id`, `created_on`, `modified_on`) VALUES ('cadc21f5-ce6a-4389-8c00-4c0615fe28f0', 'Aerospace', 'df234305-8a47-4b4d-8efb-716a6b695428', '31093af2-cfe9-4159-90f1-f47990b74d24', '2025-07-01 10:48:56', '2025-07-01 10:48:56');
INSERT INTO `department` (`uuid`, `department`, `tenant_id`, `client_id`, `created_on`, `modified_on`) VALUES ('f05b9955-0925-43e4-aad2-d87a4f2aa943', 'Civil Systems', 'df234305-8a47-4b4d-8efb-716a6b695428', '31093af2-cfe9-4159-90f1-f47990b74d24', '2025-07-01 10:48:56', '2025-07-01 10:48:56');
INSERT INTO `client` (`uuid`, `client_name`, `client_code`, `is_active`, `tenant_id`, `created_on`, `modified_on`) VALUES ('e85c96d9-8f9a-4962-a10c-ef8d5baeae93', 'Harris Inc', 1128, 1, 'df234305-8a47-4b4d-8efb-716a6b695428', '2025-07-01 10:48:56', '2025-07-01 10:48:56');
INSERT INTO `department` (`uuid`, `department`, `tenant_id`, `client_id`, `created_on`, `modified_on`) VALUES ('67adaa58-d1a1-4dc9-938a-3eaf389d5556', 'Cybersecurity', 'df234305-8a47-4b4d-8efb-716a6b695428', 'e85c96d9-8f9a-4962-a10c-ef8d5baeae93', '2025-07-01 10:48:56', '2025-07-01 10:48:56');
INSERT INTO `department` (`uuid`, `department`, `tenant_id`, `client_id`, `created_on`, `modified_on`) VALUES ('72235fe0-1c99-49f2-bb10-4011db868b71', 'AI Solutions', 'df234305-8a47-4b4d-8efb-716a6b695428', 'e85c96d9-8f9a-4962-a10c-ef8d5baeae93', '2025-07-01 10:48:56', '2025-07-01 10:48:56');
INSERT INTO `department` (`uuid`, `department`, `tenant_id`, `client_id`, `created_on`, `modified_on`) VALUES ('d6074421-5bc6-4761-a177-adfc8ce9e081', 'Biomedical', 'df234305-8a47-4b4d-8efb-716a6b695428', 'e85c96d9-8f9a-4962-a10c-ef8d5baeae93', '2025-07-01 10:48:56', '2025-07-01 10:48:56');
INSERT INTO `department` (`uuid`, `department`, `tenant_id`, `client_id`, `created_on`, `modified_on`) VALUES ('311319f4-1754-4dd0-bd4d-64d9c56160d7', 'Robotics', 'df234305-8a47-4b4d-8efb-716a6b695428', 'e85c96d9-8f9a-4962-a10c-ef8d5baeae93', '2025-07-01 10:48:56', '2025-07-01 10:48:56');
INSERT INTO `department` (`uuid`, `department`, `tenant_id`, `client_id`, `created_on`, `modified_on`) VALUES ('15b0888a-386a-46c7-b651-4c14fb81decc', 'Civil Systems', 'df234305-8a47-4b4d-8efb-716a6b695428', 'e85c96d9-8f9a-4962-a10c-ef8d5baeae93', '2025-07-01 10:48:56', '2025-07-01 10:48:56');
INSERT INTO `department` (`uuid`, `department`, `tenant_id`, `client_id`, `created_on`, `modified_on`) VALUES ('48990ca1-3546-4bed-9553-0049ca44e668', 'Aerospace', 'df234305-8a47-4b4d-8efb-716a6b695428', 'e85c96d9-8f9a-4962-a10c-ef8d5baeae93', '2025-07-01 10:48:56', '2025-07-01 10:48:56');
INSERT INTO `client` (`uuid`, `client_name`, `client_code`, `is_active`, `tenant_id`, `created_on`, `modified_on`) VALUES ('97ed7f7a-6e9e-4c0a-a846-69d4956f5aae', 'Moore, Meyer and Moore', 1129, 1, 'df234305-8a47-4b4d-8efb-716a6b695428', '2025-07-01 10:48:56', '2025-07-01 10:48:56');
INSERT INTO `department` (`uuid`, `department`, `tenant_id`, `client_id`, `created_on`, `modified_on`) VALUES ('aad168e0-995f-42c7-ab13-c3c3a7983a27', 'Civil Systems', 'df234305-8a47-4b4d-8efb-716a6b695428', '97ed7f7a-6e9e-4c0a-a846-69d4956f5aae', '2025-07-01 10:48:56', '2025-07-01 10:48:56');
INSERT INTO `department` (`uuid`, `department`, `tenant_id`, `client_id`, `created_on`, `modified_on`) VALUES ('de647c3a-992f-40f9-985c-607293bc78b6', 'Cybersecurity', 'df234305-8a47-4b4d-8efb-716a6b695428', '97ed7f7a-6e9e-4c0a-a846-69d4956f5aae', '2025-07-01 10:48:56', '2025-07-01 10:48:56');
INSERT INTO `department` (`uuid`, `department`, `tenant_id`, `client_id`, `created_on`, `modified_on`) VALUES ('7f8270ab-ea17-4d51-8fb9-5b1e3f421752', 'Biomedical', 'df234305-8a47-4b4d-8efb-716a6b695428', '97ed7f7a-6e9e-4c0a-a846-69d4956f5aae', '2025-07-01 10:48:56', '2025-07-01 10:48:56');
INSERT INTO `department` (`uuid`, `department`, `tenant_id`, `client_id`, `created_on`, `modified_on`) VALUES ('96e9cd4f-aa31-45b4-b117-18474ed5da6d', 'Robotics', 'df234305-8a47-4b4d-8efb-716a6b695428', '97ed7f7a-6e9e-4c0a-a846-69d4956f5aae', '2025-07-01 10:48:56', '2025-07-01 10:48:56');
INSERT INTO `department` (`uuid`, `department`, `tenant_id`, `client_id`, `created_on`, `modified_on`) VALUES ('17a83567-9dc3-4f32-8d89-800779ed32f3', 'AI Solutions', 'df234305-8a47-4b4d-8efb-716a6b695428', '97ed7f7a-6e9e-4c0a-a846-69d4956f5aae', '2025-07-01 10:48:56', '2025-07-01 10:48:56');
INSERT INTO `department` (`uuid`, `department`, `tenant_id`, `client_id`, `created_on`, `modified_on`) VALUES ('a0014414-9665-4ebe-93e0-2667a0ffade6', 'Aerospace', 'df234305-8a47-4b4d-8efb-716a6b695428', '97ed7f7a-6e9e-4c0a-a846-69d4956f5aae', '2025-07-01 10:48:56', '2025-07-01 10:48:56');
INSERT INTO `client` (`uuid`, `client_name`, `client_code`, `is_active`, `tenant_id`, `created_on`, `modified_on`) VALUES ('c923fc85-8900-4c8a-9e87-75899dc7b54a', 'Paul, Rowe and Norris', 1130, 1, 'df234305-8a47-4b4d-8efb-716a6b695428', '2025-07-01 10:48:56', '2025-07-01 10:48:56');
INSERT INTO `department` (`uuid`, `department`, `tenant_id`, `client_id`, `created_on`, `modified_on`) VALUES ('7e1d2c42-57e0-4dd1-b30a-9bafa81941ec', 'Biomedical', 'df234305-8a47-4b4d-8efb-716a6b695428', 'c923fc85-8900-4c8a-9e87-75899dc7b54a', '2025-07-01 10:48:56', '2025-07-01 10:48:56');
INSERT INTO `department` (`uuid`, `department`, `tenant_id`, `client_id`, `created_on`, `modified_on`) VALUES ('3ceefbbe-82e0-4d73-a581-b4dbf3c6c3ff', 'Aerospace', 'df234305-8a47-4b4d-8efb-716a6b695428', 'c923fc85-8900-4c8a-9e87-75899dc7b54a', '2025-07-01 10:48:56', '2025-07-01 10:48:56');
INSERT INTO `department` (`uuid`, `department`, `tenant_id`, `client_id`, `created_on`, `modified_on`) VALUES ('a44cb6da-1cd7-4536-a6ef-2f77ba917724', 'Civil Systems', 'df234305-8a47-4b4d-8efb-716a6b695428', 'c923fc85-8900-4c8a-9e87-75899dc7b54a', '2025-07-01 10:48:56', '2025-07-01 10:48:56');
INSERT INTO `department` (`uuid`, `department`, `tenant_id`, `client_id`, `created_on`, `modified_on`) VALUES ('ce82b143-f0b8-4825-9b00-a09848f11cd8', 'AI Solutions', 'df234305-8a47-4b4d-8efb-716a6b695428', 'c923fc85-8900-4c8a-9e87-75899dc7b54a', '2025-07-01 10:48:56', '2025-07-01 10:48:56');
INSERT INTO `department` (`uuid`, `department`, `tenant_id`, `client_id`, `created_on`, `modified_on`) VALUES ('9950a66e-3b69-4721-ad68-75dbf01b8b94', 'Cybersecurity', 'df234305-8a47-4b4d-8efb-716a6b695428', 'c923fc85-8900-4c8a-9e87-75899dc7b54a', '2025-07-01 10:48:56', '2025-07-01 10:48:56');
INSERT INTO `department` (`uuid`, `department`, `tenant_id`, `client_id`, `created_on`, `modified_on`) VALUES ('c3b43c90-a22b-4597-9c49-4f19e30ebe4d', 'Robotics', 'df234305-8a47-4b4d-8efb-716a6b695428', 'c923fc85-8900-4c8a-9e87-75899dc7b54a', '2025-07-01 10:48:56', '2025-07-01 10:48:56');
INSERT INTO `client` (`uuid`, `client_name`, `client_code`, `is_active`, `tenant_id`, `created_on`, `modified_on`) VALUES ('f52d27ca-4ee8-48cc-9bfc-edb8e6f9bb9c', 'Jones, Hoover and Webb', 1131, 1, 'df234305-8a47-4b4d-8efb-716a6b695428', '2025-07-01 10:48:56', '2025-07-01 10:48:56');
INSERT INTO `department` (`uuid`, `department`, `tenant_id`, `client_id`, `created_on`, `modified_on`) VALUES ('f9f8b3a3-6d6b-4191-923a-4c4de5c74439', 'AI Solutions', 'df234305-8a47-4b4d-8efb-716a6b695428', 'f52d27ca-4ee8-48cc-9bfc-edb8e6f9bb9c', '2025-07-01 10:48:56', '2025-07-01 10:48:56');
INSERT INTO `department` (`uuid`, `department`, `tenant_id`, `client_id`, `created_on`, `modified_on`) VALUES ('30cf3ed3-6dc3-4496-866a-f0d9b57d572d', 'Robotics', 'df234305-8a47-4b4d-8efb-716a6b695428', 'f52d27ca-4ee8-48cc-9bfc-edb8e6f9bb9c', '2025-07-01 10:48:56', '2025-07-01 10:48:56');
INSERT INTO `department` (`uuid`, `department`, `tenant_id`, `client_id`, `created_on`, `modified_on`) VALUES ('b01f09e5-4a3c-48c4-8e92-078a4de54ff9', 'Cybersecurity', 'df234305-8a47-4b4d-8efb-716a6b695428', 'f52d27ca-4ee8-48cc-9bfc-edb8e6f9bb9c', '2025-07-01 10:48:56', '2025-07-01 10:48:56');
INSERT INTO `department` (`uuid`, `department`, `tenant_id`, `client_id`, `created_on`, `modified_on`) VALUES ('08be2487-de23-4b34-8fc4-6243945ebbda', 'Civil Systems', 'df234305-8a47-4b4d-8efb-716a6b695428', 'f52d27ca-4ee8-48cc-9bfc-edb8e6f9bb9c', '2025-07-01 10:48:56', '2025-07-01 10:48:56');
INSERT INTO `department` (`uuid`, `department`, `tenant_id`, `client_id`, `created_on`, `modified_on`) VALUES ('ec24def6-d1a6-4270-aa0a-7165584b2b4b', 'Aerospace', 'df234305-8a47-4b4d-8efb-716a6b695428', 'f52d27ca-4ee8-48cc-9bfc-edb8e6f9bb9c', '2025-07-01 10:48:56', '2025-07-01 10:48:56');
INSERT INTO `department` (`uuid`, `department`, `tenant_id`, `client_id`, `created_on`, `modified_on`) VALUES ('aa8a64ee-d3cb-4441-bfe3-457e3c1e868d', 'Biomedical', 'df234305-8a47-4b4d-8efb-716a6b695428', 'f52d27ca-4ee8-48cc-9bfc-edb8e6f9bb9c', '2025-07-01 10:48:56', '2025-07-01 10:48:56');
INSERT INTO `client` (`uuid`, `client_name`, `client_code`, `is_active`, `tenant_id`, `created_on`, `modified_on`) VALUES ('103daad8-82cd-4477-8a99-c3ad7361a3bd', 'Miller-Meyer', 1132, 1, 'df234305-8a47-4b4d-8efb-716a6b695428', '2025-07-01 10:48:56', '2025-07-01 10:48:56');
INSERT INTO `department` (`uuid`, `department`, `tenant_id`, `client_id`, `created_on`, `modified_on`) VALUES ('3bd9cf03-5425-4545-904b-0d0d6b885380', 'AI Solutions', 'df234305-8a47-4b4d-8efb-716a6b695428', '103daad8-82cd-4477-8a99-c3ad7361a3bd', '2025-07-01 10:48:56', '2025-07-01 10:48:56');
INSERT INTO `department` (`uuid`, `department`, `tenant_id`, `client_id`, `created_on`, `modified_on`) VALUES ('1648481b-2687-4568-a1b5-a837d40e5290', 'Aerospace', 'df234305-8a47-4b4d-8efb-716a6b695428', '103daad8-82cd-4477-8a99-c3ad7361a3bd', '2025-07-01 10:48:56', '2025-07-01 10:48:56');
INSERT INTO `department` (`uuid`, `department`, `tenant_id`, `client_id`, `created_on`, `modified_on`) VALUES ('d47e4804-1ac7-4d62-b9bf-2fb1b0bbcc14', 'Cybersecurity', 'df234305-8a47-4b4d-8efb-716a6b695428', '103daad8-82cd-4477-8a99-c3ad7361a3bd', '2025-07-01 10:48:56', '2025-07-01 10:48:56');
INSERT INTO `department` (`uuid`, `department`, `tenant_id`, `client_id`, `created_on`, `modified_on`) VALUES ('c63aef9d-1586-43d7-b6db-49a3d0f5425e', 'Robotics', 'df234305-8a47-4b4d-8efb-716a6b695428', '103daad8-82cd-4477-8a99-c3ad7361a3bd', '2025-07-01 10:48:56', '2025-07-01 10:48:56');
INSERT INTO `department` (`uuid`, `department`, `tenant_id`, `client_id`, `created_on`, `modified_on`) VALUES ('21193b73-b6ce-42b4-b7e9-3ad1d2301e67', 'Civil Systems', 'df234305-8a47-4b4d-8efb-716a6b695428', '103daad8-82cd-4477-8a99-c3ad7361a3bd', '2025-07-01 10:48:56', '2025-07-01 10:48:56');
INSERT INTO `department` (`uuid`, `department`, `tenant_id`, `client_id`, `created_on`, `modified_on`) VALUES ('65e6a5ea-688f-4750-a80d-eb6c614bb73f', 'Biomedical', 'df234305-8a47-4b4d-8efb-716a6b695428', '103daad8-82cd-4477-8a99-c3ad7361a3bd', '2025-07-01 10:48:56', '2025-07-01 10:48:56');
INSERT INTO `client` (`uuid`, `client_name`, `client_code`, `is_active`, `tenant_id`, `created_on`, `modified_on`) VALUES ('99e6da79-372b-41db-b02e-b8d97910eadf', 'Foster-Torres', 1133, 1, 'df234305-8a47-4b4d-8efb-716a6b695428', '2025-07-01 10:48:56', '2025-07-01 10:48:56');
INSERT INTO `department` (`uuid`, `department`, `tenant_id`, `client_id`, `created_on`, `modified_on`) VALUES ('b5496a43-b6d5-4f0b-aab3-5efdb4f7c94d', 'Civil Systems', 'df234305-8a47-4b4d-8efb-716a6b695428', '99e6da79-372b-41db-b02e-b8d97910eadf', '2025-07-01 10:48:56', '2025-07-01 10:48:56');
INSERT INTO `department` (`uuid`, `department`, `tenant_id`, `client_id`, `created_on`, `modified_on`) VALUES ('da534d4f-807d-4737-a1f0-9d3b0eda04e3', 'AI Solutions', 'df234305-8a47-4b4d-8efb-716a6b695428', '99e6da79-372b-41db-b02e-b8d97910eadf', '2025-07-01 10:48:56', '2025-07-01 10:48:56');
INSERT INTO `department` (`uuid`, `department`, `tenant_id`, `client_id`, `created_on`, `modified_on`) VALUES ('92504e61-3e3d-4260-b612-d8c4284aaa06', 'Robotics', 'df234305-8a47-4b4d-8efb-716a6b695428', '99e6da79-372b-41db-b02e-b8d97910eadf', '2025-07-01 10:48:56', '2025-07-01 10:48:56');
INSERT INTO `department` (`uuid`, `department`, `tenant_id`, `client_id`, `created_on`, `modified_on`) VALUES ('c952ff17-6517-4dae-9edb-5d6027e33f3f', 'Cybersecurity', 'df234305-8a47-4b4d-8efb-716a6b695428', '99e6da79-372b-41db-b02e-b8d97910eadf', '2025-07-01 10:48:56', '2025-07-01 10:48:56');
INSERT INTO `department` (`uuid`, `department`, `tenant_id`, `client_id`, `created_on`, `modified_on`) VALUES ('caf39db4-ec01-4a18-b7a4-769745bdcc54', 'Biomedical', 'df234305-8a47-4b4d-8efb-716a6b695428', '99e6da79-372b-41db-b02e-b8d97910eadf', '2025-07-01 10:48:56', '2025-07-01 10:48:56');
INSERT INTO `department` (`uuid`, `department`, `tenant_id`, `client_id`, `created_on`, `modified_on`) VALUES ('d5933ef3-3fcb-4ae4-adad-11488c7b0c03', 'Aerospace', 'df234305-8a47-4b4d-8efb-716a6b695428', '99e6da79-372b-41db-b02e-b8d97910eadf', '2025-07-01 10:48:56', '2025-07-01 10:48:56');
INSERT INTO `client` (`uuid`, `client_name`, `client_code`, `is_active`, `tenant_id`, `created_on`, `modified_on`) VALUES ('187061d2-d4ae-4447-b27f-61975929f5f5', 'Clark Inc', 1134, 1, 'df234305-8a47-4b4d-8efb-716a6b695428', '2025-07-01 10:48:56', '2025-07-01 10:48:56');
INSERT INTO `department` (`uuid`, `department`, `tenant_id`, `client_id`, `created_on`, `modified_on`) VALUES ('fe7a352f-ed7f-4ee5-8faa-f8bc5cb0a1fd', 'Robotics', 'df234305-8a47-4b4d-8efb-716a6b695428', '187061d2-d4ae-4447-b27f-61975929f5f5', '2025-07-01 10:48:56', '2025-07-01 10:48:56');
INSERT INTO `department` (`uuid`, `department`, `tenant_id`, `client_id`, `created_on`, `modified_on`) VALUES ('e3971c77-f521-40d1-a221-d43a72dfc9d7', 'AI Solutions', 'df234305-8a47-4b4d-8efb-716a6b695428', '187061d2-d4ae-4447-b27f-61975929f5f5', '2025-07-01 10:48:56', '2025-07-01 10:48:56');
INSERT INTO `department` (`uuid`, `department`, `tenant_id`, `client_id`, `created_on`, `modified_on`) VALUES ('b404a1c6-7418-4426-a172-2204d10da5b9', 'Aerospace', 'df234305-8a47-4b4d-8efb-716a6b695428', '187061d2-d4ae-4447-b27f-61975929f5f5', '2025-07-01 10:48:56', '2025-07-01 10:48:56');
INSERT INTO `department` (`uuid`, `department`, `tenant_id`, `client_id`, `created_on`, `modified_on`) VALUES ('7845c541-61aa-4be4-88e4-8fbb102863e3', 'Cybersecurity', 'df234305-8a47-4b4d-8efb-716a6b695428', '187061d2-d4ae-4447-b27f-61975929f5f5', '2025-07-01 10:48:56', '2025-07-01 10:48:56');
INSERT INTO `department` (`uuid`, `department`, `tenant_id`, `client_id`, `created_on`, `modified_on`) VALUES ('1a8e5a4d-44a1-46c0-8f26-4226f66bf556', 'Biomedical', 'df234305-8a47-4b4d-8efb-716a6b695428', '187061d2-d4ae-4447-b27f-61975929f5f5', '2025-07-01 10:48:56', '2025-07-01 10:48:56');
INSERT INTO `department` (`uuid`, `department`, `tenant_id`, `client_id`, `created_on`, `modified_on`) VALUES ('be1a1046-8073-4bb8-9d83-b3641e23cfc2', 'Civil Systems', 'df234305-8a47-4b4d-8efb-716a6b695428', '187061d2-d4ae-4447-b27f-61975929f5f5', '2025-07-01 10:48:56', '2025-07-01 10:48:56');
INSERT INTO `client` (`uuid`, `client_name`, `client_code`, `is_active`, `tenant_id`, `created_on`, `modified_on`) VALUES ('ce3d3863-b9be-493b-9109-d2bddb5308f6', 'Gonzalez, Young and Preston', 1135, 1, 'df234305-8a47-4b4d-8efb-716a6b695428', '2025-07-01 10:48:56', '2025-07-01 10:48:56');
INSERT INTO `department` (`uuid`, `department`, `tenant_id`, `client_id`, `created_on`, `modified_on`) VALUES ('33b9e157-b8d5-41e9-899e-c51936f2601a', 'Aerospace', 'df234305-8a47-4b4d-8efb-716a6b695428', 'ce3d3863-b9be-493b-9109-d2bddb5308f6', '2025-07-01 10:48:56', '2025-07-01 10:48:56');
INSERT INTO `department` (`uuid`, `department`, `tenant_id`, `client_id`, `created_on`, `modified_on`) VALUES ('ec80f6c9-25e3-46c5-b87e-c30d9df734fa', 'AI Solutions', 'df234305-8a47-4b4d-8efb-716a6b695428', 'ce3d3863-b9be-493b-9109-d2bddb5308f6', '2025-07-01 10:48:56', '2025-07-01 10:48:56');
INSERT INTO `department` (`uuid`, `department`, `tenant_id`, `client_id`, `created_on`, `modified_on`) VALUES ('247a7901-65b0-469f-9bbe-888d345d01ff', 'Cybersecurity', 'df234305-8a47-4b4d-8efb-716a6b695428', 'ce3d3863-b9be-493b-9109-d2bddb5308f6', '2025-07-01 10:48:56', '2025-07-01 10:48:56');
INSERT INTO `department` (`uuid`, `department`, `tenant_id`, `client_id`, `created_on`, `modified_on`) VALUES ('1d824e50-f6f2-44ba-9cca-1597fa88e197', 'Biomedical', 'df234305-8a47-4b4d-8efb-716a6b695428', 'ce3d3863-b9be-493b-9109-d2bddb5308f6', '2025-07-01 10:48:56', '2025-07-01 10:48:56');
INSERT INTO `department` (`uuid`, `department`, `tenant_id`, `client_id`, `created_on`, `modified_on`) VALUES ('e47ae671-849e-4497-865e-4e1736d8ed68', 'Robotics', 'df234305-8a47-4b4d-8efb-716a6b695428', 'ce3d3863-b9be-493b-9109-d2bddb5308f6', '2025-07-01 10:48:56', '2025-07-01 10:48:56');
INSERT INTO `department` (`uuid`, `department`, `tenant_id`, `client_id`, `created_on`, `modified_on`) VALUES ('b0c8c7f9-96c4-447d-8a45-99d32815b96a', 'Civil Systems', 'df234305-8a47-4b4d-8efb-716a6b695428', 'ce3d3863-b9be-493b-9109-d2bddb5308f6', '2025-07-01 10:48:56', '2025-07-01 10:48:56');
INSERT INTO `client` (`uuid`, `client_name`, `client_code`, `is_active`, `tenant_id`, `created_on`, `modified_on`) VALUES ('4a197d04-cd0c-447d-8b70-04a0dfb14f61', 'Hicks, Taylor and Rios', 1136, 1, 'df234305-8a47-4b4d-8efb-716a6b695428', '2025-07-01 10:48:56', '2025-07-01 10:48:56');
INSERT INTO `department` (`uuid`, `department`, `tenant_id`, `client_id`, `created_on`, `modified_on`) VALUES ('2869e192-0e06-40c5-acb3-15ff1cda5d4f', 'Aerospace', 'df234305-8a47-4b4d-8efb-716a6b695428', '4a197d04-cd0c-447d-8b70-04a0dfb14f61', '2025-07-01 10:48:56', '2025-07-01 10:48:56');
INSERT INTO `department` (`uuid`, `department`, `tenant_id`, `client_id`, `created_on`, `modified_on`) VALUES ('59ee03b2-69fb-4d77-9860-109aaee4af69', 'Robotics', 'df234305-8a47-4b4d-8efb-716a6b695428', '4a197d04-cd0c-447d-8b70-04a0dfb14f61', '2025-07-01 10:48:56', '2025-07-01 10:48:56');
INSERT INTO `department` (`uuid`, `department`, `tenant_id`, `client_id`, `created_on`, `modified_on`) VALUES ('95889483-daa8-4404-b2c6-f2502d8b8216', 'Cybersecurity', 'df234305-8a47-4b4d-8efb-716a6b695428', '4a197d04-cd0c-447d-8b70-04a0dfb14f61', '2025-07-01 10:48:56', '2025-07-01 10:48:56');
INSERT INTO `department` (`uuid`, `department`, `tenant_id`, `client_id`, `created_on`, `modified_on`) VALUES ('30e1356a-3298-4072-88bb-3b0a9dc444a7', 'Biomedical', 'df234305-8a47-4b4d-8efb-716a6b695428', '4a197d04-cd0c-447d-8b70-04a0dfb14f61', '2025-07-01 10:48:56', '2025-07-01 10:48:56');
INSERT INTO `department` (`uuid`, `department`, `tenant_id`, `client_id`, `created_on`, `modified_on`) VALUES ('1c5e5e02-50de-404e-9128-137c955e3674', 'Civil Systems', 'df234305-8a47-4b4d-8efb-716a6b695428', '4a197d04-cd0c-447d-8b70-04a0dfb14f61', '2025-07-01 10:48:56', '2025-07-01 10:48:56');
INSERT INTO `department` (`uuid`, `department`, `tenant_id`, `client_id`, `created_on`, `modified_on`) VALUES ('3f45fa1a-39e7-4e77-936a-c0ff7a257417', 'AI Solutions', 'df234305-8a47-4b4d-8efb-716a6b695428', '4a197d04-cd0c-447d-8b70-04a0dfb14f61', '2025-07-01 10:48:56', '2025-07-01 10:48:56');
INSERT INTO `client` (`uuid`, `client_name`, `client_code`, `is_active`, `tenant_id`, `created_on`, `modified_on`) VALUES ('dd00aeee-454a-4f0d-82ae-edfa57ce6718', 'Li-Holder', 1137, 1, 'df234305-8a47-4b4d-8efb-716a6b695428', '2025-07-01 10:48:56', '2025-07-01 10:48:56');
INSERT INTO `department` (`uuid`, `department`, `tenant_id`, `client_id`, `created_on`, `modified_on`) VALUES ('6d46ffe7-7573-4e7c-a6ea-4241c82e9d14', 'Biomedical', 'df234305-8a47-4b4d-8efb-716a6b695428', 'dd00aeee-454a-4f0d-82ae-edfa57ce6718', '2025-07-01 10:48:56', '2025-07-01 10:48:56');
INSERT INTO `department` (`uuid`, `department`, `tenant_id`, `client_id`, `created_on`, `modified_on`) VALUES ('b2778647-f3fd-4579-bfb2-6e42f8e85316', 'Cybersecurity', 'df234305-8a47-4b4d-8efb-716a6b695428', 'dd00aeee-454a-4f0d-82ae-edfa57ce6718', '2025-07-01 10:48:56', '2025-07-01 10:48:56');
INSERT INTO `department` (`uuid`, `department`, `tenant_id`, `client_id`, `created_on`, `modified_on`) VALUES ('56db9bf5-7b01-475e-aa5a-9576b1106a2b', 'Aerospace', 'df234305-8a47-4b4d-8efb-716a6b695428', 'dd00aeee-454a-4f0d-82ae-edfa57ce6718', '2025-07-01 10:48:56', '2025-07-01 10:48:56');
INSERT INTO `department` (`uuid`, `department`, `tenant_id`, `client_id`, `created_on`, `modified_on`) VALUES ('35dde2c0-9f2a-4d72-b7e0-64fee4e9df56', 'AI Solutions', 'df234305-8a47-4b4d-8efb-716a6b695428', 'dd00aeee-454a-4f0d-82ae-edfa57ce6718', '2025-07-01 10:48:56', '2025-07-01 10:48:56');
INSERT INTO `department` (`uuid`, `department`, `tenant_id`, `client_id`, `created_on`, `modified_on`) VALUES ('ef17c009-40a6-4624-9a66-d1802c7286cf', 'Civil Systems', 'df234305-8a47-4b4d-8efb-716a6b695428', 'dd00aeee-454a-4f0d-82ae-edfa57ce6718', '2025-07-01 10:48:56', '2025-07-01 10:48:56');
INSERT INTO `department` (`uuid`, `department`, `tenant_id`, `client_id`, `created_on`, `modified_on`) VALUES ('c11f4c3c-6c30-464d-9c3a-6fdcd526f632', 'Robotics', 'df234305-8a47-4b4d-8efb-716a6b695428', 'dd00aeee-454a-4f0d-82ae-edfa57ce6718', '2025-07-01 10:48:56', '2025-07-01 10:48:56');
INSERT INTO `client` (`uuid`, `client_name`, `client_code`, `is_active`, `tenant_id`, `created_on`, `modified_on`) VALUES ('70fda6af-bb63-4fd4-b204-650bac968f84', 'Rodriguez-Keller', 1138, 1, 'df234305-8a47-4b4d-8efb-716a6b695428', '2025-07-01 10:48:56', '2025-07-01 10:48:56');
INSERT INTO `department` (`uuid`, `department`, `tenant_id`, `client_id`, `created_on`, `modified_on`) VALUES ('1aa03ad6-81c8-4588-bd56-e8df4ec8d051', 'Cybersecurity', 'df234305-8a47-4b4d-8efb-716a6b695428', '70fda6af-bb63-4fd4-b204-650bac968f84', '2025-07-01 10:48:56', '2025-07-01 10:48:56');
INSERT INTO `department` (`uuid`, `department`, `tenant_id`, `client_id`, `created_on`, `modified_on`) VALUES ('1303ef48-41b4-4d5c-b696-9eab935c9601', 'Robotics', 'df234305-8a47-4b4d-8efb-716a6b695428', '70fda6af-bb63-4fd4-b204-650bac968f84', '2025-07-01 10:48:56', '2025-07-01 10:48:56');
INSERT INTO `department` (`uuid`, `department`, `tenant_id`, `client_id`, `created_on`, `modified_on`) VALUES ('d2b8db66-171a-4a78-897c-2fb1ee607279', 'Civil Systems', 'df234305-8a47-4b4d-8efb-716a6b695428', '70fda6af-bb63-4fd4-b204-650bac968f84', '2025-07-01 10:48:56', '2025-07-01 10:48:56');
INSERT INTO `department` (`uuid`, `department`, `tenant_id`, `client_id`, `created_on`, `modified_on`) VALUES ('ab95e96d-ea00-4327-9ff0-929b6b5e4b85', 'Aerospace', 'df234305-8a47-4b4d-8efb-716a6b695428', '70fda6af-bb63-4fd4-b204-650bac968f84', '2025-07-01 10:48:56', '2025-07-01 10:48:56');
INSERT INTO `department` (`uuid`, `department`, `tenant_id`, `client_id`, `created_on`, `modified_on`) VALUES ('cdeb6b92-26be-405a-bfe0-0e9b4b816170', 'Biomedical', 'df234305-8a47-4b4d-8efb-716a6b695428', '70fda6af-bb63-4fd4-b204-650bac968f84', '2025-07-01 10:48:56', '2025-07-01 10:48:56');
INSERT INTO `department` (`uuid`, `department`, `tenant_id`, `client_id`, `created_on`, `modified_on`) VALUES ('6f2ff93e-ead1-4b9a-8490-5357615e2f7f', 'AI Solutions', 'df234305-8a47-4b4d-8efb-716a6b695428', '70fda6af-bb63-4fd4-b204-650bac968f84', '2025-07-01 10:48:56', '2025-07-01 10:48:56');
INSERT INTO `client` (`uuid`, `client_name`, `client_code`, `is_active`, `tenant_id`, `created_on`, `modified_on`) VALUES ('850fee14-4261-46f5-b3ad-bdbf2140a0c7', 'Morgan PLC', 1139, 1, 'df234305-8a47-4b4d-8efb-716a6b695428', '2025-07-01 10:48:56', '2025-07-01 10:48:56');
INSERT INTO `department` (`uuid`, `department`, `tenant_id`, `client_id`, `created_on`, `modified_on`) VALUES ('22cf9ed4-e733-49f4-a602-7a5335a0141e', 'Biomedical', 'df234305-8a47-4b4d-8efb-716a6b695428', '850fee14-4261-46f5-b3ad-bdbf2140a0c7', '2025-07-01 10:48:56', '2025-07-01 10:48:56');
INSERT INTO `department` (`uuid`, `department`, `tenant_id`, `client_id`, `created_on`, `modified_on`) VALUES ('ed13d78b-01b3-4246-b761-cfd2692cbaf9', 'Aerospace', 'df234305-8a47-4b4d-8efb-716a6b695428', '850fee14-4261-46f5-b3ad-bdbf2140a0c7', '2025-07-01 10:48:56', '2025-07-01 10:48:56');
INSERT INTO `department` (`uuid`, `department`, `tenant_id`, `client_id`, `created_on`, `modified_on`) VALUES ('3cf3da8c-1a7f-428a-a567-f87bcbd79e16', 'Cybersecurity', 'df234305-8a47-4b4d-8efb-716a6b695428', '850fee14-4261-46f5-b3ad-bdbf2140a0c7', '2025-07-01 10:48:56', '2025-07-01 10:48:56');
INSERT INTO `department` (`uuid`, `department`, `tenant_id`, `client_id`, `created_on`, `modified_on`) VALUES ('f6ff6770-958d-4115-9ec0-06a6f12a3cba', 'Robotics', 'df234305-8a47-4b4d-8efb-716a6b695428', '850fee14-4261-46f5-b3ad-bdbf2140a0c7', '2025-07-01 10:48:56', '2025-07-01 10:48:56');
INSERT INTO `department` (`uuid`, `department`, `tenant_id`, `client_id`, `created_on`, `modified_on`) VALUES ('9de3ac09-ca23-4268-b430-abcf263ea069', 'Civil Systems', 'df234305-8a47-4b4d-8efb-716a6b695428', '850fee14-4261-46f5-b3ad-bdbf2140a0c7', '2025-07-01 10:48:56', '2025-07-01 10:48:56');
INSERT INTO `department` (`uuid`, `department`, `tenant_id`, `client_id`, `created_on`, `modified_on`) VALUES ('8d123ff8-e838-4ec5-93d7-3d398b23d6d3', 'AI Solutions', 'df234305-8a47-4b4d-8efb-716a6b695428', '850fee14-4261-46f5-b3ad-bdbf2140a0c7', '2025-07-01 10:48:56', '2025-07-01 10:48:56');
INSERT INTO `client` (`uuid`, `client_name`, `client_code`, `is_active`, `tenant_id`, `created_on`, `modified_on`) VALUES ('e93458de-f66b-443c-bc3e-e91acebd6094', 'Wilson-Palmer', 1140, 1, 'df234305-8a47-4b4d-8efb-716a6b695428', '2025-07-01 10:48:56', '2025-07-01 10:48:56');
INSERT INTO `department` (`uuid`, `department`, `tenant_id`, `client_id`, `created_on`, `modified_on`) VALUES ('41dc75cb-2a12-405f-8ff4-b25afcebe324', 'Biomedical', 'df234305-8a47-4b4d-8efb-716a6b695428', 'e93458de-f66b-443c-bc3e-e91acebd6094', '2025-07-01 10:48:56', '2025-07-01 10:48:56');
INSERT INTO `department` (`uuid`, `department`, `tenant_id`, `client_id`, `created_on`, `modified_on`) VALUES ('0d2ccfba-9586-4aac-9551-6f0f951a5db9', 'AI Solutions', 'df234305-8a47-4b4d-8efb-716a6b695428', 'e93458de-f66b-443c-bc3e-e91acebd6094', '2025-07-01 10:48:56', '2025-07-01 10:48:56');
INSERT INTO `department` (`uuid`, `department`, `tenant_id`, `client_id`, `created_on`, `modified_on`) VALUES ('2b38114c-7e31-4151-acb7-514ae7c10b7c', 'Robotics', 'df234305-8a47-4b4d-8efb-716a6b695428', 'e93458de-f66b-443c-bc3e-e91acebd6094', '2025-07-01 10:48:56', '2025-07-01 10:48:56');
INSERT INTO `department` (`uuid`, `department`, `tenant_id`, `client_id`, `created_on`, `modified_on`) VALUES ('b83060f7-9ce5-4a19-8f65-6dd542eb6be7', 'Aerospace', 'df234305-8a47-4b4d-8efb-716a6b695428', 'e93458de-f66b-443c-bc3e-e91acebd6094', '2025-07-01 10:48:56', '2025-07-01 10:48:56');
INSERT INTO `department` (`uuid`, `department`, `tenant_id`, `client_id`, `created_on`, `modified_on`) VALUES ('00e2bbb2-e712-4053-bdc9-155d3912c215', 'Cybersecurity', 'df234305-8a47-4b4d-8efb-716a6b695428', 'e93458de-f66b-443c-bc3e-e91acebd6094', '2025-07-01 10:48:56', '2025-07-01 10:48:56');
INSERT INTO `department` (`uuid`, `department`, `tenant_id`, `client_id`, `created_on`, `modified_on`) VALUES ('728c8f37-ba5d-4d8e-b823-2d10b792a7ce', 'Civil Systems', 'df234305-8a47-4b4d-8efb-716a6b695428', 'e93458de-f66b-443c-bc3e-e91acebd6094', '2025-07-01 10:48:56', '2025-07-01 10:48:56');
INSERT INTO `client` (`uuid`, `client_name`, `client_code`, `is_active`, `tenant_id`, `created_on`, `modified_on`) VALUES ('598863c5-6e2d-4976-9963-dfb9039ad3bf', 'Martin, Gill and Owen', 1141, 1, 'df234305-8a47-4b4d-8efb-716a6b695428', '2025-07-01 10:48:56', '2025-07-01 10:48:56');
INSERT INTO `department` (`uuid`, `department`, `tenant_id`, `client_id`, `created_on`, `modified_on`) VALUES ('63a07a5e-bbdd-4850-894e-3c334595b3bc', 'AI Solutions', 'df234305-8a47-4b4d-8efb-716a6b695428', '598863c5-6e2d-4976-9963-dfb9039ad3bf', '2025-07-01 10:48:56', '2025-07-01 10:48:56');
INSERT INTO `department` (`uuid`, `department`, `tenant_id`, `client_id`, `created_on`, `modified_on`) VALUES ('73d9f7e0-858c-4c2c-b48a-16a0b6b1add8', 'Civil Systems', 'df234305-8a47-4b4d-8efb-716a6b695428', '598863c5-6e2d-4976-9963-dfb9039ad3bf', '2025-07-01 10:48:56', '2025-07-01 10:48:56');
INSERT INTO `department` (`uuid`, `department`, `tenant_id`, `client_id`, `created_on`, `modified_on`) VALUES ('5cbf9978-70f2-4b9c-8765-cc7a172ae45b', 'Cybersecurity', 'df234305-8a47-4b4d-8efb-716a6b695428', '598863c5-6e2d-4976-9963-dfb9039ad3bf', '2025-07-01 10:48:56', '2025-07-01 10:48:56');
INSERT INTO `department` (`uuid`, `department`, `tenant_id`, `client_id`, `created_on`, `modified_on`) VALUES ('20dcd6b1-60e1-447b-9940-1f74ec48f83d', 'Aerospace', 'df234305-8a47-4b4d-8efb-716a6b695428', '598863c5-6e2d-4976-9963-dfb9039ad3bf', '2025-07-01 10:48:56', '2025-07-01 10:48:56');
INSERT INTO `department` (`uuid`, `department`, `tenant_id`, `client_id`, `created_on`, `modified_on`) VALUES ('8588d45f-70e8-4c8b-a3f3-3e610809d3f5', 'Robotics', 'df234305-8a47-4b4d-8efb-716a6b695428', '598863c5-6e2d-4976-9963-dfb9039ad3bf', '2025-07-01 10:48:56', '2025-07-01 10:48:56');
INSERT INTO `department` (`uuid`, `department`, `tenant_id`, `client_id`, `created_on`, `modified_on`) VALUES ('3c9fb0cd-07c9-4359-ac63-a9da596aa4c6', 'Biomedical', 'df234305-8a47-4b4d-8efb-716a6b695428', '598863c5-6e2d-4976-9963-dfb9039ad3bf', '2025-07-01 10:48:56', '2025-07-01 10:48:56');
INSERT INTO `client` (`uuid`, `client_name`, `client_code`, `is_active`, `tenant_id`, `created_on`, `modified_on`) VALUES ('44c46a71-bb3c-4631-9a32-f231d3f6d299', 'Carter, Rangel and Mckay', 1142, 1, 'df234305-8a47-4b4d-8efb-716a6b695428', '2025-07-01 10:48:56', '2025-07-01 10:48:56');
INSERT INTO `department` (`uuid`, `department`, `tenant_id`, `client_id`, `created_on`, `modified_on`) VALUES ('5b3371ad-164b-4bc2-ae2f-993793a02d4f', 'AI Solutions', 'df234305-8a47-4b4d-8efb-716a6b695428', '44c46a71-bb3c-4631-9a32-f231d3f6d299', '2025-07-01 10:48:56', '2025-07-01 10:48:56');
INSERT INTO `department` (`uuid`, `department`, `tenant_id`, `client_id`, `created_on`, `modified_on`) VALUES ('560f55a9-f197-4015-ad4b-c267dc53aabe', 'Aerospace', 'df234305-8a47-4b4d-8efb-716a6b695428', '44c46a71-bb3c-4631-9a32-f231d3f6d299', '2025-07-01 10:48:56', '2025-07-01 10:48:56');
INSERT INTO `department` (`uuid`, `department`, `tenant_id`, `client_id`, `created_on`, `modified_on`) VALUES ('8fce5860-1f94-49bb-b3c1-c959abbb2f8e', 'Biomedical', 'df234305-8a47-4b4d-8efb-716a6b695428', '44c46a71-bb3c-4631-9a32-f231d3f6d299', '2025-07-01 10:48:56', '2025-07-01 10:48:56');
INSERT INTO `department` (`uuid`, `department`, `tenant_id`, `client_id`, `created_on`, `modified_on`) VALUES ('57c04599-fb73-4aaf-afc6-f57243ef00ea', 'Civil Systems', 'df234305-8a47-4b4d-8efb-716a6b695428', '44c46a71-bb3c-4631-9a32-f231d3f6d299', '2025-07-01 10:48:56', '2025-07-01 10:48:56');
INSERT INTO `department` (`uuid`, `department`, `tenant_id`, `client_id`, `created_on`, `modified_on`) VALUES ('be95544e-871a-4eba-8276-4f5062c8c894', 'Robotics', 'df234305-8a47-4b4d-8efb-716a6b695428', '44c46a71-bb3c-4631-9a32-f231d3f6d299', '2025-07-01 10:48:56', '2025-07-01 10:48:56');
INSERT INTO `department` (`uuid`, `department`, `tenant_id`, `client_id`, `created_on`, `modified_on`) VALUES ('df3233a2-9950-48ac-87f3-1ac049a25c76', 'Cybersecurity', 'df234305-8a47-4b4d-8efb-716a6b695428', '44c46a71-bb3c-4631-9a32-f231d3f6d299', '2025-07-01 10:48:56', '2025-07-01 10:48:56');
INSERT INTO `client` (`uuid`, `client_name`, `client_code`, `is_active`, `tenant_id`, `created_on`, `modified_on`) VALUES ('62783418-95b8-4842-bcd4-afc8da60ee03', 'Moody-Lopez', 1143, 1, 'df234305-8a47-4b4d-8efb-716a6b695428', '2025-07-01 10:48:56', '2025-07-01 10:48:56');
INSERT INTO `department` (`uuid`, `department`, `tenant_id`, `client_id`, `created_on`, `modified_on`) VALUES ('b25ae99b-cc07-40d1-a991-b60b0a932fe7', 'Civil Systems', 'df234305-8a47-4b4d-8efb-716a6b695428', '62783418-95b8-4842-bcd4-afc8da60ee03', '2025-07-01 10:48:56', '2025-07-01 10:48:56');
INSERT INTO `department` (`uuid`, `department`, `tenant_id`, `client_id`, `created_on`, `modified_on`) VALUES ('eaa64cd3-9154-44e0-94f1-bc96fc20f310', 'Biomedical', 'df234305-8a47-4b4d-8efb-716a6b695428', '62783418-95b8-4842-bcd4-afc8da60ee03', '2025-07-01 10:48:56', '2025-07-01 10:48:56');
INSERT INTO `department` (`uuid`, `department`, `tenant_id`, `client_id`, `created_on`, `modified_on`) VALUES ('b5c46a41-29b9-4823-a2ff-1ca9644ad11d', 'Robotics', 'df234305-8a47-4b4d-8efb-716a6b695428', '62783418-95b8-4842-bcd4-afc8da60ee03', '2025-07-01 10:48:56', '2025-07-01 10:48:56');
INSERT INTO `department` (`uuid`, `department`, `tenant_id`, `client_id`, `created_on`, `modified_on`) VALUES ('a4ff1fd8-9923-461a-81a8-6877a154b27c', 'Cybersecurity', 'df234305-8a47-4b4d-8efb-716a6b695428', '62783418-95b8-4842-bcd4-afc8da60ee03', '2025-07-01 10:48:56', '2025-07-01 10:48:56');
INSERT INTO `department` (`uuid`, `department`, `tenant_id`, `client_id`, `created_on`, `modified_on`) VALUES ('71b575ee-13af-4116-9ee4-e0b081a11812', 'Aerospace', 'df234305-8a47-4b4d-8efb-716a6b695428', '62783418-95b8-4842-bcd4-afc8da60ee03', '2025-07-01 10:48:56', '2025-07-01 10:48:56');
INSERT INTO `department` (`uuid`, `department`, `tenant_id`, `client_id`, `created_on`, `modified_on`) VALUES ('e38d329a-d425-4c9f-bdee-56f7a97365f8', 'AI Solutions', 'df234305-8a47-4b4d-8efb-716a6b695428', '62783418-95b8-4842-bcd4-afc8da60ee03', '2025-07-01 10:48:56', '2025-07-01 10:48:56');
INSERT INTO `client` (`uuid`, `client_name`, `client_code`, `is_active`, `tenant_id`, `created_on`, `modified_on`) VALUES ('8f5eceb5-2a75-4099-a207-db63cb5d4378', 'Adams, Khan and Payne', 1144, 1, 'df234305-8a47-4b4d-8efb-716a6b695428', '2025-07-01 10:48:56', '2025-07-01 10:48:56');
INSERT INTO `department` (`uuid`, `department`, `tenant_id`, `client_id`, `created_on`, `modified_on`) VALUES ('b6d10093-b7b4-45f5-87eb-e3e154c80fe1', 'Cybersecurity', 'df234305-8a47-4b4d-8efb-716a6b695428', '8f5eceb5-2a75-4099-a207-db63cb5d4378', '2025-07-01 10:48:56', '2025-07-01 10:48:56');
INSERT INTO `department` (`uuid`, `department`, `tenant_id`, `client_id`, `created_on`, `modified_on`) VALUES ('84773b30-ed17-4de4-b6ba-8a7419dc7f2e', 'Robotics', 'df234305-8a47-4b4d-8efb-716a6b695428', '8f5eceb5-2a75-4099-a207-db63cb5d4378', '2025-07-01 10:48:56', '2025-07-01 10:48:56');
INSERT INTO `department` (`uuid`, `department`, `tenant_id`, `client_id`, `created_on`, `modified_on`) VALUES ('dcb1c49a-f4f5-40f8-82e8-5b4948befdd9', 'Aerospace', 'df234305-8a47-4b4d-8efb-716a6b695428', '8f5eceb5-2a75-4099-a207-db63cb5d4378', '2025-07-01 10:48:56', '2025-07-01 10:48:56');
INSERT INTO `department` (`uuid`, `department`, `tenant_id`, `client_id`, `created_on`, `modified_on`) VALUES ('d19f44ff-2116-4968-bba4-71f368eeaa7b', 'Civil Systems', 'df234305-8a47-4b4d-8efb-716a6b695428', '8f5eceb5-2a75-4099-a207-db63cb5d4378', '2025-07-01 10:48:56', '2025-07-01 10:48:56');
INSERT INTO `department` (`uuid`, `department`, `tenant_id`, `client_id`, `created_on`, `modified_on`) VALUES ('aeccb0da-9a21-47e5-b3b3-5e431b73d599', 'AI Solutions', 'df234305-8a47-4b4d-8efb-716a6b695428', '8f5eceb5-2a75-4099-a207-db63cb5d4378', '2025-07-01 10:48:56', '2025-07-01 10:48:56');
INSERT INTO `department` (`uuid`, `department`, `tenant_id`, `client_id`, `created_on`, `modified_on`) VALUES ('2c81c5d5-e9a4-491c-86e3-ed3bcc0dfedd', 'Biomedical', 'df234305-8a47-4b4d-8efb-716a6b695428', '8f5eceb5-2a75-4099-a207-db63cb5d4378', '2025-07-01 10:48:56', '2025-07-01 10:48:56');
INSERT INTO `client` (`uuid`, `client_name`, `client_code`, `is_active`, `tenant_id`, `created_on`, `modified_on`) VALUES ('39cd37b9-6177-401c-9a15-dcb6988c2fb7', 'Oneal Group', 1145, 1, 'df234305-8a47-4b4d-8efb-716a6b695428', '2025-07-01 10:48:56', '2025-07-01 10:48:56');
INSERT INTO `department` (`uuid`, `department`, `tenant_id`, `client_id`, `created_on`, `modified_on`) VALUES ('05895fb1-195f-4c13-9c41-d04031a08f81', 'AI Solutions', 'df234305-8a47-4b4d-8efb-716a6b695428', '39cd37b9-6177-401c-9a15-dcb6988c2fb7', '2025-07-01 10:48:56', '2025-07-01 10:48:56');
INSERT INTO `department` (`uuid`, `department`, `tenant_id`, `client_id`, `created_on`, `modified_on`) VALUES ('12b82d6b-3dc0-4cfe-a9ab-8fe2a3ed076d', 'Biomedical', 'df234305-8a47-4b4d-8efb-716a6b695428', '39cd37b9-6177-401c-9a15-dcb6988c2fb7', '2025-07-01 10:48:56', '2025-07-01 10:48:56');
INSERT INTO `department` (`uuid`, `department`, `tenant_id`, `client_id`, `created_on`, `modified_on`) VALUES ('3669ec69-6559-46b1-ad52-078ec9a35f05', 'Aerospace', 'df234305-8a47-4b4d-8efb-716a6b695428', '39cd37b9-6177-401c-9a15-dcb6988c2fb7', '2025-07-01 10:48:56', '2025-07-01 10:48:56');
INSERT INTO `department` (`uuid`, `department`, `tenant_id`, `client_id`, `created_on`, `modified_on`) VALUES ('f75a0147-bfd2-4fcd-950a-e5c3b0611d4f', 'Cybersecurity', 'df234305-8a47-4b4d-8efb-716a6b695428', '39cd37b9-6177-401c-9a15-dcb6988c2fb7', '2025-07-01 10:48:56', '2025-07-01 10:48:56');
INSERT INTO `department` (`uuid`, `department`, `tenant_id`, `client_id`, `created_on`, `modified_on`) VALUES ('1d21695e-04f2-44fd-b406-87ded1d15ce3', 'Civil Systems', 'df234305-8a47-4b4d-8efb-716a6b695428', '39cd37b9-6177-401c-9a15-dcb6988c2fb7', '2025-07-01 10:48:56', '2025-07-01 10:48:56');
INSERT INTO `department` (`uuid`, `department`, `tenant_id`, `client_id`, `created_on`, `modified_on`) VALUES ('669ebf19-169f-462c-9ae3-a02a591d7b84', 'Robotics', 'df234305-8a47-4b4d-8efb-716a6b695428', '39cd37b9-6177-401c-9a15-dcb6988c2fb7', '2025-07-01 10:48:56', '2025-07-01 10:48:56');
INSERT INTO `client` (`uuid`, `client_name`, `client_code`, `is_active`, `tenant_id`, `created_on`, `modified_on`) VALUES ('83a5a9c9-c89a-4afe-a46d-4321d1758040', 'Hoffman-Cline', 1146, 1, 'df234305-8a47-4b4d-8efb-716a6b695428', '2025-07-01 10:48:56', '2025-07-01 10:48:56');
INSERT INTO `department` (`uuid`, `department`, `tenant_id`, `client_id`, `created_on`, `modified_on`) VALUES ('a7b69e97-6cad-4e47-99b0-c857c07212f8', 'Aerospace', 'df234305-8a47-4b4d-8efb-716a6b695428', '83a5a9c9-c89a-4afe-a46d-4321d1758040', '2025-07-01 10:48:56', '2025-07-01 10:48:56');
INSERT INTO `department` (`uuid`, `department`, `tenant_id`, `client_id`, `created_on`, `modified_on`) VALUES ('fcaa8742-e8d3-45f1-af6b-f0e3794d7e60', 'Civil Systems', 'df234305-8a47-4b4d-8efb-716a6b695428', '83a5a9c9-c89a-4afe-a46d-4321d1758040', '2025-07-01 10:48:56', '2025-07-01 10:48:56');
INSERT INTO `department` (`uuid`, `department`, `tenant_id`, `client_id`, `created_on`, `modified_on`) VALUES ('49db0f09-767c-4a14-a06d-4f585d22f327', 'AI Solutions', 'df234305-8a47-4b4d-8efb-716a6b695428', '83a5a9c9-c89a-4afe-a46d-4321d1758040', '2025-07-01 10:48:56', '2025-07-01 10:48:56');
INSERT INTO `department` (`uuid`, `department`, `tenant_id`, `client_id`, `created_on`, `modified_on`) VALUES ('d71eb9f4-6e62-4fa6-a5df-a08e6c616bba', 'Robotics', 'df234305-8a47-4b4d-8efb-716a6b695428', '83a5a9c9-c89a-4afe-a46d-4321d1758040', '2025-07-01 10:48:56', '2025-07-01 10:48:56');
INSERT INTO `department` (`uuid`, `department`, `tenant_id`, `client_id`, `created_on`, `modified_on`) VALUES ('69ef583e-5b2b-4910-8314-d766327d9c1d', 'Biomedical', 'df234305-8a47-4b4d-8efb-716a6b695428', '83a5a9c9-c89a-4afe-a46d-4321d1758040', '2025-07-01 10:48:56', '2025-07-01 10:48:56');
INSERT INTO `department` (`uuid`, `department`, `tenant_id`, `client_id`, `created_on`, `modified_on`) VALUES ('1b5f304f-0f79-4b6e-8768-048f4fae888a', 'Cybersecurity', 'df234305-8a47-4b4d-8efb-716a6b695428', '83a5a9c9-c89a-4afe-a46d-4321d1758040', '2025-07-01 10:48:56', '2025-07-01 10:48:56');
INSERT INTO `client` (`uuid`, `client_name`, `client_code`, `is_active`, `tenant_id`, `created_on`, `modified_on`) VALUES ('d2e3e90b-a391-4c23-9859-169838441a40', 'Mclaughlin-Cook', 1147, 1, 'df234305-8a47-4b4d-8efb-716a6b695428', '2025-07-01 10:48:56', '2025-07-01 10:48:56');
INSERT INTO `department` (`uuid`, `department`, `tenant_id`, `client_id`, `created_on`, `modified_on`) VALUES ('b44a53ce-2d4b-4e70-b1b4-75e2a0f9db70', 'Civil Systems', 'df234305-8a47-4b4d-8efb-716a6b695428', 'd2e3e90b-a391-4c23-9859-169838441a40', '2025-07-01 10:48:56', '2025-07-01 10:48:56');
INSERT INTO `department` (`uuid`, `department`, `tenant_id`, `client_id`, `created_on`, `modified_on`) VALUES ('afaba638-98f1-4e70-a094-100ec349a64b', 'AI Solutions', 'df234305-8a47-4b4d-8efb-716a6b695428', 'd2e3e90b-a391-4c23-9859-169838441a40', '2025-07-01 10:48:56', '2025-07-01 10:48:56');
INSERT INTO `department` (`uuid`, `department`, `tenant_id`, `client_id`, `created_on`, `modified_on`) VALUES ('fc076eb0-1441-4d11-970b-691e4fdcc440', 'Cybersecurity', 'df234305-8a47-4b4d-8efb-716a6b695428', 'd2e3e90b-a391-4c23-9859-169838441a40', '2025-07-01 10:48:56', '2025-07-01 10:48:56');
INSERT INTO `department` (`uuid`, `department`, `tenant_id`, `client_id`, `created_on`, `modified_on`) VALUES ('176b1ba8-15fd-417f-8a37-d5150aeda884', 'Aerospace', 'df234305-8a47-4b4d-8efb-716a6b695428', 'd2e3e90b-a391-4c23-9859-169838441a40', '2025-07-01 10:48:56', '2025-07-01 10:48:56');
INSERT INTO `department` (`uuid`, `department`, `tenant_id`, `client_id`, `created_on`, `modified_on`) VALUES ('eae21298-aaba-4804-a577-3abacd020760', 'Biomedical', 'df234305-8a47-4b4d-8efb-716a6b695428', 'd2e3e90b-a391-4c23-9859-169838441a40', '2025-07-01 10:48:56', '2025-07-01 10:48:56');
INSERT INTO `department` (`uuid`, `department`, `tenant_id`, `client_id`, `created_on`, `modified_on`) VALUES ('08439c96-5617-4a72-ae0e-bc29ebea206d', 'Robotics', 'df234305-8a47-4b4d-8efb-716a6b695428', 'd2e3e90b-a391-4c23-9859-169838441a40', '2025-07-01 10:48:56', '2025-07-01 10:48:56');
INSERT INTO `client` (`uuid`, `client_name`, `client_code`, `is_active`, `tenant_id`, `created_on`, `modified_on`) VALUES ('d0fc7573-a889-42c4-96df-2d5631c41bed', 'Perez, Sandoval and Jones', 1148, 1, 'df234305-8a47-4b4d-8efb-716a6b695428', '2025-07-01 10:48:56', '2025-07-01 10:48:56');
INSERT INTO `department` (`uuid`, `department`, `tenant_id`, `client_id`, `created_on`, `modified_on`) VALUES ('6d860072-0e4e-4ca8-9eaf-dfa09c9339e1', 'Robotics', 'df234305-8a47-4b4d-8efb-716a6b695428', 'd0fc7573-a889-42c4-96df-2d5631c41bed', '2025-07-01 10:48:56', '2025-07-01 10:48:56');
INSERT INTO `department` (`uuid`, `department`, `tenant_id`, `client_id`, `created_on`, `modified_on`) VALUES ('0cb7d73e-0488-4ff9-bfba-3dc4b9b4f3a7', 'Biomedical', 'df234305-8a47-4b4d-8efb-716a6b695428', 'd0fc7573-a889-42c4-96df-2d5631c41bed', '2025-07-01 10:48:56', '2025-07-01 10:48:56');
INSERT INTO `department` (`uuid`, `department`, `tenant_id`, `client_id`, `created_on`, `modified_on`) VALUES ('553ab3ff-5ad9-45c7-965b-8268e2d0bb71', 'AI Solutions', 'df234305-8a47-4b4d-8efb-716a6b695428', 'd0fc7573-a889-42c4-96df-2d5631c41bed', '2025-07-01 10:48:56', '2025-07-01 10:48:56');
INSERT INTO `department` (`uuid`, `department`, `tenant_id`, `client_id`, `created_on`, `modified_on`) VALUES ('63e06461-8d73-4b4c-b2ca-b1954f6e46b3', 'Cybersecurity', 'df234305-8a47-4b4d-8efb-716a6b695428', 'd0fc7573-a889-42c4-96df-2d5631c41bed', '2025-07-01 10:48:56', '2025-07-01 10:48:56');
INSERT INTO `department` (`uuid`, `department`, `tenant_id`, `client_id`, `created_on`, `modified_on`) VALUES ('8b9fd074-5f67-43d4-af7d-5648c7702916', 'Aerospace', 'df234305-8a47-4b4d-8efb-716a6b695428', 'd0fc7573-a889-42c4-96df-2d5631c41bed', '2025-07-01 10:48:56', '2025-07-01 10:48:56');
INSERT INTO `department` (`uuid`, `department`, `tenant_id`, `client_id`, `created_on`, `modified_on`) VALUES ('bb2c33b0-25bb-4ad3-af1a-4066f3bad6a3', 'Civil Systems', 'df234305-8a47-4b4d-8efb-716a6b695428', 'd0fc7573-a889-42c4-96df-2d5631c41bed', '2025-07-01 10:48:56', '2025-07-01 10:48:56');
INSERT INTO `client` (`uuid`, `client_name`, `client_code`, `is_active`, `tenant_id`, `created_on`, `modified_on`) VALUES ('cf36157b-7785-4dac-a5ec-7552ebd28736', 'Marks, Shields and White', 1149, 1, 'df234305-8a47-4b4d-8efb-716a6b695428', '2025-07-01 10:48:56', '2025-07-01 10:48:56');
INSERT INTO `department` (`uuid`, `department`, `tenant_id`, `client_id`, `created_on`, `modified_on`) VALUES ('cbf2d011-793a-4f4e-af8d-3ecdd576dfdd', 'Biomedical', 'df234305-8a47-4b4d-8efb-716a6b695428', 'cf36157b-7785-4dac-a5ec-7552ebd28736', '2025-07-01 10:48:56', '2025-07-01 10:48:56');
INSERT INTO `department` (`uuid`, `department`, `tenant_id`, `client_id`, `created_on`, `modified_on`) VALUES ('69bf4d13-fe54-41ea-90c6-618f54223be4', 'Robotics', 'df234305-8a47-4b4d-8efb-716a6b695428', 'cf36157b-7785-4dac-a5ec-7552ebd28736', '2025-07-01 10:48:56', '2025-07-01 10:48:56');
INSERT INTO `department` (`uuid`, `department`, `tenant_id`, `client_id`, `created_on`, `modified_on`) VALUES ('775f7401-59ed-40cb-a814-d5034ec36390', 'AI Solutions', 'df234305-8a47-4b4d-8efb-716a6b695428', 'cf36157b-7785-4dac-a5ec-7552ebd28736', '2025-07-01 10:48:56', '2025-07-01 10:48:56');
INSERT INTO `department` (`uuid`, `department`, `tenant_id`, `client_id`, `created_on`, `modified_on`) VALUES ('bd93ce59-9860-4a62-ad69-cc13a4522340', 'Cybersecurity', 'df234305-8a47-4b4d-8efb-716a6b695428', 'cf36157b-7785-4dac-a5ec-7552ebd28736', '2025-07-01 10:48:56', '2025-07-01 10:48:56');
INSERT INTO `department` (`uuid`, `department`, `tenant_id`, `client_id`, `created_on`, `modified_on`) VALUES ('52439191-7a11-43c4-b739-42bcfbe2ddb4', 'Aerospace', 'df234305-8a47-4b4d-8efb-716a6b695428', 'cf36157b-7785-4dac-a5ec-7552ebd28736', '2025-07-01 10:48:56', '2025-07-01 10:48:56');
INSERT INTO `department` (`uuid`, `department`, `tenant_id`, `client_id`, `created_on`, `modified_on`) VALUES ('17da9e22-90c6-44c2-9cb6-a456f875f9de', 'Civil Systems', 'df234305-8a47-4b4d-8efb-716a6b695428', 'cf36157b-7785-4dac-a5ec-7552ebd28736', '2025-07-01 10:48:56', '2025-07-01 10:48:56');
INSERT INTO `client` (`uuid`, `client_name`, `client_code`, `is_active`, `tenant_id`, `created_on`, `modified_on`) VALUES ('0b83c3dd-951c-4487-9cfe-865550efed63', 'Frazier-Moreno', 1150, 1, 'df234305-8a47-4b4d-8efb-716a6b695428', '2025-07-01 10:48:56', '2025-07-01 10:48:56');
INSERT INTO `department` (`uuid`, `department`, `tenant_id`, `client_id`, `created_on`, `modified_on`) VALUES ('9385d379-7624-4b0a-a40f-83efee09a30a', 'Robotics', 'df234305-8a47-4b4d-8efb-716a6b695428', '0b83c3dd-951c-4487-9cfe-865550efed63', '2025-07-01 10:48:56', '2025-07-01 10:48:56');
INSERT INTO `department` (`uuid`, `department`, `tenant_id`, `client_id`, `created_on`, `modified_on`) VALUES ('c6b20387-abe1-4f0b-83fd-0c60c11bf3fc', 'Civil Systems', 'df234305-8a47-4b4d-8efb-716a6b695428', '0b83c3dd-951c-4487-9cfe-865550efed63', '2025-07-01 10:48:56', '2025-07-01 10:48:56');
INSERT INTO `department` (`uuid`, `department`, `tenant_id`, `client_id`, `created_on`, `modified_on`) VALUES ('3509dff3-9937-4111-8d3b-59eddd1c6cf9', 'Aerospace', 'df234305-8a47-4b4d-8efb-716a6b695428', '0b83c3dd-951c-4487-9cfe-865550efed63', '2025-07-01 10:48:56', '2025-07-01 10:48:56');
INSERT INTO `department` (`uuid`, `department`, `tenant_id`, `client_id`, `created_on`, `modified_on`) VALUES ('6ef2daa5-cb11-43a2-9575-7d8f38c8b588', 'Biomedical', 'df234305-8a47-4b4d-8efb-716a6b695428', '0b83c3dd-951c-4487-9cfe-865550efed63', '2025-07-01 10:48:56', '2025-07-01 10:48:56');
INSERT INTO `department` (`uuid`, `department`, `tenant_id`, `client_id`, `created_on`, `modified_on`) VALUES ('1a05a871-9fe8-423e-b792-af829c8523e1', 'AI Solutions', 'df234305-8a47-4b4d-8efb-716a6b695428', '0b83c3dd-951c-4487-9cfe-865550efed63', '2025-07-01 10:48:56', '2025-07-01 10:48:56');
INSERT INTO `department` (`uuid`, `department`, `tenant_id`, `client_id`, `created_on`, `modified_on`) VALUES ('3ac58a36-002e-449f-85a4-f6def2e4c1e5', 'Cybersecurity', 'df234305-8a47-4b4d-8efb-716a6b695428', '0b83c3dd-951c-4487-9cfe-865550efed63', '2025-07-01 10:48:56', '2025-07-01 10:48:56');