-- Generated SQL inserts for DRAFTING database

INSERT INTO `user` (`id`, `fullname`, `tenant_id`, `email`, `contact`, `firstname`, `lastname`, `middlename`, `deleted`, `inactive`, `created_on`, `modified_on`) VALUES ('2a223efb-3c33-44b0-a775-18f1bfa6c764', 'Jessica Ross', 'df234305-8a47-4b4d-8efb-716a6b695428', 'jessica.ross@example.com', NULL, 'Jessica', 'Ross', NULL, 0, 0, '2025-07-01 10:48:56', '2025-07-01 10:48:56');
INSERT INTO `user` (`id`, `fullname`, `tenant_id`, `email`, `contact`, `firstname`, `lastname`, `middlename`, `deleted`, `inactive`, `created_on`, `modified_on`) VALUES ('f90e4573-bc0a-445c-b8b0-d11887eb3a2a', 'Megan Stein', 'df234305-8a47-4b4d-8efb-716a6b695428', 'megan.stein@example.com', NULL, 'Megan', 'Stein', NULL, 0, 0, '2025-07-01 10:48:56', '2025-07-01 10:48:56');
INSERT INTO `user` (`id`, `fullname`, `tenant_id`, `email`, `contact`, `firstname`, `lastname`, `middlename`, `deleted`, `inactive`, `created_on`, `modified_on`) VALUES ('282f1a10-c1ef-4098-b2d7-7948e4c0086c', 'Robin Cummings', 'df234305-8a47-4b4d-8efb-716a6b695428', 'robin.cummings@example.com', NULL, 'Robin', 'Cummings', NULL, 0, 0, '2025-07-01 10:48:56', '2025-07-01 10:48:56');
INSERT INTO `user` (`id`, `fullname`, `tenant_id`, `email`, `contact`, `firstname`, `lastname`, `middlename`, `deleted`, `inactive`, `created_on`, `modified_on`) VALUES ('94bc8789-1890-4038-a1d7-a704099e4b23', 'Lindsey Holloway', 'df234305-8a47-4b4d-8efb-716a6b695428', 'lindsey.holloway@example.com', NULL, 'Lindsey', 'Holloway', NULL, 0, 0, '2025-07-01 10:48:56', '2025-07-01 10:48:56');
INSERT INTO `user` (`id`, `fullname`, `tenant_id`, `email`, `contact`, `firstname`, `lastname`, `middlename`, `deleted`, `inactive`, `created_on`, `modified_on`) VALUES ('6bbceadd-765c-4675-b788-53800197733a', 'Kathryn Hinton', 'df234305-8a47-4b4d-8efb-716a6b695428', 'kathryn.hinton@example.com', NULL, 'Kathryn', 'Hinton', NULL, 0, 0, '2025-07-01 10:48:56', '2025-07-01 10:48:56');
INSERT INTO `user` (`id`, `fullname`, `tenant_id`, `email`, `contact`, `firstname`, `lastname`, `middlename`, `deleted`, `inactive`, `created_on`, `modified_on`) VALUES ('70770cf3-db29-409f-84cf-991797138df1', 'Tami Sharp', 'df234305-8a47-4b4d-8efb-716a6b695428', 'tami.sharp@example.com', NULL, 'Tami', 'Sharp', NULL, 0, 0, '2025-07-01 10:48:56', '2025-07-01 10:48:56');
INSERT INTO `user` (`id`, `fullname`, `tenant_id`, `email`, `contact`, `firstname`, `lastname`, `middlename`, `deleted`, `inactive`, `created_on`, `modified_on`) VALUES ('5a30fe70-3b77-432f-9fa1-0d510bb3b604', 'Dr. Carrie Medina DVM', 'df234305-8a47-4b4d-8efb-716a6b695428', 'dr..carriemedinadvm@example.com', NULL, 'Dr.', 'Carrie Medina DVM', NULL, 0, 0, '2025-07-01 10:48:56', '2025-07-01 10:48:56');
INSERT INTO `user` (`id`, `fullname`, `tenant_id`, `email`, `contact`, `firstname`, `lastname`, `middlename`, `deleted`, `inactive`, `created_on`, `modified_on`) VALUES ('85060257-96ff-4399-b084-92eec039334e', 'Rebekah Middleton', 'df234305-8a47-4b4d-8efb-716a6b695428', 'rebekah.middleton@example.com', NULL, 'Rebekah', 'Middleton', NULL, 0, 0, '2025-07-01 10:48:56', '2025-07-01 10:48:56');
INSERT INTO `user` (`id`, `fullname`, `tenant_id`, `email`, `contact`, `firstname`, `lastname`, `middlename`, `deleted`, `inactive`, `created_on`, `modified_on`) VALUES ('e9076019-2e97-4722-9f61-6bf7f164155e', 'Stephanie Patel', 'df234305-8a47-4b4d-8efb-716a6b695428', 'stephanie.patel@example.com', NULL, 'Stephanie', 'Patel', NULL, 0, 0, '2025-07-01 10:48:56', '2025-07-01 10:48:56');
INSERT INTO `user` (`id`, `fullname`, `tenant_id`, `email`, `contact`, `firstname`, `lastname`, `middlename`, `deleted`, `inactive`, `created_on`, `modified_on`) VALUES ('1ed57239-d22b-4d49-a392-ae999f3c4e46', 'Robert Bell', 'df234305-8a47-4b4d-8efb-716a6b695428', 'robert.bell@example.com', NULL, 'Robert', 'Bell', NULL, 0, 0, '2025-07-01 10:48:56', '2025-07-01 10:48:56');
INSERT INTO `user` (`id`, `fullname`, `tenant_id`, `email`, `contact`, `firstname`, `lastname`, `middlename`, `deleted`, `inactive`, `created_on`, `modified_on`) VALUES ('293a753b-9528-4aba-9a35-11980fe87968', 'Lisa Jensen', 'df234305-8a47-4b4d-8efb-716a6b695428', 'lisa.jensen@example.com', NULL, 'Lisa', 'Jensen', NULL, 0, 0, '2025-07-01 10:48:56', '2025-07-01 10:48:56');
INSERT INTO `user` (`id`, `fullname`, `tenant_id`, `email`, `contact`, `firstname`, `lastname`, `middlename`, `deleted`, `inactive`, `created_on`, `modified_on`) VALUES ('9150e541-3ebc-4147-badf-fbb546482ae9', 'Allison Kim', 'df234305-8a47-4b4d-8efb-716a6b695428', 'allison.kim@example.com', NULL, 'Allison', 'Kim', NULL, 0, 0, '2025-07-01 10:48:56', '2025-07-01 10:48:56');
INSERT INTO `user` (`id`, `fullname`, `tenant_id`, `email`, `contact`, `firstname`, `lastname`, `middlename`, `deleted`, `inactive`, `created_on`, `modified_on`) VALUES ('7b18573a-df5d-4e32-9620-c59cc5107071', 'Michael Smith', 'df234305-8a47-4b4d-8efb-716a6b695428', 'michael.smith@example.com', NULL, 'Michael', 'Smith', NULL, 0, 0, '2025-07-01 10:48:56', '2025-07-01 10:48:56');
INSERT INTO `user` (`id`, `fullname`, `tenant_id`, `email`, `contact`, `firstname`, `lastname`, `middlename`, `deleted`, `inactive`, `created_on`, `modified_on`) VALUES ('6656620c-2ff9-4229-a7bd-c125f11c9c49', 'Derrick Lynch', 'df234305-8a47-4b4d-8efb-716a6b695428', 'derrick.lynch@example.com', NULL, 'Derrick', 'Lynch', NULL, 0, 0, '2025-07-01 10:48:56', '2025-07-01 10:48:56');
INSERT INTO `user` (`id`, `fullname`, `tenant_id`, `email`, `contact`, `firstname`, `lastname`, `middlename`, `deleted`, `inactive`, `created_on`, `modified_on`) VALUES ('6b5a2b34-1af1-4d84-a5ed-a0ee301c17d2', 'Betty York', 'df234305-8a47-4b4d-8efb-716a6b695428', 'betty.york@example.com', NULL, 'Betty', 'York', NULL, 0, 0, '2025-07-01 10:48:56', '2025-07-01 10:48:56');
INSERT INTO `user` (`id`, `fullname`, `tenant_id`, `email`, `contact`, `firstname`, `lastname`, `middlename`, `deleted`, `inactive`, `created_on`, `modified_on`) VALUES ('54dd065b-4f55-4df7-b48e-4480ed755482', 'Carl Howe', 'df234305-8a47-4b4d-8efb-716a6b695428', 'carl.howe@example.com', NULL, 'Carl', 'Howe', NULL, 0, 0, '2025-07-01 10:48:56', '2025-07-01 10:48:56');
INSERT INTO `user` (`id`, `fullname`, `tenant_id`, `email`, `contact`, `firstname`, `lastname`, `middlename`, `deleted`, `inactive`, `created_on`, `modified_on`) VALUES ('991b2478-e203-4f22-8020-a591afd2c9c5', 'Jamie Kelley', 'df234305-8a47-4b4d-8efb-716a6b695428', 'jamie.kelley@example.com', NULL, 'Jamie', 'Kelley', NULL, 0, 0, '2025-07-01 10:48:56', '2025-07-01 10:48:56');
INSERT INTO `user` (`id`, `fullname`, `tenant_id`, `email`, `contact`, `firstname`, `lastname`, `middlename`, `deleted`, `inactive`, `created_on`, `modified_on`) VALUES ('9686e296-7258-45a2-9348-0df9b1d35e89', 'Ashley Logan', 'df234305-8a47-4b4d-8efb-716a6b695428', 'ashley.logan@example.com', NULL, 'Ashley', 'Logan', NULL, 0, 0, '2025-07-01 10:48:56', '2025-07-01 10:48:56');
INSERT INTO `user` (`id`, `fullname`, `tenant_id`, `email`, `contact`, `firstname`, `lastname`, `middlename`, `deleted`, `inactive`, `created_on`, `modified_on`) VALUES ('d0dde5b6-4521-4912-9274-32859641e399', 'Daniel Newman', 'df234305-8a47-4b4d-8efb-716a6b695428', 'daniel.newman@example.com', NULL, 'Daniel', 'Newman', NULL, 0, 0, '2025-07-01 10:48:56', '2025-07-01 10:48:56');
INSERT INTO `user` (`id`, `fullname`, `tenant_id`, `email`, `contact`, `firstname`, `lastname`, `middlename`, `deleted`, `inactive`, `created_on`, `modified_on`) VALUES ('b50b06fc-4cd6-4aaf-b8ff-b764a058756b', 'Paul Olson', 'df234305-8a47-4b4d-8efb-716a6b695428', 'paul.olson@example.com', NULL, 'Paul', 'Olson', NULL, 0, 0, '2025-07-01 10:48:56', '2025-07-01 10:48:56');
INSERT INTO `user` (`id`, `fullname`, `tenant_id`, `email`, `contact`, `firstname`, `lastname`, `middlename`, `deleted`, `inactive`, `created_on`, `modified_on`) VALUES ('46421498-e883-4626-a152-050221f3f7ca', 'James Morgan', 'df234305-8a47-4b4d-8efb-716a6b695428', 'james.morgan@example.com', NULL, 'James', 'Morgan', NULL, 0, 0, '2025-07-01 10:48:56', '2025-07-01 10:48:56');
INSERT INTO `user` (`id`, `fullname`, `tenant_id`, `email`, `contact`, `firstname`, `lastname`, `middlename`, `deleted`, `inactive`, `created_on`, `modified_on`) VALUES ('5c43243b-9c73-448a-bb4d-2bc87ffb276e', 'Christopher Phillips', 'df234305-8a47-4b4d-8efb-716a6b695428', 'christopher.phillips@example.com', NULL, 'Christopher', 'Phillips', NULL, 0, 0, '2025-07-01 10:48:56', '2025-07-01 10:48:56');
INSERT INTO `user` (`id`, `fullname`, `tenant_id`, `email`, `contact`, `firstname`, `lastname`, `middlename`, `deleted`, `inactive`, `created_on`, `modified_on`) VALUES ('9998ebcb-b17c-485f-8819-61482a641cde', 'Nicholas Ramos', 'df234305-8a47-4b4d-8efb-716a6b695428', 'nicholas.ramos@example.com', NULL, 'Nicholas', 'Ramos', NULL, 0, 0, '2025-07-01 10:48:56', '2025-07-01 10:48:56');
INSERT INTO `user` (`id`, `fullname`, `tenant_id`, `email`, `contact`, `firstname`, `lastname`, `middlename`, `deleted`, `inactive`, `created_on`, `modified_on`) VALUES ('35ec96c5-280e-4186-b904-7c073bb8b464', 'Patricia Sanchez', 'df234305-8a47-4b4d-8efb-716a6b695428', 'patricia.sanchez@example.com', NULL, 'Patricia', 'Sanchez', NULL, 0, 0, '2025-07-01 10:48:56', '2025-07-01 10:48:56');
INSERT INTO `user` (`id`, `fullname`, `tenant_id`, `email`, `contact`, `firstname`, `lastname`, `middlename`, `deleted`, `inactive`, `created_on`, `modified_on`) VALUES ('4219ad90-0f39-46b6-818f-901b8f531144', 'John Johnson', 'df234305-8a47-4b4d-8efb-716a6b695428', 'john.johnson@example.com', NULL, 'John', 'Johnson', NULL, 0, 0, '2025-07-01 10:48:56', '2025-07-01 10:48:56');
INSERT INTO `user` (`id`, `fullname`, `tenant_id`, `email`, `contact`, `firstname`, `lastname`, `middlename`, `deleted`, `inactive`, `created_on`, `modified_on`) VALUES ('3110eee7-e287-4760-8091-2f3675ba7ca7', 'Patrick Aguilar', 'df234305-8a47-4b4d-8efb-716a6b695428', 'patrick.aguilar@example.com', NULL, 'Patrick', 'Aguilar', NULL, 0, 0, '2025-07-01 10:48:56', '2025-07-01 10:48:56');
INSERT INTO `user` (`id`, `fullname`, `tenant_id`, `email`, `contact`, `firstname`, `lastname`, `middlename`, `deleted`, `inactive`, `created_on`, `modified_on`) VALUES ('8b5bf210-2826-405d-a407-9438d7ffd607', 'Michael Porter', 'df234305-8a47-4b4d-8efb-716a6b695428', 'michael.porter@example.com', NULL, 'Michael', 'Porter', NULL, 0, 0, '2025-07-01 10:48:56', '2025-07-01 10:48:56');
INSERT INTO `user` (`id`, `fullname`, `tenant_id`, `email`, `contact`, `firstname`, `lastname`, `middlename`, `deleted`, `inactive`, `created_on`, `modified_on`) VALUES ('b90c959c-442a-43ab-ba44-312abe0d18df', 'James Anderson', 'df234305-8a47-4b4d-8efb-716a6b695428', 'james.anderson@example.com', NULL, 'James', 'Anderson', NULL, 0, 0, '2025-07-01 10:48:56', '2025-07-01 10:48:56');
INSERT INTO `user` (`id`, `fullname`, `tenant_id`, `email`, `contact`, `firstname`, `lastname`, `middlename`, `deleted`, `inactive`, `created_on`, `modified_on`) VALUES ('bf19864b-9164-4df0-8ca4-4fc6fbe7beb4', 'Elizabeth Bolton', 'df234305-8a47-4b4d-8efb-716a6b695428', 'elizabeth.bolton@example.com', NULL, 'Elizabeth', 'Bolton', NULL, 0, 0, '2025-07-01 10:48:56', '2025-07-01 10:48:56');
INSERT INTO `user` (`id`, `fullname`, `tenant_id`, `email`, `contact`, `firstname`, `lastname`, `middlename`, `deleted`, `inactive`, `created_on`, `modified_on`) VALUES ('9ae642f1-4d88-4c86-862e-981391a5086a', 'Tiffany Hampton', 'df234305-8a47-4b4d-8efb-716a6b695428', 'tiffany.hampton@example.com', NULL, 'Tiffany', 'Hampton', NULL, 0, 0, '2025-07-01 10:48:56', '2025-07-01 10:48:56');
INSERT INTO `user` (`id`, `fullname`, `tenant_id`, `email`, `contact`, `firstname`, `lastname`, `middlename`, `deleted`, `inactive`, `created_on`, `modified_on`) VALUES ('31bd4399-c5aa-4413-bbd0-24d577852315', 'Meredith Jacobs', 'df234305-8a47-4b4d-8efb-716a6b695428', 'meredith.jacobs@example.com', NULL, 'Meredith', 'Jacobs', NULL, 0, 0, '2025-07-01 10:48:56', '2025-07-01 10:48:56');
INSERT INTO `user` (`id`, `fullname`, `tenant_id`, `email`, `contact`, `firstname`, `lastname`, `middlename`, `deleted`, `inactive`, `created_on`, `modified_on`) VALUES ('2ae0db76-7325-4b8e-9e18-819cfa75e8d8', 'James Holmes', 'df234305-8a47-4b4d-8efb-716a6b695428', 'james.holmes@example.com', NULL, 'James', 'Holmes', NULL, 0, 0, '2025-07-01 10:48:56', '2025-07-01 10:48:56');
INSERT INTO `user` (`id`, `fullname`, `tenant_id`, `email`, `contact`, `firstname`, `lastname`, `middlename`, `deleted`, `inactive`, `created_on`, `modified_on`) VALUES ('3cf35cd8-c803-44eb-a712-8af86f718690', 'Robert Hughes', 'df234305-8a47-4b4d-8efb-716a6b695428', 'robert.hughes@example.com', NULL, 'Robert', 'Hughes', NULL, 0, 0, '2025-07-01 10:48:56', '2025-07-01 10:48:56');
INSERT INTO `user` (`id`, `fullname`, `tenant_id`, `email`, `contact`, `firstname`, `lastname`, `middlename`, `deleted`, `inactive`, `created_on`, `modified_on`) VALUES ('cbeb506f-2bbe-4a7e-a2ca-42f2fbced47f', 'Duane Lewis', 'df234305-8a47-4b4d-8efb-716a6b695428', 'duane.lewis@example.com', NULL, 'Duane', 'Lewis', NULL, 0, 0, '2025-07-01 10:48:56', '2025-07-01 10:48:56');
INSERT INTO `user` (`id`, `fullname`, `tenant_id`, `email`, `contact`, `firstname`, `lastname`, `middlename`, `deleted`, `inactive`, `created_on`, `modified_on`) VALUES ('0013f44e-24e7-41d4-a10b-817569eedc1e', 'Jordan Parker', 'df234305-8a47-4b4d-8efb-716a6b695428', 'jordan.parker@example.com', NULL, 'Jordan', 'Parker', NULL, 0, 0, '2025-07-01 10:48:56', '2025-07-01 10:48:56');
INSERT INTO `user` (`id`, `fullname`, `tenant_id`, `email`, `contact`, `firstname`, `lastname`, `middlename`, `deleted`, `inactive`, `created_on`, `modified_on`) VALUES ('e379b19b-f20b-439b-872d-04d39f83b202', 'Jennifer Williamson DVM', 'df234305-8a47-4b4d-8efb-716a6b695428', 'jennifer.williamsondvm@example.com', NULL, 'Jennifer', 'Williamson DVM', NULL, 0, 0, '2025-07-01 10:48:56', '2025-07-01 10:48:56');
INSERT INTO `user` (`id`, `fullname`, `tenant_id`, `email`, `contact`, `firstname`, `lastname`, `middlename`, `deleted`, `inactive`, `created_on`, `modified_on`) VALUES ('3689b19f-363b-4d7b-9616-c8f87b298c4d', 'Nancy Montgomery', 'df234305-8a47-4b4d-8efb-716a6b695428', 'nancy.montgomery@example.com', NULL, 'Nancy', 'Montgomery', NULL, 0, 0, '2025-07-01 10:48:56', '2025-07-01 10:48:56');
INSERT INTO `user` (`id`, `fullname`, `tenant_id`, `email`, `contact`, `firstname`, `lastname`, `middlename`, `deleted`, `inactive`, `created_on`, `modified_on`) VALUES ('45fde5a0-f709-46a1-be11-094c362a6400', 'Carrie Spencer', 'df234305-8a47-4b4d-8efb-716a6b695428', 'carrie.spencer@example.com', NULL, 'Carrie', 'Spencer', NULL, 0, 0, '2025-07-01 10:48:56', '2025-07-01 10:48:56');
INSERT INTO `user` (`id`, `fullname`, `tenant_id`, `email`, `contact`, `firstname`, `lastname`, `middlename`, `deleted`, `inactive`, `created_on`, `modified_on`) VALUES ('4c081476-241b-4ab5-8979-cb2937d9ded9', 'Kathy Roberts', 'df234305-8a47-4b4d-8efb-716a6b695428', 'kathy.roberts@example.com', NULL, 'Kathy', 'Roberts', NULL, 0, 0, '2025-07-01 10:48:56', '2025-07-01 10:48:56');
INSERT INTO `user` (`id`, `fullname`, `tenant_id`, `email`, `contact`, `firstname`, `lastname`, `middlename`, `deleted`, `inactive`, `created_on`, `modified_on`) VALUES ('51a13b89-3cef-4ac5-b820-1786fa773d26', 'Linda King', 'df234305-8a47-4b4d-8efb-716a6b695428', 'linda.king@example.com', NULL, 'Linda', 'King', NULL, 0, 0, '2025-07-01 10:48:56', '2025-07-01 10:48:56');
INSERT INTO `user` (`id`, `fullname`, `tenant_id`, `email`, `contact`, `firstname`, `lastname`, `middlename`, `deleted`, `inactive`, `created_on`, `modified_on`) VALUES ('1371f133-d262-401e-997d-f42faddceabf', 'Antonio Peters', 'df234305-8a47-4b4d-8efb-716a6b695428', 'antonio.peters@example.com', NULL, 'Antonio', 'Peters', NULL, 0, 0, '2025-07-01 10:48:56', '2025-07-01 10:48:56');
INSERT INTO `user` (`id`, `fullname`, `tenant_id`, `email`, `contact`, `firstname`, `lastname`, `middlename`, `deleted`, `inactive`, `created_on`, `modified_on`) VALUES ('8f08a60b-70ef-4ae1-89c8-102bb7aed2d4', 'John Moss', 'df234305-8a47-4b4d-8efb-716a6b695428', 'john.moss@example.com', NULL, 'John', 'Moss', NULL, 0, 0, '2025-07-01 10:48:56', '2025-07-01 10:48:56');
INSERT INTO `user` (`id`, `fullname`, `tenant_id`, `email`, `contact`, `firstname`, `lastname`, `middlename`, `deleted`, `inactive`, `created_on`, `modified_on`) VALUES ('7fae70c0-ae1e-4660-a466-b1bd638e0a82', 'Michael Rios', 'df234305-8a47-4b4d-8efb-716a6b695428', 'michael.rios@example.com', NULL, 'Michael', 'Rios', NULL, 0, 0, '2025-07-01 10:48:56', '2025-07-01 10:48:56');
INSERT INTO `user` (`id`, `fullname`, `tenant_id`, `email`, `contact`, `firstname`, `lastname`, `middlename`, `deleted`, `inactive`, `created_on`, `modified_on`) VALUES ('256fe8bf-e254-4fdd-9335-4d4089fa946b', 'Stephen Alvarez', 'df234305-8a47-4b4d-8efb-716a6b695428', 'stephen.alvarez@example.com', NULL, 'Stephen', 'Alvarez', NULL, 0, 0, '2025-07-01 10:48:56', '2025-07-01 10:48:56');
INSERT INTO `user` (`id`, `fullname`, `tenant_id`, `email`, `contact`, `firstname`, `lastname`, `middlename`, `deleted`, `inactive`, `created_on`, `modified_on`) VALUES ('57305516-5311-48f4-81cb-04dc85b2ddb9', 'Alexander Campos', 'df234305-8a47-4b4d-8efb-716a6b695428', 'alexander.campos@example.com', NULL, 'Alexander', 'Campos', NULL, 0, 0, '2025-07-01 10:48:56', '2025-07-01 10:48:56');
INSERT INTO `user` (`id`, `fullname`, `tenant_id`, `email`, `contact`, `firstname`, `lastname`, `middlename`, `deleted`, `inactive`, `created_on`, `modified_on`) VALUES ('44244ef6-e8ee-4612-acf9-08793fa92979', 'Joshua Ortiz', 'df234305-8a47-4b4d-8efb-716a6b695428', 'joshua.ortiz@example.com', NULL, 'Joshua', 'Ortiz', NULL, 0, 0, '2025-07-01 10:48:56', '2025-07-01 10:48:56');
INSERT INTO `user` (`id`, `fullname`, `tenant_id`, `email`, `contact`, `firstname`, `lastname`, `middlename`, `deleted`, `inactive`, `created_on`, `modified_on`) VALUES ('bf16b579-9119-48a2-82cc-428f53e20b77', 'Amanda Walker', 'df234305-8a47-4b4d-8efb-716a6b695428', 'amanda.walker@example.com', NULL, 'Amanda', 'Walker', NULL, 0, 0, '2025-07-01 10:48:56', '2025-07-01 10:48:56');
INSERT INTO `user` (`id`, `fullname`, `tenant_id`, `email`, `contact`, `firstname`, `lastname`, `middlename`, `deleted`, `inactive`, `created_on`, `modified_on`) VALUES ('f40fcad0-732c-48a8-8f57-81035f46206d', 'Michael Cummings', 'df234305-8a47-4b4d-8efb-716a6b695428', 'michael.cummings@example.com', NULL, 'Michael', 'Cummings', NULL, 0, 0, '2025-07-01 10:48:56', '2025-07-01 10:48:56');
INSERT INTO `user` (`id`, `fullname`, `tenant_id`, `email`, `contact`, `firstname`, `lastname`, `middlename`, `deleted`, `inactive`, `created_on`, `modified_on`) VALUES ('3ec1d89d-209d-4d67-93df-ce7439b2f4f3', 'Katelyn Skinner', 'df234305-8a47-4b4d-8efb-716a6b695428', 'katelyn.skinner@example.com', NULL, 'Katelyn', 'Skinner', NULL, 0, 0, '2025-07-01 10:48:56', '2025-07-01 10:48:56');
INSERT INTO `user` (`id`, `fullname`, `tenant_id`, `email`, `contact`, `firstname`, `lastname`, `middlename`, `deleted`, `inactive`, `created_on`, `modified_on`) VALUES ('2d21fa52-c454-4352-abd1-6f6b8f255de7', 'Deborah Thompson', 'df234305-8a47-4b4d-8efb-716a6b695428', 'deborah.thompson@example.com', NULL, 'Deborah', 'Thompson', NULL, 0, 0, '2025-07-01 10:48:56', '2025-07-01 10:48:56');
INSERT INTO `user` (`id`, `fullname`, `tenant_id`, `email`, `contact`, `firstname`, `lastname`, `middlename`, `deleted`, `inactive`, `created_on`, `modified_on`) VALUES ('02968da1-d2fd-4b99-89fd-57db05b9cb47', 'Jonathan Henderson', 'df234305-8a47-4b4d-8efb-716a6b695428', 'jonathan.henderson@example.com', NULL, 'Jonathan', 'Henderson', NULL, 0, 0, '2025-07-01 10:48:56', '2025-07-01 10:48:56');
INSERT INTO `user` (`id`, `fullname`, `tenant_id`, `email`, `contact`, `firstname`, `lastname`, `middlename`, `deleted`, `inactive`, `created_on`, `modified_on`) VALUES ('f4d87d92-9e83-4708-ae46-ea4bc3654ad1', 'Daniel Hubbard', 'df234305-8a47-4b4d-8efb-716a6b695428', 'daniel.hubbard@example.com', NULL, 'Daniel', 'Hubbard', NULL, 0, 0, '2025-07-01 10:48:56', '2025-07-01 10:48:56');
INSERT INTO `user` (`id`, `fullname`, `tenant_id`, `email`, `contact`, `firstname`, `lastname`, `middlename`, `deleted`, `inactive`, `created_on`, `modified_on`) VALUES ('06e6580d-1eb2-488b-b55a-433c6329061b', 'Eric Berg', 'df234305-8a47-4b4d-8efb-716a6b695428', 'eric.berg@example.com', NULL, 'Eric', 'Berg', NULL, 0, 0, '2025-07-01 10:48:56', '2025-07-01 10:48:56');
INSERT INTO `user` (`id`, `fullname`, `tenant_id`, `email`, `contact`, `firstname`, `lastname`, `middlename`, `deleted`, `inactive`, `created_on`, `modified_on`) VALUES ('52cb6275-142f-47ab-96eb-531085b87b89', 'Alexander Barber', 'df234305-8a47-4b4d-8efb-716a6b695428', 'alexander.barber@example.com', NULL, 'Alexander', 'Barber', NULL, 0, 0, '2025-07-01 10:48:56', '2025-07-01 10:48:56');
INSERT INTO `user` (`id`, `fullname`, `tenant_id`, `email`, `contact`, `firstname`, `lastname`, `middlename`, `deleted`, `inactive`, `created_on`, `modified_on`) VALUES ('ebf059dc-6c1c-4758-a99f-b0afb0f1899c', 'Timothy Guerra', 'df234305-8a47-4b4d-8efb-716a6b695428', 'timothy.guerra@example.com', NULL, 'Timothy', 'Guerra', NULL, 0, 0, '2025-07-01 10:48:56', '2025-07-01 10:48:56');
INSERT INTO `user` (`id`, `fullname`, `tenant_id`, `email`, `contact`, `firstname`, `lastname`, `middlename`, `deleted`, `inactive`, `created_on`, `modified_on`) VALUES ('7ed0e804-ae3c-4fcc-8aa2-419d9a6c90b9', 'Mitchell Patel', 'df234305-8a47-4b4d-8efb-716a6b695428', 'mitchell.patel@example.com', NULL, 'Mitchell', 'Patel', NULL, 0, 0, '2025-07-01 10:48:56', '2025-07-01 10:48:56');
INSERT INTO `user` (`id`, `fullname`, `tenant_id`, `email`, `contact`, `firstname`, `lastname`, `middlename`, `deleted`, `inactive`, `created_on`, `modified_on`) VALUES ('5ae2d81b-7123-4979-8e46-49c56c650be5', 'Gregory Hartman', 'df234305-8a47-4b4d-8efb-716a6b695428', 'gregory.hartman@example.com', NULL, 'Gregory', 'Hartman', NULL, 0, 0, '2025-07-01 10:48:56', '2025-07-01 10:48:56');
INSERT INTO `user` (`id`, `fullname`, `tenant_id`, `email`, `contact`, `firstname`, `lastname`, `middlename`, `deleted`, `inactive`, `created_on`, `modified_on`) VALUES ('e26cf51e-d807-4d80-8d70-a42ab209dcc9', 'Jennifer Reid', 'df234305-8a47-4b4d-8efb-716a6b695428', 'jennifer.reid@example.com', NULL, 'Jennifer', 'Reid', NULL, 0, 0, '2025-07-01 10:48:56', '2025-07-01 10:48:56');
INSERT INTO `user` (`id`, `fullname`, `tenant_id`, `email`, `contact`, `firstname`, `lastname`, `middlename`, `deleted`, `inactive`, `created_on`, `modified_on`) VALUES ('88c126a0-4cce-4d5a-8a0b-986e4e7c2467', 'Daniel Walker', 'df234305-8a47-4b4d-8efb-716a6b695428', 'daniel.walker@example.com', NULL, 'Daniel', 'Walker', NULL, 0, 0, '2025-07-01 10:48:56', '2025-07-01 10:48:56');
INSERT INTO `user` (`id`, `fullname`, `tenant_id`, `email`, `contact`, `firstname`, `lastname`, `middlename`, `deleted`, `inactive`, `created_on`, `modified_on`) VALUES ('0905c31c-0284-4c72-94d8-04f5eb34197d', 'Candice Hicks', 'df234305-8a47-4b4d-8efb-716a6b695428', 'candice.hicks@example.com', NULL, 'Candice', 'Hicks', NULL, 0, 0, '2025-07-01 10:48:56', '2025-07-01 10:48:56');
INSERT INTO `user` (`id`, `fullname`, `tenant_id`, `email`, `contact`, `firstname`, `lastname`, `middlename`, `deleted`, `inactive`, `created_on`, `modified_on`) VALUES ('33864443-055a-4932-93ff-cf74b1cfef11', 'Daniel Khan', 'df234305-8a47-4b4d-8efb-716a6b695428', 'daniel.khan@example.com', NULL, 'Daniel', 'Khan', NULL, 0, 0, '2025-07-01 10:48:56', '2025-07-01 10:48:56');
INSERT INTO `user` (`id`, `fullname`, `tenant_id`, `email`, `contact`, `firstname`, `lastname`, `middlename`, `deleted`, `inactive`, `created_on`, `modified_on`) VALUES ('084f55fb-23ec-47e1-bd7e-e80742629e11', 'Maria Moreno', 'df234305-8a47-4b4d-8efb-716a6b695428', 'maria.moreno@example.com', NULL, 'Maria', 'Moreno', NULL, 0, 0, '2025-07-01 10:48:56', '2025-07-01 10:48:56');
INSERT INTO `user` (`id`, `fullname`, `tenant_id`, `email`, `contact`, `firstname`, `lastname`, `middlename`, `deleted`, `inactive`, `created_on`, `modified_on`) VALUES ('17b161f5-61f1-4d07-babb-7c343e4e4324', 'Patrick Bright', 'df234305-8a47-4b4d-8efb-716a6b695428', 'patrick.bright@example.com', NULL, 'Patrick', 'Bright', NULL, 0, 0, '2025-07-01 10:48:56', '2025-07-01 10:48:56');
INSERT INTO `user` (`id`, `fullname`, `tenant_id`, `email`, `contact`, `firstname`, `lastname`, `middlename`, `deleted`, `inactive`, `created_on`, `modified_on`) VALUES ('21c96e21-f8c2-48ca-8999-b831db34859d', 'Ronald Scott', 'df234305-8a47-4b4d-8efb-716a6b695428', 'ronald.scott@example.com', NULL, 'Ronald', 'Scott', NULL, 0, 0, '2025-07-01 10:48:56', '2025-07-01 10:48:56');
INSERT INTO `user` (`id`, `fullname`, `tenant_id`, `email`, `contact`, `firstname`, `lastname`, `middlename`, `deleted`, `inactive`, `created_on`, `modified_on`) VALUES ('0a79211e-0d4e-488f-9110-27695cf71eb3', 'Jordan Phillips', 'df234305-8a47-4b4d-8efb-716a6b695428', 'jordan.phillips@example.com', NULL, 'Jordan', 'Phillips', NULL, 0, 0, '2025-07-01 10:48:56', '2025-07-01 10:48:56');
INSERT INTO `user` (`id`, `fullname`, `tenant_id`, `email`, `contact`, `firstname`, `lastname`, `middlename`, `deleted`, `inactive`, `created_on`, `modified_on`) VALUES ('ce03e03a-74fb-4e92-a122-b259a53d3b1c', 'April Norton', 'df234305-8a47-4b4d-8efb-716a6b695428', 'april.norton@example.com', NULL, 'April', 'Norton', NULL, 0, 0, '2025-07-01 10:48:56', '2025-07-01 10:48:56');
INSERT INTO `user` (`id`, `fullname`, `tenant_id`, `email`, `contact`, `firstname`, `lastname`, `middlename`, `deleted`, `inactive`, `created_on`, `modified_on`) VALUES ('98b00b94-5578-4b19-9dde-ac721d7a48a9', 'Derrick Jordan', 'df234305-8a47-4b4d-8efb-716a6b695428', 'derrick.jordan@example.com', NULL, 'Derrick', 'Jordan', NULL, 0, 0, '2025-07-01 10:48:56', '2025-07-01 10:48:56');
INSERT INTO `user` (`id`, `fullname`, `tenant_id`, `email`, `contact`, `firstname`, `lastname`, `middlename`, `deleted`, `inactive`, `created_on`, `modified_on`) VALUES ('047ef763-d834-403d-82d9-1649ef92222c', 'Reginald Porter', 'df234305-8a47-4b4d-8efb-716a6b695428', 'reginald.porter@example.com', NULL, 'Reginald', 'Porter', NULL, 0, 0, '2025-07-01 10:48:56', '2025-07-01 10:48:56');
INSERT INTO `user` (`id`, `fullname`, `tenant_id`, `email`, `contact`, `firstname`, `lastname`, `middlename`, `deleted`, `inactive`, `created_on`, `modified_on`) VALUES ('b65eba32-a352-405e-b156-f90a41d44ffd', 'Scott Nunez', 'df234305-8a47-4b4d-8efb-716a6b695428', 'scott.nunez@example.com', NULL, 'Scott', 'Nunez', NULL, 0, 0, '2025-07-01 10:48:56', '2025-07-01 10:48:56');
INSERT INTO `user` (`id`, `fullname`, `tenant_id`, `email`, `contact`, `firstname`, `lastname`, `middlename`, `deleted`, `inactive`, `created_on`, `modified_on`) VALUES ('0377f2f3-0e3c-447d-a9b1-450d3aee5494', 'Mr. Thomas Allen', 'df234305-8a47-4b4d-8efb-716a6b695428', 'mr..thomasallen@example.com', NULL, 'Mr.', 'Thomas Allen', NULL, 0, 0, '2025-07-01 10:48:56', '2025-07-01 10:48:56');
INSERT INTO `user` (`id`, `fullname`, `tenant_id`, `email`, `contact`, `firstname`, `lastname`, `middlename`, `deleted`, `inactive`, `created_on`, `modified_on`) VALUES ('87edc37e-b44b-4315-8efe-547290342315', 'Lisa Mccormick', 'df234305-8a47-4b4d-8efb-716a6b695428', 'lisa.mccormick@example.com', NULL, 'Lisa', 'Mccormick', NULL, 0, 0, '2025-07-01 10:48:56', '2025-07-01 10:48:56');
INSERT INTO `user` (`id`, `fullname`, `tenant_id`, `email`, `contact`, `firstname`, `lastname`, `middlename`, `deleted`, `inactive`, `created_on`, `modified_on`) VALUES ('5827574f-a874-4c0b-bd7b-ca54e32ce78a', 'Nancy Jones', 'df234305-8a47-4b4d-8efb-716a6b695428', 'nancy.jones@example.com', NULL, 'Nancy', 'Jones', NULL, 0, 0, '2025-07-01 10:48:56', '2025-07-01 10:48:56');
INSERT INTO `user` (`id`, `fullname`, `tenant_id`, `email`, `contact`, `firstname`, `lastname`, `middlename`, `deleted`, `inactive`, `created_on`, `modified_on`) VALUES ('6a80a173-d0e3-4503-8b2b-532456afd792', 'Victoria Murray', 'df234305-8a47-4b4d-8efb-716a6b695428', 'victoria.murray@example.com', NULL, 'Victoria', 'Murray', NULL, 0, 0, '2025-07-01 10:48:56', '2025-07-01 10:48:56');
INSERT INTO `user` (`id`, `fullname`, `tenant_id`, `email`, `contact`, `firstname`, `lastname`, `middlename`, `deleted`, `inactive`, `created_on`, `modified_on`) VALUES ('969733bf-1729-4aaf-b610-8e22c9db3b6f', 'Elizabeth Palmer', 'df234305-8a47-4b4d-8efb-716a6b695428', 'elizabeth.palmer@example.com', NULL, 'Elizabeth', 'Palmer', NULL, 0, 0, '2025-07-01 10:48:56', '2025-07-01 10:48:56');
INSERT INTO `user` (`id`, `fullname`, `tenant_id`, `email`, `contact`, `firstname`, `lastname`, `middlename`, `deleted`, `inactive`, `created_on`, `modified_on`) VALUES ('7ba280e6-6e98-4c51-a98e-4ecc9320db77', 'Donna Johnson', 'df234305-8a47-4b4d-8efb-716a6b695428', 'donna.johnson@example.com', NULL, 'Donna', 'Johnson', NULL, 0, 0, '2025-07-01 10:48:56', '2025-07-01 10:48:56');
INSERT INTO `user` (`id`, `fullname`, `tenant_id`, `email`, `contact`, `firstname`, `lastname`, `middlename`, `deleted`, `inactive`, `created_on`, `modified_on`) VALUES ('4a9f675e-740e-4185-a8b1-e0d9a8998246', 'Kimberly Banks', 'df234305-8a47-4b4d-8efb-716a6b695428', 'kimberly.banks@example.com', NULL, 'Kimberly', 'Banks', NULL, 0, 0, '2025-07-01 10:48:56', '2025-07-01 10:48:56');
INSERT INTO `user` (`id`, `fullname`, `tenant_id`, `email`, `contact`, `firstname`, `lastname`, `middlename`, `deleted`, `inactive`, `created_on`, `modified_on`) VALUES ('7ea6534b-8693-4d21-98ea-5f255ad1f260', 'Michelle Mcgrath', 'df234305-8a47-4b4d-8efb-716a6b695428', 'michelle.mcgrath@example.com', NULL, 'Michelle', 'Mcgrath', NULL, 0, 0, '2025-07-01 10:48:56', '2025-07-01 10:48:56');
INSERT INTO `user` (`id`, `fullname`, `tenant_id`, `email`, `contact`, `firstname`, `lastname`, `middlename`, `deleted`, `inactive`, `created_on`, `modified_on`) VALUES ('2c6d4d35-49fe-42e8-ae84-e72d8fb4dd7f', 'Paul Hughes', 'df234305-8a47-4b4d-8efb-716a6b695428', 'paul.hughes@example.com', NULL, 'Paul', 'Hughes', NULL, 0, 0, '2025-07-01 10:48:56', '2025-07-01 10:48:56');
INSERT INTO `user` (`id`, `fullname`, `tenant_id`, `email`, `contact`, `firstname`, `lastname`, `middlename`, `deleted`, `inactive`, `created_on`, `modified_on`) VALUES ('220b21ed-dc8d-4335-87ee-d283e5ba8dfb', 'Michael Phillips', 'df234305-8a47-4b4d-8efb-716a6b695428', 'michael.phillips@example.com', NULL, 'Michael', 'Phillips', NULL, 0, 0, '2025-07-01 10:48:56', '2025-07-01 10:48:56');
INSERT INTO `user` (`id`, `fullname`, `tenant_id`, `email`, `contact`, `firstname`, `lastname`, `middlename`, `deleted`, `inactive`, `created_on`, `modified_on`) VALUES ('404c219c-d3f8-4600-8969-886517fa74c4', 'Nicole Garrett', 'df234305-8a47-4b4d-8efb-716a6b695428', 'nicole.garrett@example.com', NULL, 'Nicole', 'Garrett', NULL, 0, 0, '2025-07-01 10:48:56', '2025-07-01 10:48:56');
INSERT INTO `user` (`id`, `fullname`, `tenant_id`, `email`, `contact`, `firstname`, `lastname`, `middlename`, `deleted`, `inactive`, `created_on`, `modified_on`) VALUES ('f1a7b47f-c9c6-4b69-bac7-c640bca549af', 'James Doyle', 'df234305-8a47-4b4d-8efb-716a6b695428', 'james.doyle@example.com', NULL, 'James', 'Doyle', NULL, 0, 0, '2025-07-01 10:48:56', '2025-07-01 10:48:56');
INSERT INTO `user` (`id`, `fullname`, `tenant_id`, `email`, `contact`, `firstname`, `lastname`, `middlename`, `deleted`, `inactive`, `created_on`, `modified_on`) VALUES ('09737381-fe40-4fb5-be55-7f703928e2eb', 'Nancy Espinoza', 'df234305-8a47-4b4d-8efb-716a6b695428', 'nancy.espinoza@example.com', NULL, 'Nancy', 'Espinoza', NULL, 0, 0, '2025-07-01 10:48:56', '2025-07-01 10:48:56');
INSERT INTO `user` (`id`, `fullname`, `tenant_id`, `email`, `contact`, `firstname`, `lastname`, `middlename`, `deleted`, `inactive`, `created_on`, `modified_on`) VALUES ('36d569d8-4618-4d4c-bcfe-53ba55d7ef6b', 'Scott Knight DDS', 'df234305-8a47-4b4d-8efb-716a6b695428', 'scott.knightdds@example.com', NULL, 'Scott', 'Knight DDS', NULL, 0, 0, '2025-07-01 10:48:56', '2025-07-01 10:48:56');
INSERT INTO `user` (`id`, `fullname`, `tenant_id`, `email`, `contact`, `firstname`, `lastname`, `middlename`, `deleted`, `inactive`, `created_on`, `modified_on`) VALUES ('6db0dea1-eb1e-4e87-b1fc-9f07ef07cdff', 'Steve Stevens', 'df234305-8a47-4b4d-8efb-716a6b695428', 'steve.stevens@example.com', NULL, 'Steve', 'Stevens', NULL, 0, 0, '2025-07-01 10:48:56', '2025-07-01 10:48:56');
INSERT INTO `user` (`id`, `fullname`, `tenant_id`, `email`, `contact`, `firstname`, `lastname`, `middlename`, `deleted`, `inactive`, `created_on`, `modified_on`) VALUES ('491c724c-8249-47b0-9b64-651a1dca1ecb', 'Regina Clark', 'df234305-8a47-4b4d-8efb-716a6b695428', 'regina.clark@example.com', NULL, 'Regina', 'Clark', NULL, 0, 0, '2025-07-01 10:48:56', '2025-07-01 10:48:56');
INSERT INTO `user` (`id`, `fullname`, `tenant_id`, `email`, `contact`, `firstname`, `lastname`, `middlename`, `deleted`, `inactive`, `created_on`, `modified_on`) VALUES ('f92ad9de-c2ec-4444-b038-f8ec132b5e4c', 'David Nelson', 'df234305-8a47-4b4d-8efb-716a6b695428', 'david.nelson@example.com', NULL, 'David', 'Nelson', NULL, 0, 0, '2025-07-01 10:48:56', '2025-07-01 10:48:56');
INSERT INTO `user` (`id`, `fullname`, `tenant_id`, `email`, `contact`, `firstname`, `lastname`, `middlename`, `deleted`, `inactive`, `created_on`, `modified_on`) VALUES ('72f684c8-fb6f-4dc4-93ef-bd3b476558eb', 'Peter Orr', 'df234305-8a47-4b4d-8efb-716a6b695428', 'peter.orr@example.com', NULL, 'Peter', 'Orr', NULL, 0, 0, '2025-07-01 10:48:56', '2025-07-01 10:48:56');
INSERT INTO `user` (`id`, `fullname`, `tenant_id`, `email`, `contact`, `firstname`, `lastname`, `middlename`, `deleted`, `inactive`, `created_on`, `modified_on`) VALUES ('25460ddc-2857-4b27-b99f-4f1b36d03d4e', 'Derek Robinson', 'df234305-8a47-4b4d-8efb-716a6b695428', 'derek.robinson@example.com', NULL, 'Derek', 'Robinson', NULL, 0, 0, '2025-07-01 10:48:56', '2025-07-01 10:48:56');
INSERT INTO `user` (`id`, `fullname`, `tenant_id`, `email`, `contact`, `firstname`, `lastname`, `middlename`, `deleted`, `inactive`, `created_on`, `modified_on`) VALUES ('d53b046c-2214-4e2e-9148-2181642f7b65', 'Robert Rodriguez', 'df234305-8a47-4b4d-8efb-716a6b695428', 'robert.rodriguez@example.com', NULL, 'Robert', 'Rodriguez', NULL, 0, 0, '2025-07-01 10:48:56', '2025-07-01 10:48:56');
INSERT INTO `user` (`id`, `fullname`, `tenant_id`, `email`, `contact`, `firstname`, `lastname`, `middlename`, `deleted`, `inactive`, `created_on`, `modified_on`) VALUES ('2c7dfc7d-b075-44c1-bab6-d3553aa49ee7', 'Michael King', 'df234305-8a47-4b4d-8efb-716a6b695428', 'michael.king@example.com', NULL, 'Michael', 'King', NULL, 0, 0, '2025-07-01 10:48:56', '2025-07-01 10:48:56');
INSERT INTO `user` (`id`, `fullname`, `tenant_id`, `email`, `contact`, `firstname`, `lastname`, `middlename`, `deleted`, `inactive`, `created_on`, `modified_on`) VALUES ('014829d8-67db-48cf-9132-59570924b70b', 'Dawn Taylor', 'df234305-8a47-4b4d-8efb-716a6b695428', 'dawn.taylor@example.com', NULL, 'Dawn', 'Taylor', NULL, 0, 0, '2025-07-01 10:48:56', '2025-07-01 10:48:56');
INSERT INTO `user` (`id`, `fullname`, `tenant_id`, `email`, `contact`, `firstname`, `lastname`, `middlename`, `deleted`, `inactive`, `created_on`, `modified_on`) VALUES ('ae499f0a-28b2-44e9-82d6-537795d4f489', 'Ryan Thomas', 'df234305-8a47-4b4d-8efb-716a6b695428', 'ryan.thomas@example.com', NULL, 'Ryan', 'Thomas', NULL, 0, 0, '2025-07-01 10:48:56', '2025-07-01 10:48:56');
INSERT INTO `user` (`id`, `fullname`, `tenant_id`, `email`, `contact`, `firstname`, `lastname`, `middlename`, `deleted`, `inactive`, `created_on`, `modified_on`) VALUES ('443279f8-83d4-41d5-b4d2-4881b0a61418', 'Darryl Ferguson', 'df234305-8a47-4b4d-8efb-716a6b695428', 'darryl.ferguson@example.com', NULL, 'Darryl', 'Ferguson', NULL, 0, 0, '2025-07-01 10:48:56', '2025-07-01 10:48:56');
INSERT INTO `user` (`id`, `fullname`, `tenant_id`, `email`, `contact`, `firstname`, `lastname`, `middlename`, `deleted`, `inactive`, `created_on`, `modified_on`) VALUES ('28956f62-af37-4852-a9cb-f015c05ac3de', 'Jason Oliver', 'df234305-8a47-4b4d-8efb-716a6b695428', 'jason.oliver@example.com', NULL, 'Jason', 'Oliver', NULL, 0, 0, '2025-07-01 10:48:56', '2025-07-01 10:48:56');
INSERT INTO `user` (`id`, `fullname`, `tenant_id`, `email`, `contact`, `firstname`, `lastname`, `middlename`, `deleted`, `inactive`, `created_on`, `modified_on`) VALUES ('6e2bc08e-b0eb-464e-b39c-0726cb685e3d', 'Angela Parrish', 'df234305-8a47-4b4d-8efb-716a6b695428', 'angela.parrish@example.com', NULL, 'Angela', 'Parrish', NULL, 0, 0, '2025-07-01 10:48:56', '2025-07-01 10:48:56');
INSERT INTO `user` (`id`, `fullname`, `tenant_id`, `email`, `contact`, `firstname`, `lastname`, `middlename`, `deleted`, `inactive`, `created_on`, `modified_on`) VALUES ('2e70aa47-2c2a-4e41-b12d-452ecb24bad3', 'Donna Atkinson', 'df234305-8a47-4b4d-8efb-716a6b695428', 'donna.atkinson@example.com', NULL, 'Donna', 'Atkinson', NULL, 0, 0, '2025-07-01 10:48:56', '2025-07-01 10:48:56');
INSERT INTO `user` (`id`, `fullname`, `tenant_id`, `email`, `contact`, `firstname`, `lastname`, `middlename`, `deleted`, `inactive`, `created_on`, `modified_on`) VALUES ('f598177d-f261-42df-b055-6a0fee2b302e', 'Martin Baker', 'df234305-8a47-4b4d-8efb-716a6b695428', 'martin.baker@example.com', NULL, 'Martin', 'Baker', NULL, 0, 0, '2025-07-01 10:48:56', '2025-07-01 10:48:56');
INSERT INTO `user` (`id`, `fullname`, `tenant_id`, `email`, `contact`, `firstname`, `lastname`, `middlename`, `deleted`, `inactive`, `created_on`, `modified_on`) VALUES ('47936fc4-dda0-4c71-abbe-0ee2369e0c60', 'Allison Cummings', 'df234305-8a47-4b4d-8efb-716a6b695428', 'allison.cummings@example.com', NULL, 'Allison', 'Cummings', NULL, 0, 0, '2025-07-01 10:48:56', '2025-07-01 10:48:56');
INSERT INTO `user` (`id`, `fullname`, `tenant_id`, `email`, `contact`, `firstname`, `lastname`, `middlename`, `deleted`, `inactive`, `created_on`, `modified_on`) VALUES ('dd590800-8f38-484e-9045-98cbde99bbbe', 'Cheryl Harper', 'df234305-8a47-4b4d-8efb-716a6b695428', 'cheryl.harper@example.com', NULL, 'Cheryl', 'Harper', NULL, 0, 0, '2025-07-01 10:48:56', '2025-07-01 10:48:56');
INSERT INTO `user` (`id`, `fullname`, `tenant_id`, `email`, `contact`, `firstname`, `lastname`, `middlename`, `deleted`, `inactive`, `created_on`, `modified_on`) VALUES ('6ec6d920-d14a-4bd7-887e-c40e49e91850', 'Monica Johnson', 'df234305-8a47-4b4d-8efb-716a6b695428', 'monica.johnson@example.com', NULL, 'Monica', 'Johnson', NULL, 0, 0, '2025-07-01 10:48:56', '2025-07-01 10:48:56');
INSERT INTO `user` (`id`, `fullname`, `tenant_id`, `email`, `contact`, `firstname`, `lastname`, `middlename`, `deleted`, `inactive`, `created_on`, `modified_on`) VALUES ('3654f8a7-4dac-4084-96e8-2408e1b259e6', 'Donald Little', 'df234305-8a47-4b4d-8efb-716a6b695428', 'donald.little@example.com', NULL, 'Donald', 'Little', NULL, 0, 0, '2025-07-01 10:48:56', '2025-07-01 10:48:56');
INSERT INTO `user` (`id`, `fullname`, `tenant_id`, `email`, `contact`, `firstname`, `lastname`, `middlename`, `deleted`, `inactive`, `created_on`, `modified_on`) VALUES ('ebb770d9-9c22-4045-a59b-6bb9ab025c54', 'Sharon Berger', 'df234305-8a47-4b4d-8efb-716a6b695428', 'sharon.berger@example.com', NULL, 'Sharon', 'Berger', NULL, 0, 0, '2025-07-01 10:48:56', '2025-07-01 10:48:56');
INSERT INTO `user` (`id`, `fullname`, `tenant_id`, `email`, `contact`, `firstname`, `lastname`, `middlename`, `deleted`, `inactive`, `created_on`, `modified_on`) VALUES ('ce4f7d1e-5a38-4487-a627-1bc154846228', 'Amy Walker', 'df234305-8a47-4b4d-8efb-716a6b695428', 'amy.walker@example.com', NULL, 'Amy', 'Walker', NULL, 0, 0, '2025-07-01 10:48:56', '2025-07-01 10:48:56');
INSERT INTO `user` (`id`, `fullname`, `tenant_id`, `email`, `contact`, `firstname`, `lastname`, `middlename`, `deleted`, `inactive`, `created_on`, `modified_on`) VALUES ('9c02a0d9-68d6-4b1d-b572-ce363cfccf9a', 'Brandon Martinez', 'df234305-8a47-4b4d-8efb-716a6b695428', 'brandon.martinez@example.com', NULL, 'Brandon', 'Martinez', NULL, 0, 0, '2025-07-01 10:48:56', '2025-07-01 10:48:56');
INSERT INTO `user` (`id`, `fullname`, `tenant_id`, `email`, `contact`, `firstname`, `lastname`, `middlename`, `deleted`, `inactive`, `created_on`, `modified_on`) VALUES ('c5182ce7-c8c3-4e25-9f5c-9196d8f1c046', 'Amber Gould', 'df234305-8a47-4b4d-8efb-716a6b695428', 'amber.gould@example.com', NULL, 'Amber', 'Gould', NULL, 0, 0, '2025-07-01 10:48:56', '2025-07-01 10:48:56');
INSERT INTO `user` (`id`, `fullname`, `tenant_id`, `email`, `contact`, `firstname`, `lastname`, `middlename`, `deleted`, `inactive`, `created_on`, `modified_on`) VALUES ('2aaf48e7-d62a-40dd-839f-d2a51b601bc0', 'Kara Riley', 'df234305-8a47-4b4d-8efb-716a6b695428', 'kara.riley@example.com', NULL, 'Kara', 'Riley', NULL, 0, 0, '2025-07-01 10:48:56', '2025-07-01 10:48:56');
INSERT INTO `user` (`id`, `fullname`, `tenant_id`, `email`, `contact`, `firstname`, `lastname`, `middlename`, `deleted`, `inactive`, `created_on`, `modified_on`) VALUES ('98a2c362-fed4-4f9e-80a6-c75bbd318ec0', 'Carolyn Gardner', 'df234305-8a47-4b4d-8efb-716a6b695428', 'carolyn.gardner@example.com', NULL, 'Carolyn', 'Gardner', NULL, 0, 0, '2025-07-01 10:48:56', '2025-07-01 10:48:56');
INSERT INTO `user` (`id`, `fullname`, `tenant_id`, `email`, `contact`, `firstname`, `lastname`, `middlename`, `deleted`, `inactive`, `created_on`, `modified_on`) VALUES ('ff12243c-8fd0-4b73-a126-df9377b2f1ac', 'Samuel Hamilton', 'df234305-8a47-4b4d-8efb-716a6b695428', 'samuel.hamilton@example.com', NULL, 'Samuel', 'Hamilton', NULL, 0, 0, '2025-07-01 10:48:56', '2025-07-01 10:48:56');
INSERT INTO `user` (`id`, `fullname`, `tenant_id`, `email`, `contact`, `firstname`, `lastname`, `middlename`, `deleted`, `inactive`, `created_on`, `modified_on`) VALUES ('db378f43-24c2-408f-8b42-3e2b00078ca2', 'Thomas Fox', 'df234305-8a47-4b4d-8efb-716a6b695428', 'thomas.fox@example.com', NULL, 'Thomas', 'Fox', NULL, 0, 0, '2025-07-01 10:48:56', '2025-07-01 10:48:56');
INSERT INTO `user` (`id`, `fullname`, `tenant_id`, `email`, `contact`, `firstname`, `lastname`, `middlename`, `deleted`, `inactive`, `created_on`, `modified_on`) VALUES ('af5b04d0-2aaa-4467-98f8-c15753cbf7ca', 'Ronald Taylor', 'df234305-8a47-4b4d-8efb-716a6b695428', 'ronald.taylor@example.com', NULL, 'Ronald', 'Taylor', NULL, 0, 0, '2025-07-01 10:48:56', '2025-07-01 10:48:56');
INSERT INTO `user` (`id`, `fullname`, `tenant_id`, `email`, `contact`, `firstname`, `lastname`, `middlename`, `deleted`, `inactive`, `created_on`, `modified_on`) VALUES ('5f95ae08-4d2b-489d-91b3-978e914cc5b7', 'Charlene Rosales', 'df234305-8a47-4b4d-8efb-716a6b695428', 'charlene.rosales@example.com', NULL, 'Charlene', 'Rosales', NULL, 0, 0, '2025-07-01 10:48:56', '2025-07-01 10:48:56');
INSERT INTO `user` (`id`, `fullname`, `tenant_id`, `email`, `contact`, `firstname`, `lastname`, `middlename`, `deleted`, `inactive`, `created_on`, `modified_on`) VALUES ('b213ea85-1e5c-4084-a319-c189f9410e84', 'James Lopez', 'df234305-8a47-4b4d-8efb-716a6b695428', 'james.lopez@example.com', NULL, 'James', 'Lopez', NULL, 0, 0, '2025-07-01 10:48:56', '2025-07-01 10:48:56');
INSERT INTO `user` (`id`, `fullname`, `tenant_id`, `email`, `contact`, `firstname`, `lastname`, `middlename`, `deleted`, `inactive`, `created_on`, `modified_on`) VALUES ('bf9c81a2-1b15-42ed-9735-06a21df762c0', 'Albert Michael', 'df234305-8a47-4b4d-8efb-716a6b695428', 'albert.michael@example.com', NULL, 'Albert', 'Michael', NULL, 0, 0, '2025-07-01 10:48:56', '2025-07-01 10:48:56');
INSERT INTO `user` (`id`, `fullname`, `tenant_id`, `email`, `contact`, `firstname`, `lastname`, `middlename`, `deleted`, `inactive`, `created_on`, `modified_on`) VALUES ('b059f137-8353-44f6-8a05-f2b2cd161c2b', 'Danielle Camacho', 'df234305-8a47-4b4d-8efb-716a6b695428', 'danielle.camacho@example.com', NULL, 'Danielle', 'Camacho', NULL, 0, 0, '2025-07-01 10:48:56', '2025-07-01 10:48:56');
INSERT INTO `user` (`id`, `fullname`, `tenant_id`, `email`, `contact`, `firstname`, `lastname`, `middlename`, `deleted`, `inactive`, `created_on`, `modified_on`) VALUES ('7c7379b5-0b74-42ab-983c-f708dd1f1835', 'Katherine Hayes', 'df234305-8a47-4b4d-8efb-716a6b695428', 'katherine.hayes@example.com', NULL, 'Katherine', 'Hayes', NULL, 0, 0, '2025-07-01 10:48:56', '2025-07-01 10:48:56');
INSERT INTO `user` (`id`, `fullname`, `tenant_id`, `email`, `contact`, `firstname`, `lastname`, `middlename`, `deleted`, `inactive`, `created_on`, `modified_on`) VALUES ('9faa3cec-5e78-4945-a688-25fa9451e517', 'Becky Hernandez', 'df234305-8a47-4b4d-8efb-716a6b695428', 'becky.hernandez@example.com', NULL, 'Becky', 'Hernandez', NULL, 0, 0, '2025-07-01 10:48:56', '2025-07-01 10:48:56');
INSERT INTO `user` (`id`, `fullname`, `tenant_id`, `email`, `contact`, `firstname`, `lastname`, `middlename`, `deleted`, `inactive`, `created_on`, `modified_on`) VALUES ('75756e83-00de-4a65-8433-59ec699d6a5b', 'Jason Mccann', 'df234305-8a47-4b4d-8efb-716a6b695428', 'jason.mccann@example.com', NULL, 'Jason', 'Mccann', NULL, 0, 0, '2025-07-01 10:48:56', '2025-07-01 10:48:56');
INSERT INTO `user` (`id`, `fullname`, `tenant_id`, `email`, `contact`, `firstname`, `lastname`, `middlename`, `deleted`, `inactive`, `created_on`, `modified_on`) VALUES ('46c4ad70-a2a0-4f0b-af2c-0bfc1509793b', 'Leslie Williams', 'df234305-8a47-4b4d-8efb-716a6b695428', 'leslie.williams@example.com', NULL, 'Leslie', 'Williams', NULL, 0, 0, '2025-07-01 10:48:56', '2025-07-01 10:48:56');
INSERT INTO `user` (`id`, `fullname`, `tenant_id`, `email`, `contact`, `firstname`, `lastname`, `middlename`, `deleted`, `inactive`, `created_on`, `modified_on`) VALUES ('65d5b83b-cdd1-4cd3-8241-b60c80317b12', 'Katherine Hanna', 'df234305-8a47-4b4d-8efb-716a6b695428', 'katherine.hanna@example.com', NULL, 'Katherine', 'Hanna', NULL, 0, 0, '2025-07-01 10:48:56', '2025-07-01 10:48:56');
INSERT INTO `user` (`id`, `fullname`, `tenant_id`, `email`, `contact`, `firstname`, `lastname`, `middlename`, `deleted`, `inactive`, `created_on`, `modified_on`) VALUES ('3ecd3966-bb56-4ea7-969f-1f498f1bd39e', 'Jeremy Pollard', 'df234305-8a47-4b4d-8efb-716a6b695428', 'jeremy.pollard@example.com', NULL, 'Jeremy', 'Pollard', NULL, 0, 0, '2025-07-01 10:48:56', '2025-07-01 10:48:56');
INSERT INTO `user` (`id`, `fullname`, `tenant_id`, `email`, `contact`, `firstname`, `lastname`, `middlename`, `deleted`, `inactive`, `created_on`, `modified_on`) VALUES ('49ebc2b5-5864-4789-a79a-e99a3ac88964', 'Debra Boone', 'df234305-8a47-4b4d-8efb-716a6b695428', 'debra.boone@example.com', NULL, 'Debra', 'Boone', NULL, 0, 0, '2025-07-01 10:48:56', '2025-07-01 10:48:56');
INSERT INTO `user` (`id`, `fullname`, `tenant_id`, `email`, `contact`, `firstname`, `lastname`, `middlename`, `deleted`, `inactive`, `created_on`, `modified_on`) VALUES ('9cb35cce-4682-4375-85a2-505d3e0d8eff', 'Deborah Adams', 'df234305-8a47-4b4d-8efb-716a6b695428', 'deborah.adams@example.com', NULL, 'Deborah', 'Adams', NULL, 0, 0, '2025-07-01 10:48:56', '2025-07-01 10:48:56');
INSERT INTO `user` (`id`, `fullname`, `tenant_id`, `email`, `contact`, `firstname`, `lastname`, `middlename`, `deleted`, `inactive`, `created_on`, `modified_on`) VALUES ('e5b9fbe8-a5c4-46cf-9393-3680d7fd0876', 'Anthony Daniel', 'df234305-8a47-4b4d-8efb-716a6b695428', 'anthony.daniel@example.com', NULL, 'Anthony', 'Daniel', NULL, 0, 0, '2025-07-01 10:48:56', '2025-07-01 10:48:56');
INSERT INTO `user` (`id`, `fullname`, `tenant_id`, `email`, `contact`, `firstname`, `lastname`, `middlename`, `deleted`, `inactive`, `created_on`, `modified_on`) VALUES ('cf74c227-677f-4d10-baea-ca7e49af47a7', 'Thomas Horne', 'df234305-8a47-4b4d-8efb-716a6b695428', 'thomas.horne@example.com', NULL, 'Thomas', 'Horne', NULL, 0, 0, '2025-07-01 10:48:56', '2025-07-01 10:48:56');
INSERT INTO `user` (`id`, `fullname`, `tenant_id`, `email`, `contact`, `firstname`, `lastname`, `middlename`, `deleted`, `inactive`, `created_on`, `modified_on`) VALUES ('a118a84f-aacd-41b6-892f-bf639dcb39dc', 'Rose Swanson', 'df234305-8a47-4b4d-8efb-716a6b695428', 'rose.swanson@example.com', NULL, 'Rose', 'Swanson', NULL, 0, 0, '2025-07-01 10:48:56', '2025-07-01 10:48:56');
INSERT INTO `user` (`id`, `fullname`, `tenant_id`, `email`, `contact`, `firstname`, `lastname`, `middlename`, `deleted`, `inactive`, `created_on`, `modified_on`) VALUES ('78f1a185-9b43-4de0-8f39-3a4356554b8b', 'Cynthia Martin', 'df234305-8a47-4b4d-8efb-716a6b695428', 'cynthia.martin@example.com', NULL, 'Cynthia', 'Martin', NULL, 0, 0, '2025-07-01 10:48:56', '2025-07-01 10:48:56');
INSERT INTO `user` (`id`, `fullname`, `tenant_id`, `email`, `contact`, `firstname`, `lastname`, `middlename`, `deleted`, `inactive`, `created_on`, `modified_on`) VALUES ('b2cb8172-30bb-44ea-9d69-071491575191', 'Samuel Morrison', 'df234305-8a47-4b4d-8efb-716a6b695428', 'samuel.morrison@example.com', NULL, 'Samuel', 'Morrison', NULL, 0, 0, '2025-07-01 10:48:56', '2025-07-01 10:48:56');
INSERT INTO `user` (`id`, `fullname`, `tenant_id`, `email`, `contact`, `firstname`, `lastname`, `middlename`, `deleted`, `inactive`, `created_on`, `modified_on`) VALUES ('a4cd9652-3a15-4a70-b31c-ac56b60df64e', 'Erika Daugherty', 'df234305-8a47-4b4d-8efb-716a6b695428', 'erika.daugherty@example.com', NULL, 'Erika', 'Daugherty', NULL, 0, 0, '2025-07-01 10:48:56', '2025-07-01 10:48:56');
INSERT INTO `user` (`id`, `fullname`, `tenant_id`, `email`, `contact`, `firstname`, `lastname`, `middlename`, `deleted`, `inactive`, `created_on`, `modified_on`) VALUES ('2e2ed379-52e9-4ef2-8ce7-75a85d684d67', 'Jonathan Wright', 'df234305-8a47-4b4d-8efb-716a6b695428', 'jonathan.wright@example.com', NULL, 'Jonathan', 'Wright', NULL, 0, 0, '2025-07-01 10:48:56', '2025-07-01 10:48:56');
INSERT INTO `user` (`id`, `fullname`, `tenant_id`, `email`, `contact`, `firstname`, `lastname`, `middlename`, `deleted`, `inactive`, `created_on`, `modified_on`) VALUES ('23feddff-4053-41b4-a008-8a2f952e9e33', 'Kenneth Peterson', 'df234305-8a47-4b4d-8efb-716a6b695428', 'kenneth.peterson@example.com', NULL, 'Kenneth', 'Peterson', NULL, 0, 0, '2025-07-01 10:48:56', '2025-07-01 10:48:56');
INSERT INTO `user` (`id`, `fullname`, `tenant_id`, `email`, `contact`, `firstname`, `lastname`, `middlename`, `deleted`, `inactive`, `created_on`, `modified_on`) VALUES ('4842efbb-606c-45c6-9bf5-785e6852ea67', 'Joy Mendez', 'df234305-8a47-4b4d-8efb-716a6b695428', 'joy.mendez@example.com', NULL, 'Joy', 'Mendez', NULL, 0, 0, '2025-07-01 10:48:56', '2025-07-01 10:48:56');
INSERT INTO `user` (`id`, `fullname`, `tenant_id`, `email`, `contact`, `firstname`, `lastname`, `middlename`, `deleted`, `inactive`, `created_on`, `modified_on`) VALUES ('c6aa4dae-0d6a-414d-a126-247b58d54bf8', 'Virginia Gill', 'df234305-8a47-4b4d-8efb-716a6b695428', 'virginia.gill@example.com', NULL, 'Virginia', 'Gill', NULL, 0, 0, '2025-07-01 10:48:56', '2025-07-01 10:48:56');
INSERT INTO `user` (`id`, `fullname`, `tenant_id`, `email`, `contact`, `firstname`, `lastname`, `middlename`, `deleted`, `inactive`, `created_on`, `modified_on`) VALUES ('a7b1a962-5bf7-46cc-880d-0ada1d299d9b', 'Shannon Sullivan', 'df234305-8a47-4b4d-8efb-716a6b695428', 'shannon.sullivan@example.com', NULL, 'Shannon', 'Sullivan', NULL, 0, 0, '2025-07-01 10:48:56', '2025-07-01 10:48:56');
INSERT INTO `user` (`id`, `fullname`, `tenant_id`, `email`, `contact`, `firstname`, `lastname`, `middlename`, `deleted`, `inactive`, `created_on`, `modified_on`) VALUES ('70b7984e-2916-48a2-aacb-a5521d209d72', 'Rebecca Obrien', 'df234305-8a47-4b4d-8efb-716a6b695428', 'rebecca.obrien@example.com', NULL, 'Rebecca', 'Obrien', NULL, 0, 0, '2025-07-01 10:48:56', '2025-07-01 10:48:56');
INSERT INTO `user` (`id`, `fullname`, `tenant_id`, `email`, `contact`, `firstname`, `lastname`, `middlename`, `deleted`, `inactive`, `created_on`, `modified_on`) VALUES ('0bca69b3-6f02-405e-b648-74d2fcd10a56', 'Zachary Downs', 'df234305-8a47-4b4d-8efb-716a6b695428', 'zachary.downs@example.com', NULL, 'Zachary', 'Downs', NULL, 0, 0, '2025-07-01 10:48:56', '2025-07-01 10:48:56');
INSERT INTO `user` (`id`, `fullname`, `tenant_id`, `email`, `contact`, `firstname`, `lastname`, `middlename`, `deleted`, `inactive`, `created_on`, `modified_on`) VALUES ('1609bd67-426a-40ee-913d-393d46ba43dc', 'Gary Garcia', 'df234305-8a47-4b4d-8efb-716a6b695428', 'gary.garcia@example.com', NULL, 'Gary', 'Garcia', NULL, 0, 0, '2025-07-01 10:48:56', '2025-07-01 10:48:56');
INSERT INTO `user` (`id`, `fullname`, `tenant_id`, `email`, `contact`, `firstname`, `lastname`, `middlename`, `deleted`, `inactive`, `created_on`, `modified_on`) VALUES ('6e36614d-ce4f-4c67-bdbf-83cbeb182e6f', 'Michael Marquez', 'df234305-8a47-4b4d-8efb-716a6b695428', 'michael.marquez@example.com', NULL, 'Michael', 'Marquez', NULL, 0, 0, '2025-07-01 10:48:56', '2025-07-01 10:48:56');
INSERT INTO `user` (`id`, `fullname`, `tenant_id`, `email`, `contact`, `firstname`, `lastname`, `middlename`, `deleted`, `inactive`, `created_on`, `modified_on`) VALUES ('913f2282-ad6f-40cf-b5a0-e3d6fff23b3f', 'Donald Taylor', 'df234305-8a47-4b4d-8efb-716a6b695428', 'donald.taylor@example.com', NULL, 'Donald', 'Taylor', NULL, 0, 0, '2025-07-01 10:48:56', '2025-07-01 10:48:56');
INSERT INTO `user` (`id`, `fullname`, `tenant_id`, `email`, `contact`, `firstname`, `lastname`, `middlename`, `deleted`, `inactive`, `created_on`, `modified_on`) VALUES ('19761f8e-cae5-4c5a-b5ec-c89e568a687a', 'Haley Parker', 'df234305-8a47-4b4d-8efb-716a6b695428', 'haley.parker@example.com', NULL, 'Haley', 'Parker', NULL, 0, 0, '2025-07-01 10:48:56', '2025-07-01 10:48:56');
INSERT INTO `user` (`id`, `fullname`, `tenant_id`, `email`, `contact`, `firstname`, `lastname`, `middlename`, `deleted`, `inactive`, `created_on`, `modified_on`) VALUES ('d3343015-dc06-49c6-8b94-63da16c115b9', 'Jill Mckinney', 'df234305-8a47-4b4d-8efb-716a6b695428', 'jill.mckinney@example.com', NULL, 'Jill', 'Mckinney', NULL, 0, 0, '2025-07-01 10:48:56', '2025-07-01 10:48:56');
INSERT INTO `user` (`id`, `fullname`, `tenant_id`, `email`, `contact`, `firstname`, `lastname`, `middlename`, `deleted`, `inactive`, `created_on`, `modified_on`) VALUES ('8ec36993-80fd-4473-b254-7ed9bcd8cb85', 'Adam Castillo', 'df234305-8a47-4b4d-8efb-716a6b695428', 'adam.castillo@example.com', NULL, 'Adam', 'Castillo', NULL, 0, 0, '2025-07-01 10:48:56', '2025-07-01 10:48:56');
INSERT INTO `user` (`id`, `fullname`, `tenant_id`, `email`, `contact`, `firstname`, `lastname`, `middlename`, `deleted`, `inactive`, `created_on`, `modified_on`) VALUES ('a0de41f4-d4fd-4a46-91e1-96d1a30bec53', 'Sarah Deleon', 'df234305-8a47-4b4d-8efb-716a6b695428', 'sarah.deleon@example.com', NULL, 'Sarah', 'Deleon', NULL, 0, 0, '2025-07-01 10:48:56', '2025-07-01 10:48:56');
INSERT INTO `user` (`id`, `fullname`, `tenant_id`, `email`, `contact`, `firstname`, `lastname`, `middlename`, `deleted`, `inactive`, `created_on`, `modified_on`) VALUES ('5a630179-f7bf-4df9-aefa-5c5df85a8237', 'Steven Austin', 'df234305-8a47-4b4d-8efb-716a6b695428', 'steven.austin@example.com', NULL, 'Steven', 'Austin', NULL, 0, 0, '2025-07-01 10:48:56', '2025-07-01 10:48:56');
INSERT INTO `user` (`id`, `fullname`, `tenant_id`, `email`, `contact`, `firstname`, `lastname`, `middlename`, `deleted`, `inactive`, `created_on`, `modified_on`) VALUES ('aeaf33e3-3dca-4aee-81a3-227a4e0850b2', 'Cole Moore', 'df234305-8a47-4b4d-8efb-716a6b695428', 'cole.moore@example.com', NULL, 'Cole', 'Moore', NULL, 0, 0, '2025-07-01 10:48:56', '2025-07-01 10:48:56');
INSERT INTO `user` (`id`, `fullname`, `tenant_id`, `email`, `contact`, `firstname`, `lastname`, `middlename`, `deleted`, `inactive`, `created_on`, `modified_on`) VALUES ('b9a547b2-67d6-4669-a49b-54da5dd805ca', 'Tamara Espinoza', 'df234305-8a47-4b4d-8efb-716a6b695428', 'tamara.espinoza@example.com', NULL, 'Tamara', 'Espinoza', NULL, 0, 0, '2025-07-01 10:48:56', '2025-07-01 10:48:56');
INSERT INTO `user` (`id`, `fullname`, `tenant_id`, `email`, `contact`, `firstname`, `lastname`, `middlename`, `deleted`, `inactive`, `created_on`, `modified_on`) VALUES ('5b2f3a15-a3cd-4485-b68f-1303b6cfa311', 'Luke Davis', 'df234305-8a47-4b4d-8efb-716a6b695428', 'luke.davis@example.com', NULL, 'Luke', 'Davis', NULL, 0, 0, '2025-07-01 10:48:56', '2025-07-01 10:48:56');
INSERT INTO `user` (`id`, `fullname`, `tenant_id`, `email`, `contact`, `firstname`, `lastname`, `middlename`, `deleted`, `inactive`, `created_on`, `modified_on`) VALUES ('da88ac2a-8c66-422a-8a3e-d344dc97fda0', 'Emily Carter', 'df234305-8a47-4b4d-8efb-716a6b695428', 'emily.carter@example.com', NULL, 'Emily', 'Carter', NULL, 0, 0, '2025-07-01 10:48:56', '2025-07-01 10:48:56');
INSERT INTO `user` (`id`, `fullname`, `tenant_id`, `email`, `contact`, `firstname`, `lastname`, `middlename`, `deleted`, `inactive`, `created_on`, `modified_on`) VALUES ('33614116-3380-4183-8d65-7d9a800a930e', 'Jessica Meyer', 'df234305-8a47-4b4d-8efb-716a6b695428', 'jessica.meyer@example.com', NULL, 'Jessica', 'Meyer', NULL, 0, 0, '2025-07-01 10:48:56', '2025-07-01 10:48:56');
INSERT INTO `user` (`id`, `fullname`, `tenant_id`, `email`, `contact`, `firstname`, `lastname`, `middlename`, `deleted`, `inactive`, `created_on`, `modified_on`) VALUES ('ace42e13-2736-43b5-a2d1-356159166a1e', 'Katherine Espinoza', 'df234305-8a47-4b4d-8efb-716a6b695428', 'katherine.espinoza@example.com', NULL, 'Katherine', 'Espinoza', NULL, 0, 0, '2025-07-01 10:48:56', '2025-07-01 10:48:56');
INSERT INTO `user` (`id`, `fullname`, `tenant_id`, `email`, `contact`, `firstname`, `lastname`, `middlename`, `deleted`, `inactive`, `created_on`, `modified_on`) VALUES ('beae7767-87dc-4086-91a1-fafe3a97e699', 'Christina Wilson', 'df234305-8a47-4b4d-8efb-716a6b695428', 'christina.wilson@example.com', NULL, 'Christina', 'Wilson', NULL, 0, 0, '2025-07-01 10:48:56', '2025-07-01 10:48:56');
INSERT INTO `user` (`id`, `fullname`, `tenant_id`, `email`, `contact`, `firstname`, `lastname`, `middlename`, `deleted`, `inactive`, `created_on`, `modified_on`) VALUES ('98cbe819-f83d-4254-b015-f2eed67ccd67', 'Lauren Lewis', 'df234305-8a47-4b4d-8efb-716a6b695428', 'lauren.lewis@example.com', NULL, 'Lauren', 'Lewis', NULL, 0, 0, '2025-07-01 10:48:56', '2025-07-01 10:48:56');
INSERT INTO `user` (`id`, `fullname`, `tenant_id`, `email`, `contact`, `firstname`, `lastname`, `middlename`, `deleted`, `inactive`, `created_on`, `modified_on`) VALUES ('763e64fd-e770-4124-be82-d5ad116ce3cc', 'Jillian Long', 'df234305-8a47-4b4d-8efb-716a6b695428', 'jillian.long@example.com', NULL, 'Jillian', 'Long', NULL, 0, 0, '2025-07-01 10:48:56', '2025-07-01 10:48:56');
INSERT INTO `user` (`id`, `fullname`, `tenant_id`, `email`, `contact`, `firstname`, `lastname`, `middlename`, `deleted`, `inactive`, `created_on`, `modified_on`) VALUES ('b74125f4-13ca-4a54-850a-8770eb884229', 'Robert Allen', 'df234305-8a47-4b4d-8efb-716a6b695428', 'robert.allen@example.com', NULL, 'Robert', 'Allen', NULL, 0, 0, '2025-07-01 10:48:56', '2025-07-01 10:48:56');
INSERT INTO `user` (`id`, `fullname`, `tenant_id`, `email`, `contact`, `firstname`, `lastname`, `middlename`, `deleted`, `inactive`, `created_on`, `modified_on`) VALUES ('23524287-fbc4-4b5f-a524-1a1c1d9e1c27', 'Lindsay Cox', 'df234305-8a47-4b4d-8efb-716a6b695428', 'lindsay.cox@example.com', NULL, 'Lindsay', 'Cox', NULL, 0, 0, '2025-07-01 10:48:56', '2025-07-01 10:48:56');
INSERT INTO `user` (`id`, `fullname`, `tenant_id`, `email`, `contact`, `firstname`, `lastname`, `middlename`, `deleted`, `inactive`, `created_on`, `modified_on`) VALUES ('2a345b13-def9-4f0f-b6ba-f4e43e17bde4', 'Susan Mcdonald', 'df234305-8a47-4b4d-8efb-716a6b695428', 'susan.mcdonald@example.com', NULL, 'Susan', 'Mcdonald', NULL, 0, 0, '2025-07-01 10:48:56', '2025-07-01 10:48:56');
INSERT INTO `user` (`id`, `fullname`, `tenant_id`, `email`, `contact`, `firstname`, `lastname`, `middlename`, `deleted`, `inactive`, `created_on`, `modified_on`) VALUES ('e39c85df-f59f-4f87-b536-68e9ea555150', 'Anthony Shaw', 'df234305-8a47-4b4d-8efb-716a6b695428', 'anthony.shaw@example.com', NULL, 'Anthony', 'Shaw', NULL, 0, 0, '2025-07-01 10:48:56', '2025-07-01 10:48:56');
INSERT INTO `user` (`id`, `fullname`, `tenant_id`, `email`, `contact`, `firstname`, `lastname`, `middlename`, `deleted`, `inactive`, `created_on`, `modified_on`) VALUES ('8e9c7e7b-2052-4bc8-a7ac-9f445be90963', 'Louis Martin', 'df234305-8a47-4b4d-8efb-716a6b695428', 'louis.martin@example.com', NULL, 'Louis', 'Martin', NULL, 0, 0, '2025-07-01 10:48:56', '2025-07-01 10:48:56');
INSERT INTO `user` (`id`, `fullname`, `tenant_id`, `email`, `contact`, `firstname`, `lastname`, `middlename`, `deleted`, `inactive`, `created_on`, `modified_on`) VALUES ('f94fc119-ec19-4630-8776-475969fbc622', 'Andrea Scott DDS', 'df234305-8a47-4b4d-8efb-716a6b695428', 'andrea.scottdds@example.com', NULL, 'Andrea', 'Scott DDS', NULL, 0, 0, '2025-07-01 10:48:56', '2025-07-01 10:48:56');
INSERT INTO `user` (`id`, `fullname`, `tenant_id`, `email`, `contact`, `firstname`, `lastname`, `middlename`, `deleted`, `inactive`, `created_on`, `modified_on`) VALUES ('7638fd99-ef48-4a81-a585-068c2e93335c', 'Karina Barron', 'df234305-8a47-4b4d-8efb-716a6b695428', 'karina.barron@example.com', NULL, 'Karina', 'Barron', NULL, 0, 0, '2025-07-01 10:48:56', '2025-07-01 10:48:56');
INSERT INTO `user` (`id`, `fullname`, `tenant_id`, `email`, `contact`, `firstname`, `lastname`, `middlename`, `deleted`, `inactive`, `created_on`, `modified_on`) VALUES ('f8bd8ff3-a2d2-450b-a748-0947edb0a754', 'William Luna', 'df234305-8a47-4b4d-8efb-716a6b695428', 'william.luna@example.com', NULL, 'William', 'Luna', NULL, 0, 0, '2025-07-01 10:48:56', '2025-07-01 10:48:56');
INSERT INTO `user` (`id`, `fullname`, `tenant_id`, `email`, `contact`, `firstname`, `lastname`, `middlename`, `deleted`, `inactive`, `created_on`, `modified_on`) VALUES ('e4e0b2ea-5522-4e24-bc66-cd491a8d55ed', 'Kurt Murillo', 'df234305-8a47-4b4d-8efb-716a6b695428', 'kurt.murillo@example.com', NULL, 'Kurt', 'Murillo', NULL, 0, 0, '2025-07-01 10:48:56', '2025-07-01 10:48:56');
INSERT INTO `user` (`id`, `fullname`, `tenant_id`, `email`, `contact`, `firstname`, `lastname`, `middlename`, `deleted`, `inactive`, `created_on`, `modified_on`) VALUES ('c4088891-6a99-42ba-82a6-ff45c34128ef', 'Andrew Daugherty', 'df234305-8a47-4b4d-8efb-716a6b695428', 'andrew.daugherty@example.com', NULL, 'Andrew', 'Daugherty', NULL, 0, 0, '2025-07-01 10:48:56', '2025-07-01 10:48:56');
INSERT INTO `user` (`id`, `fullname`, `tenant_id`, `email`, `contact`, `firstname`, `lastname`, `middlename`, `deleted`, `inactive`, `created_on`, `modified_on`) VALUES ('bbdaad35-533d-498b-ba8b-5c1334b682ce', 'Nancy Romero', 'df234305-8a47-4b4d-8efb-716a6b695428', 'nancy.romero@example.com', NULL, 'Nancy', 'Romero', NULL, 0, 0, '2025-07-01 10:48:56', '2025-07-01 10:48:56');
INSERT INTO `user` (`id`, `fullname`, `tenant_id`, `email`, `contact`, `firstname`, `lastname`, `middlename`, `deleted`, `inactive`, `created_on`, `modified_on`) VALUES ('5ef22919-6fc0-4c2b-ab86-dc2550cff370', 'Justin Harding', 'df234305-8a47-4b4d-8efb-716a6b695428', 'justin.harding@example.com', NULL, 'Justin', 'Harding', NULL, 0, 0, '2025-07-01 10:48:56', '2025-07-01 10:48:56');
INSERT INTO `user` (`id`, `fullname`, `tenant_id`, `email`, `contact`, `firstname`, `lastname`, `middlename`, `deleted`, `inactive`, `created_on`, `modified_on`) VALUES ('7bb1e621-239c-4a6f-86a4-293ae3d57307', 'Victoria Rivera', 'df234305-8a47-4b4d-8efb-716a6b695428', 'victoria.rivera@example.com', NULL, 'Victoria', 'Rivera', NULL, 0, 0, '2025-07-01 10:48:56', '2025-07-01 10:48:56');
INSERT INTO `user` (`id`, `fullname`, `tenant_id`, `email`, `contact`, `firstname`, `lastname`, `middlename`, `deleted`, `inactive`, `created_on`, `modified_on`) VALUES ('eb05b40c-1491-49fe-9d66-95880b93e470', 'Philip Garza', 'df234305-8a47-4b4d-8efb-716a6b695428', 'philip.garza@example.com', NULL, 'Philip', 'Garza', NULL, 0, 0, '2025-07-01 10:48:56', '2025-07-01 10:48:56');
INSERT INTO `user` (`id`, `fullname`, `tenant_id`, `email`, `contact`, `firstname`, `lastname`, `middlename`, `deleted`, `inactive`, `created_on`, `modified_on`) VALUES ('b7fdf5f1-adb2-4f03-8ff9-c45aa0ee789d', 'Brandy Robinson', 'df234305-8a47-4b4d-8efb-716a6b695428', 'brandy.robinson@example.com', NULL, 'Brandy', 'Robinson', NULL, 0, 0, '2025-07-01 10:48:56', '2025-07-01 10:48:56');
INSERT INTO `user` (`id`, `fullname`, `tenant_id`, `email`, `contact`, `firstname`, `lastname`, `middlename`, `deleted`, `inactive`, `created_on`, `modified_on`) VALUES ('1c74331c-2528-4083-aea7-f6aebce0152c', 'Angela Douglas', 'df234305-8a47-4b4d-8efb-716a6b695428', 'angela.douglas@example.com', NULL, 'Angela', 'Douglas', NULL, 0, 0, '2025-07-01 10:48:56', '2025-07-01 10:48:56');
INSERT INTO `user` (`id`, `fullname`, `tenant_id`, `email`, `contact`, `firstname`, `lastname`, `middlename`, `deleted`, `inactive`, `created_on`, `modified_on`) VALUES ('94cb2676-4a66-4a3c-83c9-bd554b6fe569', 'Elizabeth Smith', 'df234305-8a47-4b4d-8efb-716a6b695428', 'elizabeth.smith@example.com', NULL, 'Elizabeth', 'Smith', NULL, 0, 0, '2025-07-01 10:48:56', '2025-07-01 10:48:56');
INSERT INTO `user` (`id`, `fullname`, `tenant_id`, `email`, `contact`, `firstname`, `lastname`, `middlename`, `deleted`, `inactive`, `created_on`, `modified_on`) VALUES ('c2d96b8e-63a6-418b-b6bc-47ed66c92bc8', 'Sarah Vazquez', 'df234305-8a47-4b4d-8efb-716a6b695428', 'sarah.vazquez@example.com', NULL, 'Sarah', 'Vazquez', NULL, 0, 0, '2025-07-01 10:48:56', '2025-07-01 10:48:56');
INSERT INTO `user` (`id`, `fullname`, `tenant_id`, `email`, `contact`, `firstname`, `lastname`, `middlename`, `deleted`, `inactive`, `created_on`, `modified_on`) VALUES ('7c174bf6-93ef-4a79-8ece-60cd10deb9de', 'Kristen Baldwin', 'df234305-8a47-4b4d-8efb-716a6b695428', 'kristen.baldwin@example.com', NULL, 'Kristen', 'Baldwin', NULL, 0, 0, '2025-07-01 10:48:56', '2025-07-01 10:48:56');
INSERT INTO `user` (`id`, `fullname`, `tenant_id`, `email`, `contact`, `firstname`, `lastname`, `middlename`, `deleted`, `inactive`, `created_on`, `modified_on`) VALUES ('c48edada-b98b-44da-a3df-de7f6963d827', 'Tina Franco', 'df234305-8a47-4b4d-8efb-716a6b695428', 'tina.franco@example.com', NULL, 'Tina', 'Franco', NULL, 0, 0, '2025-07-01 10:48:56', '2025-07-01 10:48:56');
INSERT INTO `user` (`id`, `fullname`, `tenant_id`, `email`, `contact`, `firstname`, `lastname`, `middlename`, `deleted`, `inactive`, `created_on`, `modified_on`) VALUES ('03a1d5ec-d5de-45a0-b5a2-6094a7a8ac79', 'James Alexander', 'df234305-8a47-4b4d-8efb-716a6b695428', 'james.alexander@example.com', NULL, 'James', 'Alexander', NULL, 0, 0, '2025-07-01 10:48:56', '2025-07-01 10:48:56');
INSERT INTO `user` (`id`, `fullname`, `tenant_id`, `email`, `contact`, `firstname`, `lastname`, `middlename`, `deleted`, `inactive`, `created_on`, `modified_on`) VALUES ('be992594-e53a-4a97-98b4-7e6ab67fc1af', 'James Sanchez', 'df234305-8a47-4b4d-8efb-716a6b695428', 'james.sanchez@example.com', NULL, 'James', 'Sanchez', NULL, 0, 0, '2025-07-01 10:48:56', '2025-07-01 10:48:56');
INSERT INTO `user` (`id`, `fullname`, `tenant_id`, `email`, `contact`, `firstname`, `lastname`, `middlename`, `deleted`, `inactive`, `created_on`, `modified_on`) VALUES ('192adfae-71d9-4a0a-a32b-a3a182d32da0', 'Ryan Hunt', 'df234305-8a47-4b4d-8efb-716a6b695428', 'ryan.hunt@example.com', NULL, 'Ryan', 'Hunt', NULL, 0, 0, '2025-07-01 10:48:56', '2025-07-01 10:48:56');
INSERT INTO `user` (`id`, `fullname`, `tenant_id`, `email`, `contact`, `firstname`, `lastname`, `middlename`, `deleted`, `inactive`, `created_on`, `modified_on`) VALUES ('62aafbad-3960-404e-8629-0123c5c5645c', 'Cameron Wilson', 'df234305-8a47-4b4d-8efb-716a6b695428', 'cameron.wilson@example.com', NULL, 'Cameron', 'Wilson', NULL, 0, 0, '2025-07-01 10:48:56', '2025-07-01 10:48:56');
INSERT INTO `user` (`id`, `fullname`, `tenant_id`, `email`, `contact`, `firstname`, `lastname`, `middlename`, `deleted`, `inactive`, `created_on`, `modified_on`) VALUES ('048871b4-2d1e-42a3-ba72-97bb385726ad', 'Sara Clark', 'df234305-8a47-4b4d-8efb-716a6b695428', 'sara.clark@example.com', NULL, 'Sara', 'Clark', NULL, 0, 0, '2025-07-01 10:48:56', '2025-07-01 10:48:56');
INSERT INTO `user` (`id`, `fullname`, `tenant_id`, `email`, `contact`, `firstname`, `lastname`, `middlename`, `deleted`, `inactive`, `created_on`, `modified_on`) VALUES ('2e6147b8-9bbb-48b9-8886-cfbbf9e6b9fe', 'Debbie Cook', 'df234305-8a47-4b4d-8efb-716a6b695428', 'debbie.cook@example.com', NULL, 'Debbie', 'Cook', NULL, 0, 0, '2025-07-01 10:48:56', '2025-07-01 10:48:56');
INSERT INTO `user` (`id`, `fullname`, `tenant_id`, `email`, `contact`, `firstname`, `lastname`, `middlename`, `deleted`, `inactive`, `created_on`, `modified_on`) VALUES ('0d82dc87-0ecd-422f-a680-e64ee99cfe13', 'Deborah Henry', 'df234305-8a47-4b4d-8efb-716a6b695428', 'deborah.henry@example.com', NULL, 'Deborah', 'Henry', NULL, 0, 0, '2025-07-01 10:48:56', '2025-07-01 10:48:56');
INSERT INTO `user` (`id`, `fullname`, `tenant_id`, `email`, `contact`, `firstname`, `lastname`, `middlename`, `deleted`, `inactive`, `created_on`, `modified_on`) VALUES ('5a6fe0fd-481f-4ef2-8aa7-aeac1224d7a9', 'Lisa Lowe', 'df234305-8a47-4b4d-8efb-716a6b695428', 'lisa.lowe@example.com', NULL, 'Lisa', 'Lowe', NULL, 0, 0, '2025-07-01 10:48:56', '2025-07-01 10:48:56');
INSERT INTO `user` (`id`, `fullname`, `tenant_id`, `email`, `contact`, `firstname`, `lastname`, `middlename`, `deleted`, `inactive`, `created_on`, `modified_on`) VALUES ('a7ec909d-8af0-4ade-a10c-90ebf0164acb', 'David Leonard', 'df234305-8a47-4b4d-8efb-716a6b695428', 'david.leonard@example.com', NULL, 'David', 'Leonard', NULL, 0, 0, '2025-07-01 10:48:56', '2025-07-01 10:48:56');
INSERT INTO `user` (`id`, `fullname`, `tenant_id`, `email`, `contact`, `firstname`, `lastname`, `middlename`, `deleted`, `inactive`, `created_on`, `modified_on`) VALUES ('cb4bb582-fab3-4b27-aa1b-84b6afc27086', 'Chelsea Cameron MD', 'df234305-8a47-4b4d-8efb-716a6b695428', 'chelsea.cameronmd@example.com', NULL, 'Chelsea', 'Cameron MD', NULL, 0, 0, '2025-07-01 10:48:56', '2025-07-01 10:48:56');
INSERT INTO `user` (`id`, `fullname`, `tenant_id`, `email`, `contact`, `firstname`, `lastname`, `middlename`, `deleted`, `inactive`, `created_on`, `modified_on`) VALUES ('5fb21975-af01-4759-bb3b-a43141aaf5bc', 'Michael Hughes', 'df234305-8a47-4b4d-8efb-716a6b695428', 'michael.hughes@example.com', NULL, 'Michael', 'Hughes', NULL, 0, 0, '2025-07-01 10:48:56', '2025-07-01 10:48:56');
INSERT INTO `user` (`id`, `fullname`, `tenant_id`, `email`, `contact`, `firstname`, `lastname`, `middlename`, `deleted`, `inactive`, `created_on`, `modified_on`) VALUES ('d91e7921-61a4-446d-92e2-cc5dfa5722e0', 'Victoria Smith', 'df234305-8a47-4b4d-8efb-716a6b695428', 'victoria.smith@example.com', NULL, 'Victoria', 'Smith', NULL, 0, 0, '2025-07-01 10:48:56', '2025-07-01 10:48:56');
INSERT INTO `user` (`id`, `fullname`, `tenant_id`, `email`, `contact`, `firstname`, `lastname`, `middlename`, `deleted`, `inactive`, `created_on`, `modified_on`) VALUES ('6cdee713-f2ee-4758-8697-30dbdbaff624', 'Amy Perry', 'df234305-8a47-4b4d-8efb-716a6b695428', 'amy.perry@example.com', NULL, 'Amy', 'Perry', NULL, 0, 0, '2025-07-01 10:48:56', '2025-07-01 10:48:56');
INSERT INTO `user` (`id`, `fullname`, `tenant_id`, `email`, `contact`, `firstname`, `lastname`, `middlename`, `deleted`, `inactive`, `created_on`, `modified_on`) VALUES ('513ccafc-8800-4327-ab74-6821485ce29f', 'Heather Davis', 'df234305-8a47-4b4d-8efb-716a6b695428', 'heather.davis@example.com', NULL, 'Heather', 'Davis', NULL, 0, 0, '2025-07-01 10:48:56', '2025-07-01 10:48:56');
INSERT INTO `user` (`id`, `fullname`, `tenant_id`, `email`, `contact`, `firstname`, `lastname`, `middlename`, `deleted`, `inactive`, `created_on`, `modified_on`) VALUES ('0aebd1cc-4251-434a-8872-05c9d62820ac', 'Michael Douglas', 'df234305-8a47-4b4d-8efb-716a6b695428', 'michael.douglas@example.com', NULL, 'Michael', 'Douglas', NULL, 0, 0, '2025-07-01 10:48:56', '2025-07-01 10:48:56');
INSERT INTO `user` (`id`, `fullname`, `tenant_id`, `email`, `contact`, `firstname`, `lastname`, `middlename`, `deleted`, `inactive`, `created_on`, `modified_on`) VALUES ('f0ce5244-fcdc-4110-97d6-2815896371ef', 'Eric Nichols', 'df234305-8a47-4b4d-8efb-716a6b695428', 'eric.nichols@example.com', NULL, 'Eric', 'Nichols', NULL, 0, 0, '2025-07-01 10:48:56', '2025-07-01 10:48:56');
INSERT INTO `user` (`id`, `fullname`, `tenant_id`, `email`, `contact`, `firstname`, `lastname`, `middlename`, `deleted`, `inactive`, `created_on`, `modified_on`) VALUES ('08161a49-bfba-439a-b34f-4b517c48912f', 'William Lopez Jr.', 'df234305-8a47-4b4d-8efb-716a6b695428', 'william.lopezjr.@example.com', NULL, 'William', 'Lopez Jr.', NULL, 0, 0, '2025-07-01 10:48:56', '2025-07-01 10:48:56');
INSERT INTO `user` (`id`, `fullname`, `tenant_id`, `email`, `contact`, `firstname`, `lastname`, `middlename`, `deleted`, `inactive`, `created_on`, `modified_on`) VALUES ('2ab51f4a-050d-4afb-ad43-d6b70decfb6b', 'Gregg Martin', 'df234305-8a47-4b4d-8efb-716a6b695428', 'gregg.martin@example.com', NULL, 'Gregg', 'Martin', NULL, 0, 0, '2025-07-01 10:48:56', '2025-07-01 10:48:56');
INSERT INTO `user` (`id`, `fullname`, `tenant_id`, `email`, `contact`, `firstname`, `lastname`, `middlename`, `deleted`, `inactive`, `created_on`, `modified_on`) VALUES ('6c428862-d390-488d-9701-6f592da5d60c', 'Jessica Walker', 'df234305-8a47-4b4d-8efb-716a6b695428', 'jessica.walker@example.com', NULL, 'Jessica', 'Walker', NULL, 0, 0, '2025-07-01 10:48:56', '2025-07-01 10:48:56');
INSERT INTO `user` (`id`, `fullname`, `tenant_id`, `email`, `contact`, `firstname`, `lastname`, `middlename`, `deleted`, `inactive`, `created_on`, `modified_on`) VALUES ('c92b64c0-0703-4f8a-b18c-0ed29f5f909b', 'Crystal Smith', 'df234305-8a47-4b4d-8efb-716a6b695428', 'crystal.smith@example.com', NULL, 'Crystal', 'Smith', NULL, 0, 0, '2025-07-01 10:48:56', '2025-07-01 10:48:56');
INSERT INTO `user` (`id`, `fullname`, `tenant_id`, `email`, `contact`, `firstname`, `lastname`, `middlename`, `deleted`, `inactive`, `created_on`, `modified_on`) VALUES ('5526dc11-36f7-48a5-9d7f-544874f4bcd7', 'Jon Thompson', 'df234305-8a47-4b4d-8efb-716a6b695428', 'jon.thompson@example.com', NULL, 'Jon', 'Thompson', NULL, 0, 0, '2025-07-01 10:48:56', '2025-07-01 10:48:56');
INSERT INTO `user` (`id`, `fullname`, `tenant_id`, `email`, `contact`, `firstname`, `lastname`, `middlename`, `deleted`, `inactive`, `created_on`, `modified_on`) VALUES ('25de7e1c-be46-420e-8fb0-801efd6d976f', 'Jose Gonzalez', 'df234305-8a47-4b4d-8efb-716a6b695428', 'jose.gonzalez@example.com', NULL, 'Jose', 'Gonzalez', NULL, 0, 0, '2025-07-01 10:48:56', '2025-07-01 10:48:56');
INSERT INTO `user` (`id`, `fullname`, `tenant_id`, `email`, `contact`, `firstname`, `lastname`, `middlename`, `deleted`, `inactive`, `created_on`, `modified_on`) VALUES ('c5f3583c-9893-4216-a6cd-bc335f1a035c', 'James Mora', 'df234305-8a47-4b4d-8efb-716a6b695428', 'james.mora@example.com', NULL, 'James', 'Mora', NULL, 0, 0, '2025-07-01 10:48:56', '2025-07-01 10:48:56');
INSERT INTO `user` (`id`, `fullname`, `tenant_id`, `email`, `contact`, `firstname`, `lastname`, `middlename`, `deleted`, `inactive`, `created_on`, `modified_on`) VALUES ('e2a314f5-2c99-43db-9d99-78ab70a8416d', 'Janice Cameron', 'df234305-8a47-4b4d-8efb-716a6b695428', 'janice.cameron@example.com', NULL, 'Janice', 'Cameron', NULL, 0, 0, '2025-07-01 10:48:56', '2025-07-01 10:48:56');
INSERT INTO `user` (`id`, `fullname`, `tenant_id`, `email`, `contact`, `firstname`, `lastname`, `middlename`, `deleted`, `inactive`, `created_on`, `modified_on`) VALUES ('d950f511-1a43-4fec-b2f9-df910bd8c39f', 'Aaron Thomas', 'df234305-8a47-4b4d-8efb-716a6b695428', 'aaron.thomas@example.com', NULL, 'Aaron', 'Thomas', NULL, 0, 0, '2025-07-01 10:48:56', '2025-07-01 10:48:56');
INSERT INTO `user` (`id`, `fullname`, `tenant_id`, `email`, `contact`, `firstname`, `lastname`, `middlename`, `deleted`, `inactive`, `created_on`, `modified_on`) VALUES ('7a87ac6a-8aa1-4bc7-8b53-d27da2280e78', 'Robert Potts', 'df234305-8a47-4b4d-8efb-716a6b695428', 'robert.potts@example.com', NULL, 'Robert', 'Potts', NULL, 0, 0, '2025-07-01 10:48:56', '2025-07-01 10:48:56');
INSERT INTO `user` (`id`, `fullname`, `tenant_id`, `email`, `contact`, `firstname`, `lastname`, `middlename`, `deleted`, `inactive`, `created_on`, `modified_on`) VALUES ('84139234-eaf3-40a6-9b31-f38e2c639bd7', 'Leslie Kim', 'df234305-8a47-4b4d-8efb-716a6b695428', 'leslie.kim@example.com', NULL, 'Leslie', 'Kim', NULL, 0, 0, '2025-07-01 10:48:56', '2025-07-01 10:48:56');
INSERT INTO `user` (`id`, `fullname`, `tenant_id`, `email`, `contact`, `firstname`, `lastname`, `middlename`, `deleted`, `inactive`, `created_on`, `modified_on`) VALUES ('a8ca3894-fb00-41a1-84f2-c0dfb8fc31ad', 'Leonard Taylor', 'df234305-8a47-4b4d-8efb-716a6b695428', 'leonard.taylor@example.com', NULL, 'Leonard', 'Taylor', NULL, 0, 0, '2025-07-01 10:48:56', '2025-07-01 10:48:56');
INSERT INTO `client` (`id`, `client_code`, `client_name`, `email`, `is_active`, `created_on`, `modified_on`, `tenant_id`) VALUES ('698772f2-4e17-46c7-a251-3015d96def2c', 1001, 'Jenkins PLC', 'info@jenkinsplc.com', 1, '2025-07-01 10:48:56', '2025-07-01 10:48:56', 'df234305-8a47-4b4d-8efb-716a6b695428');
INSERT INTO `department` (`uuid`, `department`, `client_id`, `tenant_id`, `created_on`, `modified_on`) VALUES ('138b1531-859a-49fe-9643-624abf652acf', 'Biomedical', '698772f2-4e17-46c7-a251-3015d96def2c', 'df234305-8a47-4b4d-8efb-716a6b695428', '2025-07-01 10:48:56', '2025-07-01 10:48:56');
INSERT INTO `department` (`uuid`, `department`, `client_id`, `tenant_id`, `created_on`, `modified_on`) VALUES ('c6752076-dd8f-4c66-a411-2b6365ec104f', 'Cybersecurity', '698772f2-4e17-46c7-a251-3015d96def2c', 'df234305-8a47-4b4d-8efb-716a6b695428', '2025-07-01 10:48:56', '2025-07-01 10:48:56');
INSERT INTO `department` (`uuid`, `department`, `client_id`, `tenant_id`, `created_on`, `modified_on`) VALUES ('d70aadc4-98b2-43cf-a7ff-80500bad7147', 'Robotics', '698772f2-4e17-46c7-a251-3015d96def2c', 'df234305-8a47-4b4d-8efb-716a6b695428', '2025-07-01 10:48:56', '2025-07-01 10:48:56');
INSERT INTO `department` (`uuid`, `department`, `client_id`, `tenant_id`, `created_on`, `modified_on`) VALUES ('22070dbd-97ea-4793-af14-a58c80d92fdb', 'AI Solutions', '698772f2-4e17-46c7-a251-3015d96def2c', 'df234305-8a47-4b4d-8efb-716a6b695428', '2025-07-01 10:48:56', '2025-07-01 10:48:56');
INSERT INTO `department` (`uuid`, `department`, `client_id`, `tenant_id`, `created_on`, `modified_on`) VALUES ('5b1d1b88-9910-408a-8357-5485193665f6', 'Aerospace', '698772f2-4e17-46c7-a251-3015d96def2c', 'df234305-8a47-4b4d-8efb-716a6b695428', '2025-07-01 10:48:56', '2025-07-01 10:48:56');
INSERT INTO `department` (`uuid`, `department`, `client_id`, `tenant_id`, `created_on`, `modified_on`) VALUES ('b6195a25-7783-4cb4-8fdd-c45df3f49508', 'Civil Systems', '698772f2-4e17-46c7-a251-3015d96def2c', 'df234305-8a47-4b4d-8efb-716a6b695428', '2025-07-01 10:48:56', '2025-07-01 10:48:56');
INSERT INTO `client_division` (`id`, `division_name`, `client_id`, `is_active`, `created_on`, `modified_on`, `tenant_id`) VALUES ('dcf07b88-0505-4e8d-81a8-0f3114bf7a6f', 'Product Dev', '698772f2-4e17-46c7-a251-3015d96def2c', 1, '2025-07-01 10:48:56', '2025-07-01 10:48:56', 'df234305-8a47-4b4d-8efb-716a6b695428');
INSERT INTO `client_division` (`id`, `division_name`, `client_id`, `is_active`, `created_on`, `modified_on`, `tenant_id`) VALUES ('0a0bccd4-da10-438a-9115-1edd46f2dfb8', 'R&D', '698772f2-4e17-46c7-a251-3015d96def2c', 1, '2025-07-01 10:48:56', '2025-07-01 10:48:56', 'df234305-8a47-4b4d-8efb-716a6b695428');
INSERT INTO `client_division` (`id`, `division_name`, `client_id`, `is_active`, `created_on`, `modified_on`, `tenant_id`) VALUES ('fe5668cc-d1c3-4793-9407-23db7c1223a4', 'Innovation Lab', '698772f2-4e17-46c7-a251-3015d96def2c', 1, '2025-07-01 10:48:56', '2025-07-01 10:48:56', 'df234305-8a47-4b4d-8efb-716a6b695428');
INSERT INTO `client_division` (`id`, `division_name`, `client_id`, `is_active`, `created_on`, `modified_on`, `tenant_id`) VALUES ('b2d7e4f7-da78-4eb1-af64-6bdd2e1e6a21', 'Engineering', '698772f2-4e17-46c7-a251-3015d96def2c', 1, '2025-07-01 10:48:56', '2025-07-01 10:48:56', 'df234305-8a47-4b4d-8efb-716a6b695428');
INSERT INTO `client_division` (`id`, `division_name`, `client_id`, `is_active`, `created_on`, `modified_on`, `tenant_id`) VALUES ('a361fb3a-9291-4c20-ad09-e02ba2e27d26', 'Core Tech', '698772f2-4e17-46c7-a251-3015d96def2c', 1, '2025-07-01 10:48:56', '2025-07-01 10:48:56', 'df234305-8a47-4b4d-8efb-716a6b695428');
INSERT INTO `client` (`id`, `client_code`, `client_name`, `email`, `is_active`, `created_on`, `modified_on`, `tenant_id`) VALUES ('915214d0-71de-4edc-870e-a4775e574728', 1002, 'Heath Group', 'info@heathgroup.com', 1, '2025-07-01 10:48:56', '2025-07-01 10:48:56', 'df234305-8a47-4b4d-8efb-716a6b695428');
INSERT INTO `department` (`uuid`, `department`, `client_id`, `tenant_id`, `created_on`, `modified_on`) VALUES ('fb5aedc6-24ba-4d85-9c1e-5dd79b4eb58a', 'Cybersecurity', '915214d0-71de-4edc-870e-a4775e574728', 'df234305-8a47-4b4d-8efb-716a6b695428', '2025-07-01 10:48:56', '2025-07-01 10:48:56');
INSERT INTO `department` (`uuid`, `department`, `client_id`, `tenant_id`, `created_on`, `modified_on`) VALUES ('640271f5-a02f-4ed2-bbd4-5fd96a1462b8', 'AI Solutions', '915214d0-71de-4edc-870e-a4775e574728', 'df234305-8a47-4b4d-8efb-716a6b695428', '2025-07-01 10:48:56', '2025-07-01 10:48:56');
INSERT INTO `department` (`uuid`, `department`, `client_id`, `tenant_id`, `created_on`, `modified_on`) VALUES ('ab76d9eb-bc97-4e65-879b-5ce043c4fe97', 'Aerospace', '915214d0-71de-4edc-870e-a4775e574728', 'df234305-8a47-4b4d-8efb-716a6b695428', '2025-07-01 10:48:56', '2025-07-01 10:48:56');
INSERT INTO `department` (`uuid`, `department`, `client_id`, `tenant_id`, `created_on`, `modified_on`) VALUES ('5f878c8f-2b96-4d7b-ae63-890a23609085', 'Civil Systems', '915214d0-71de-4edc-870e-a4775e574728', 'df234305-8a47-4b4d-8efb-716a6b695428', '2025-07-01 10:48:56', '2025-07-01 10:48:56');
INSERT INTO `department` (`uuid`, `department`, `client_id`, `tenant_id`, `created_on`, `modified_on`) VALUES ('dc2bd493-de8d-48e4-90b1-18b8d9678ae4', 'Biomedical', '915214d0-71de-4edc-870e-a4775e574728', 'df234305-8a47-4b4d-8efb-716a6b695428', '2025-07-01 10:48:56', '2025-07-01 10:48:56');
INSERT INTO `department` (`uuid`, `department`, `client_id`, `tenant_id`, `created_on`, `modified_on`) VALUES ('293cb4b2-dbe1-4591-ac54-78b1161b3b72', 'Robotics', '915214d0-71de-4edc-870e-a4775e574728', 'df234305-8a47-4b4d-8efb-716a6b695428', '2025-07-01 10:48:56', '2025-07-01 10:48:56');
INSERT INTO `client_division` (`id`, `division_name`, `client_id`, `is_active`, `created_on`, `modified_on`, `tenant_id`) VALUES ('bc39c55f-d186-47ad-ae1d-eb4227780394', 'Product Dev', '915214d0-71de-4edc-870e-a4775e574728', 1, '2025-07-01 10:48:56', '2025-07-01 10:48:56', 'df234305-8a47-4b4d-8efb-716a6b695428');
INSERT INTO `client_division` (`id`, `division_name`, `client_id`, `is_active`, `created_on`, `modified_on`, `tenant_id`) VALUES ('facff3c8-08b1-4cbf-95e3-ff376addc12b', 'Engineering', '915214d0-71de-4edc-870e-a4775e574728', 1, '2025-07-01 10:48:56', '2025-07-01 10:48:56', 'df234305-8a47-4b4d-8efb-716a6b695428');
INSERT INTO `client_division` (`id`, `division_name`, `client_id`, `is_active`, `created_on`, `modified_on`, `tenant_id`) VALUES ('3bd91f81-a49a-482b-8ee2-b177ed641110', 'Innovation Lab', '915214d0-71de-4edc-870e-a4775e574728', 1, '2025-07-01 10:48:56', '2025-07-01 10:48:56', 'df234305-8a47-4b4d-8efb-716a6b695428');
INSERT INTO `client_division` (`id`, `division_name`, `client_id`, `is_active`, `created_on`, `modified_on`, `tenant_id`) VALUES ('d25d65c2-fddf-4079-a3b3-b7c4344d0049', 'R&D', '915214d0-71de-4edc-870e-a4775e574728', 1, '2025-07-01 10:48:56', '2025-07-01 10:48:56', 'df234305-8a47-4b4d-8efb-716a6b695428');
INSERT INTO `client_division` (`id`, `division_name`, `client_id`, `is_active`, `created_on`, `modified_on`, `tenant_id`) VALUES ('b9c39e83-6065-43b3-9789-64e21f201cd3', 'Core Tech', '915214d0-71de-4edc-870e-a4775e574728', 1, '2025-07-01 10:48:56', '2025-07-01 10:48:56', 'df234305-8a47-4b4d-8efb-716a6b695428');
INSERT INTO `client` (`id`, `client_code`, `client_name`, `email`, `is_active`, `created_on`, `modified_on`, `tenant_id`) VALUES ('82435b25-20d4-4a0b-bb64-c64abc7a7319', 1003, 'Fisher Inc', 'info@fisherinc.com', 1, '2025-07-01 10:48:56', '2025-07-01 10:48:56', 'df234305-8a47-4b4d-8efb-716a6b695428');
INSERT INTO `department` (`uuid`, `department`, `client_id`, `tenant_id`, `created_on`, `modified_on`) VALUES ('5eb53ca8-d6ee-4691-9e52-bc3e645e1c24', 'Biomedical', '82435b25-20d4-4a0b-bb64-c64abc7a7319', 'df234305-8a47-4b4d-8efb-716a6b695428', '2025-07-01 10:48:56', '2025-07-01 10:48:56');
INSERT INTO `department` (`uuid`, `department`, `client_id`, `tenant_id`, `created_on`, `modified_on`) VALUES ('d83411cd-e529-4f31-a825-be0877679e1a', 'Cybersecurity', '82435b25-20d4-4a0b-bb64-c64abc7a7319', 'df234305-8a47-4b4d-8efb-716a6b695428', '2025-07-01 10:48:56', '2025-07-01 10:48:56');
INSERT INTO `department` (`uuid`, `department`, `client_id`, `tenant_id`, `created_on`, `modified_on`) VALUES ('44b33699-8e77-4a1b-9fc8-82b2fceab828', 'Robotics', '82435b25-20d4-4a0b-bb64-c64abc7a7319', 'df234305-8a47-4b4d-8efb-716a6b695428', '2025-07-01 10:48:56', '2025-07-01 10:48:56');
INSERT INTO `department` (`uuid`, `department`, `client_id`, `tenant_id`, `created_on`, `modified_on`) VALUES ('35ec056e-4571-4762-b80c-79106d5afb35', 'Aerospace', '82435b25-20d4-4a0b-bb64-c64abc7a7319', 'df234305-8a47-4b4d-8efb-716a6b695428', '2025-07-01 10:48:56', '2025-07-01 10:48:56');
INSERT INTO `department` (`uuid`, `department`, `client_id`, `tenant_id`, `created_on`, `modified_on`) VALUES ('56f76044-1717-48db-9b1d-21249ae4f889', 'Civil Systems', '82435b25-20d4-4a0b-bb64-c64abc7a7319', 'df234305-8a47-4b4d-8efb-716a6b695428', '2025-07-01 10:48:56', '2025-07-01 10:48:56');
INSERT INTO `department` (`uuid`, `department`, `client_id`, `tenant_id`, `created_on`, `modified_on`) VALUES ('5b367309-eb70-4c72-897d-203639c5d29c', 'AI Solutions', '82435b25-20d4-4a0b-bb64-c64abc7a7319', 'df234305-8a47-4b4d-8efb-716a6b695428', '2025-07-01 10:48:56', '2025-07-01 10:48:56');
INSERT INTO `client_division` (`id`, `division_name`, `client_id`, `is_active`, `created_on`, `modified_on`, `tenant_id`) VALUES ('38186dfa-6371-49ea-b637-571a95d4aa0e', 'Innovation Lab', '82435b25-20d4-4a0b-bb64-c64abc7a7319', 1, '2025-07-01 10:48:56', '2025-07-01 10:48:56', 'df234305-8a47-4b4d-8efb-716a6b695428');
INSERT INTO `client_division` (`id`, `division_name`, `client_id`, `is_active`, `created_on`, `modified_on`, `tenant_id`) VALUES ('69a13b80-564d-4f8f-8de1-56bd36aad394', 'Core Tech', '82435b25-20d4-4a0b-bb64-c64abc7a7319', 1, '2025-07-01 10:48:56', '2025-07-01 10:48:56', 'df234305-8a47-4b4d-8efb-716a6b695428');
INSERT INTO `client_division` (`id`, `division_name`, `client_id`, `is_active`, `created_on`, `modified_on`, `tenant_id`) VALUES ('a5e4af96-caf6-4f4c-a52f-b4199d971a28', 'Product Dev', '82435b25-20d4-4a0b-bb64-c64abc7a7319', 1, '2025-07-01 10:48:56', '2025-07-01 10:48:56', 'df234305-8a47-4b4d-8efb-716a6b695428');
INSERT INTO `client_division` (`id`, `division_name`, `client_id`, `is_active`, `created_on`, `modified_on`, `tenant_id`) VALUES ('0d00f839-1807-4c52-99ac-d1526afe926e', 'R&D', '82435b25-20d4-4a0b-bb64-c64abc7a7319', 1, '2025-07-01 10:48:56', '2025-07-01 10:48:56', 'df234305-8a47-4b4d-8efb-716a6b695428');
INSERT INTO `client_division` (`id`, `division_name`, `client_id`, `is_active`, `created_on`, `modified_on`, `tenant_id`) VALUES ('e1fadc1a-ca7a-4ebd-8483-62265bb31531', 'Engineering', '82435b25-20d4-4a0b-bb64-c64abc7a7319', 1, '2025-07-01 10:48:56', '2025-07-01 10:48:56', 'df234305-8a47-4b4d-8efb-716a6b695428');
INSERT INTO `client` (`id`, `client_code`, `client_name`, `email`, `is_active`, `created_on`, `modified_on`, `tenant_id`) VALUES ('d276a060-37e5-4aab-8c3f-080f7a8f0fcc', 1004, 'Tucker Ltd', 'info@tuckerltd.com', 1, '2025-07-01 10:48:56', '2025-07-01 10:48:56', 'df234305-8a47-4b4d-8efb-716a6b695428');
INSERT INTO `department` (`uuid`, `department`, `client_id`, `tenant_id`, `created_on`, `modified_on`) VALUES ('8eeeffd7-7f9b-43b5-8736-708bed1c299d', 'Cybersecurity', 'd276a060-37e5-4aab-8c3f-080f7a8f0fcc', 'df234305-8a47-4b4d-8efb-716a6b695428', '2025-07-01 10:48:56', '2025-07-01 10:48:56');
INSERT INTO `department` (`uuid`, `department`, `client_id`, `tenant_id`, `created_on`, `modified_on`) VALUES ('7575c1ed-9440-4c7c-bf24-9b7a5cbdbb91', 'Civil Systems', 'd276a060-37e5-4aab-8c3f-080f7a8f0fcc', 'df234305-8a47-4b4d-8efb-716a6b695428', '2025-07-01 10:48:56', '2025-07-01 10:48:56');
INSERT INTO `department` (`uuid`, `department`, `client_id`, `tenant_id`, `created_on`, `modified_on`) VALUES ('e9c49c88-46e1-49e1-b8c7-81f8898f5ea9', 'AI Solutions', 'd276a060-37e5-4aab-8c3f-080f7a8f0fcc', 'df234305-8a47-4b4d-8efb-716a6b695428', '2025-07-01 10:48:56', '2025-07-01 10:48:56');
INSERT INTO `department` (`uuid`, `department`, `client_id`, `tenant_id`, `created_on`, `modified_on`) VALUES ('3142d318-8f91-45d2-808a-6a59f7777f9b', 'Aerospace', 'd276a060-37e5-4aab-8c3f-080f7a8f0fcc', 'df234305-8a47-4b4d-8efb-716a6b695428', '2025-07-01 10:48:56', '2025-07-01 10:48:56');
INSERT INTO `department` (`uuid`, `department`, `client_id`, `tenant_id`, `created_on`, `modified_on`) VALUES ('20065f90-55b1-4688-a11f-6c0c6cb6d1b7', 'Robotics', 'd276a060-37e5-4aab-8c3f-080f7a8f0fcc', 'df234305-8a47-4b4d-8efb-716a6b695428', '2025-07-01 10:48:56', '2025-07-01 10:48:56');
INSERT INTO `department` (`uuid`, `department`, `client_id`, `tenant_id`, `created_on`, `modified_on`) VALUES ('0b11babf-722b-422c-bf0b-f4f0a05930bc', 'Biomedical', 'd276a060-37e5-4aab-8c3f-080f7a8f0fcc', 'df234305-8a47-4b4d-8efb-716a6b695428', '2025-07-01 10:48:56', '2025-07-01 10:48:56');
INSERT INTO `client_division` (`id`, `division_name`, `client_id`, `is_active`, `created_on`, `modified_on`, `tenant_id`) VALUES ('ba4964d8-a7ed-4311-b47f-4d17248fd70c', 'Engineering', 'd276a060-37e5-4aab-8c3f-080f7a8f0fcc', 1, '2025-07-01 10:48:56', '2025-07-01 10:48:56', 'df234305-8a47-4b4d-8efb-716a6b695428');
INSERT INTO `client_division` (`id`, `division_name`, `client_id`, `is_active`, `created_on`, `modified_on`, `tenant_id`) VALUES ('2f8346f8-50d0-49f0-8bb2-b1d109147578', 'Innovation Lab', 'd276a060-37e5-4aab-8c3f-080f7a8f0fcc', 1, '2025-07-01 10:48:56', '2025-07-01 10:48:56', 'df234305-8a47-4b4d-8efb-716a6b695428');
INSERT INTO `client_division` (`id`, `division_name`, `client_id`, `is_active`, `created_on`, `modified_on`, `tenant_id`) VALUES ('806158f4-0170-496b-a19a-7dd7d9583c66', 'Core Tech', 'd276a060-37e5-4aab-8c3f-080f7a8f0fcc', 1, '2025-07-01 10:48:56', '2025-07-01 10:48:56', 'df234305-8a47-4b4d-8efb-716a6b695428');
INSERT INTO `client_division` (`id`, `division_name`, `client_id`, `is_active`, `created_on`, `modified_on`, `tenant_id`) VALUES ('c2358639-64db-4ed6-a40a-6688f5e0fd45', 'Product Dev', 'd276a060-37e5-4aab-8c3f-080f7a8f0fcc', 1, '2025-07-01 10:48:56', '2025-07-01 10:48:56', 'df234305-8a47-4b4d-8efb-716a6b695428');
INSERT INTO `client_division` (`id`, `division_name`, `client_id`, `is_active`, `created_on`, `modified_on`, `tenant_id`) VALUES ('26473bb7-e2db-45e5-95d6-685ddbd6a6bf', 'R&D', 'd276a060-37e5-4aab-8c3f-080f7a8f0fcc', 1, '2025-07-01 10:48:56', '2025-07-01 10:48:56', 'df234305-8a47-4b4d-8efb-716a6b695428');
INSERT INTO `client` (`id`, `client_code`, `client_name`, `email`, `is_active`, `created_on`, `modified_on`, `tenant_id`) VALUES ('bff05b95-6848-4a2a-9dd5-3e17158133c2', 1005, 'Bailey-Shah', 'info@baileyshah.com', 1, '2025-07-01 10:48:56', '2025-07-01 10:48:56', 'df234305-8a47-4b4d-8efb-716a6b695428');
INSERT INTO `department` (`uuid`, `department`, `client_id`, `tenant_id`, `created_on`, `modified_on`) VALUES ('c53338e3-3022-4696-8695-2a4d4ce06466', 'AI Solutions', 'bff05b95-6848-4a2a-9dd5-3e17158133c2', 'df234305-8a47-4b4d-8efb-716a6b695428', '2025-07-01 10:48:56', '2025-07-01 10:48:56');
INSERT INTO `department` (`uuid`, `department`, `client_id`, `tenant_id`, `created_on`, `modified_on`) VALUES ('7961a3bc-0d5d-4282-a048-e21792f78316', 'Aerospace', 'bff05b95-6848-4a2a-9dd5-3e17158133c2', 'df234305-8a47-4b4d-8efb-716a6b695428', '2025-07-01 10:48:56', '2025-07-01 10:48:56');
INSERT INTO `department` (`uuid`, `department`, `client_id`, `tenant_id`, `created_on`, `modified_on`) VALUES ('63608cab-b04d-4b2a-8cfa-accb5cb09e4e', 'Civil Systems', 'bff05b95-6848-4a2a-9dd5-3e17158133c2', 'df234305-8a47-4b4d-8efb-716a6b695428', '2025-07-01 10:48:56', '2025-07-01 10:48:56');
INSERT INTO `department` (`uuid`, `department`, `client_id`, `tenant_id`, `created_on`, `modified_on`) VALUES ('8c25fc5a-6707-4183-9b42-8b8e1f846384', 'Cybersecurity', 'bff05b95-6848-4a2a-9dd5-3e17158133c2', 'df234305-8a47-4b4d-8efb-716a6b695428', '2025-07-01 10:48:56', '2025-07-01 10:48:56');
INSERT INTO `department` (`uuid`, `department`, `client_id`, `tenant_id`, `created_on`, `modified_on`) VALUES ('da5ca2aa-881c-4bc6-9cb5-2ef5e1b1caed', 'Robotics', 'bff05b95-6848-4a2a-9dd5-3e17158133c2', 'df234305-8a47-4b4d-8efb-716a6b695428', '2025-07-01 10:48:56', '2025-07-01 10:48:56');
INSERT INTO `department` (`uuid`, `department`, `client_id`, `tenant_id`, `created_on`, `modified_on`) VALUES ('af8fe7d2-49d6-4a7d-94a9-870f262fa983', 'Biomedical', 'bff05b95-6848-4a2a-9dd5-3e17158133c2', 'df234305-8a47-4b4d-8efb-716a6b695428', '2025-07-01 10:48:56', '2025-07-01 10:48:56');
INSERT INTO `client_division` (`id`, `division_name`, `client_id`, `is_active`, `created_on`, `modified_on`, `tenant_id`) VALUES ('f73dd007-bfd9-4798-80af-a622b378ad4c', 'Engineering', 'bff05b95-6848-4a2a-9dd5-3e17158133c2', 1, '2025-07-01 10:48:56', '2025-07-01 10:48:56', 'df234305-8a47-4b4d-8efb-716a6b695428');
INSERT INTO `client_division` (`id`, `division_name`, `client_id`, `is_active`, `created_on`, `modified_on`, `tenant_id`) VALUES ('209f4f4a-5532-4997-92cb-00b729eb2df4', 'R&D', 'bff05b95-6848-4a2a-9dd5-3e17158133c2', 1, '2025-07-01 10:48:56', '2025-07-01 10:48:56', 'df234305-8a47-4b4d-8efb-716a6b695428');
INSERT INTO `client_division` (`id`, `division_name`, `client_id`, `is_active`, `created_on`, `modified_on`, `tenant_id`) VALUES ('88700421-6621-41f5-a0e8-6027ea04b5ae', 'Core Tech', 'bff05b95-6848-4a2a-9dd5-3e17158133c2', 1, '2025-07-01 10:48:56', '2025-07-01 10:48:56', 'df234305-8a47-4b4d-8efb-716a6b695428');
INSERT INTO `client_division` (`id`, `division_name`, `client_id`, `is_active`, `created_on`, `modified_on`, `tenant_id`) VALUES ('4d5e9159-8dfb-46d8-899f-7e014a921e52', 'Product Dev', 'bff05b95-6848-4a2a-9dd5-3e17158133c2', 1, '2025-07-01 10:48:56', '2025-07-01 10:48:56', 'df234305-8a47-4b4d-8efb-716a6b695428');
INSERT INTO `client_division` (`id`, `division_name`, `client_id`, `is_active`, `created_on`, `modified_on`, `tenant_id`) VALUES ('00e2c2f8-7470-48e9-9f93-f915f0c51840', 'Innovation Lab', 'bff05b95-6848-4a2a-9dd5-3e17158133c2', 1, '2025-07-01 10:48:56', '2025-07-01 10:48:56', 'df234305-8a47-4b4d-8efb-716a6b695428');
INSERT INTO `client` (`id`, `client_code`, `client_name`, `email`, `is_active`, `created_on`, `modified_on`, `tenant_id`) VALUES ('304ea0ba-4f61-4741-b3dd-9353cff9ea61', 1006, 'Mitchell Group', 'info@mitchellgroup.com', 1, '2025-07-01 10:48:56', '2025-07-01 10:48:56', 'df234305-8a47-4b4d-8efb-716a6b695428');
INSERT INTO `department` (`uuid`, `department`, `client_id`, `tenant_id`, `created_on`, `modified_on`) VALUES ('1f86da60-1f3e-4a62-95fa-52f0d5fb7be9', 'Cybersecurity', '304ea0ba-4f61-4741-b3dd-9353cff9ea61', 'df234305-8a47-4b4d-8efb-716a6b695428', '2025-07-01 10:48:56', '2025-07-01 10:48:56');
INSERT INTO `department` (`uuid`, `department`, `client_id`, `tenant_id`, `created_on`, `modified_on`) VALUES ('3f50fd01-fcb7-478e-be32-7fc6884f9940', 'Aerospace', '304ea0ba-4f61-4741-b3dd-9353cff9ea61', 'df234305-8a47-4b4d-8efb-716a6b695428', '2025-07-01 10:48:56', '2025-07-01 10:48:56');
INSERT INTO `department` (`uuid`, `department`, `client_id`, `tenant_id`, `created_on`, `modified_on`) VALUES ('473b323b-f86c-4f16-9c5b-72ec9da53807', 'Robotics', '304ea0ba-4f61-4741-b3dd-9353cff9ea61', 'df234305-8a47-4b4d-8efb-716a6b695428', '2025-07-01 10:48:56', '2025-07-01 10:48:56');
INSERT INTO `department` (`uuid`, `department`, `client_id`, `tenant_id`, `created_on`, `modified_on`) VALUES ('33e5089d-1ffd-45f9-ae1d-60ff2769e6f4', 'Civil Systems', '304ea0ba-4f61-4741-b3dd-9353cff9ea61', 'df234305-8a47-4b4d-8efb-716a6b695428', '2025-07-01 10:48:56', '2025-07-01 10:48:56');
INSERT INTO `department` (`uuid`, `department`, `client_id`, `tenant_id`, `created_on`, `modified_on`) VALUES ('242ee26e-8c0c-4ea0-9fa4-943051d2dec7', 'AI Solutions', '304ea0ba-4f61-4741-b3dd-9353cff9ea61', 'df234305-8a47-4b4d-8efb-716a6b695428', '2025-07-01 10:48:56', '2025-07-01 10:48:56');
INSERT INTO `department` (`uuid`, `department`, `client_id`, `tenant_id`, `created_on`, `modified_on`) VALUES ('6d361d18-f26e-42d3-8c09-3504a463afbb', 'Biomedical', '304ea0ba-4f61-4741-b3dd-9353cff9ea61', 'df234305-8a47-4b4d-8efb-716a6b695428', '2025-07-01 10:48:56', '2025-07-01 10:48:56');
INSERT INTO `client_division` (`id`, `division_name`, `client_id`, `is_active`, `created_on`, `modified_on`, `tenant_id`) VALUES ('12762205-cc3e-433b-8304-125d1fb932e3', 'Product Dev', '304ea0ba-4f61-4741-b3dd-9353cff9ea61', 1, '2025-07-01 10:48:56', '2025-07-01 10:48:56', 'df234305-8a47-4b4d-8efb-716a6b695428');
INSERT INTO `client_division` (`id`, `division_name`, `client_id`, `is_active`, `created_on`, `modified_on`, `tenant_id`) VALUES ('33c1b2f9-f9a0-4cf0-86f7-b5a1111b0eb8', 'Innovation Lab', '304ea0ba-4f61-4741-b3dd-9353cff9ea61', 1, '2025-07-01 10:48:56', '2025-07-01 10:48:56', 'df234305-8a47-4b4d-8efb-716a6b695428');
INSERT INTO `client_division` (`id`, `division_name`, `client_id`, `is_active`, `created_on`, `modified_on`, `tenant_id`) VALUES ('8d6daa5b-bd47-44a6-a2fc-c88e2fce7b99', 'Engineering', '304ea0ba-4f61-4741-b3dd-9353cff9ea61', 1, '2025-07-01 10:48:56', '2025-07-01 10:48:56', 'df234305-8a47-4b4d-8efb-716a6b695428');
INSERT INTO `client_division` (`id`, `division_name`, `client_id`, `is_active`, `created_on`, `modified_on`, `tenant_id`) VALUES ('41beb6fd-d38f-461f-bc47-2dff9107e390', 'Core Tech', '304ea0ba-4f61-4741-b3dd-9353cff9ea61', 1, '2025-07-01 10:48:56', '2025-07-01 10:48:56', 'df234305-8a47-4b4d-8efb-716a6b695428');
INSERT INTO `client_division` (`id`, `division_name`, `client_id`, `is_active`, `created_on`, `modified_on`, `tenant_id`) VALUES ('1a1a01b0-9dbb-4e23-8463-5fbd87008a25', 'R&D', '304ea0ba-4f61-4741-b3dd-9353cff9ea61', 1, '2025-07-01 10:48:56', '2025-07-01 10:48:56', 'df234305-8a47-4b4d-8efb-716a6b695428');
INSERT INTO `client` (`id`, `client_code`, `client_name`, `email`, `is_active`, `created_on`, `modified_on`, `tenant_id`) VALUES ('ee374c4f-a8bb-4129-a669-3c6d58a9ae35', 1007, 'Montes Inc', 'info@montesinc.com', 1, '2025-07-01 10:48:56', '2025-07-01 10:48:56', 'df234305-8a47-4b4d-8efb-716a6b695428');
INSERT INTO `department` (`uuid`, `department`, `client_id`, `tenant_id`, `created_on`, `modified_on`) VALUES ('05f1f8b5-8f53-4da5-aea3-2ca1427dc528', 'Robotics', 'ee374c4f-a8bb-4129-a669-3c6d58a9ae35', 'df234305-8a47-4b4d-8efb-716a6b695428', '2025-07-01 10:48:56', '2025-07-01 10:48:56');
INSERT INTO `department` (`uuid`, `department`, `client_id`, `tenant_id`, `created_on`, `modified_on`) VALUES ('16f5ec36-45f7-469d-a43a-4fe41aa3217a', 'AI Solutions', 'ee374c4f-a8bb-4129-a669-3c6d58a9ae35', 'df234305-8a47-4b4d-8efb-716a6b695428', '2025-07-01 10:48:56', '2025-07-01 10:48:56');
INSERT INTO `department` (`uuid`, `department`, `client_id`, `tenant_id`, `created_on`, `modified_on`) VALUES ('fe2f4e7f-3df9-457d-91e7-d38f528ded61', 'Biomedical', 'ee374c4f-a8bb-4129-a669-3c6d58a9ae35', 'df234305-8a47-4b4d-8efb-716a6b695428', '2025-07-01 10:48:56', '2025-07-01 10:48:56');
INSERT INTO `department` (`uuid`, `department`, `client_id`, `tenant_id`, `created_on`, `modified_on`) VALUES ('5a2c760f-67ff-42d8-91c1-8919ddc03597', 'Civil Systems', 'ee374c4f-a8bb-4129-a669-3c6d58a9ae35', 'df234305-8a47-4b4d-8efb-716a6b695428', '2025-07-01 10:48:56', '2025-07-01 10:48:56');
INSERT INTO `department` (`uuid`, `department`, `client_id`, `tenant_id`, `created_on`, `modified_on`) VALUES ('212335f3-c28a-4cb0-9bf6-6e9f5b344a1a', 'Cybersecurity', 'ee374c4f-a8bb-4129-a669-3c6d58a9ae35', 'df234305-8a47-4b4d-8efb-716a6b695428', '2025-07-01 10:48:56', '2025-07-01 10:48:56');
INSERT INTO `department` (`uuid`, `department`, `client_id`, `tenant_id`, `created_on`, `modified_on`) VALUES ('31ddca04-3abb-42be-b529-3ce4bb0dbb70', 'Aerospace', 'ee374c4f-a8bb-4129-a669-3c6d58a9ae35', 'df234305-8a47-4b4d-8efb-716a6b695428', '2025-07-01 10:48:56', '2025-07-01 10:48:56');
INSERT INTO `client_division` (`id`, `division_name`, `client_id`, `is_active`, `created_on`, `modified_on`, `tenant_id`) VALUES ('bed616cf-4bfc-4443-94a3-d4ef54ac73f3', 'Core Tech', 'ee374c4f-a8bb-4129-a669-3c6d58a9ae35', 1, '2025-07-01 10:48:56', '2025-07-01 10:48:56', 'df234305-8a47-4b4d-8efb-716a6b695428');
INSERT INTO `client_division` (`id`, `division_name`, `client_id`, `is_active`, `created_on`, `modified_on`, `tenant_id`) VALUES ('89373ba8-c79a-430f-961a-0ee11a18f2de', 'R&D', 'ee374c4f-a8bb-4129-a669-3c6d58a9ae35', 1, '2025-07-01 10:48:56', '2025-07-01 10:48:56', 'df234305-8a47-4b4d-8efb-716a6b695428');
INSERT INTO `client_division` (`id`, `division_name`, `client_id`, `is_active`, `created_on`, `modified_on`, `tenant_id`) VALUES ('50adf6e1-384d-401c-b574-5f0329041747', 'Product Dev', 'ee374c4f-a8bb-4129-a669-3c6d58a9ae35', 1, '2025-07-01 10:48:56', '2025-07-01 10:48:56', 'df234305-8a47-4b4d-8efb-716a6b695428');
INSERT INTO `client_division` (`id`, `division_name`, `client_id`, `is_active`, `created_on`, `modified_on`, `tenant_id`) VALUES ('55580f12-a48a-4fb5-9de6-9aa92422d917', 'Innovation Lab', 'ee374c4f-a8bb-4129-a669-3c6d58a9ae35', 1, '2025-07-01 10:48:56', '2025-07-01 10:48:56', 'df234305-8a47-4b4d-8efb-716a6b695428');
INSERT INTO `client_division` (`id`, `division_name`, `client_id`, `is_active`, `created_on`, `modified_on`, `tenant_id`) VALUES ('68675edd-ddf4-49ec-b615-7fd730a671fc', 'Engineering', 'ee374c4f-a8bb-4129-a669-3c6d58a9ae35', 1, '2025-07-01 10:48:56', '2025-07-01 10:48:56', 'df234305-8a47-4b4d-8efb-716a6b695428');
INSERT INTO `client` (`id`, `client_code`, `client_name`, `email`, `is_active`, `created_on`, `modified_on`, `tenant_id`) VALUES ('6d237f8c-768f-44a0-b4b2-fc362a69633b', 1008, 'Brown Inc', 'info@browninc.com', 1, '2025-07-01 10:48:56', '2025-07-01 10:48:56', 'df234305-8a47-4b4d-8efb-716a6b695428');
INSERT INTO `department` (`uuid`, `department`, `client_id`, `tenant_id`, `created_on`, `modified_on`) VALUES ('590994cb-fbd3-47df-8245-3879426ded31', 'Aerospace', '6d237f8c-768f-44a0-b4b2-fc362a69633b', 'df234305-8a47-4b4d-8efb-716a6b695428', '2025-07-01 10:48:56', '2025-07-01 10:48:56');
INSERT INTO `department` (`uuid`, `department`, `client_id`, `tenant_id`, `created_on`, `modified_on`) VALUES ('09013ab6-6e41-42ef-bd41-d094330a2811', 'AI Solutions', '6d237f8c-768f-44a0-b4b2-fc362a69633b', 'df234305-8a47-4b4d-8efb-716a6b695428', '2025-07-01 10:48:56', '2025-07-01 10:48:56');
INSERT INTO `department` (`uuid`, `department`, `client_id`, `tenant_id`, `created_on`, `modified_on`) VALUES ('2c8e711c-613b-470d-aded-43a40d4dc363', 'Civil Systems', '6d237f8c-768f-44a0-b4b2-fc362a69633b', 'df234305-8a47-4b4d-8efb-716a6b695428', '2025-07-01 10:48:56', '2025-07-01 10:48:56');
INSERT INTO `department` (`uuid`, `department`, `client_id`, `tenant_id`, `created_on`, `modified_on`) VALUES ('3f030e17-5d7e-4017-b94e-b5e9e6a88857', 'Cybersecurity', '6d237f8c-768f-44a0-b4b2-fc362a69633b', 'df234305-8a47-4b4d-8efb-716a6b695428', '2025-07-01 10:48:56', '2025-07-01 10:48:56');
INSERT INTO `department` (`uuid`, `department`, `client_id`, `tenant_id`, `created_on`, `modified_on`) VALUES ('2926df98-ed69-4299-b1dd-d9745917df1b', 'Biomedical', '6d237f8c-768f-44a0-b4b2-fc362a69633b', 'df234305-8a47-4b4d-8efb-716a6b695428', '2025-07-01 10:48:56', '2025-07-01 10:48:56');
INSERT INTO `client_division` (`id`, `division_name`, `client_id`, `is_active`, `created_on`, `modified_on`, `tenant_id`) VALUES ('2fc5ab5d-cff7-4a11-9560-9b58101b6dee', 'Product Dev', '6d237f8c-768f-44a0-b4b2-fc362a69633b', 1, '2025-07-01 10:48:56', '2025-07-01 10:48:56', 'df234305-8a47-4b4d-8efb-716a6b695428');
INSERT INTO `client_division` (`id`, `division_name`, `client_id`, `is_active`, `created_on`, `modified_on`, `tenant_id`) VALUES ('7c23728e-e58a-444e-a065-03594d2f258d', 'R&D', '6d237f8c-768f-44a0-b4b2-fc362a69633b', 1, '2025-07-01 10:48:56', '2025-07-01 10:48:56', 'df234305-8a47-4b4d-8efb-716a6b695428');
INSERT INTO `client_division` (`id`, `division_name`, `client_id`, `is_active`, `created_on`, `modified_on`, `tenant_id`) VALUES ('139518f5-b699-498c-ada2-5dcfbf498814', 'Engineering', '6d237f8c-768f-44a0-b4b2-fc362a69633b', 1, '2025-07-01 10:48:56', '2025-07-01 10:48:56', 'df234305-8a47-4b4d-8efb-716a6b695428');
INSERT INTO `client_division` (`id`, `division_name`, `client_id`, `is_active`, `created_on`, `modified_on`, `tenant_id`) VALUES ('893f1cea-5402-4449-b18d-a22ba41b9d23', 'Innovation Lab', '6d237f8c-768f-44a0-b4b2-fc362a69633b', 1, '2025-07-01 10:48:56', '2025-07-01 10:48:56', 'df234305-8a47-4b4d-8efb-716a6b695428');
INSERT INTO `client_division` (`id`, `division_name`, `client_id`, `is_active`, `created_on`, `modified_on`, `tenant_id`) VALUES ('787de0fb-0f18-4ac9-9a99-c199068d420c', 'Core Tech', '6d237f8c-768f-44a0-b4b2-fc362a69633b', 1, '2025-07-01 10:48:56', '2025-07-01 10:48:56', 'df234305-8a47-4b4d-8efb-716a6b695428');
INSERT INTO `client` (`id`, `client_code`, `client_name`, `email`, `is_active`, `created_on`, `modified_on`, `tenant_id`) VALUES ('f586492d-f2c1-484a-956b-f117833b862b', 1009, 'Moon Group', 'info@moongroup.com', 1, '2025-07-01 10:48:56', '2025-07-01 10:48:56', 'df234305-8a47-4b4d-8efb-716a6b695428');
INSERT INTO `department` (`uuid`, `department`, `client_id`, `tenant_id`, `created_on`, `modified_on`) VALUES ('e20ffa2f-c779-4dc0-a8d2-1c8066e81d47', 'Civil Systems', 'f586492d-f2c1-484a-956b-f117833b862b', 'df234305-8a47-4b4d-8efb-716a6b695428', '2025-07-01 10:48:56', '2025-07-01 10:48:56');
INSERT INTO `department` (`uuid`, `department`, `client_id`, `tenant_id`, `created_on`, `modified_on`) VALUES ('8fc4fab7-be03-4fc6-a247-ec1cc0a01866', 'Biomedical', 'f586492d-f2c1-484a-956b-f117833b862b', 'df234305-8a47-4b4d-8efb-716a6b695428', '2025-07-01 10:48:56', '2025-07-01 10:48:56');
INSERT INTO `department` (`uuid`, `department`, `client_id`, `tenant_id`, `created_on`, `modified_on`) VALUES ('cd610020-eaf5-4451-9ca4-ea18122935db', 'Robotics', 'f586492d-f2c1-484a-956b-f117833b862b', 'df234305-8a47-4b4d-8efb-716a6b695428', '2025-07-01 10:48:56', '2025-07-01 10:48:56');
INSERT INTO `department` (`uuid`, `department`, `client_id`, `tenant_id`, `created_on`, `modified_on`) VALUES ('1f86e064-6395-4172-8afc-b70d99d569ca', 'AI Solutions', 'f586492d-f2c1-484a-956b-f117833b862b', 'df234305-8a47-4b4d-8efb-716a6b695428', '2025-07-01 10:48:56', '2025-07-01 10:48:56');
INSERT INTO `department` (`uuid`, `department`, `client_id`, `tenant_id`, `created_on`, `modified_on`) VALUES ('31919ef0-f1bb-4643-b97d-63a64f5ef8ff', 'Aerospace', 'f586492d-f2c1-484a-956b-f117833b862b', 'df234305-8a47-4b4d-8efb-716a6b695428', '2025-07-01 10:48:56', '2025-07-01 10:48:56');
INSERT INTO `department` (`uuid`, `department`, `client_id`, `tenant_id`, `created_on`, `modified_on`) VALUES ('922836cb-1d2f-4088-9d30-6cc2d2a9cd51', 'Cybersecurity', 'f586492d-f2c1-484a-956b-f117833b862b', 'df234305-8a47-4b4d-8efb-716a6b695428', '2025-07-01 10:48:56', '2025-07-01 10:48:56');
INSERT INTO `client_division` (`id`, `division_name`, `client_id`, `is_active`, `created_on`, `modified_on`, `tenant_id`) VALUES ('70db1dbb-c6fd-45d1-8228-7118b8da2882', 'Core Tech', 'f586492d-f2c1-484a-956b-f117833b862b', 1, '2025-07-01 10:48:56', '2025-07-01 10:48:56', 'df234305-8a47-4b4d-8efb-716a6b695428');
INSERT INTO `client_division` (`id`, `division_name`, `client_id`, `is_active`, `created_on`, `modified_on`, `tenant_id`) VALUES ('adee6c87-d35d-46e8-9ecb-ea21f6bb0517', 'Engineering', 'f586492d-f2c1-484a-956b-f117833b862b', 1, '2025-07-01 10:48:56', '2025-07-01 10:48:56', 'df234305-8a47-4b4d-8efb-716a6b695428');
INSERT INTO `client_division` (`id`, `division_name`, `client_id`, `is_active`, `created_on`, `modified_on`, `tenant_id`) VALUES ('6f0fd7e1-a3f7-4c46-b161-7376e10dfe7a', 'R&D', 'f586492d-f2c1-484a-956b-f117833b862b', 1, '2025-07-01 10:48:56', '2025-07-01 10:48:56', 'df234305-8a47-4b4d-8efb-716a6b695428');
INSERT INTO `client_division` (`id`, `division_name`, `client_id`, `is_active`, `created_on`, `modified_on`, `tenant_id`) VALUES ('8ee74275-8889-4e55-b6e6-402a23de5b88', 'Innovation Lab', 'f586492d-f2c1-484a-956b-f117833b862b', 1, '2025-07-01 10:48:56', '2025-07-01 10:48:56', 'df234305-8a47-4b4d-8efb-716a6b695428');
INSERT INTO `client_division` (`id`, `division_name`, `client_id`, `is_active`, `created_on`, `modified_on`, `tenant_id`) VALUES ('3ee323c1-d625-436a-b023-3157f0af09bb', 'Product Dev', 'f586492d-f2c1-484a-956b-f117833b862b', 1, '2025-07-01 10:48:56', '2025-07-01 10:48:56', 'df234305-8a47-4b4d-8efb-716a6b695428');
INSERT INTO `client` (`id`, `client_code`, `client_name`, `email`, `is_active`, `created_on`, `modified_on`, `tenant_id`) VALUES ('0021d9ee-7315-4195-a12b-c754824039fb', 1010, 'Davis Group', 'info@davisgroup.com', 1, '2025-07-01 10:48:56', '2025-07-01 10:48:56', 'df234305-8a47-4b4d-8efb-716a6b695428');
INSERT INTO `department` (`uuid`, `department`, `client_id`, `tenant_id`, `created_on`, `modified_on`) VALUES ('fa65aa7e-40f6-4404-8ea9-701e66f37a5a', 'Cybersecurity', '0021d9ee-7315-4195-a12b-c754824039fb', 'df234305-8a47-4b4d-8efb-716a6b695428', '2025-07-01 10:48:56', '2025-07-01 10:48:56');
INSERT INTO `department` (`uuid`, `department`, `client_id`, `tenant_id`, `created_on`, `modified_on`) VALUES ('7e9b0031-e3f1-4750-b30c-d84ff0a3c3a2', 'Civil Systems', '0021d9ee-7315-4195-a12b-c754824039fb', 'df234305-8a47-4b4d-8efb-716a6b695428', '2025-07-01 10:48:56', '2025-07-01 10:48:56');
INSERT INTO `department` (`uuid`, `department`, `client_id`, `tenant_id`, `created_on`, `modified_on`) VALUES ('abcf245a-40fe-435b-bf0f-8920bb1855a4', 'AI Solutions', '0021d9ee-7315-4195-a12b-c754824039fb', 'df234305-8a47-4b4d-8efb-716a6b695428', '2025-07-01 10:48:56', '2025-07-01 10:48:56');
INSERT INTO `department` (`uuid`, `department`, `client_id`, `tenant_id`, `created_on`, `modified_on`) VALUES ('a07331df-aeba-4b7b-87ac-d99982aeccd5', 'Robotics', '0021d9ee-7315-4195-a12b-c754824039fb', 'df234305-8a47-4b4d-8efb-716a6b695428', '2025-07-01 10:48:56', '2025-07-01 10:48:56');
INSERT INTO `department` (`uuid`, `department`, `client_id`, `tenant_id`, `created_on`, `modified_on`) VALUES ('c728a1c2-8a86-4c55-bdcd-9e883f058c93', 'Aerospace', '0021d9ee-7315-4195-a12b-c754824039fb', 'df234305-8a47-4b4d-8efb-716a6b695428', '2025-07-01 10:48:56', '2025-07-01 10:48:56');
INSERT INTO `department` (`uuid`, `department`, `client_id`, `tenant_id`, `created_on`, `modified_on`) VALUES ('40b20f4a-a14c-4fe5-b1f2-32cbf9ad8beb', 'Biomedical', '0021d9ee-7315-4195-a12b-c754824039fb', 'df234305-8a47-4b4d-8efb-716a6b695428', '2025-07-01 10:48:56', '2025-07-01 10:48:56');
INSERT INTO `client_division` (`id`, `division_name`, `client_id`, `is_active`, `created_on`, `modified_on`, `tenant_id`) VALUES ('5199dc49-6bc1-4b56-b966-0aa0d4c9a14d', 'R&D', '0021d9ee-7315-4195-a12b-c754824039fb', 1, '2025-07-01 10:48:56', '2025-07-01 10:48:56', 'df234305-8a47-4b4d-8efb-716a6b695428');
INSERT INTO `client_division` (`id`, `division_name`, `client_id`, `is_active`, `created_on`, `modified_on`, `tenant_id`) VALUES ('23f6326f-d954-4320-8ed8-3ba04a598985', 'Core Tech', '0021d9ee-7315-4195-a12b-c754824039fb', 1, '2025-07-01 10:48:56', '2025-07-01 10:48:56', 'df234305-8a47-4b4d-8efb-716a6b695428');
INSERT INTO `client_division` (`id`, `division_name`, `client_id`, `is_active`, `created_on`, `modified_on`, `tenant_id`) VALUES ('0f252924-d744-4ada-a2f9-effaefe91cab', 'Product Dev', '0021d9ee-7315-4195-a12b-c754824039fb', 1, '2025-07-01 10:48:56', '2025-07-01 10:48:56', 'df234305-8a47-4b4d-8efb-716a6b695428');
INSERT INTO `client_division` (`id`, `division_name`, `client_id`, `is_active`, `created_on`, `modified_on`, `tenant_id`) VALUES ('3b58d936-6b23-434e-9881-a557e465ce42', 'Engineering', '0021d9ee-7315-4195-a12b-c754824039fb', 1, '2025-07-01 10:48:56', '2025-07-01 10:48:56', 'df234305-8a47-4b4d-8efb-716a6b695428');
INSERT INTO `client_division` (`id`, `division_name`, `client_id`, `is_active`, `created_on`, `modified_on`, `tenant_id`) VALUES ('61a5544e-9ba4-4391-adb9-f253d18a38f2', 'Innovation Lab', '0021d9ee-7315-4195-a12b-c754824039fb', 1, '2025-07-01 10:48:56', '2025-07-01 10:48:56', 'df234305-8a47-4b4d-8efb-716a6b695428');
INSERT INTO `client` (`id`, `client_code`, `client_name`, `email`, `is_active`, `created_on`, `modified_on`, `tenant_id`) VALUES ('62cdd6e6-4750-4598-85ee-20b166a23bc7', 1011, 'Jones LLC', 'info@jonesllc.com', 1, '2025-07-01 10:48:56', '2025-07-01 10:48:56', 'df234305-8a47-4b4d-8efb-716a6b695428');
INSERT INTO `department` (`uuid`, `department`, `client_id`, `tenant_id`, `created_on`, `modified_on`) VALUES ('1e7e9699-63b6-4065-95be-491e6eb0d744', 'Aerospace', '62cdd6e6-4750-4598-85ee-20b166a23bc7', 'df234305-8a47-4b4d-8efb-716a6b695428', '2025-07-01 10:48:56', '2025-07-01 10:48:56');
INSERT INTO `department` (`uuid`, `department`, `client_id`, `tenant_id`, `created_on`, `modified_on`) VALUES ('6a893e67-d368-4999-b840-c6ab409f2bbc', 'AI Solutions', '62cdd6e6-4750-4598-85ee-20b166a23bc7', 'df234305-8a47-4b4d-8efb-716a6b695428', '2025-07-01 10:48:56', '2025-07-01 10:48:56');
INSERT INTO `department` (`uuid`, `department`, `client_id`, `tenant_id`, `created_on`, `modified_on`) VALUES ('5613cacd-8095-41ef-be6e-1ecc92915c66', 'Civil Systems', '62cdd6e6-4750-4598-85ee-20b166a23bc7', 'df234305-8a47-4b4d-8efb-716a6b695428', '2025-07-01 10:48:56', '2025-07-01 10:48:56');
INSERT INTO `department` (`uuid`, `department`, `client_id`, `tenant_id`, `created_on`, `modified_on`) VALUES ('717f12e2-81ad-49d5-8a6a-5922e81a4b1d', 'Biomedical', '62cdd6e6-4750-4598-85ee-20b166a23bc7', 'df234305-8a47-4b4d-8efb-716a6b695428', '2025-07-01 10:48:56', '2025-07-01 10:48:56');
INSERT INTO `department` (`uuid`, `department`, `client_id`, `tenant_id`, `created_on`, `modified_on`) VALUES ('4ed44ccb-6f34-41f9-beda-c34b5e139322', 'Robotics', '62cdd6e6-4750-4598-85ee-20b166a23bc7', 'df234305-8a47-4b4d-8efb-716a6b695428', '2025-07-01 10:48:56', '2025-07-01 10:48:56');
INSERT INTO `department` (`uuid`, `department`, `client_id`, `tenant_id`, `created_on`, `modified_on`) VALUES ('6c244035-31f3-4d8a-8ca8-0ee78c3a7c14', 'Cybersecurity', '62cdd6e6-4750-4598-85ee-20b166a23bc7', 'df234305-8a47-4b4d-8efb-716a6b695428', '2025-07-01 10:48:56', '2025-07-01 10:48:56');
INSERT INTO `client_division` (`id`, `division_name`, `client_id`, `is_active`, `created_on`, `modified_on`, `tenant_id`) VALUES ('8a0d5e77-c059-4700-8c92-903596b6e584', 'Innovation Lab', '62cdd6e6-4750-4598-85ee-20b166a23bc7', 1, '2025-07-01 10:48:56', '2025-07-01 10:48:56', 'df234305-8a47-4b4d-8efb-716a6b695428');
INSERT INTO `client_division` (`id`, `division_name`, `client_id`, `is_active`, `created_on`, `modified_on`, `tenant_id`) VALUES ('dfbc585d-233a-467b-a44d-797a9e7ce32c', 'R&D', '62cdd6e6-4750-4598-85ee-20b166a23bc7', 1, '2025-07-01 10:48:56', '2025-07-01 10:48:56', 'df234305-8a47-4b4d-8efb-716a6b695428');
INSERT INTO `client_division` (`id`, `division_name`, `client_id`, `is_active`, `created_on`, `modified_on`, `tenant_id`) VALUES ('f425381d-6bed-462f-ad75-02b92bd8bc30', 'Engineering', '62cdd6e6-4750-4598-85ee-20b166a23bc7', 1, '2025-07-01 10:48:56', '2025-07-01 10:48:56', 'df234305-8a47-4b4d-8efb-716a6b695428');
INSERT INTO `client_division` (`id`, `division_name`, `client_id`, `is_active`, `created_on`, `modified_on`, `tenant_id`) VALUES ('5383d7e2-b1a0-40d2-a5e9-ddf8eb85239e', 'Product Dev', '62cdd6e6-4750-4598-85ee-20b166a23bc7', 1, '2025-07-01 10:48:56', '2025-07-01 10:48:56', 'df234305-8a47-4b4d-8efb-716a6b695428');
INSERT INTO `client_division` (`id`, `division_name`, `client_id`, `is_active`, `created_on`, `modified_on`, `tenant_id`) VALUES ('09852938-fd0f-4f0c-8d3f-5016fb2b7858', 'Core Tech', '62cdd6e6-4750-4598-85ee-20b166a23bc7', 1, '2025-07-01 10:48:56', '2025-07-01 10:48:56', 'df234305-8a47-4b4d-8efb-716a6b695428');
INSERT INTO `client` (`id`, `client_code`, `client_name`, `email`, `is_active`, `created_on`, `modified_on`, `tenant_id`) VALUES ('25222ef8-d6cb-4999-a0ae-992d23e7942e', 1012, 'Sheppard, Smith and Ferguson', 'info@sheppardsmithandferguson.com', 1, '2025-07-01 10:48:56', '2025-07-01 10:48:56', 'df234305-8a47-4b4d-8efb-716a6b695428');
INSERT INTO `department` (`uuid`, `department`, `client_id`, `tenant_id`, `created_on`, `modified_on`) VALUES ('dd677c07-3f6b-48da-a87d-2fa23609b713', 'Civil Systems', '25222ef8-d6cb-4999-a0ae-992d23e7942e', 'df234305-8a47-4b4d-8efb-716a6b695428', '2025-07-01 10:48:56', '2025-07-01 10:48:56');
INSERT INTO `department` (`uuid`, `department`, `client_id`, `tenant_id`, `created_on`, `modified_on`) VALUES ('7cc557cf-cb41-4997-8d3e-f7e15b44daad', 'Cybersecurity', '25222ef8-d6cb-4999-a0ae-992d23e7942e', 'df234305-8a47-4b4d-8efb-716a6b695428', '2025-07-01 10:48:56', '2025-07-01 10:48:56');
INSERT INTO `department` (`uuid`, `department`, `client_id`, `tenant_id`, `created_on`, `modified_on`) VALUES ('ebc7afea-fee9-4b38-a782-31944f93314f', 'Robotics', '25222ef8-d6cb-4999-a0ae-992d23e7942e', 'df234305-8a47-4b4d-8efb-716a6b695428', '2025-07-01 10:48:56', '2025-07-01 10:48:56');
INSERT INTO `department` (`uuid`, `department`, `client_id`, `tenant_id`, `created_on`, `modified_on`) VALUES ('6282bcc6-9b45-44d4-95a3-239bfb7bf60d', 'Biomedical', '25222ef8-d6cb-4999-a0ae-992d23e7942e', 'df234305-8a47-4b4d-8efb-716a6b695428', '2025-07-01 10:48:56', '2025-07-01 10:48:56');
INSERT INTO `department` (`uuid`, `department`, `client_id`, `tenant_id`, `created_on`, `modified_on`) VALUES ('ec71b1f4-83f4-4836-97b7-affd37480100', 'AI Solutions', '25222ef8-d6cb-4999-a0ae-992d23e7942e', 'df234305-8a47-4b4d-8efb-716a6b695428', '2025-07-01 10:48:56', '2025-07-01 10:48:56');
INSERT INTO `department` (`uuid`, `department`, `client_id`, `tenant_id`, `created_on`, `modified_on`) VALUES ('7fcc4436-cb0c-4d78-a1ca-af8852d7966d', 'Aerospace', '25222ef8-d6cb-4999-a0ae-992d23e7942e', 'df234305-8a47-4b4d-8efb-716a6b695428', '2025-07-01 10:48:56', '2025-07-01 10:48:56');
INSERT INTO `client_division` (`id`, `division_name`, `client_id`, `is_active`, `created_on`, `modified_on`, `tenant_id`) VALUES ('afab5671-0809-4500-a8c8-2e12bf1ded81', 'Engineering', '25222ef8-d6cb-4999-a0ae-992d23e7942e', 1, '2025-07-01 10:48:56', '2025-07-01 10:48:56', 'df234305-8a47-4b4d-8efb-716a6b695428');
INSERT INTO `client_division` (`id`, `division_name`, `client_id`, `is_active`, `created_on`, `modified_on`, `tenant_id`) VALUES ('f454ddf7-c819-412c-a18a-fba0781fac3b', 'R&D', '25222ef8-d6cb-4999-a0ae-992d23e7942e', 1, '2025-07-01 10:48:56', '2025-07-01 10:48:56', 'df234305-8a47-4b4d-8efb-716a6b695428');
INSERT INTO `client_division` (`id`, `division_name`, `client_id`, `is_active`, `created_on`, `modified_on`, `tenant_id`) VALUES ('56de4b05-d57b-43d9-8303-f3365fafb56c', 'Core Tech', '25222ef8-d6cb-4999-a0ae-992d23e7942e', 1, '2025-07-01 10:48:56', '2025-07-01 10:48:56', 'df234305-8a47-4b4d-8efb-716a6b695428');
INSERT INTO `client_division` (`id`, `division_name`, `client_id`, `is_active`, `created_on`, `modified_on`, `tenant_id`) VALUES ('e377784b-73f9-473f-a5ec-213c41fd80bf', 'Product Dev', '25222ef8-d6cb-4999-a0ae-992d23e7942e', 1, '2025-07-01 10:48:56', '2025-07-01 10:48:56', 'df234305-8a47-4b4d-8efb-716a6b695428');
INSERT INTO `client_division` (`id`, `division_name`, `client_id`, `is_active`, `created_on`, `modified_on`, `tenant_id`) VALUES ('7c8447e0-06c9-4d7e-85e2-9ac1eaeb0860', 'Innovation Lab', '25222ef8-d6cb-4999-a0ae-992d23e7942e', 1, '2025-07-01 10:48:56', '2025-07-01 10:48:56', 'df234305-8a47-4b4d-8efb-716a6b695428');
INSERT INTO `client` (`id`, `client_code`, `client_name`, `email`, `is_active`, `created_on`, `modified_on`, `tenant_id`) VALUES ('8b0fcfc5-76b5-48f1-8aa5-5312bb162fbd', 1013, 'West, Orozco and Weaver', 'info@westorozcoandweaver.com', 1, '2025-07-01 10:48:56', '2025-07-01 10:48:56', 'df234305-8a47-4b4d-8efb-716a6b695428');
INSERT INTO `department` (`uuid`, `department`, `client_id`, `tenant_id`, `created_on`, `modified_on`) VALUES ('3796a293-1b08-4518-bf1e-e9e3dcd6c065', 'Biomedical', '8b0fcfc5-76b5-48f1-8aa5-5312bb162fbd', 'df234305-8a47-4b4d-8efb-716a6b695428', '2025-07-01 10:48:56', '2025-07-01 10:48:56');
INSERT INTO `department` (`uuid`, `department`, `client_id`, `tenant_id`, `created_on`, `modified_on`) VALUES ('ccde2c56-bc06-4a3f-88f4-3effd1dcc8b4', 'Civil Systems', '8b0fcfc5-76b5-48f1-8aa5-5312bb162fbd', 'df234305-8a47-4b4d-8efb-716a6b695428', '2025-07-01 10:48:56', '2025-07-01 10:48:56');
INSERT INTO `department` (`uuid`, `department`, `client_id`, `tenant_id`, `created_on`, `modified_on`) VALUES ('8bb30dc7-bd20-49b4-823a-cb6a85593175', 'Aerospace', '8b0fcfc5-76b5-48f1-8aa5-5312bb162fbd', 'df234305-8a47-4b4d-8efb-716a6b695428', '2025-07-01 10:48:56', '2025-07-01 10:48:56');
INSERT INTO `department` (`uuid`, `department`, `client_id`, `tenant_id`, `created_on`, `modified_on`) VALUES ('465b4410-6093-4e68-a17b-da1c012245d3', 'Cybersecurity', '8b0fcfc5-76b5-48f1-8aa5-5312bb162fbd', 'df234305-8a47-4b4d-8efb-716a6b695428', '2025-07-01 10:48:56', '2025-07-01 10:48:56');
INSERT INTO `department` (`uuid`, `department`, `client_id`, `tenant_id`, `created_on`, `modified_on`) VALUES ('f7cd710e-5cb4-445a-bbdd-0d51b3e5239b', 'Robotics', '8b0fcfc5-76b5-48f1-8aa5-5312bb162fbd', 'df234305-8a47-4b4d-8efb-716a6b695428', '2025-07-01 10:48:56', '2025-07-01 10:48:56');
INSERT INTO `department` (`uuid`, `department`, `client_id`, `tenant_id`, `created_on`, `modified_on`) VALUES ('af734c36-aa95-4486-846a-4afde18fb485', 'AI Solutions', '8b0fcfc5-76b5-48f1-8aa5-5312bb162fbd', 'df234305-8a47-4b4d-8efb-716a6b695428', '2025-07-01 10:48:56', '2025-07-01 10:48:56');
INSERT INTO `client_division` (`id`, `division_name`, `client_id`, `is_active`, `created_on`, `modified_on`, `tenant_id`) VALUES ('a2dfbb68-9268-487d-a61c-ca916ba05899', 'Engineering', '8b0fcfc5-76b5-48f1-8aa5-5312bb162fbd', 1, '2025-07-01 10:48:56', '2025-07-01 10:48:56', 'df234305-8a47-4b4d-8efb-716a6b695428');
INSERT INTO `client_division` (`id`, `division_name`, `client_id`, `is_active`, `created_on`, `modified_on`, `tenant_id`) VALUES ('563c8496-9c18-4f06-a48e-21ae6b7c4e46', 'Innovation Lab', '8b0fcfc5-76b5-48f1-8aa5-5312bb162fbd', 1, '2025-07-01 10:48:56', '2025-07-01 10:48:56', 'df234305-8a47-4b4d-8efb-716a6b695428');
INSERT INTO `client_division` (`id`, `division_name`, `client_id`, `is_active`, `created_on`, `modified_on`, `tenant_id`) VALUES ('8909752f-8bd4-4f1e-93cb-3c0d3c5b680b', 'R&D', '8b0fcfc5-76b5-48f1-8aa5-5312bb162fbd', 1, '2025-07-01 10:48:56', '2025-07-01 10:48:56', 'df234305-8a47-4b4d-8efb-716a6b695428');
INSERT INTO `client_division` (`id`, `division_name`, `client_id`, `is_active`, `created_on`, `modified_on`, `tenant_id`) VALUES ('36ee7b20-29aa-4815-8dc3-f3dc7ca57c66', 'Product Dev', '8b0fcfc5-76b5-48f1-8aa5-5312bb162fbd', 1, '2025-07-01 10:48:56', '2025-07-01 10:48:56', 'df234305-8a47-4b4d-8efb-716a6b695428');
INSERT INTO `client_division` (`id`, `division_name`, `client_id`, `is_active`, `created_on`, `modified_on`, `tenant_id`) VALUES ('6dbed415-dcd8-48c2-8ca7-07dd9ef24f3c', 'Core Tech', '8b0fcfc5-76b5-48f1-8aa5-5312bb162fbd', 1, '2025-07-01 10:48:56', '2025-07-01 10:48:56', 'df234305-8a47-4b4d-8efb-716a6b695428');
INSERT INTO `client` (`id`, `client_code`, `client_name`, `email`, `is_active`, `created_on`, `modified_on`, `tenant_id`) VALUES ('00ed9b1e-f86c-43a9-8789-ac52ca19f0fe', 1014, 'Smith Inc', 'info@smithinc.com', 1, '2025-07-01 10:48:56', '2025-07-01 10:48:56', 'df234305-8a47-4b4d-8efb-716a6b695428');
INSERT INTO `department` (`uuid`, `department`, `client_id`, `tenant_id`, `created_on`, `modified_on`) VALUES ('416ce366-de7f-4675-8b6e-7824ae598657', 'Biomedical', '00ed9b1e-f86c-43a9-8789-ac52ca19f0fe', 'df234305-8a47-4b4d-8efb-716a6b695428', '2025-07-01 10:48:56', '2025-07-01 10:48:56');
INSERT INTO `department` (`uuid`, `department`, `client_id`, `tenant_id`, `created_on`, `modified_on`) VALUES ('27cda00a-1c28-4bda-a804-056b0c7cc848', 'Robotics', '00ed9b1e-f86c-43a9-8789-ac52ca19f0fe', 'df234305-8a47-4b4d-8efb-716a6b695428', '2025-07-01 10:48:56', '2025-07-01 10:48:56');
INSERT INTO `department` (`uuid`, `department`, `client_id`, `tenant_id`, `created_on`, `modified_on`) VALUES ('25a7104a-8a37-43ba-b052-792cfec069b1', 'Civil Systems', '00ed9b1e-f86c-43a9-8789-ac52ca19f0fe', 'df234305-8a47-4b4d-8efb-716a6b695428', '2025-07-01 10:48:56', '2025-07-01 10:48:56');
INSERT INTO `department` (`uuid`, `department`, `client_id`, `tenant_id`, `created_on`, `modified_on`) VALUES ('5a787659-87dc-42ba-a3a9-a2af0f4bce29', 'Cybersecurity', '00ed9b1e-f86c-43a9-8789-ac52ca19f0fe', 'df234305-8a47-4b4d-8efb-716a6b695428', '2025-07-01 10:48:56', '2025-07-01 10:48:56');
INSERT INTO `department` (`uuid`, `department`, `client_id`, `tenant_id`, `created_on`, `modified_on`) VALUES ('f0cbb7f6-f426-416f-aeaa-99b6fee24261', 'Aerospace', '00ed9b1e-f86c-43a9-8789-ac52ca19f0fe', 'df234305-8a47-4b4d-8efb-716a6b695428', '2025-07-01 10:48:56', '2025-07-01 10:48:56');
INSERT INTO `department` (`uuid`, `department`, `client_id`, `tenant_id`, `created_on`, `modified_on`) VALUES ('aa857732-5f2a-4ce4-9b4b-8033b504ebf9', 'AI Solutions', '00ed9b1e-f86c-43a9-8789-ac52ca19f0fe', 'df234305-8a47-4b4d-8efb-716a6b695428', '2025-07-01 10:48:56', '2025-07-01 10:48:56');
INSERT INTO `client_division` (`id`, `division_name`, `client_id`, `is_active`, `created_on`, `modified_on`, `tenant_id`) VALUES ('26725418-79e6-4f38-b49d-7f090c38d05d', 'Innovation Lab', '00ed9b1e-f86c-43a9-8789-ac52ca19f0fe', 1, '2025-07-01 10:48:56', '2025-07-01 10:48:56', 'df234305-8a47-4b4d-8efb-716a6b695428');
INSERT INTO `client_division` (`id`, `division_name`, `client_id`, `is_active`, `created_on`, `modified_on`, `tenant_id`) VALUES ('3e382a9d-b473-4a10-aa01-1356e6d95bee', 'Engineering', '00ed9b1e-f86c-43a9-8789-ac52ca19f0fe', 1, '2025-07-01 10:48:56', '2025-07-01 10:48:56', 'df234305-8a47-4b4d-8efb-716a6b695428');
INSERT INTO `client_division` (`id`, `division_name`, `client_id`, `is_active`, `created_on`, `modified_on`, `tenant_id`) VALUES ('8927dff8-7c17-4163-8882-6f217854e95c', 'Core Tech', '00ed9b1e-f86c-43a9-8789-ac52ca19f0fe', 1, '2025-07-01 10:48:56', '2025-07-01 10:48:56', 'df234305-8a47-4b4d-8efb-716a6b695428');
INSERT INTO `client_division` (`id`, `division_name`, `client_id`, `is_active`, `created_on`, `modified_on`, `tenant_id`) VALUES ('ac6c5cd9-87d2-46f0-978f-c8e73b0f832a', 'Product Dev', '00ed9b1e-f86c-43a9-8789-ac52ca19f0fe', 1, '2025-07-01 10:48:56', '2025-07-01 10:48:56', 'df234305-8a47-4b4d-8efb-716a6b695428');
INSERT INTO `client_division` (`id`, `division_name`, `client_id`, `is_active`, `created_on`, `modified_on`, `tenant_id`) VALUES ('44b8eca7-466d-4d54-8f4a-4c7efaf3cffd', 'R&D', '00ed9b1e-f86c-43a9-8789-ac52ca19f0fe', 1, '2025-07-01 10:48:56', '2025-07-01 10:48:56', 'df234305-8a47-4b4d-8efb-716a6b695428');
INSERT INTO `client` (`id`, `client_code`, `client_name`, `email`, `is_active`, `created_on`, `modified_on`, `tenant_id`) VALUES ('4a2bc086-16ed-4e05-b5b4-549559ea4334', 1015, 'Collins and Sons', 'info@collinsandsons.com', 1, '2025-07-01 10:48:56', '2025-07-01 10:48:56', 'df234305-8a47-4b4d-8efb-716a6b695428');
INSERT INTO `department` (`uuid`, `department`, `client_id`, `tenant_id`, `created_on`, `modified_on`) VALUES ('5c82e77f-edf7-4a55-966f-158d26ff77fc', 'Aerospace', '4a2bc086-16ed-4e05-b5b4-549559ea4334', 'df234305-8a47-4b4d-8efb-716a6b695428', '2025-07-01 10:48:56', '2025-07-01 10:48:56');
INSERT INTO `department` (`uuid`, `department`, `client_id`, `tenant_id`, `created_on`, `modified_on`) VALUES ('25d13cd6-5c47-4c55-bae4-b3a7a352a769', 'Robotics', '4a2bc086-16ed-4e05-b5b4-549559ea4334', 'df234305-8a47-4b4d-8efb-716a6b695428', '2025-07-01 10:48:56', '2025-07-01 10:48:56');
INSERT INTO `department` (`uuid`, `department`, `client_id`, `tenant_id`, `created_on`, `modified_on`) VALUES ('49fa0fbf-8254-429a-a27c-7ce204f4d87e', 'Biomedical', '4a2bc086-16ed-4e05-b5b4-549559ea4334', 'df234305-8a47-4b4d-8efb-716a6b695428', '2025-07-01 10:48:56', '2025-07-01 10:48:56');
INSERT INTO `department` (`uuid`, `department`, `client_id`, `tenant_id`, `created_on`, `modified_on`) VALUES ('50cb9fad-1f3a-48a2-93af-8bb812892707', 'Civil Systems', '4a2bc086-16ed-4e05-b5b4-549559ea4334', 'df234305-8a47-4b4d-8efb-716a6b695428', '2025-07-01 10:48:56', '2025-07-01 10:48:56');
INSERT INTO `department` (`uuid`, `department`, `client_id`, `tenant_id`, `created_on`, `modified_on`) VALUES ('9b1d3634-ff7b-418a-aa10-71edd3f8c22a', 'Cybersecurity', '4a2bc086-16ed-4e05-b5b4-549559ea4334', 'df234305-8a47-4b4d-8efb-716a6b695428', '2025-07-01 10:48:56', '2025-07-01 10:48:56');
INSERT INTO `department` (`uuid`, `department`, `client_id`, `tenant_id`, `created_on`, `modified_on`) VALUES ('2b69e430-71ba-4f99-92f3-b913eec8b255', 'AI Solutions', '4a2bc086-16ed-4e05-b5b4-549559ea4334', 'df234305-8a47-4b4d-8efb-716a6b695428', '2025-07-01 10:48:56', '2025-07-01 10:48:56');
INSERT INTO `client_division` (`id`, `division_name`, `client_id`, `is_active`, `created_on`, `modified_on`, `tenant_id`) VALUES ('f5bbc2ca-6c50-417e-acfa-e5343cdffe6f', 'R&D', '4a2bc086-16ed-4e05-b5b4-549559ea4334', 1, '2025-07-01 10:48:56', '2025-07-01 10:48:56', 'df234305-8a47-4b4d-8efb-716a6b695428');
INSERT INTO `client_division` (`id`, `division_name`, `client_id`, `is_active`, `created_on`, `modified_on`, `tenant_id`) VALUES ('65b71f3e-56b4-4af7-8137-7a5a77d191c1', 'Engineering', '4a2bc086-16ed-4e05-b5b4-549559ea4334', 1, '2025-07-01 10:48:56', '2025-07-01 10:48:56', 'df234305-8a47-4b4d-8efb-716a6b695428');
INSERT INTO `client_division` (`id`, `division_name`, `client_id`, `is_active`, `created_on`, `modified_on`, `tenant_id`) VALUES ('2de970f1-787f-43d0-a9c5-e3d266874e53', 'Product Dev', '4a2bc086-16ed-4e05-b5b4-549559ea4334', 1, '2025-07-01 10:48:56', '2025-07-01 10:48:56', 'df234305-8a47-4b4d-8efb-716a6b695428');
INSERT INTO `client_division` (`id`, `division_name`, `client_id`, `is_active`, `created_on`, `modified_on`, `tenant_id`) VALUES ('a560d2d4-f295-4612-a445-0fe606cc8a83', 'Innovation Lab', '4a2bc086-16ed-4e05-b5b4-549559ea4334', 1, '2025-07-01 10:48:56', '2025-07-01 10:48:56', 'df234305-8a47-4b4d-8efb-716a6b695428');
INSERT INTO `client_division` (`id`, `division_name`, `client_id`, `is_active`, `created_on`, `modified_on`, `tenant_id`) VALUES ('09e27eb7-5ca8-43b8-8f42-e4e703bbf062', 'Core Tech', '4a2bc086-16ed-4e05-b5b4-549559ea4334', 1, '2025-07-01 10:48:56', '2025-07-01 10:48:56', 'df234305-8a47-4b4d-8efb-716a6b695428');
INSERT INTO `client` (`id`, `client_code`, `client_name`, `email`, `is_active`, `created_on`, `modified_on`, `tenant_id`) VALUES ('e2c8c71d-e7d7-4433-925d-7079527ab6db', 1016, 'Holland, Mccarty and Franklin', 'info@hollandmccartyandfranklin.com', 1, '2025-07-01 10:48:56', '2025-07-01 10:48:56', 'df234305-8a47-4b4d-8efb-716a6b695428');
INSERT INTO `department` (`uuid`, `department`, `client_id`, `tenant_id`, `created_on`, `modified_on`) VALUES ('16aef56d-f449-44a7-8c4c-583044a32666', 'Robotics', 'e2c8c71d-e7d7-4433-925d-7079527ab6db', 'df234305-8a47-4b4d-8efb-716a6b695428', '2025-07-01 10:48:56', '2025-07-01 10:48:56');
INSERT INTO `department` (`uuid`, `department`, `client_id`, `tenant_id`, `created_on`, `modified_on`) VALUES ('0bfe9bb9-c41c-4999-954d-d359fbaa0035', 'Cybersecurity', 'e2c8c71d-e7d7-4433-925d-7079527ab6db', 'df234305-8a47-4b4d-8efb-716a6b695428', '2025-07-01 10:48:56', '2025-07-01 10:48:56');
INSERT INTO `department` (`uuid`, `department`, `client_id`, `tenant_id`, `created_on`, `modified_on`) VALUES ('35403b21-1ed2-4f12-8741-756e667ca78f', 'Aerospace', 'e2c8c71d-e7d7-4433-925d-7079527ab6db', 'df234305-8a47-4b4d-8efb-716a6b695428', '2025-07-01 10:48:56', '2025-07-01 10:48:56');
INSERT INTO `department` (`uuid`, `department`, `client_id`, `tenant_id`, `created_on`, `modified_on`) VALUES ('ca70d27a-10ef-4fe5-847a-c3b00da46f66', 'Civil Systems', 'e2c8c71d-e7d7-4433-925d-7079527ab6db', 'df234305-8a47-4b4d-8efb-716a6b695428', '2025-07-01 10:48:56', '2025-07-01 10:48:56');
INSERT INTO `department` (`uuid`, `department`, `client_id`, `tenant_id`, `created_on`, `modified_on`) VALUES ('442d80fe-9ddf-4c56-a8ad-296ddbf4209e', 'Biomedical', 'e2c8c71d-e7d7-4433-925d-7079527ab6db', 'df234305-8a47-4b4d-8efb-716a6b695428', '2025-07-01 10:48:56', '2025-07-01 10:48:56');
INSERT INTO `department` (`uuid`, `department`, `client_id`, `tenant_id`, `created_on`, `modified_on`) VALUES ('31b299f8-c516-4976-bfac-2c0b81ecf043', 'AI Solutions', 'e2c8c71d-e7d7-4433-925d-7079527ab6db', 'df234305-8a47-4b4d-8efb-716a6b695428', '2025-07-01 10:48:56', '2025-07-01 10:48:56');
INSERT INTO `client_division` (`id`, `division_name`, `client_id`, `is_active`, `created_on`, `modified_on`, `tenant_id`) VALUES ('f441ead9-9e52-4b31-81ea-bdd5cb7cf3d1', 'Engineering', 'e2c8c71d-e7d7-4433-925d-7079527ab6db', 1, '2025-07-01 10:48:56', '2025-07-01 10:48:56', 'df234305-8a47-4b4d-8efb-716a6b695428');
INSERT INTO `client_division` (`id`, `division_name`, `client_id`, `is_active`, `created_on`, `modified_on`, `tenant_id`) VALUES ('20b87aeb-b4f9-4740-854f-d94b6a3b3851', 'Core Tech', 'e2c8c71d-e7d7-4433-925d-7079527ab6db', 1, '2025-07-01 10:48:56', '2025-07-01 10:48:56', 'df234305-8a47-4b4d-8efb-716a6b695428');
INSERT INTO `client_division` (`id`, `division_name`, `client_id`, `is_active`, `created_on`, `modified_on`, `tenant_id`) VALUES ('6185aa50-c054-42f0-b190-1770914bc43b', 'Innovation Lab', 'e2c8c71d-e7d7-4433-925d-7079527ab6db', 1, '2025-07-01 10:48:56', '2025-07-01 10:48:56', 'df234305-8a47-4b4d-8efb-716a6b695428');
INSERT INTO `client_division` (`id`, `division_name`, `client_id`, `is_active`, `created_on`, `modified_on`, `tenant_id`) VALUES ('86f97456-208c-4d93-8557-68305342f3d3', 'Product Dev', 'e2c8c71d-e7d7-4433-925d-7079527ab6db', 1, '2025-07-01 10:48:56', '2025-07-01 10:48:56', 'df234305-8a47-4b4d-8efb-716a6b695428');
INSERT INTO `client_division` (`id`, `division_name`, `client_id`, `is_active`, `created_on`, `modified_on`, `tenant_id`) VALUES ('ff950c03-896f-4fef-afcc-fd3bd2d01f65', 'R&D', 'e2c8c71d-e7d7-4433-925d-7079527ab6db', 1, '2025-07-01 10:48:56', '2025-07-01 10:48:56', 'df234305-8a47-4b4d-8efb-716a6b695428');
INSERT INTO `client` (`id`, `client_code`, `client_name`, `email`, `is_active`, `created_on`, `modified_on`, `tenant_id`) VALUES ('90ba7cca-b58d-4a24-8aed-7ee7ce4b336c', 1017, 'Parker-Li', 'info@parkerli.com', 1, '2025-07-01 10:48:56', '2025-07-01 10:48:56', 'df234305-8a47-4b4d-8efb-716a6b695428');
INSERT INTO `department` (`uuid`, `department`, `client_id`, `tenant_id`, `created_on`, `modified_on`) VALUES ('f9f57d9d-7456-41fc-bc24-9acecbfa1208', 'Aerospace', '90ba7cca-b58d-4a24-8aed-7ee7ce4b336c', 'df234305-8a47-4b4d-8efb-716a6b695428', '2025-07-01 10:48:56', '2025-07-01 10:48:56');
INSERT INTO `department` (`uuid`, `department`, `client_id`, `tenant_id`, `created_on`, `modified_on`) VALUES ('152a51f4-f0bb-4ee4-9123-df64416ec7d8', 'AI Solutions', '90ba7cca-b58d-4a24-8aed-7ee7ce4b336c', 'df234305-8a47-4b4d-8efb-716a6b695428', '2025-07-01 10:48:56', '2025-07-01 10:48:56');
INSERT INTO `department` (`uuid`, `department`, `client_id`, `tenant_id`, `created_on`, `modified_on`) VALUES ('2b0b8c15-db43-4dcc-b4a3-9c40c09f4fcf', 'Cybersecurity', '90ba7cca-b58d-4a24-8aed-7ee7ce4b336c', 'df234305-8a47-4b4d-8efb-716a6b695428', '2025-07-01 10:48:56', '2025-07-01 10:48:56');
INSERT INTO `department` (`uuid`, `department`, `client_id`, `tenant_id`, `created_on`, `modified_on`) VALUES ('250565f8-82b7-4ee0-93fd-48603cd872d5', 'Robotics', '90ba7cca-b58d-4a24-8aed-7ee7ce4b336c', 'df234305-8a47-4b4d-8efb-716a6b695428', '2025-07-01 10:48:56', '2025-07-01 10:48:56');
INSERT INTO `department` (`uuid`, `department`, `client_id`, `tenant_id`, `created_on`, `modified_on`) VALUES ('7383ac3c-50c2-401b-ab29-a09d37bc1148', 'Civil Systems', '90ba7cca-b58d-4a24-8aed-7ee7ce4b336c', 'df234305-8a47-4b4d-8efb-716a6b695428', '2025-07-01 10:48:56', '2025-07-01 10:48:56');
INSERT INTO `department` (`uuid`, `department`, `client_id`, `tenant_id`, `created_on`, `modified_on`) VALUES ('22fb5f50-9d26-482b-8219-36b7e059cb23', 'Biomedical', '90ba7cca-b58d-4a24-8aed-7ee7ce4b336c', 'df234305-8a47-4b4d-8efb-716a6b695428', '2025-07-01 10:48:56', '2025-07-01 10:48:56');
INSERT INTO `client_division` (`id`, `division_name`, `client_id`, `is_active`, `created_on`, `modified_on`, `tenant_id`) VALUES ('aec22169-b974-44ba-b414-f2f0e24dafe2', 'Engineering', '90ba7cca-b58d-4a24-8aed-7ee7ce4b336c', 1, '2025-07-01 10:48:56', '2025-07-01 10:48:56', 'df234305-8a47-4b4d-8efb-716a6b695428');
INSERT INTO `client_division` (`id`, `division_name`, `client_id`, `is_active`, `created_on`, `modified_on`, `tenant_id`) VALUES ('01823343-3043-4b61-afdb-7bfd0c3ec6f5', 'Core Tech', '90ba7cca-b58d-4a24-8aed-7ee7ce4b336c', 1, '2025-07-01 10:48:56', '2025-07-01 10:48:56', 'df234305-8a47-4b4d-8efb-716a6b695428');
INSERT INTO `client_division` (`id`, `division_name`, `client_id`, `is_active`, `created_on`, `modified_on`, `tenant_id`) VALUES ('315c2295-a6dd-4775-b7f7-3e0f7f2cf408', 'Innovation Lab', '90ba7cca-b58d-4a24-8aed-7ee7ce4b336c', 1, '2025-07-01 10:48:56', '2025-07-01 10:48:56', 'df234305-8a47-4b4d-8efb-716a6b695428');
INSERT INTO `client_division` (`id`, `division_name`, `client_id`, `is_active`, `created_on`, `modified_on`, `tenant_id`) VALUES ('70ba9462-277e-4001-9b21-abbc8a7af8c6', 'Product Dev', '90ba7cca-b58d-4a24-8aed-7ee7ce4b336c', 1, '2025-07-01 10:48:56', '2025-07-01 10:48:56', 'df234305-8a47-4b4d-8efb-716a6b695428');
INSERT INTO `client_division` (`id`, `division_name`, `client_id`, `is_active`, `created_on`, `modified_on`, `tenant_id`) VALUES ('5794e473-670b-40ba-8837-129ac5cb431e', 'R&D', '90ba7cca-b58d-4a24-8aed-7ee7ce4b336c', 1, '2025-07-01 10:48:56', '2025-07-01 10:48:56', 'df234305-8a47-4b4d-8efb-716a6b695428');
INSERT INTO `client` (`id`, `client_code`, `client_name`, `email`, `is_active`, `created_on`, `modified_on`, `tenant_id`) VALUES ('2e1ca2c7-6e9e-4c08-b57a-3bccf1252553', 1018, 'Cooper-Brown', 'info@cooperbrown.com', 1, '2025-07-01 10:48:56', '2025-07-01 10:48:56', 'df234305-8a47-4b4d-8efb-716a6b695428');
INSERT INTO `department` (`uuid`, `department`, `client_id`, `tenant_id`, `created_on`, `modified_on`) VALUES ('2f9059ac-7154-4339-9139-ddea5473bbd3', 'Robotics', '2e1ca2c7-6e9e-4c08-b57a-3bccf1252553', 'df234305-8a47-4b4d-8efb-716a6b695428', '2025-07-01 10:48:56', '2025-07-01 10:48:56');
INSERT INTO `department` (`uuid`, `department`, `client_id`, `tenant_id`, `created_on`, `modified_on`) VALUES ('b005274f-6d5e-4f5a-9c39-c500c19beab7', 'Biomedical', '2e1ca2c7-6e9e-4c08-b57a-3bccf1252553', 'df234305-8a47-4b4d-8efb-716a6b695428', '2025-07-01 10:48:56', '2025-07-01 10:48:56');
INSERT INTO `department` (`uuid`, `department`, `client_id`, `tenant_id`, `created_on`, `modified_on`) VALUES ('71940c3d-45aa-436b-8ce8-305cfeecd7f0', 'Civil Systems', '2e1ca2c7-6e9e-4c08-b57a-3bccf1252553', 'df234305-8a47-4b4d-8efb-716a6b695428', '2025-07-01 10:48:56', '2025-07-01 10:48:56');
INSERT INTO `department` (`uuid`, `department`, `client_id`, `tenant_id`, `created_on`, `modified_on`) VALUES ('fe0979cd-d520-43e7-8651-b87f815fa52b', 'Aerospace', '2e1ca2c7-6e9e-4c08-b57a-3bccf1252553', 'df234305-8a47-4b4d-8efb-716a6b695428', '2025-07-01 10:48:56', '2025-07-01 10:48:56');
INSERT INTO `department` (`uuid`, `department`, `client_id`, `tenant_id`, `created_on`, `modified_on`) VALUES ('86be4c23-a91d-4006-9bec-70649ad0f026', 'AI Solutions', '2e1ca2c7-6e9e-4c08-b57a-3bccf1252553', 'df234305-8a47-4b4d-8efb-716a6b695428', '2025-07-01 10:48:56', '2025-07-01 10:48:56');
INSERT INTO `department` (`uuid`, `department`, `client_id`, `tenant_id`, `created_on`, `modified_on`) VALUES ('c795a12c-e356-4f1a-9959-36b18c9fc315', 'Cybersecurity', '2e1ca2c7-6e9e-4c08-b57a-3bccf1252553', 'df234305-8a47-4b4d-8efb-716a6b695428', '2025-07-01 10:48:56', '2025-07-01 10:48:56');
INSERT INTO `client_division` (`id`, `division_name`, `client_id`, `is_active`, `created_on`, `modified_on`, `tenant_id`) VALUES ('0519bbfa-dc51-4b2f-a8d4-27281ff2d371', 'Core Tech', '2e1ca2c7-6e9e-4c08-b57a-3bccf1252553', 1, '2025-07-01 10:48:56', '2025-07-01 10:48:56', 'df234305-8a47-4b4d-8efb-716a6b695428');
INSERT INTO `client_division` (`id`, `division_name`, `client_id`, `is_active`, `created_on`, `modified_on`, `tenant_id`) VALUES ('44638bad-2474-4807-841e-f5ed264e506f', 'Engineering', '2e1ca2c7-6e9e-4c08-b57a-3bccf1252553', 1, '2025-07-01 10:48:56', '2025-07-01 10:48:56', 'df234305-8a47-4b4d-8efb-716a6b695428');
INSERT INTO `client_division` (`id`, `division_name`, `client_id`, `is_active`, `created_on`, `modified_on`, `tenant_id`) VALUES ('f0a4b37a-ad7d-4f0c-96ac-ca79b3f6552c', 'Innovation Lab', '2e1ca2c7-6e9e-4c08-b57a-3bccf1252553', 1, '2025-07-01 10:48:56', '2025-07-01 10:48:56', 'df234305-8a47-4b4d-8efb-716a6b695428');
INSERT INTO `client_division` (`id`, `division_name`, `client_id`, `is_active`, `created_on`, `modified_on`, `tenant_id`) VALUES ('a88ecf73-f0ab-42de-a510-e099b2fcb514', 'R&D', '2e1ca2c7-6e9e-4c08-b57a-3bccf1252553', 1, '2025-07-01 10:48:56', '2025-07-01 10:48:56', 'df234305-8a47-4b4d-8efb-716a6b695428');
INSERT INTO `client_division` (`id`, `division_name`, `client_id`, `is_active`, `created_on`, `modified_on`, `tenant_id`) VALUES ('4117e6b6-7e3e-4629-b657-5d9e536720c9', 'Product Dev', '2e1ca2c7-6e9e-4c08-b57a-3bccf1252553', 1, '2025-07-01 10:48:56', '2025-07-01 10:48:56', 'df234305-8a47-4b4d-8efb-716a6b695428');
INSERT INTO `client` (`id`, `client_code`, `client_name`, `email`, `is_active`, `created_on`, `modified_on`, `tenant_id`) VALUES ('0de45cb6-c73e-4741-9eae-b8a72c18da0f', 1019, 'Glass, Ruiz and Jones', 'info@glassruizandjones.com', 1, '2025-07-01 10:48:56', '2025-07-01 10:48:56', 'df234305-8a47-4b4d-8efb-716a6b695428');
INSERT INTO `department` (`uuid`, `department`, `client_id`, `tenant_id`, `created_on`, `modified_on`) VALUES ('cfa3a745-3f83-46a2-9277-230f7b90ad1c', 'Biomedical', '0de45cb6-c73e-4741-9eae-b8a72c18da0f', 'df234305-8a47-4b4d-8efb-716a6b695428', '2025-07-01 10:48:56', '2025-07-01 10:48:56');
INSERT INTO `department` (`uuid`, `department`, `client_id`, `tenant_id`, `created_on`, `modified_on`) VALUES ('c388aac1-1b78-4c73-a8d9-add6aa6e5a7b', 'Aerospace', '0de45cb6-c73e-4741-9eae-b8a72c18da0f', 'df234305-8a47-4b4d-8efb-716a6b695428', '2025-07-01 10:48:56', '2025-07-01 10:48:56');
INSERT INTO `department` (`uuid`, `department`, `client_id`, `tenant_id`, `created_on`, `modified_on`) VALUES ('576c0a4c-b1fa-4a5d-a735-a307e5026633', 'Robotics', '0de45cb6-c73e-4741-9eae-b8a72c18da0f', 'df234305-8a47-4b4d-8efb-716a6b695428', '2025-07-01 10:48:56', '2025-07-01 10:48:56');
INSERT INTO `department` (`uuid`, `department`, `client_id`, `tenant_id`, `created_on`, `modified_on`) VALUES ('2ae51288-d73c-4e0e-95b0-9ab5ac7d2322', 'Civil Systems', '0de45cb6-c73e-4741-9eae-b8a72c18da0f', 'df234305-8a47-4b4d-8efb-716a6b695428', '2025-07-01 10:48:56', '2025-07-01 10:48:56');
INSERT INTO `department` (`uuid`, `department`, `client_id`, `tenant_id`, `created_on`, `modified_on`) VALUES ('171bbd4c-d033-4858-ab98-b4709a5b3cf2', 'AI Solutions', '0de45cb6-c73e-4741-9eae-b8a72c18da0f', 'df234305-8a47-4b4d-8efb-716a6b695428', '2025-07-01 10:48:56', '2025-07-01 10:48:56');
INSERT INTO `department` (`uuid`, `department`, `client_id`, `tenant_id`, `created_on`, `modified_on`) VALUES ('1d977aa9-208c-4872-9660-e17169ebad63', 'Cybersecurity', '0de45cb6-c73e-4741-9eae-b8a72c18da0f', 'df234305-8a47-4b4d-8efb-716a6b695428', '2025-07-01 10:48:56', '2025-07-01 10:48:56');
INSERT INTO `client_division` (`id`, `division_name`, `client_id`, `is_active`, `created_on`, `modified_on`, `tenant_id`) VALUES ('81b96097-a259-4089-89ec-a13273624ba4', 'R&D', '0de45cb6-c73e-4741-9eae-b8a72c18da0f', 1, '2025-07-01 10:48:56', '2025-07-01 10:48:56', 'df234305-8a47-4b4d-8efb-716a6b695428');
INSERT INTO `client_division` (`id`, `division_name`, `client_id`, `is_active`, `created_on`, `modified_on`, `tenant_id`) VALUES ('3fe3dc94-380d-494e-97d4-8a1b66a7577c', 'Core Tech', '0de45cb6-c73e-4741-9eae-b8a72c18da0f', 1, '2025-07-01 10:48:56', '2025-07-01 10:48:56', 'df234305-8a47-4b4d-8efb-716a6b695428');
INSERT INTO `client_division` (`id`, `division_name`, `client_id`, `is_active`, `created_on`, `modified_on`, `tenant_id`) VALUES ('6bc57df3-6592-4f2c-84e6-368896eb08bf', 'Innovation Lab', '0de45cb6-c73e-4741-9eae-b8a72c18da0f', 1, '2025-07-01 10:48:56', '2025-07-01 10:48:56', 'df234305-8a47-4b4d-8efb-716a6b695428');
INSERT INTO `client_division` (`id`, `division_name`, `client_id`, `is_active`, `created_on`, `modified_on`, `tenant_id`) VALUES ('ff71fe41-20d3-43d3-aa07-47bbac7c6e42', 'Engineering', '0de45cb6-c73e-4741-9eae-b8a72c18da0f', 1, '2025-07-01 10:48:56', '2025-07-01 10:48:56', 'df234305-8a47-4b4d-8efb-716a6b695428');
INSERT INTO `client_division` (`id`, `division_name`, `client_id`, `is_active`, `created_on`, `modified_on`, `tenant_id`) VALUES ('bcad8a9a-809e-4b05-afa7-3a119669c4e4', 'Product Dev', '0de45cb6-c73e-4741-9eae-b8a72c18da0f', 1, '2025-07-01 10:48:56', '2025-07-01 10:48:56', 'df234305-8a47-4b4d-8efb-716a6b695428');
INSERT INTO `client` (`id`, `client_code`, `client_name`, `email`, `is_active`, `created_on`, `modified_on`, `tenant_id`) VALUES ('8979c257-e858-44c2-b88e-6b5132b3291a', 1020, 'Patel, Scott and Collins', 'info@patelscottandcollins.com', 1, '2025-07-01 10:48:56', '2025-07-01 10:48:56', 'df234305-8a47-4b4d-8efb-716a6b695428');
INSERT INTO `department` (`uuid`, `department`, `client_id`, `tenant_id`, `created_on`, `modified_on`) VALUES ('ab526f1e-60ac-45de-9e83-2bb463fc0613', 'AI Solutions', '8979c257-e858-44c2-b88e-6b5132b3291a', 'df234305-8a47-4b4d-8efb-716a6b695428', '2025-07-01 10:48:56', '2025-07-01 10:48:56');
INSERT INTO `department` (`uuid`, `department`, `client_id`, `tenant_id`, `created_on`, `modified_on`) VALUES ('4d3a0d6f-7733-491c-8182-5fa6c00c883f', 'Cybersecurity', '8979c257-e858-44c2-b88e-6b5132b3291a', 'df234305-8a47-4b4d-8efb-716a6b695428', '2025-07-01 10:48:56', '2025-07-01 10:48:56');
INSERT INTO `department` (`uuid`, `department`, `client_id`, `tenant_id`, `created_on`, `modified_on`) VALUES ('6bb9d518-5951-434b-99db-fa85fa3e8605', 'Civil Systems', '8979c257-e858-44c2-b88e-6b5132b3291a', 'df234305-8a47-4b4d-8efb-716a6b695428', '2025-07-01 10:48:56', '2025-07-01 10:48:56');
INSERT INTO `department` (`uuid`, `department`, `client_id`, `tenant_id`, `created_on`, `modified_on`) VALUES ('33ddc305-0113-4722-9f61-5b14ce8cf04d', 'Biomedical', '8979c257-e858-44c2-b88e-6b5132b3291a', 'df234305-8a47-4b4d-8efb-716a6b695428', '2025-07-01 10:48:56', '2025-07-01 10:48:56');
INSERT INTO `department` (`uuid`, `department`, `client_id`, `tenant_id`, `created_on`, `modified_on`) VALUES ('da6654f8-8ea8-4cd2-bfd2-a717d512fe44', 'Aerospace', '8979c257-e858-44c2-b88e-6b5132b3291a', 'df234305-8a47-4b4d-8efb-716a6b695428', '2025-07-01 10:48:56', '2025-07-01 10:48:56');
INSERT INTO `department` (`uuid`, `department`, `client_id`, `tenant_id`, `created_on`, `modified_on`) VALUES ('90e81248-2cf7-4754-9835-0de08b75ec04', 'Robotics', '8979c257-e858-44c2-b88e-6b5132b3291a', 'df234305-8a47-4b4d-8efb-716a6b695428', '2025-07-01 10:48:56', '2025-07-01 10:48:56');
INSERT INTO `client_division` (`id`, `division_name`, `client_id`, `is_active`, `created_on`, `modified_on`, `tenant_id`) VALUES ('35d4c9f6-92a5-44e8-b91a-1a2e0216b56d', 'Core Tech', '8979c257-e858-44c2-b88e-6b5132b3291a', 1, '2025-07-01 10:48:56', '2025-07-01 10:48:56', 'df234305-8a47-4b4d-8efb-716a6b695428');
INSERT INTO `client_division` (`id`, `division_name`, `client_id`, `is_active`, `created_on`, `modified_on`, `tenant_id`) VALUES ('ba2464ca-a838-41ea-a557-ac0644e88a8a', 'Product Dev', '8979c257-e858-44c2-b88e-6b5132b3291a', 1, '2025-07-01 10:48:56', '2025-07-01 10:48:56', 'df234305-8a47-4b4d-8efb-716a6b695428');
INSERT INTO `client_division` (`id`, `division_name`, `client_id`, `is_active`, `created_on`, `modified_on`, `tenant_id`) VALUES ('d11a0b7c-2994-488a-8b60-8a0231eafb81', 'R&D', '8979c257-e858-44c2-b88e-6b5132b3291a', 1, '2025-07-01 10:48:56', '2025-07-01 10:48:56', 'df234305-8a47-4b4d-8efb-716a6b695428');
INSERT INTO `client_division` (`id`, `division_name`, `client_id`, `is_active`, `created_on`, `modified_on`, `tenant_id`) VALUES ('18d9d42f-26dd-487c-a1e7-3513bbcb48ec', 'Innovation Lab', '8979c257-e858-44c2-b88e-6b5132b3291a', 1, '2025-07-01 10:48:56', '2025-07-01 10:48:56', 'df234305-8a47-4b4d-8efb-716a6b695428');
INSERT INTO `client_division` (`id`, `division_name`, `client_id`, `is_active`, `created_on`, `modified_on`, `tenant_id`) VALUES ('434fe3d0-bb9b-44d5-b06d-ebdceb4fea19', 'Engineering', '8979c257-e858-44c2-b88e-6b5132b3291a', 1, '2025-07-01 10:48:56', '2025-07-01 10:48:56', 'df234305-8a47-4b4d-8efb-716a6b695428');
INSERT INTO `client` (`id`, `client_code`, `client_name`, `email`, `is_active`, `created_on`, `modified_on`, `tenant_id`) VALUES ('61ec5ac6-7a4a-4390-b98a-657188cb13a8', 1021, 'Nicholson Inc', 'info@nicholsoninc.com', 1, '2025-07-01 10:48:56', '2025-07-01 10:48:56', 'df234305-8a47-4b4d-8efb-716a6b695428');
INSERT INTO `department` (`uuid`, `department`, `client_id`, `tenant_id`, `created_on`, `modified_on`) VALUES ('4b4eb999-4d6c-4f6e-b84c-9b943c2ee0f6', 'Civil Systems', '61ec5ac6-7a4a-4390-b98a-657188cb13a8', 'df234305-8a47-4b4d-8efb-716a6b695428', '2025-07-01 10:48:56', '2025-07-01 10:48:56');
INSERT INTO `department` (`uuid`, `department`, `client_id`, `tenant_id`, `created_on`, `modified_on`) VALUES ('9ffe622e-fdd3-4e8e-bdee-de8585bd081a', 'Robotics', '61ec5ac6-7a4a-4390-b98a-657188cb13a8', 'df234305-8a47-4b4d-8efb-716a6b695428', '2025-07-01 10:48:56', '2025-07-01 10:48:56');
INSERT INTO `department` (`uuid`, `department`, `client_id`, `tenant_id`, `created_on`, `modified_on`) VALUES ('5cdc6be4-6558-41de-b177-a96be5d01b68', 'Cybersecurity', '61ec5ac6-7a4a-4390-b98a-657188cb13a8', 'df234305-8a47-4b4d-8efb-716a6b695428', '2025-07-01 10:48:56', '2025-07-01 10:48:56');
INSERT INTO `department` (`uuid`, `department`, `client_id`, `tenant_id`, `created_on`, `modified_on`) VALUES ('578a78e5-b68d-435b-b9c7-3052c72eabcc', 'Aerospace', '61ec5ac6-7a4a-4390-b98a-657188cb13a8', 'df234305-8a47-4b4d-8efb-716a6b695428', '2025-07-01 10:48:56', '2025-07-01 10:48:56');
INSERT INTO `department` (`uuid`, `department`, `client_id`, `tenant_id`, `created_on`, `modified_on`) VALUES ('1c44ba58-0414-43d4-a11e-3eb71a0bd482', 'AI Solutions', '61ec5ac6-7a4a-4390-b98a-657188cb13a8', 'df234305-8a47-4b4d-8efb-716a6b695428', '2025-07-01 10:48:56', '2025-07-01 10:48:56');
INSERT INTO `department` (`uuid`, `department`, `client_id`, `tenant_id`, `created_on`, `modified_on`) VALUES ('887445e0-df76-4c74-9620-909388870097', 'Biomedical', '61ec5ac6-7a4a-4390-b98a-657188cb13a8', 'df234305-8a47-4b4d-8efb-716a6b695428', '2025-07-01 10:48:56', '2025-07-01 10:48:56');
INSERT INTO `client_division` (`id`, `division_name`, `client_id`, `is_active`, `created_on`, `modified_on`, `tenant_id`) VALUES ('ac4ab8d2-829f-40e6-8d33-7bc17c0dcc41', 'Product Dev', '61ec5ac6-7a4a-4390-b98a-657188cb13a8', 1, '2025-07-01 10:48:56', '2025-07-01 10:48:56', 'df234305-8a47-4b4d-8efb-716a6b695428');
INSERT INTO `client_division` (`id`, `division_name`, `client_id`, `is_active`, `created_on`, `modified_on`, `tenant_id`) VALUES ('201514fd-b697-42d8-9292-1be6cbf8d394', 'Engineering', '61ec5ac6-7a4a-4390-b98a-657188cb13a8', 1, '2025-07-01 10:48:56', '2025-07-01 10:48:56', 'df234305-8a47-4b4d-8efb-716a6b695428');
INSERT INTO `client_division` (`id`, `division_name`, `client_id`, `is_active`, `created_on`, `modified_on`, `tenant_id`) VALUES ('9fb3d8eb-3b0e-45e1-a13c-0b8488036840', 'R&D', '61ec5ac6-7a4a-4390-b98a-657188cb13a8', 1, '2025-07-01 10:48:56', '2025-07-01 10:48:56', 'df234305-8a47-4b4d-8efb-716a6b695428');
INSERT INTO `client_division` (`id`, `division_name`, `client_id`, `is_active`, `created_on`, `modified_on`, `tenant_id`) VALUES ('c199c81e-7020-481d-b365-5eef3edfec67', 'Core Tech', '61ec5ac6-7a4a-4390-b98a-657188cb13a8', 1, '2025-07-01 10:48:56', '2025-07-01 10:48:56', 'df234305-8a47-4b4d-8efb-716a6b695428');
INSERT INTO `client_division` (`id`, `division_name`, `client_id`, `is_active`, `created_on`, `modified_on`, `tenant_id`) VALUES ('db948ca5-8430-457f-93e9-ddab9f285b0b', 'Innovation Lab', '61ec5ac6-7a4a-4390-b98a-657188cb13a8', 1, '2025-07-01 10:48:56', '2025-07-01 10:48:56', 'df234305-8a47-4b4d-8efb-716a6b695428');
INSERT INTO `client` (`id`, `client_code`, `client_name`, `email`, `is_active`, `created_on`, `modified_on`, `tenant_id`) VALUES ('876598f6-ab1d-4624-b000-7cbcc90d1b2b', 1022, 'Hammond, Tucker and Miller', 'info@hammondtuckerandmiller.com', 1, '2025-07-01 10:48:56', '2025-07-01 10:48:56', 'df234305-8a47-4b4d-8efb-716a6b695428');
INSERT INTO `department` (`uuid`, `department`, `client_id`, `tenant_id`, `created_on`, `modified_on`) VALUES ('a00792cb-bcd4-48da-a126-70e280cec178', 'Biomedical', '876598f6-ab1d-4624-b000-7cbcc90d1b2b', 'df234305-8a47-4b4d-8efb-716a6b695428', '2025-07-01 10:48:56', '2025-07-01 10:48:56');
INSERT INTO `department` (`uuid`, `department`, `client_id`, `tenant_id`, `created_on`, `modified_on`) VALUES ('77cb52a7-88d0-4f2a-9a31-733eb0c6bdc7', 'AI Solutions', '876598f6-ab1d-4624-b000-7cbcc90d1b2b', 'df234305-8a47-4b4d-8efb-716a6b695428', '2025-07-01 10:48:56', '2025-07-01 10:48:56');
INSERT INTO `department` (`uuid`, `department`, `client_id`, `tenant_id`, `created_on`, `modified_on`) VALUES ('9aa0e875-f5b6-4234-b4f5-6074945e69ca', 'Robotics', '876598f6-ab1d-4624-b000-7cbcc90d1b2b', 'df234305-8a47-4b4d-8efb-716a6b695428', '2025-07-01 10:48:56', '2025-07-01 10:48:56');
INSERT INTO `department` (`uuid`, `department`, `client_id`, `tenant_id`, `created_on`, `modified_on`) VALUES ('10c641c2-7806-41cb-a3c5-56017cdb0623', 'Aerospace', '876598f6-ab1d-4624-b000-7cbcc90d1b2b', 'df234305-8a47-4b4d-8efb-716a6b695428', '2025-07-01 10:48:56', '2025-07-01 10:48:56');
INSERT INTO `department` (`uuid`, `department`, `client_id`, `tenant_id`, `created_on`, `modified_on`) VALUES ('901d695c-9c2f-45a6-aef6-8a007eecc12d', 'Cybersecurity', '876598f6-ab1d-4624-b000-7cbcc90d1b2b', 'df234305-8a47-4b4d-8efb-716a6b695428', '2025-07-01 10:48:56', '2025-07-01 10:48:56');
INSERT INTO `department` (`uuid`, `department`, `client_id`, `tenant_id`, `created_on`, `modified_on`) VALUES ('b3e2cf0d-4168-4026-82c7-a2c891f995d7', 'Civil Systems', '876598f6-ab1d-4624-b000-7cbcc90d1b2b', 'df234305-8a47-4b4d-8efb-716a6b695428', '2025-07-01 10:48:56', '2025-07-01 10:48:56');
INSERT INTO `client_division` (`id`, `division_name`, `client_id`, `is_active`, `created_on`, `modified_on`, `tenant_id`) VALUES ('dccb186a-c6d9-44b5-ab7c-de2a075a533e', 'R&D', '876598f6-ab1d-4624-b000-7cbcc90d1b2b', 1, '2025-07-01 10:48:56', '2025-07-01 10:48:56', 'df234305-8a47-4b4d-8efb-716a6b695428');
INSERT INTO `client_division` (`id`, `division_name`, `client_id`, `is_active`, `created_on`, `modified_on`, `tenant_id`) VALUES ('cd7fbb19-9683-41e4-b433-88aa8a260d5f', 'Product Dev', '876598f6-ab1d-4624-b000-7cbcc90d1b2b', 1, '2025-07-01 10:48:56', '2025-07-01 10:48:56', 'df234305-8a47-4b4d-8efb-716a6b695428');
INSERT INTO `client_division` (`id`, `division_name`, `client_id`, `is_active`, `created_on`, `modified_on`, `tenant_id`) VALUES ('645e66f9-03e1-463b-aafe-9ee08d5639aa', 'Engineering', '876598f6-ab1d-4624-b000-7cbcc90d1b2b', 1, '2025-07-01 10:48:56', '2025-07-01 10:48:56', 'df234305-8a47-4b4d-8efb-716a6b695428');
INSERT INTO `client_division` (`id`, `division_name`, `client_id`, `is_active`, `created_on`, `modified_on`, `tenant_id`) VALUES ('e735ffc9-1d9e-4c6f-bb13-dbe58ab7a0a9', 'Core Tech', '876598f6-ab1d-4624-b000-7cbcc90d1b2b', 1, '2025-07-01 10:48:56', '2025-07-01 10:48:56', 'df234305-8a47-4b4d-8efb-716a6b695428');
INSERT INTO `client_division` (`id`, `division_name`, `client_id`, `is_active`, `created_on`, `modified_on`, `tenant_id`) VALUES ('6bef8759-e85a-4817-ad53-cee1895f619a', 'Innovation Lab', '876598f6-ab1d-4624-b000-7cbcc90d1b2b', 1, '2025-07-01 10:48:56', '2025-07-01 10:48:56', 'df234305-8a47-4b4d-8efb-716a6b695428');
INSERT INTO `client` (`id`, `client_code`, `client_name`, `email`, `is_active`, `created_on`, `modified_on`, `tenant_id`) VALUES ('15f3e846-1269-4a5c-8242-405c7b7cd5cd', 1023, 'Perez, Petersen and Flynn', 'info@perezpetersenandflynn.com', 1, '2025-07-01 10:48:56', '2025-07-01 10:48:56', 'df234305-8a47-4b4d-8efb-716a6b695428');
INSERT INTO `department` (`uuid`, `department`, `client_id`, `tenant_id`, `created_on`, `modified_on`) VALUES ('a21ba4ca-2d08-4878-8f1d-47b0cdd7daf7', 'Cybersecurity', '15f3e846-1269-4a5c-8242-405c7b7cd5cd', 'df234305-8a47-4b4d-8efb-716a6b695428', '2025-07-01 10:48:56', '2025-07-01 10:48:56');
INSERT INTO `department` (`uuid`, `department`, `client_id`, `tenant_id`, `created_on`, `modified_on`) VALUES ('54026c94-0f46-478a-b0cf-500be9cd5525', 'Civil Systems', '15f3e846-1269-4a5c-8242-405c7b7cd5cd', 'df234305-8a47-4b4d-8efb-716a6b695428', '2025-07-01 10:48:56', '2025-07-01 10:48:56');
INSERT INTO `department` (`uuid`, `department`, `client_id`, `tenant_id`, `created_on`, `modified_on`) VALUES ('b70a3546-39d6-401e-9d8b-e2bc762d03b8', 'Robotics', '15f3e846-1269-4a5c-8242-405c7b7cd5cd', 'df234305-8a47-4b4d-8efb-716a6b695428', '2025-07-01 10:48:56', '2025-07-01 10:48:56');
INSERT INTO `department` (`uuid`, `department`, `client_id`, `tenant_id`, `created_on`, `modified_on`) VALUES ('c94f2066-ba80-4364-ac4d-ff4c9817b0b2', 'AI Solutions', '15f3e846-1269-4a5c-8242-405c7b7cd5cd', 'df234305-8a47-4b4d-8efb-716a6b695428', '2025-07-01 10:48:56', '2025-07-01 10:48:56');
INSERT INTO `department` (`uuid`, `department`, `client_id`, `tenant_id`, `created_on`, `modified_on`) VALUES ('a7c405c1-3073-45b3-9dfc-f850c3c1c2c9', 'Aerospace', '15f3e846-1269-4a5c-8242-405c7b7cd5cd', 'df234305-8a47-4b4d-8efb-716a6b695428', '2025-07-01 10:48:56', '2025-07-01 10:48:56');
INSERT INTO `department` (`uuid`, `department`, `client_id`, `tenant_id`, `created_on`, `modified_on`) VALUES ('76e443b3-1045-4264-95c4-c81e69032d16', 'Biomedical', '15f3e846-1269-4a5c-8242-405c7b7cd5cd', 'df234305-8a47-4b4d-8efb-716a6b695428', '2025-07-01 10:48:56', '2025-07-01 10:48:56');
INSERT INTO `client_division` (`id`, `division_name`, `client_id`, `is_active`, `created_on`, `modified_on`, `tenant_id`) VALUES ('5e8c962e-9ee0-4ae1-b2fb-d8aaf1242317', 'Engineering', '15f3e846-1269-4a5c-8242-405c7b7cd5cd', 1, '2025-07-01 10:48:56', '2025-07-01 10:48:56', 'df234305-8a47-4b4d-8efb-716a6b695428');
INSERT INTO `client_division` (`id`, `division_name`, `client_id`, `is_active`, `created_on`, `modified_on`, `tenant_id`) VALUES ('a7961c6d-c8e9-43c5-9fa6-ab6ebc0d819c', 'Core Tech', '15f3e846-1269-4a5c-8242-405c7b7cd5cd', 1, '2025-07-01 10:48:56', '2025-07-01 10:48:56', 'df234305-8a47-4b4d-8efb-716a6b695428');
INSERT INTO `client_division` (`id`, `division_name`, `client_id`, `is_active`, `created_on`, `modified_on`, `tenant_id`) VALUES ('c2df6070-387a-43aa-89ab-3215ebb2f8f0', 'Product Dev', '15f3e846-1269-4a5c-8242-405c7b7cd5cd', 1, '2025-07-01 10:48:56', '2025-07-01 10:48:56', 'df234305-8a47-4b4d-8efb-716a6b695428');
INSERT INTO `client_division` (`id`, `division_name`, `client_id`, `is_active`, `created_on`, `modified_on`, `tenant_id`) VALUES ('0b51c06a-7b00-4d6e-bf1b-0fe3e16f5e14', 'Innovation Lab', '15f3e846-1269-4a5c-8242-405c7b7cd5cd', 1, '2025-07-01 10:48:56', '2025-07-01 10:48:56', 'df234305-8a47-4b4d-8efb-716a6b695428');
INSERT INTO `client_division` (`id`, `division_name`, `client_id`, `is_active`, `created_on`, `modified_on`, `tenant_id`) VALUES ('3b2c7935-b285-452a-ad3f-13aaf8e18c32', 'R&D', '15f3e846-1269-4a5c-8242-405c7b7cd5cd', 1, '2025-07-01 10:48:56', '2025-07-01 10:48:56', 'df234305-8a47-4b4d-8efb-716a6b695428');
INSERT INTO `client` (`id`, `client_code`, `client_name`, `email`, `is_active`, `created_on`, `modified_on`, `tenant_id`) VALUES ('8bbd6e9d-b192-4305-9863-6a592d52048a', 1024, 'Price, Day and Wolf', 'info@pricedayandwolf.com', 1, '2025-07-01 10:48:56', '2025-07-01 10:48:56', 'df234305-8a47-4b4d-8efb-716a6b695428');
INSERT INTO `department` (`uuid`, `department`, `client_id`, `tenant_id`, `created_on`, `modified_on`) VALUES ('06398c09-89ad-4c4b-a671-b2745505c390', 'Robotics', '8bbd6e9d-b192-4305-9863-6a592d52048a', 'df234305-8a47-4b4d-8efb-716a6b695428', '2025-07-01 10:48:56', '2025-07-01 10:48:56');
INSERT INTO `department` (`uuid`, `department`, `client_id`, `tenant_id`, `created_on`, `modified_on`) VALUES ('9db42876-88df-4695-8d25-21eb3044e0ab', 'Biomedical', '8bbd6e9d-b192-4305-9863-6a592d52048a', 'df234305-8a47-4b4d-8efb-716a6b695428', '2025-07-01 10:48:56', '2025-07-01 10:48:56');
INSERT INTO `department` (`uuid`, `department`, `client_id`, `tenant_id`, `created_on`, `modified_on`) VALUES ('653c12ce-6b2b-414b-ac54-f88e08c06285', 'Civil Systems', '8bbd6e9d-b192-4305-9863-6a592d52048a', 'df234305-8a47-4b4d-8efb-716a6b695428', '2025-07-01 10:48:56', '2025-07-01 10:48:56');
INSERT INTO `department` (`uuid`, `department`, `client_id`, `tenant_id`, `created_on`, `modified_on`) VALUES ('dfc6dfbe-b0b6-4673-899a-52a53a150d13', 'Cybersecurity', '8bbd6e9d-b192-4305-9863-6a592d52048a', 'df234305-8a47-4b4d-8efb-716a6b695428', '2025-07-01 10:48:56', '2025-07-01 10:48:56');
INSERT INTO `department` (`uuid`, `department`, `client_id`, `tenant_id`, `created_on`, `modified_on`) VALUES ('9e889d41-100e-484d-a21e-c8cd3b02cef0', 'AI Solutions', '8bbd6e9d-b192-4305-9863-6a592d52048a', 'df234305-8a47-4b4d-8efb-716a6b695428', '2025-07-01 10:48:56', '2025-07-01 10:48:56');
INSERT INTO `department` (`uuid`, `department`, `client_id`, `tenant_id`, `created_on`, `modified_on`) VALUES ('0eea8dfc-7c1d-4662-a5bb-79429721dcb3', 'Aerospace', '8bbd6e9d-b192-4305-9863-6a592d52048a', 'df234305-8a47-4b4d-8efb-716a6b695428', '2025-07-01 10:48:56', '2025-07-01 10:48:56');
INSERT INTO `client_division` (`id`, `division_name`, `client_id`, `is_active`, `created_on`, `modified_on`, `tenant_id`) VALUES ('0037e038-b1d2-4ef1-8bdf-5bc747b271c5', 'Engineering', '8bbd6e9d-b192-4305-9863-6a592d52048a', 1, '2025-07-01 10:48:56', '2025-07-01 10:48:56', 'df234305-8a47-4b4d-8efb-716a6b695428');
INSERT INTO `client_division` (`id`, `division_name`, `client_id`, `is_active`, `created_on`, `modified_on`, `tenant_id`) VALUES ('14bd8b57-b141-479f-9811-cf86261ccae1', 'Innovation Lab', '8bbd6e9d-b192-4305-9863-6a592d52048a', 1, '2025-07-01 10:48:56', '2025-07-01 10:48:56', 'df234305-8a47-4b4d-8efb-716a6b695428');
INSERT INTO `client_division` (`id`, `division_name`, `client_id`, `is_active`, `created_on`, `modified_on`, `tenant_id`) VALUES ('35618115-cfbd-4080-a311-20120172aae1', 'R&D', '8bbd6e9d-b192-4305-9863-6a592d52048a', 1, '2025-07-01 10:48:56', '2025-07-01 10:48:56', 'df234305-8a47-4b4d-8efb-716a6b695428');
INSERT INTO `client_division` (`id`, `division_name`, `client_id`, `is_active`, `created_on`, `modified_on`, `tenant_id`) VALUES ('00701f6b-5c1b-4377-a6f3-1b2566d449a3', 'Core Tech', '8bbd6e9d-b192-4305-9863-6a592d52048a', 1, '2025-07-01 10:48:56', '2025-07-01 10:48:56', 'df234305-8a47-4b4d-8efb-716a6b695428');
INSERT INTO `client_division` (`id`, `division_name`, `client_id`, `is_active`, `created_on`, `modified_on`, `tenant_id`) VALUES ('e59a635c-35b7-479d-a433-a010441228b0', 'Product Dev', '8bbd6e9d-b192-4305-9863-6a592d52048a', 1, '2025-07-01 10:48:56', '2025-07-01 10:48:56', 'df234305-8a47-4b4d-8efb-716a6b695428');
INSERT INTO `client` (`id`, `client_code`, `client_name`, `email`, `is_active`, `created_on`, `modified_on`, `tenant_id`) VALUES ('2a69aae2-14ea-4aea-a238-275236bd350d', 1025, 'Madden-Ballard', 'info@maddenballard.com', 1, '2025-07-01 10:48:56', '2025-07-01 10:48:56', 'df234305-8a47-4b4d-8efb-716a6b695428');
INSERT INTO `department` (`uuid`, `department`, `client_id`, `tenant_id`, `created_on`, `modified_on`) VALUES ('0505907a-34bf-43a0-adb8-af935efddb0b', 'Civil Systems', '2a69aae2-14ea-4aea-a238-275236bd350d', 'df234305-8a47-4b4d-8efb-716a6b695428', '2025-07-01 10:48:56', '2025-07-01 10:48:56');
INSERT INTO `department` (`uuid`, `department`, `client_id`, `tenant_id`, `created_on`, `modified_on`) VALUES ('15e72ed4-7deb-4c6c-956f-80b08e77b1b7', 'AI Solutions', '2a69aae2-14ea-4aea-a238-275236bd350d', 'df234305-8a47-4b4d-8efb-716a6b695428', '2025-07-01 10:48:56', '2025-07-01 10:48:56');
INSERT INTO `department` (`uuid`, `department`, `client_id`, `tenant_id`, `created_on`, `modified_on`) VALUES ('ea5c6fc9-dc65-4080-9a0f-5949554a6199', 'Aerospace', '2a69aae2-14ea-4aea-a238-275236bd350d', 'df234305-8a47-4b4d-8efb-716a6b695428', '2025-07-01 10:48:56', '2025-07-01 10:48:56');
INSERT INTO `department` (`uuid`, `department`, `client_id`, `tenant_id`, `created_on`, `modified_on`) VALUES ('630852e6-0d95-4cc8-a548-a6d44318928f', 'Biomedical', '2a69aae2-14ea-4aea-a238-275236bd350d', 'df234305-8a47-4b4d-8efb-716a6b695428', '2025-07-01 10:48:56', '2025-07-01 10:48:56');
INSERT INTO `department` (`uuid`, `department`, `client_id`, `tenant_id`, `created_on`, `modified_on`) VALUES ('94449653-70d0-4ac9-b592-5da7687d64fd', 'Cybersecurity', '2a69aae2-14ea-4aea-a238-275236bd350d', 'df234305-8a47-4b4d-8efb-716a6b695428', '2025-07-01 10:48:56', '2025-07-01 10:48:56');
INSERT INTO `department` (`uuid`, `department`, `client_id`, `tenant_id`, `created_on`, `modified_on`) VALUES ('663de5b7-642e-4e10-a94a-78642e30e487', 'Robotics', '2a69aae2-14ea-4aea-a238-275236bd350d', 'df234305-8a47-4b4d-8efb-716a6b695428', '2025-07-01 10:48:56', '2025-07-01 10:48:56');
INSERT INTO `client_division` (`id`, `division_name`, `client_id`, `is_active`, `created_on`, `modified_on`, `tenant_id`) VALUES ('2889df2f-871a-4d02-b833-6c5b0a32cfa1', 'Product Dev', '2a69aae2-14ea-4aea-a238-275236bd350d', 1, '2025-07-01 10:48:56', '2025-07-01 10:48:56', 'df234305-8a47-4b4d-8efb-716a6b695428');
INSERT INTO `client_division` (`id`, `division_name`, `client_id`, `is_active`, `created_on`, `modified_on`, `tenant_id`) VALUES ('f76e4275-b135-4e60-910e-7cab2e2e1493', 'R&D', '2a69aae2-14ea-4aea-a238-275236bd350d', 1, '2025-07-01 10:48:56', '2025-07-01 10:48:56', 'df234305-8a47-4b4d-8efb-716a6b695428');
INSERT INTO `client_division` (`id`, `division_name`, `client_id`, `is_active`, `created_on`, `modified_on`, `tenant_id`) VALUES ('ffe60cc4-cf55-4899-8204-8bf8a044b81c', 'Core Tech', '2a69aae2-14ea-4aea-a238-275236bd350d', 1, '2025-07-01 10:48:56', '2025-07-01 10:48:56', 'df234305-8a47-4b4d-8efb-716a6b695428');
INSERT INTO `client_division` (`id`, `division_name`, `client_id`, `is_active`, `created_on`, `modified_on`, `tenant_id`) VALUES ('297db650-16db-4964-8521-911168083857', 'Innovation Lab', '2a69aae2-14ea-4aea-a238-275236bd350d', 1, '2025-07-01 10:48:56', '2025-07-01 10:48:56', 'df234305-8a47-4b4d-8efb-716a6b695428');
INSERT INTO `client_division` (`id`, `division_name`, `client_id`, `is_active`, `created_on`, `modified_on`, `tenant_id`) VALUES ('bf3d8979-65ca-4164-808f-0c198e940c25', 'Engineering', '2a69aae2-14ea-4aea-a238-275236bd350d', 1, '2025-07-01 10:48:56', '2025-07-01 10:48:56', 'df234305-8a47-4b4d-8efb-716a6b695428');
INSERT INTO `client` (`id`, `client_code`, `client_name`, `email`, `is_active`, `created_on`, `modified_on`, `tenant_id`) VALUES ('324c0929-09e1-4e15-97d0-3571b2cb6af0', 1026, 'Vasquez, Peterson and Gonzalez', 'info@vasquezpetersonandgonzalez.com', 1, '2025-07-01 10:48:56', '2025-07-01 10:48:56', 'df234305-8a47-4b4d-8efb-716a6b695428');
INSERT INTO `department` (`uuid`, `department`, `client_id`, `tenant_id`, `created_on`, `modified_on`) VALUES ('60f8cdb8-73bf-4b60-b431-40e5bdc0c93e', 'Aerospace', '324c0929-09e1-4e15-97d0-3571b2cb6af0', 'df234305-8a47-4b4d-8efb-716a6b695428', '2025-07-01 10:48:56', '2025-07-01 10:48:56');
INSERT INTO `department` (`uuid`, `department`, `client_id`, `tenant_id`, `created_on`, `modified_on`) VALUES ('b9c4a726-7d87-4cd0-8f61-01f0101c46de', 'Civil Systems', '324c0929-09e1-4e15-97d0-3571b2cb6af0', 'df234305-8a47-4b4d-8efb-716a6b695428', '2025-07-01 10:48:56', '2025-07-01 10:48:56');
INSERT INTO `department` (`uuid`, `department`, `client_id`, `tenant_id`, `created_on`, `modified_on`) VALUES ('186c2f89-a07b-46d3-a340-2f7976a3b55d', 'Robotics', '324c0929-09e1-4e15-97d0-3571b2cb6af0', 'df234305-8a47-4b4d-8efb-716a6b695428', '2025-07-01 10:48:56', '2025-07-01 10:48:56');
INSERT INTO `department` (`uuid`, `department`, `client_id`, `tenant_id`, `created_on`, `modified_on`) VALUES ('13ad3897-8344-4387-8b29-f0658847de86', 'AI Solutions', '324c0929-09e1-4e15-97d0-3571b2cb6af0', 'df234305-8a47-4b4d-8efb-716a6b695428', '2025-07-01 10:48:56', '2025-07-01 10:48:56');
INSERT INTO `department` (`uuid`, `department`, `client_id`, `tenant_id`, `created_on`, `modified_on`) VALUES ('0be90652-258e-4982-a529-35488e636274', 'Cybersecurity', '324c0929-09e1-4e15-97d0-3571b2cb6af0', 'df234305-8a47-4b4d-8efb-716a6b695428', '2025-07-01 10:48:56', '2025-07-01 10:48:56');
INSERT INTO `department` (`uuid`, `department`, `client_id`, `tenant_id`, `created_on`, `modified_on`) VALUES ('ee8b1014-c67f-4fb0-bd50-aae81d737b7a', 'Biomedical', '324c0929-09e1-4e15-97d0-3571b2cb6af0', 'df234305-8a47-4b4d-8efb-716a6b695428', '2025-07-01 10:48:56', '2025-07-01 10:48:56');
INSERT INTO `client_division` (`id`, `division_name`, `client_id`, `is_active`, `created_on`, `modified_on`, `tenant_id`) VALUES ('c7631b8f-05b6-4e39-8847-2f89b26f6bd4', 'Core Tech', '324c0929-09e1-4e15-97d0-3571b2cb6af0', 1, '2025-07-01 10:48:56', '2025-07-01 10:48:56', 'df234305-8a47-4b4d-8efb-716a6b695428');
INSERT INTO `client_division` (`id`, `division_name`, `client_id`, `is_active`, `created_on`, `modified_on`, `tenant_id`) VALUES ('42125a39-a626-4439-a48a-43c914c4b2f1', 'Innovation Lab', '324c0929-09e1-4e15-97d0-3571b2cb6af0', 1, '2025-07-01 10:48:56', '2025-07-01 10:48:56', 'df234305-8a47-4b4d-8efb-716a6b695428');
INSERT INTO `client_division` (`id`, `division_name`, `client_id`, `is_active`, `created_on`, `modified_on`, `tenant_id`) VALUES ('28593603-2a40-4c8c-9351-a5607cdcafe0', 'Product Dev', '324c0929-09e1-4e15-97d0-3571b2cb6af0', 1, '2025-07-01 10:48:56', '2025-07-01 10:48:56', 'df234305-8a47-4b4d-8efb-716a6b695428');
INSERT INTO `client_division` (`id`, `division_name`, `client_id`, `is_active`, `created_on`, `modified_on`, `tenant_id`) VALUES ('8300d7bc-04a0-48ae-99f6-23d5f55000ae', 'R&D', '324c0929-09e1-4e15-97d0-3571b2cb6af0', 1, '2025-07-01 10:48:56', '2025-07-01 10:48:56', 'df234305-8a47-4b4d-8efb-716a6b695428');
INSERT INTO `client_division` (`id`, `division_name`, `client_id`, `is_active`, `created_on`, `modified_on`, `tenant_id`) VALUES ('8affaa03-e9a7-4ba6-8b75-353fb51d7476', 'Engineering', '324c0929-09e1-4e15-97d0-3571b2cb6af0', 1, '2025-07-01 10:48:56', '2025-07-01 10:48:56', 'df234305-8a47-4b4d-8efb-716a6b695428');
INSERT INTO `client` (`id`, `client_code`, `client_name`, `email`, `is_active`, `created_on`, `modified_on`, `tenant_id`) VALUES ('92817be3-5eca-4cdc-ab9b-2bb8d5f89e60', 1027, 'Howard-Shields', 'info@howardshields.com', 1, '2025-07-01 10:48:56', '2025-07-01 10:48:56', 'df234305-8a47-4b4d-8efb-716a6b695428');
INSERT INTO `department` (`uuid`, `department`, `client_id`, `tenant_id`, `created_on`, `modified_on`) VALUES ('11c29925-2496-45c6-9ff4-74771a160190', 'Civil Systems', '92817be3-5eca-4cdc-ab9b-2bb8d5f89e60', 'df234305-8a47-4b4d-8efb-716a6b695428', '2025-07-01 10:48:56', '2025-07-01 10:48:56');
INSERT INTO `department` (`uuid`, `department`, `client_id`, `tenant_id`, `created_on`, `modified_on`) VALUES ('0339bfcd-4183-4025-9e81-ec8616df5485', 'Cybersecurity', '92817be3-5eca-4cdc-ab9b-2bb8d5f89e60', 'df234305-8a47-4b4d-8efb-716a6b695428', '2025-07-01 10:48:56', '2025-07-01 10:48:56');
INSERT INTO `department` (`uuid`, `department`, `client_id`, `tenant_id`, `created_on`, `modified_on`) VALUES ('3f082673-d90b-4899-9982-cb25bc9a4cde', 'AI Solutions', '92817be3-5eca-4cdc-ab9b-2bb8d5f89e60', 'df234305-8a47-4b4d-8efb-716a6b695428', '2025-07-01 10:48:56', '2025-07-01 10:48:56');
INSERT INTO `department` (`uuid`, `department`, `client_id`, `tenant_id`, `created_on`, `modified_on`) VALUES ('bc57217b-b603-4a61-ba29-78c17bee0457', 'Robotics', '92817be3-5eca-4cdc-ab9b-2bb8d5f89e60', 'df234305-8a47-4b4d-8efb-716a6b695428', '2025-07-01 10:48:56', '2025-07-01 10:48:56');
INSERT INTO `department` (`uuid`, `department`, `client_id`, `tenant_id`, `created_on`, `modified_on`) VALUES ('1d4f33fd-7d7a-4eb3-9ba4-4907f16e9d59', 'Aerospace', '92817be3-5eca-4cdc-ab9b-2bb8d5f89e60', 'df234305-8a47-4b4d-8efb-716a6b695428', '2025-07-01 10:48:56', '2025-07-01 10:48:56');
INSERT INTO `department` (`uuid`, `department`, `client_id`, `tenant_id`, `created_on`, `modified_on`) VALUES ('b523646b-7713-4129-96a8-5ef73659d5b9', 'Biomedical', '92817be3-5eca-4cdc-ab9b-2bb8d5f89e60', 'df234305-8a47-4b4d-8efb-716a6b695428', '2025-07-01 10:48:56', '2025-07-01 10:48:56');
INSERT INTO `client_division` (`id`, `division_name`, `client_id`, `is_active`, `created_on`, `modified_on`, `tenant_id`) VALUES ('bff3a8fa-8ef1-49c6-9f34-40c7b1890f9e', 'Product Dev', '92817be3-5eca-4cdc-ab9b-2bb8d5f89e60', 1, '2025-07-01 10:48:56', '2025-07-01 10:48:56', 'df234305-8a47-4b4d-8efb-716a6b695428');
INSERT INTO `client_division` (`id`, `division_name`, `client_id`, `is_active`, `created_on`, `modified_on`, `tenant_id`) VALUES ('f0a06c27-c2d2-4c97-8809-d1e248a3b387', 'Core Tech', '92817be3-5eca-4cdc-ab9b-2bb8d5f89e60', 1, '2025-07-01 10:48:56', '2025-07-01 10:48:56', 'df234305-8a47-4b4d-8efb-716a6b695428');
INSERT INTO `client_division` (`id`, `division_name`, `client_id`, `is_active`, `created_on`, `modified_on`, `tenant_id`) VALUES ('53faec3a-ec0d-4612-982c-b9e57754c0d7', 'R&D', '92817be3-5eca-4cdc-ab9b-2bb8d5f89e60', 1, '2025-07-01 10:48:56', '2025-07-01 10:48:56', 'df234305-8a47-4b4d-8efb-716a6b695428');
INSERT INTO `client_division` (`id`, `division_name`, `client_id`, `is_active`, `created_on`, `modified_on`, `tenant_id`) VALUES ('6ae22ba4-4cd3-49b4-be20-37281690e548', 'Engineering', '92817be3-5eca-4cdc-ab9b-2bb8d5f89e60', 1, '2025-07-01 10:48:56', '2025-07-01 10:48:56', 'df234305-8a47-4b4d-8efb-716a6b695428');
INSERT INTO `client_division` (`id`, `division_name`, `client_id`, `is_active`, `created_on`, `modified_on`, `tenant_id`) VALUES ('c6f8948e-49e6-4287-8165-4f47753a10ab', 'Innovation Lab', '92817be3-5eca-4cdc-ab9b-2bb8d5f89e60', 1, '2025-07-01 10:48:56', '2025-07-01 10:48:56', 'df234305-8a47-4b4d-8efb-716a6b695428');
INSERT INTO `client` (`id`, `client_code`, `client_name`, `email`, `is_active`, `created_on`, `modified_on`, `tenant_id`) VALUES ('d57a96ea-1232-4a2a-8a26-c455674c3b92', 1028, 'Cooper PLC', 'info@cooperplc.com', 1, '2025-07-01 10:48:56', '2025-07-01 10:48:56', 'df234305-8a47-4b4d-8efb-716a6b695428');
INSERT INTO `department` (`uuid`, `department`, `client_id`, `tenant_id`, `created_on`, `modified_on`) VALUES ('fa42d01a-9e4d-4b41-8cb1-dde0f79cc1ac', 'Civil Systems', 'd57a96ea-1232-4a2a-8a26-c455674c3b92', 'df234305-8a47-4b4d-8efb-716a6b695428', '2025-07-01 10:48:56', '2025-07-01 10:48:56');
INSERT INTO `department` (`uuid`, `department`, `client_id`, `tenant_id`, `created_on`, `modified_on`) VALUES ('cc2d3e3f-6fd2-4c7a-9aa8-16b850b4440d', 'Cybersecurity', 'd57a96ea-1232-4a2a-8a26-c455674c3b92', 'df234305-8a47-4b4d-8efb-716a6b695428', '2025-07-01 10:48:56', '2025-07-01 10:48:56');
INSERT INTO `department` (`uuid`, `department`, `client_id`, `tenant_id`, `created_on`, `modified_on`) VALUES ('50e47e0c-803c-43c9-87f4-c0ee6733922d', 'Biomedical', 'd57a96ea-1232-4a2a-8a26-c455674c3b92', 'df234305-8a47-4b4d-8efb-716a6b695428', '2025-07-01 10:48:56', '2025-07-01 10:48:56');
INSERT INTO `department` (`uuid`, `department`, `client_id`, `tenant_id`, `created_on`, `modified_on`) VALUES ('172c7d4d-0427-47f2-bad6-0418b2aa38bb', 'AI Solutions', 'd57a96ea-1232-4a2a-8a26-c455674c3b92', 'df234305-8a47-4b4d-8efb-716a6b695428', '2025-07-01 10:48:56', '2025-07-01 10:48:56');
INSERT INTO `department` (`uuid`, `department`, `client_id`, `tenant_id`, `created_on`, `modified_on`) VALUES ('e76b8c0a-e315-45fa-bc5e-962c015bb4f1', 'Aerospace', 'd57a96ea-1232-4a2a-8a26-c455674c3b92', 'df234305-8a47-4b4d-8efb-716a6b695428', '2025-07-01 10:48:56', '2025-07-01 10:48:56');
INSERT INTO `department` (`uuid`, `department`, `client_id`, `tenant_id`, `created_on`, `modified_on`) VALUES ('3dd248fe-4cbd-4862-bd7d-817d2ab9bba4', 'Robotics', 'd57a96ea-1232-4a2a-8a26-c455674c3b92', 'df234305-8a47-4b4d-8efb-716a6b695428', '2025-07-01 10:48:56', '2025-07-01 10:48:56');
INSERT INTO `client_division` (`id`, `division_name`, `client_id`, `is_active`, `created_on`, `modified_on`, `tenant_id`) VALUES ('bde83035-b850-4b73-a360-27974c806c45', 'Engineering', 'd57a96ea-1232-4a2a-8a26-c455674c3b92', 1, '2025-07-01 10:48:56', '2025-07-01 10:48:56', 'df234305-8a47-4b4d-8efb-716a6b695428');
INSERT INTO `client_division` (`id`, `division_name`, `client_id`, `is_active`, `created_on`, `modified_on`, `tenant_id`) VALUES ('7827c294-933d-4020-8f51-a6879743bf54', 'R&D', 'd57a96ea-1232-4a2a-8a26-c455674c3b92', 1, '2025-07-01 10:48:56', '2025-07-01 10:48:56', 'df234305-8a47-4b4d-8efb-716a6b695428');
INSERT INTO `client_division` (`id`, `division_name`, `client_id`, `is_active`, `created_on`, `modified_on`, `tenant_id`) VALUES ('24dde616-f8a2-4a0c-a01b-4ef878f40316', 'Innovation Lab', 'd57a96ea-1232-4a2a-8a26-c455674c3b92', 1, '2025-07-01 10:48:56', '2025-07-01 10:48:56', 'df234305-8a47-4b4d-8efb-716a6b695428');
INSERT INTO `client_division` (`id`, `division_name`, `client_id`, `is_active`, `created_on`, `modified_on`, `tenant_id`) VALUES ('4fa4469a-71a7-4feb-9bb3-0a80d06aee68', 'Product Dev', 'd57a96ea-1232-4a2a-8a26-c455674c3b92', 1, '2025-07-01 10:48:56', '2025-07-01 10:48:56', 'df234305-8a47-4b4d-8efb-716a6b695428');
INSERT INTO `client_division` (`id`, `division_name`, `client_id`, `is_active`, `created_on`, `modified_on`, `tenant_id`) VALUES ('738c322b-1260-47a5-9824-be4e4a86e8d0', 'Core Tech', 'd57a96ea-1232-4a2a-8a26-c455674c3b92', 1, '2025-07-01 10:48:56', '2025-07-01 10:48:56', 'df234305-8a47-4b4d-8efb-716a6b695428');
INSERT INTO `client` (`id`, `client_code`, `client_name`, `email`, `is_active`, `created_on`, `modified_on`, `tenant_id`) VALUES ('b210d1aa-0896-4f5a-964a-34326aca00f2', 1029, 'Ward, Johns and Carroll', 'info@wardjohnsandcarroll.com', 1, '2025-07-01 10:48:56', '2025-07-01 10:48:56', 'df234305-8a47-4b4d-8efb-716a6b695428');
INSERT INTO `department` (`uuid`, `department`, `client_id`, `tenant_id`, `created_on`, `modified_on`) VALUES ('7e0287bf-6320-48d0-b7cb-1c24511df9a0', 'Cybersecurity', 'b210d1aa-0896-4f5a-964a-34326aca00f2', 'df234305-8a47-4b4d-8efb-716a6b695428', '2025-07-01 10:48:56', '2025-07-01 10:48:56');
INSERT INTO `department` (`uuid`, `department`, `client_id`, `tenant_id`, `created_on`, `modified_on`) VALUES ('0b54bfb6-4905-42ef-a896-4a08270ff361', 'Aerospace', 'b210d1aa-0896-4f5a-964a-34326aca00f2', 'df234305-8a47-4b4d-8efb-716a6b695428', '2025-07-01 10:48:56', '2025-07-01 10:48:56');
INSERT INTO `department` (`uuid`, `department`, `client_id`, `tenant_id`, `created_on`, `modified_on`) VALUES ('04d6f1ef-bb76-4034-88a5-2ca511788128', 'AI Solutions', 'b210d1aa-0896-4f5a-964a-34326aca00f2', 'df234305-8a47-4b4d-8efb-716a6b695428', '2025-07-01 10:48:56', '2025-07-01 10:48:56');
INSERT INTO `department` (`uuid`, `department`, `client_id`, `tenant_id`, `created_on`, `modified_on`) VALUES ('852dfc04-f8c8-4e0e-9fc8-d9bda981a6f3', 'Robotics', 'b210d1aa-0896-4f5a-964a-34326aca00f2', 'df234305-8a47-4b4d-8efb-716a6b695428', '2025-07-01 10:48:56', '2025-07-01 10:48:56');
INSERT INTO `department` (`uuid`, `department`, `client_id`, `tenant_id`, `created_on`, `modified_on`) VALUES ('dc9c7765-2ef2-4d68-be36-6f5e825321f0', 'Biomedical', 'b210d1aa-0896-4f5a-964a-34326aca00f2', 'df234305-8a47-4b4d-8efb-716a6b695428', '2025-07-01 10:48:56', '2025-07-01 10:48:56');
INSERT INTO `department` (`uuid`, `department`, `client_id`, `tenant_id`, `created_on`, `modified_on`) VALUES ('249f3c6b-2061-4de6-af8d-6f170f84cf96', 'Civil Systems', 'b210d1aa-0896-4f5a-964a-34326aca00f2', 'df234305-8a47-4b4d-8efb-716a6b695428', '2025-07-01 10:48:56', '2025-07-01 10:48:56');
INSERT INTO `client_division` (`id`, `division_name`, `client_id`, `is_active`, `created_on`, `modified_on`, `tenant_id`) VALUES ('b691230c-1c8a-460f-bc20-6d354c4fc7c3', 'Product Dev', 'b210d1aa-0896-4f5a-964a-34326aca00f2', 1, '2025-07-01 10:48:56', '2025-07-01 10:48:56', 'df234305-8a47-4b4d-8efb-716a6b695428');
INSERT INTO `client_division` (`id`, `division_name`, `client_id`, `is_active`, `created_on`, `modified_on`, `tenant_id`) VALUES ('0c95277e-ea69-40cb-88ba-07a2128831ed', 'R&D', 'b210d1aa-0896-4f5a-964a-34326aca00f2', 1, '2025-07-01 10:48:56', '2025-07-01 10:48:56', 'df234305-8a47-4b4d-8efb-716a6b695428');
INSERT INTO `client_division` (`id`, `division_name`, `client_id`, `is_active`, `created_on`, `modified_on`, `tenant_id`) VALUES ('0d1a8862-8c27-423a-a77d-e21f7b005370', 'Engineering', 'b210d1aa-0896-4f5a-964a-34326aca00f2', 1, '2025-07-01 10:48:56', '2025-07-01 10:48:56', 'df234305-8a47-4b4d-8efb-716a6b695428');
INSERT INTO `client_division` (`id`, `division_name`, `client_id`, `is_active`, `created_on`, `modified_on`, `tenant_id`) VALUES ('4e87d056-0e45-4a36-810a-c3c4dc088470', 'Innovation Lab', 'b210d1aa-0896-4f5a-964a-34326aca00f2', 1, '2025-07-01 10:48:56', '2025-07-01 10:48:56', 'df234305-8a47-4b4d-8efb-716a6b695428');
INSERT INTO `client_division` (`id`, `division_name`, `client_id`, `is_active`, `created_on`, `modified_on`, `tenant_id`) VALUES ('60ab3038-3b8e-49b9-b542-f248610a5ac6', 'Core Tech', 'b210d1aa-0896-4f5a-964a-34326aca00f2', 1, '2025-07-01 10:48:56', '2025-07-01 10:48:56', 'df234305-8a47-4b4d-8efb-716a6b695428');
INSERT INTO `client` (`id`, `client_code`, `client_name`, `email`, `is_active`, `created_on`, `modified_on`, `tenant_id`) VALUES ('8848d6fc-42c3-4cc2-8cd6-27170ed70c54', 1030, 'Ali-Hill', 'info@alihill.com', 1, '2025-07-01 10:48:56', '2025-07-01 10:48:56', 'df234305-8a47-4b4d-8efb-716a6b695428');
INSERT INTO `department` (`uuid`, `department`, `client_id`, `tenant_id`, `created_on`, `modified_on`) VALUES ('425cf4e1-eac3-4f66-9436-3bc0cd33b516', 'Civil Systems', '8848d6fc-42c3-4cc2-8cd6-27170ed70c54', 'df234305-8a47-4b4d-8efb-716a6b695428', '2025-07-01 10:48:56', '2025-07-01 10:48:56');
INSERT INTO `department` (`uuid`, `department`, `client_id`, `tenant_id`, `created_on`, `modified_on`) VALUES ('e2c4c5d8-b827-4941-ae45-8e5b375e5539', 'Biomedical', '8848d6fc-42c3-4cc2-8cd6-27170ed70c54', 'df234305-8a47-4b4d-8efb-716a6b695428', '2025-07-01 10:48:56', '2025-07-01 10:48:56');
INSERT INTO `department` (`uuid`, `department`, `client_id`, `tenant_id`, `created_on`, `modified_on`) VALUES ('0811abcf-ccea-44d7-a366-4b917d6c4f5c', 'Robotics', '8848d6fc-42c3-4cc2-8cd6-27170ed70c54', 'df234305-8a47-4b4d-8efb-716a6b695428', '2025-07-01 10:48:56', '2025-07-01 10:48:56');
INSERT INTO `department` (`uuid`, `department`, `client_id`, `tenant_id`, `created_on`, `modified_on`) VALUES ('516c7fcc-c77f-4876-adb1-6b36d4af054b', 'AI Solutions', '8848d6fc-42c3-4cc2-8cd6-27170ed70c54', 'df234305-8a47-4b4d-8efb-716a6b695428', '2025-07-01 10:48:56', '2025-07-01 10:48:56');
INSERT INTO `department` (`uuid`, `department`, `client_id`, `tenant_id`, `created_on`, `modified_on`) VALUES ('85d71859-35f8-47ad-8f12-abdc095bb6ff', 'Cybersecurity', '8848d6fc-42c3-4cc2-8cd6-27170ed70c54', 'df234305-8a47-4b4d-8efb-716a6b695428', '2025-07-01 10:48:56', '2025-07-01 10:48:56');
INSERT INTO `department` (`uuid`, `department`, `client_id`, `tenant_id`, `created_on`, `modified_on`) VALUES ('44965610-d1d7-4480-82b8-94ba8433b660', 'Aerospace', '8848d6fc-42c3-4cc2-8cd6-27170ed70c54', 'df234305-8a47-4b4d-8efb-716a6b695428', '2025-07-01 10:48:56', '2025-07-01 10:48:56');
INSERT INTO `client_division` (`id`, `division_name`, `client_id`, `is_active`, `created_on`, `modified_on`, `tenant_id`) VALUES ('b04aae27-e6cb-4c6e-9262-7e476944b3e5', 'Engineering', '8848d6fc-42c3-4cc2-8cd6-27170ed70c54', 1, '2025-07-01 10:48:56', '2025-07-01 10:48:56', 'df234305-8a47-4b4d-8efb-716a6b695428');
INSERT INTO `client_division` (`id`, `division_name`, `client_id`, `is_active`, `created_on`, `modified_on`, `tenant_id`) VALUES ('b752ae7a-459d-473b-96f7-cc8d167d68b7', 'R&D', '8848d6fc-42c3-4cc2-8cd6-27170ed70c54', 1, '2025-07-01 10:48:56', '2025-07-01 10:48:56', 'df234305-8a47-4b4d-8efb-716a6b695428');
INSERT INTO `client_division` (`id`, `division_name`, `client_id`, `is_active`, `created_on`, `modified_on`, `tenant_id`) VALUES ('7d84c1ac-ff2c-4d5e-b6b9-edf794e11339', 'Product Dev', '8848d6fc-42c3-4cc2-8cd6-27170ed70c54', 1, '2025-07-01 10:48:56', '2025-07-01 10:48:56', 'df234305-8a47-4b4d-8efb-716a6b695428');
INSERT INTO `client_division` (`id`, `division_name`, `client_id`, `is_active`, `created_on`, `modified_on`, `tenant_id`) VALUES ('ae21c385-d2ba-4fd1-be16-17a0f1e7771a', 'Core Tech', '8848d6fc-42c3-4cc2-8cd6-27170ed70c54', 1, '2025-07-01 10:48:56', '2025-07-01 10:48:56', 'df234305-8a47-4b4d-8efb-716a6b695428');
INSERT INTO `client_division` (`id`, `division_name`, `client_id`, `is_active`, `created_on`, `modified_on`, `tenant_id`) VALUES ('18953506-6cf9-4a18-9c31-dbb218747d72', 'Innovation Lab', '8848d6fc-42c3-4cc2-8cd6-27170ed70c54', 1, '2025-07-01 10:48:56', '2025-07-01 10:48:56', 'df234305-8a47-4b4d-8efb-716a6b695428');
INSERT INTO `client` (`id`, `client_code`, `client_name`, `email`, `is_active`, `created_on`, `modified_on`, `tenant_id`) VALUES ('ae29e8bd-6bc0-4089-9c48-6c34dc288917', 1031, 'King, Wilson and King', 'info@kingwilsonandking.com', 1, '2025-07-01 10:48:56', '2025-07-01 10:48:56', 'df234305-8a47-4b4d-8efb-716a6b695428');
INSERT INTO `department` (`uuid`, `department`, `client_id`, `tenant_id`, `created_on`, `modified_on`) VALUES ('52b4a3ff-1452-4021-8d56-dc0009d1368c', 'Robotics', 'ae29e8bd-6bc0-4089-9c48-6c34dc288917', 'df234305-8a47-4b4d-8efb-716a6b695428', '2025-07-01 10:48:56', '2025-07-01 10:48:56');
INSERT INTO `department` (`uuid`, `department`, `client_id`, `tenant_id`, `created_on`, `modified_on`) VALUES ('4b17c5ef-1cdc-4ace-950e-91d3dde57ef7', 'Cybersecurity', 'ae29e8bd-6bc0-4089-9c48-6c34dc288917', 'df234305-8a47-4b4d-8efb-716a6b695428', '2025-07-01 10:48:56', '2025-07-01 10:48:56');
INSERT INTO `department` (`uuid`, `department`, `client_id`, `tenant_id`, `created_on`, `modified_on`) VALUES ('12bd12fd-8418-40ef-a2f5-0df4e80905ff', 'Civil Systems', 'ae29e8bd-6bc0-4089-9c48-6c34dc288917', 'df234305-8a47-4b4d-8efb-716a6b695428', '2025-07-01 10:48:56', '2025-07-01 10:48:56');
INSERT INTO `department` (`uuid`, `department`, `client_id`, `tenant_id`, `created_on`, `modified_on`) VALUES ('323e45ba-641b-4871-ab63-854f64263d58', 'Aerospace', 'ae29e8bd-6bc0-4089-9c48-6c34dc288917', 'df234305-8a47-4b4d-8efb-716a6b695428', '2025-07-01 10:48:56', '2025-07-01 10:48:56');
INSERT INTO `department` (`uuid`, `department`, `client_id`, `tenant_id`, `created_on`, `modified_on`) VALUES ('90c0a295-c113-4750-9ee7-15ef8ab53eff', 'AI Solutions', 'ae29e8bd-6bc0-4089-9c48-6c34dc288917', 'df234305-8a47-4b4d-8efb-716a6b695428', '2025-07-01 10:48:56', '2025-07-01 10:48:56');
INSERT INTO `department` (`uuid`, `department`, `client_id`, `tenant_id`, `created_on`, `modified_on`) VALUES ('f4f6a443-2617-4011-9a8f-ca24261f1c60', 'Biomedical', 'ae29e8bd-6bc0-4089-9c48-6c34dc288917', 'df234305-8a47-4b4d-8efb-716a6b695428', '2025-07-01 10:48:56', '2025-07-01 10:48:56');
INSERT INTO `client_division` (`id`, `division_name`, `client_id`, `is_active`, `created_on`, `modified_on`, `tenant_id`) VALUES ('de87c91b-04ab-4faa-9c0f-f45512e9d02f', 'Innovation Lab', 'ae29e8bd-6bc0-4089-9c48-6c34dc288917', 1, '2025-07-01 10:48:56', '2025-07-01 10:48:56', 'df234305-8a47-4b4d-8efb-716a6b695428');
INSERT INTO `client_division` (`id`, `division_name`, `client_id`, `is_active`, `created_on`, `modified_on`, `tenant_id`) VALUES ('ecc0264e-4741-4600-8758-480c8bb1b147', 'Core Tech', 'ae29e8bd-6bc0-4089-9c48-6c34dc288917', 1, '2025-07-01 10:48:56', '2025-07-01 10:48:56', 'df234305-8a47-4b4d-8efb-716a6b695428');
INSERT INTO `client_division` (`id`, `division_name`, `client_id`, `is_active`, `created_on`, `modified_on`, `tenant_id`) VALUES ('178cc684-7a41-4f1a-bc53-0daef99af67b', 'Engineering', 'ae29e8bd-6bc0-4089-9c48-6c34dc288917', 1, '2025-07-01 10:48:56', '2025-07-01 10:48:56', 'df234305-8a47-4b4d-8efb-716a6b695428');
INSERT INTO `client_division` (`id`, `division_name`, `client_id`, `is_active`, `created_on`, `modified_on`, `tenant_id`) VALUES ('efd54c7e-13e0-48b7-908f-d7ce8dbf5452', 'Product Dev', 'ae29e8bd-6bc0-4089-9c48-6c34dc288917', 1, '2025-07-01 10:48:56', '2025-07-01 10:48:56', 'df234305-8a47-4b4d-8efb-716a6b695428');
INSERT INTO `client_division` (`id`, `division_name`, `client_id`, `is_active`, `created_on`, `modified_on`, `tenant_id`) VALUES ('4d7c30b2-9301-491c-bd60-3a91a0ce7ee1', 'R&D', 'ae29e8bd-6bc0-4089-9c48-6c34dc288917', 1, '2025-07-01 10:48:56', '2025-07-01 10:48:56', 'df234305-8a47-4b4d-8efb-716a6b695428');
INSERT INTO `client` (`id`, `client_code`, `client_name`, `email`, `is_active`, `created_on`, `modified_on`, `tenant_id`) VALUES ('1f73c5a5-ac0d-4056-9f3a-c87537ff02d5', 1032, 'Barnes Group', 'info@barnesgroup.com', 1, '2025-07-01 10:48:56', '2025-07-01 10:48:56', 'df234305-8a47-4b4d-8efb-716a6b695428');
INSERT INTO `department` (`uuid`, `department`, `client_id`, `tenant_id`, `created_on`, `modified_on`) VALUES ('49305ab4-d72d-46b4-80ec-934317e1122e', 'Biomedical', '1f73c5a5-ac0d-4056-9f3a-c87537ff02d5', 'df234305-8a47-4b4d-8efb-716a6b695428', '2025-07-01 10:48:56', '2025-07-01 10:48:56');
INSERT INTO `department` (`uuid`, `department`, `client_id`, `tenant_id`, `created_on`, `modified_on`) VALUES ('632253d3-47de-4525-ac51-e95595f11588', 'Robotics', '1f73c5a5-ac0d-4056-9f3a-c87537ff02d5', 'df234305-8a47-4b4d-8efb-716a6b695428', '2025-07-01 10:48:56', '2025-07-01 10:48:56');
INSERT INTO `department` (`uuid`, `department`, `client_id`, `tenant_id`, `created_on`, `modified_on`) VALUES ('37cd84a3-59cd-4223-9b63-67e527a1f48f', 'Cybersecurity', '1f73c5a5-ac0d-4056-9f3a-c87537ff02d5', 'df234305-8a47-4b4d-8efb-716a6b695428', '2025-07-01 10:48:56', '2025-07-01 10:48:56');
INSERT INTO `department` (`uuid`, `department`, `client_id`, `tenant_id`, `created_on`, `modified_on`) VALUES ('bcccd2df-6dbf-4f42-b02e-678aa060ad7f', 'Aerospace', '1f73c5a5-ac0d-4056-9f3a-c87537ff02d5', 'df234305-8a47-4b4d-8efb-716a6b695428', '2025-07-01 10:48:56', '2025-07-01 10:48:56');
INSERT INTO `department` (`uuid`, `department`, `client_id`, `tenant_id`, `created_on`, `modified_on`) VALUES ('566debbe-1775-4db4-a0d1-99d35bf609b4', 'Civil Systems', '1f73c5a5-ac0d-4056-9f3a-c87537ff02d5', 'df234305-8a47-4b4d-8efb-716a6b695428', '2025-07-01 10:48:56', '2025-07-01 10:48:56');
INSERT INTO `department` (`uuid`, `department`, `client_id`, `tenant_id`, `created_on`, `modified_on`) VALUES ('7a8c7f41-3a3c-46f1-95e0-deb4103e05d6', 'AI Solutions', '1f73c5a5-ac0d-4056-9f3a-c87537ff02d5', 'df234305-8a47-4b4d-8efb-716a6b695428', '2025-07-01 10:48:56', '2025-07-01 10:48:56');
INSERT INTO `client_division` (`id`, `division_name`, `client_id`, `is_active`, `created_on`, `modified_on`, `tenant_id`) VALUES ('5c321ea7-6605-44ec-bc40-5e43228aaf4e', 'Innovation Lab', '1f73c5a5-ac0d-4056-9f3a-c87537ff02d5', 1, '2025-07-01 10:48:56', '2025-07-01 10:48:56', 'df234305-8a47-4b4d-8efb-716a6b695428');
INSERT INTO `client_division` (`id`, `division_name`, `client_id`, `is_active`, `created_on`, `modified_on`, `tenant_id`) VALUES ('c91e7714-cf9d-49f3-a3b9-f3f41ecfa648', 'Core Tech', '1f73c5a5-ac0d-4056-9f3a-c87537ff02d5', 1, '2025-07-01 10:48:56', '2025-07-01 10:48:56', 'df234305-8a47-4b4d-8efb-716a6b695428');
INSERT INTO `client_division` (`id`, `division_name`, `client_id`, `is_active`, `created_on`, `modified_on`, `tenant_id`) VALUES ('3cefa3ac-31cc-4e98-bf74-8d3c2fc04d51', 'Product Dev', '1f73c5a5-ac0d-4056-9f3a-c87537ff02d5', 1, '2025-07-01 10:48:56', '2025-07-01 10:48:56', 'df234305-8a47-4b4d-8efb-716a6b695428');
INSERT INTO `client_division` (`id`, `division_name`, `client_id`, `is_active`, `created_on`, `modified_on`, `tenant_id`) VALUES ('cfbf9c5b-54d5-4740-a9ec-443998451846', 'Engineering', '1f73c5a5-ac0d-4056-9f3a-c87537ff02d5', 1, '2025-07-01 10:48:56', '2025-07-01 10:48:56', 'df234305-8a47-4b4d-8efb-716a6b695428');
INSERT INTO `client_division` (`id`, `division_name`, `client_id`, `is_active`, `created_on`, `modified_on`, `tenant_id`) VALUES ('1936a50b-8a65-4593-8b2c-99966873a64b', 'R&D', '1f73c5a5-ac0d-4056-9f3a-c87537ff02d5', 1, '2025-07-01 10:48:56', '2025-07-01 10:48:56', 'df234305-8a47-4b4d-8efb-716a6b695428');
INSERT INTO `client` (`id`, `client_code`, `client_name`, `email`, `is_active`, `created_on`, `modified_on`, `tenant_id`) VALUES ('8efd6e8c-b2fc-4bcf-a238-bffd03a0729e', 1033, 'Dodson, Hernandez and Gonzalez', 'info@dodsonhernandezandgonzalez.com', 1, '2025-07-01 10:48:56', '2025-07-01 10:48:56', 'df234305-8a47-4b4d-8efb-716a6b695428');
INSERT INTO `department` (`uuid`, `department`, `client_id`, `tenant_id`, `created_on`, `modified_on`) VALUES ('4f5e6464-0ad7-4a61-b81a-ee92ddc4644f', 'AI Solutions', '8efd6e8c-b2fc-4bcf-a238-bffd03a0729e', 'df234305-8a47-4b4d-8efb-716a6b695428', '2025-07-01 10:48:56', '2025-07-01 10:48:56');
INSERT INTO `department` (`uuid`, `department`, `client_id`, `tenant_id`, `created_on`, `modified_on`) VALUES ('9db4fbc6-a8a1-406d-bd91-6c62798212bf', 'Aerospace', '8efd6e8c-b2fc-4bcf-a238-bffd03a0729e', 'df234305-8a47-4b4d-8efb-716a6b695428', '2025-07-01 10:48:56', '2025-07-01 10:48:56');
INSERT INTO `department` (`uuid`, `department`, `client_id`, `tenant_id`, `created_on`, `modified_on`) VALUES ('e1ad2804-920c-4be6-955d-89e769425036', 'Civil Systems', '8efd6e8c-b2fc-4bcf-a238-bffd03a0729e', 'df234305-8a47-4b4d-8efb-716a6b695428', '2025-07-01 10:48:56', '2025-07-01 10:48:56');
INSERT INTO `department` (`uuid`, `department`, `client_id`, `tenant_id`, `created_on`, `modified_on`) VALUES ('b783a4d0-895f-483c-97ad-206abfb2aa6b', 'Cybersecurity', '8efd6e8c-b2fc-4bcf-a238-bffd03a0729e', 'df234305-8a47-4b4d-8efb-716a6b695428', '2025-07-01 10:48:56', '2025-07-01 10:48:56');
INSERT INTO `department` (`uuid`, `department`, `client_id`, `tenant_id`, `created_on`, `modified_on`) VALUES ('7bf4541f-eb41-4b9a-8c28-c8a471641274', 'Biomedical', '8efd6e8c-b2fc-4bcf-a238-bffd03a0729e', 'df234305-8a47-4b4d-8efb-716a6b695428', '2025-07-01 10:48:56', '2025-07-01 10:48:56');
INSERT INTO `department` (`uuid`, `department`, `client_id`, `tenant_id`, `created_on`, `modified_on`) VALUES ('827dc08c-e4ac-4444-9805-a33b47523500', 'Robotics', '8efd6e8c-b2fc-4bcf-a238-bffd03a0729e', 'df234305-8a47-4b4d-8efb-716a6b695428', '2025-07-01 10:48:56', '2025-07-01 10:48:56');
INSERT INTO `client_division` (`id`, `division_name`, `client_id`, `is_active`, `created_on`, `modified_on`, `tenant_id`) VALUES ('ceebd9f6-9fd2-4f64-8793-3fe269c69a10', 'Innovation Lab', '8efd6e8c-b2fc-4bcf-a238-bffd03a0729e', 1, '2025-07-01 10:48:56', '2025-07-01 10:48:56', 'df234305-8a47-4b4d-8efb-716a6b695428');
INSERT INTO `client_division` (`id`, `division_name`, `client_id`, `is_active`, `created_on`, `modified_on`, `tenant_id`) VALUES ('529ef4c0-5a4b-4f1c-be3e-abdaa9e5c082', 'Core Tech', '8efd6e8c-b2fc-4bcf-a238-bffd03a0729e', 1, '2025-07-01 10:48:56', '2025-07-01 10:48:56', 'df234305-8a47-4b4d-8efb-716a6b695428');
INSERT INTO `client_division` (`id`, `division_name`, `client_id`, `is_active`, `created_on`, `modified_on`, `tenant_id`) VALUES ('7b752bdf-a835-44c9-9337-7aa21ac6a89f', 'Product Dev', '8efd6e8c-b2fc-4bcf-a238-bffd03a0729e', 1, '2025-07-01 10:48:56', '2025-07-01 10:48:56', 'df234305-8a47-4b4d-8efb-716a6b695428');
INSERT INTO `client_division` (`id`, `division_name`, `client_id`, `is_active`, `created_on`, `modified_on`, `tenant_id`) VALUES ('04f96a79-c031-46aa-8b46-959af314c63a', 'Engineering', '8efd6e8c-b2fc-4bcf-a238-bffd03a0729e', 1, '2025-07-01 10:48:56', '2025-07-01 10:48:56', 'df234305-8a47-4b4d-8efb-716a6b695428');
INSERT INTO `client_division` (`id`, `division_name`, `client_id`, `is_active`, `created_on`, `modified_on`, `tenant_id`) VALUES ('9cf031f9-271e-49ed-8ed0-81e2583e11db', 'R&D', '8efd6e8c-b2fc-4bcf-a238-bffd03a0729e', 1, '2025-07-01 10:48:56', '2025-07-01 10:48:56', 'df234305-8a47-4b4d-8efb-716a6b695428');
INSERT INTO `client` (`id`, `client_code`, `client_name`, `email`, `is_active`, `created_on`, `modified_on`, `tenant_id`) VALUES ('57e91b37-8794-44aa-b26d-26571f49d71b', 1034, 'Brown LLC', 'info@brownllc.com', 1, '2025-07-01 10:48:56', '2025-07-01 10:48:56', 'df234305-8a47-4b4d-8efb-716a6b695428');
INSERT INTO `department` (`uuid`, `department`, `client_id`, `tenant_id`, `created_on`, `modified_on`) VALUES ('ea4df89c-9491-4fc3-95d6-f963e7c80e18', 'Aerospace', '57e91b37-8794-44aa-b26d-26571f49d71b', 'df234305-8a47-4b4d-8efb-716a6b695428', '2025-07-01 10:48:56', '2025-07-01 10:48:56');
INSERT INTO `department` (`uuid`, `department`, `client_id`, `tenant_id`, `created_on`, `modified_on`) VALUES ('504232a0-bc1a-4b9e-921d-9153951feb0f', 'Robotics', '57e91b37-8794-44aa-b26d-26571f49d71b', 'df234305-8a47-4b4d-8efb-716a6b695428', '2025-07-01 10:48:56', '2025-07-01 10:48:56');
INSERT INTO `department` (`uuid`, `department`, `client_id`, `tenant_id`, `created_on`, `modified_on`) VALUES ('890e1d42-b2f1-42a0-bec2-2a53950716a7', 'AI Solutions', '57e91b37-8794-44aa-b26d-26571f49d71b', 'df234305-8a47-4b4d-8efb-716a6b695428', '2025-07-01 10:48:56', '2025-07-01 10:48:56');
INSERT INTO `department` (`uuid`, `department`, `client_id`, `tenant_id`, `created_on`, `modified_on`) VALUES ('2798dc1d-a0dc-49a8-a74a-8799f5f28a60', 'Civil Systems', '57e91b37-8794-44aa-b26d-26571f49d71b', 'df234305-8a47-4b4d-8efb-716a6b695428', '2025-07-01 10:48:56', '2025-07-01 10:48:56');
INSERT INTO `department` (`uuid`, `department`, `client_id`, `tenant_id`, `created_on`, `modified_on`) VALUES ('03d2d705-4522-4109-b942-87322a984e7f', 'Cybersecurity', '57e91b37-8794-44aa-b26d-26571f49d71b', 'df234305-8a47-4b4d-8efb-716a6b695428', '2025-07-01 10:48:56', '2025-07-01 10:48:56');
INSERT INTO `department` (`uuid`, `department`, `client_id`, `tenant_id`, `created_on`, `modified_on`) VALUES ('ab579afb-20ed-4a29-a396-34cb793a76c0', 'Biomedical', '57e91b37-8794-44aa-b26d-26571f49d71b', 'df234305-8a47-4b4d-8efb-716a6b695428', '2025-07-01 10:48:56', '2025-07-01 10:48:56');
INSERT INTO `client_division` (`id`, `division_name`, `client_id`, `is_active`, `created_on`, `modified_on`, `tenant_id`) VALUES ('9985c327-71f2-4433-8d10-9146baab0ef0', 'R&D', '57e91b37-8794-44aa-b26d-26571f49d71b', 1, '2025-07-01 10:48:56', '2025-07-01 10:48:56', 'df234305-8a47-4b4d-8efb-716a6b695428');
INSERT INTO `client_division` (`id`, `division_name`, `client_id`, `is_active`, `created_on`, `modified_on`, `tenant_id`) VALUES ('aebeda9b-9aff-42bf-8c92-ab3be20aa2b3', 'Core Tech', '57e91b37-8794-44aa-b26d-26571f49d71b', 1, '2025-07-01 10:48:56', '2025-07-01 10:48:56', 'df234305-8a47-4b4d-8efb-716a6b695428');
INSERT INTO `client_division` (`id`, `division_name`, `client_id`, `is_active`, `created_on`, `modified_on`, `tenant_id`) VALUES ('8c561e46-f112-41df-84d6-f38693ce71d5', 'Innovation Lab', '57e91b37-8794-44aa-b26d-26571f49d71b', 1, '2025-07-01 10:48:56', '2025-07-01 10:48:56', 'df234305-8a47-4b4d-8efb-716a6b695428');
INSERT INTO `client_division` (`id`, `division_name`, `client_id`, `is_active`, `created_on`, `modified_on`, `tenant_id`) VALUES ('3eb709c3-2950-49c7-a03d-3e3586aebbe1', 'Product Dev', '57e91b37-8794-44aa-b26d-26571f49d71b', 1, '2025-07-01 10:48:56', '2025-07-01 10:48:56', 'df234305-8a47-4b4d-8efb-716a6b695428');
INSERT INTO `client_division` (`id`, `division_name`, `client_id`, `is_active`, `created_on`, `modified_on`, `tenant_id`) VALUES ('cd31da18-3a5f-4253-b397-ba05733a2361', 'Engineering', '57e91b37-8794-44aa-b26d-26571f49d71b', 1, '2025-07-01 10:48:56', '2025-07-01 10:48:56', 'df234305-8a47-4b4d-8efb-716a6b695428');
INSERT INTO `client` (`id`, `client_code`, `client_name`, `email`, `is_active`, `created_on`, `modified_on`, `tenant_id`) VALUES ('0b68270e-c507-441f-b11f-63d345f1b897', 1035, 'Watson Group', 'info@watsongroup.com', 1, '2025-07-01 10:48:56', '2025-07-01 10:48:56', 'df234305-8a47-4b4d-8efb-716a6b695428');
INSERT INTO `department` (`uuid`, `department`, `client_id`, `tenant_id`, `created_on`, `modified_on`) VALUES ('41b092ac-17a8-4618-98d4-cc00130cec07', 'Aerospace', '0b68270e-c507-441f-b11f-63d345f1b897', 'df234305-8a47-4b4d-8efb-716a6b695428', '2025-07-01 10:48:56', '2025-07-01 10:48:56');
INSERT INTO `department` (`uuid`, `department`, `client_id`, `tenant_id`, `created_on`, `modified_on`) VALUES ('ed5b3e61-db69-4231-95ae-fdc1edee78f1', 'Civil Systems', '0b68270e-c507-441f-b11f-63d345f1b897', 'df234305-8a47-4b4d-8efb-716a6b695428', '2025-07-01 10:48:56', '2025-07-01 10:48:56');
INSERT INTO `department` (`uuid`, `department`, `client_id`, `tenant_id`, `created_on`, `modified_on`) VALUES ('e32555de-73ac-43a7-b827-bded1bf56b28', 'Biomedical', '0b68270e-c507-441f-b11f-63d345f1b897', 'df234305-8a47-4b4d-8efb-716a6b695428', '2025-07-01 10:48:56', '2025-07-01 10:48:56');
INSERT INTO `department` (`uuid`, `department`, `client_id`, `tenant_id`, `created_on`, `modified_on`) VALUES ('077e18ae-3af8-40b1-9ce1-06896a94ef27', 'Robotics', '0b68270e-c507-441f-b11f-63d345f1b897', 'df234305-8a47-4b4d-8efb-716a6b695428', '2025-07-01 10:48:56', '2025-07-01 10:48:56');
INSERT INTO `department` (`uuid`, `department`, `client_id`, `tenant_id`, `created_on`, `modified_on`) VALUES ('d74bfa58-42d3-418a-8f0c-1809a3d4b3e2', 'Cybersecurity', '0b68270e-c507-441f-b11f-63d345f1b897', 'df234305-8a47-4b4d-8efb-716a6b695428', '2025-07-01 10:48:56', '2025-07-01 10:48:56');
INSERT INTO `department` (`uuid`, `department`, `client_id`, `tenant_id`, `created_on`, `modified_on`) VALUES ('07759a51-2bc3-4420-9720-e43779031b36', 'AI Solutions', '0b68270e-c507-441f-b11f-63d345f1b897', 'df234305-8a47-4b4d-8efb-716a6b695428', '2025-07-01 10:48:56', '2025-07-01 10:48:56');
INSERT INTO `client_division` (`id`, `division_name`, `client_id`, `is_active`, `created_on`, `modified_on`, `tenant_id`) VALUES ('7b90ca94-d3c8-4c39-a474-75fc6315bf2b', 'R&D', '0b68270e-c507-441f-b11f-63d345f1b897', 1, '2025-07-01 10:48:56', '2025-07-01 10:48:56', 'df234305-8a47-4b4d-8efb-716a6b695428');
INSERT INTO `client_division` (`id`, `division_name`, `client_id`, `is_active`, `created_on`, `modified_on`, `tenant_id`) VALUES ('7d08157a-47ac-40ef-a7dd-55ef7eb8eb90', 'Engineering', '0b68270e-c507-441f-b11f-63d345f1b897', 1, '2025-07-01 10:48:56', '2025-07-01 10:48:56', 'df234305-8a47-4b4d-8efb-716a6b695428');
INSERT INTO `client_division` (`id`, `division_name`, `client_id`, `is_active`, `created_on`, `modified_on`, `tenant_id`) VALUES ('d1d92d72-60d5-4bd9-bab7-f6a3f170869e', 'Core Tech', '0b68270e-c507-441f-b11f-63d345f1b897', 1, '2025-07-01 10:48:56', '2025-07-01 10:48:56', 'df234305-8a47-4b4d-8efb-716a6b695428');
INSERT INTO `client_division` (`id`, `division_name`, `client_id`, `is_active`, `created_on`, `modified_on`, `tenant_id`) VALUES ('0d0da811-2a21-40a9-99ac-f33659bcce4b', 'Innovation Lab', '0b68270e-c507-441f-b11f-63d345f1b897', 1, '2025-07-01 10:48:56', '2025-07-01 10:48:56', 'df234305-8a47-4b4d-8efb-716a6b695428');
INSERT INTO `client_division` (`id`, `division_name`, `client_id`, `is_active`, `created_on`, `modified_on`, `tenant_id`) VALUES ('021394d1-57ac-4891-961e-229848c82462', 'Product Dev', '0b68270e-c507-441f-b11f-63d345f1b897', 1, '2025-07-01 10:48:56', '2025-07-01 10:48:56', 'df234305-8a47-4b4d-8efb-716a6b695428');
INSERT INTO `client` (`id`, `client_code`, `client_name`, `email`, `is_active`, `created_on`, `modified_on`, `tenant_id`) VALUES ('e51a51f6-58c5-41d9-9b49-a62cd6514d7b', 1036, 'Joseph Ltd', 'info@josephltd.com', 1, '2025-07-01 10:48:56', '2025-07-01 10:48:56', 'df234305-8a47-4b4d-8efb-716a6b695428');
INSERT INTO `department` (`uuid`, `department`, `client_id`, `tenant_id`, `created_on`, `modified_on`) VALUES ('12461504-8ce6-4d3e-9a70-910e3eb78e0b', 'Cybersecurity', 'e51a51f6-58c5-41d9-9b49-a62cd6514d7b', 'df234305-8a47-4b4d-8efb-716a6b695428', '2025-07-01 10:48:56', '2025-07-01 10:48:56');
INSERT INTO `department` (`uuid`, `department`, `client_id`, `tenant_id`, `created_on`, `modified_on`) VALUES ('126cf392-c48f-42bd-a48a-ed7ce538af45', 'Civil Systems', 'e51a51f6-58c5-41d9-9b49-a62cd6514d7b', 'df234305-8a47-4b4d-8efb-716a6b695428', '2025-07-01 10:48:56', '2025-07-01 10:48:56');
INSERT INTO `department` (`uuid`, `department`, `client_id`, `tenant_id`, `created_on`, `modified_on`) VALUES ('970afe96-20c4-4ee8-8290-993f82fb1a6c', 'AI Solutions', 'e51a51f6-58c5-41d9-9b49-a62cd6514d7b', 'df234305-8a47-4b4d-8efb-716a6b695428', '2025-07-01 10:48:56', '2025-07-01 10:48:56');
INSERT INTO `department` (`uuid`, `department`, `client_id`, `tenant_id`, `created_on`, `modified_on`) VALUES ('41801648-afad-42d6-bd9e-3cb8bb20eda5', 'Aerospace', 'e51a51f6-58c5-41d9-9b49-a62cd6514d7b', 'df234305-8a47-4b4d-8efb-716a6b695428', '2025-07-01 10:48:56', '2025-07-01 10:48:56');
INSERT INTO `department` (`uuid`, `department`, `client_id`, `tenant_id`, `created_on`, `modified_on`) VALUES ('684de145-56de-4d92-98c9-f22ff8dfabf2', 'Robotics', 'e51a51f6-58c5-41d9-9b49-a62cd6514d7b', 'df234305-8a47-4b4d-8efb-716a6b695428', '2025-07-01 10:48:56', '2025-07-01 10:48:56');
INSERT INTO `department` (`uuid`, `department`, `client_id`, `tenant_id`, `created_on`, `modified_on`) VALUES ('349f853f-7940-40c3-9f8f-f99b90c9c511', 'Biomedical', 'e51a51f6-58c5-41d9-9b49-a62cd6514d7b', 'df234305-8a47-4b4d-8efb-716a6b695428', '2025-07-01 10:48:56', '2025-07-01 10:48:56');
INSERT INTO `client_division` (`id`, `division_name`, `client_id`, `is_active`, `created_on`, `modified_on`, `tenant_id`) VALUES ('80771d1b-52ba-401b-877e-6081175e4ecc', 'Innovation Lab', 'e51a51f6-58c5-41d9-9b49-a62cd6514d7b', 1, '2025-07-01 10:48:56', '2025-07-01 10:48:56', 'df234305-8a47-4b4d-8efb-716a6b695428');
INSERT INTO `client_division` (`id`, `division_name`, `client_id`, `is_active`, `created_on`, `modified_on`, `tenant_id`) VALUES ('7ce6297f-7443-4c45-9296-35ef85f8ef8b', 'Product Dev', 'e51a51f6-58c5-41d9-9b49-a62cd6514d7b', 1, '2025-07-01 10:48:56', '2025-07-01 10:48:56', 'df234305-8a47-4b4d-8efb-716a6b695428');
INSERT INTO `client_division` (`id`, `division_name`, `client_id`, `is_active`, `created_on`, `modified_on`, `tenant_id`) VALUES ('15c3ba1b-c835-4e0e-b429-ad3bf62310b2', 'Engineering', 'e51a51f6-58c5-41d9-9b49-a62cd6514d7b', 1, '2025-07-01 10:48:56', '2025-07-01 10:48:56', 'df234305-8a47-4b4d-8efb-716a6b695428');
INSERT INTO `client_division` (`id`, `division_name`, `client_id`, `is_active`, `created_on`, `modified_on`, `tenant_id`) VALUES ('aa76b944-eacd-494a-b5f8-1003531434dc', 'R&D', 'e51a51f6-58c5-41d9-9b49-a62cd6514d7b', 1, '2025-07-01 10:48:56', '2025-07-01 10:48:56', 'df234305-8a47-4b4d-8efb-716a6b695428');
INSERT INTO `client_division` (`id`, `division_name`, `client_id`, `is_active`, `created_on`, `modified_on`, `tenant_id`) VALUES ('28b368e0-1d28-491e-9331-22c51710920e', 'Core Tech', 'e51a51f6-58c5-41d9-9b49-a62cd6514d7b', 1, '2025-07-01 10:48:56', '2025-07-01 10:48:56', 'df234305-8a47-4b4d-8efb-716a6b695428');
INSERT INTO `client` (`id`, `client_code`, `client_name`, `email`, `is_active`, `created_on`, `modified_on`, `tenant_id`) VALUES ('d66cd5b6-7f78-4861-965d-7235fd76e2d9', 1037, 'Smith and Sons', 'info@smithandsons.com', 1, '2025-07-01 10:48:56', '2025-07-01 10:48:56', 'df234305-8a47-4b4d-8efb-716a6b695428');
INSERT INTO `department` (`uuid`, `department`, `client_id`, `tenant_id`, `created_on`, `modified_on`) VALUES ('f59a9992-3893-42c6-8f0d-b8e72eee58f8', 'Civil Systems', 'd66cd5b6-7f78-4861-965d-7235fd76e2d9', 'df234305-8a47-4b4d-8efb-716a6b695428', '2025-07-01 10:48:56', '2025-07-01 10:48:56');
INSERT INTO `department` (`uuid`, `department`, `client_id`, `tenant_id`, `created_on`, `modified_on`) VALUES ('38c5af97-d207-4290-85f3-178b91b56b68', 'Robotics', 'd66cd5b6-7f78-4861-965d-7235fd76e2d9', 'df234305-8a47-4b4d-8efb-716a6b695428', '2025-07-01 10:48:56', '2025-07-01 10:48:56');
INSERT INTO `department` (`uuid`, `department`, `client_id`, `tenant_id`, `created_on`, `modified_on`) VALUES ('f67e32be-48ad-47c2-9071-b74e347a9d51', 'Aerospace', 'd66cd5b6-7f78-4861-965d-7235fd76e2d9', 'df234305-8a47-4b4d-8efb-716a6b695428', '2025-07-01 10:48:56', '2025-07-01 10:48:56');
INSERT INTO `department` (`uuid`, `department`, `client_id`, `tenant_id`, `created_on`, `modified_on`) VALUES ('a347b224-8417-4a5e-8665-525538e11eb8', 'Biomedical', 'd66cd5b6-7f78-4861-965d-7235fd76e2d9', 'df234305-8a47-4b4d-8efb-716a6b695428', '2025-07-01 10:48:56', '2025-07-01 10:48:56');
INSERT INTO `department` (`uuid`, `department`, `client_id`, `tenant_id`, `created_on`, `modified_on`) VALUES ('36fbf36e-d167-4d30-a43d-717f2d2424df', 'Cybersecurity', 'd66cd5b6-7f78-4861-965d-7235fd76e2d9', 'df234305-8a47-4b4d-8efb-716a6b695428', '2025-07-01 10:48:56', '2025-07-01 10:48:56');
INSERT INTO `department` (`uuid`, `department`, `client_id`, `tenant_id`, `created_on`, `modified_on`) VALUES ('6a5e40ce-aa16-4835-a980-fda9a1957fdd', 'AI Solutions', 'd66cd5b6-7f78-4861-965d-7235fd76e2d9', 'df234305-8a47-4b4d-8efb-716a6b695428', '2025-07-01 10:48:56', '2025-07-01 10:48:56');
INSERT INTO `client_division` (`id`, `division_name`, `client_id`, `is_active`, `created_on`, `modified_on`, `tenant_id`) VALUES ('aa07ae80-5ab5-47fe-8a70-4c4966b42e9e', 'Product Dev', 'd66cd5b6-7f78-4861-965d-7235fd76e2d9', 1, '2025-07-01 10:48:56', '2025-07-01 10:48:56', 'df234305-8a47-4b4d-8efb-716a6b695428');
INSERT INTO `client_division` (`id`, `division_name`, `client_id`, `is_active`, `created_on`, `modified_on`, `tenant_id`) VALUES ('48bf5b45-423d-4690-bd47-91841a415b4d', 'Innovation Lab', 'd66cd5b6-7f78-4861-965d-7235fd76e2d9', 1, '2025-07-01 10:48:56', '2025-07-01 10:48:56', 'df234305-8a47-4b4d-8efb-716a6b695428');
INSERT INTO `client_division` (`id`, `division_name`, `client_id`, `is_active`, `created_on`, `modified_on`, `tenant_id`) VALUES ('03c3cf40-6d63-4941-bc6a-c1cf502610b4', 'R&D', 'd66cd5b6-7f78-4861-965d-7235fd76e2d9', 1, '2025-07-01 10:48:56', '2025-07-01 10:48:56', 'df234305-8a47-4b4d-8efb-716a6b695428');
INSERT INTO `client_division` (`id`, `division_name`, `client_id`, `is_active`, `created_on`, `modified_on`, `tenant_id`) VALUES ('eee4b222-7b3f-4e81-88bc-18d21bea2880', 'Core Tech', 'd66cd5b6-7f78-4861-965d-7235fd76e2d9', 1, '2025-07-01 10:48:56', '2025-07-01 10:48:56', 'df234305-8a47-4b4d-8efb-716a6b695428');
INSERT INTO `client_division` (`id`, `division_name`, `client_id`, `is_active`, `created_on`, `modified_on`, `tenant_id`) VALUES ('7b45f7e9-3b45-4bbc-aa3e-6726009a5542', 'Engineering', 'd66cd5b6-7f78-4861-965d-7235fd76e2d9', 1, '2025-07-01 10:48:56', '2025-07-01 10:48:56', 'df234305-8a47-4b4d-8efb-716a6b695428');
INSERT INTO `client` (`id`, `client_code`, `client_name`, `email`, `is_active`, `created_on`, `modified_on`, `tenant_id`) VALUES ('3c6f9e4f-e1bf-4de5-b697-621c4ff6f9ef', 1038, 'Martin-Kidd', 'info@martinkidd.com', 1, '2025-07-01 10:48:56', '2025-07-01 10:48:56', 'df234305-8a47-4b4d-8efb-716a6b695428');
INSERT INTO `department` (`uuid`, `department`, `client_id`, `tenant_id`, `created_on`, `modified_on`) VALUES ('fc0529cb-a3b8-4af3-97c7-ec95b31143c1', 'Civil Systems', '3c6f9e4f-e1bf-4de5-b697-621c4ff6f9ef', 'df234305-8a47-4b4d-8efb-716a6b695428', '2025-07-01 10:48:56', '2025-07-01 10:48:56');
INSERT INTO `department` (`uuid`, `department`, `client_id`, `tenant_id`, `created_on`, `modified_on`) VALUES ('03bee6bb-fdf3-4779-bef0-467d7264aa41', 'Cybersecurity', '3c6f9e4f-e1bf-4de5-b697-621c4ff6f9ef', 'df234305-8a47-4b4d-8efb-716a6b695428', '2025-07-01 10:48:56', '2025-07-01 10:48:56');
INSERT INTO `department` (`uuid`, `department`, `client_id`, `tenant_id`, `created_on`, `modified_on`) VALUES ('bf904f28-7c89-4134-86a8-f4e9846ff7b4', 'Biomedical', '3c6f9e4f-e1bf-4de5-b697-621c4ff6f9ef', 'df234305-8a47-4b4d-8efb-716a6b695428', '2025-07-01 10:48:56', '2025-07-01 10:48:56');
INSERT INTO `department` (`uuid`, `department`, `client_id`, `tenant_id`, `created_on`, `modified_on`) VALUES ('a6aec639-4003-41e8-be70-ffc2ef9dade3', 'AI Solutions', '3c6f9e4f-e1bf-4de5-b697-621c4ff6f9ef', 'df234305-8a47-4b4d-8efb-716a6b695428', '2025-07-01 10:48:56', '2025-07-01 10:48:56');
INSERT INTO `department` (`uuid`, `department`, `client_id`, `tenant_id`, `created_on`, `modified_on`) VALUES ('28ef4fad-6baf-4779-832d-d078ab5a72c5', 'Aerospace', '3c6f9e4f-e1bf-4de5-b697-621c4ff6f9ef', 'df234305-8a47-4b4d-8efb-716a6b695428', '2025-07-01 10:48:56', '2025-07-01 10:48:56');
INSERT INTO `department` (`uuid`, `department`, `client_id`, `tenant_id`, `created_on`, `modified_on`) VALUES ('0ad76670-3e80-429c-8b76-ee7710d23d63', 'Robotics', '3c6f9e4f-e1bf-4de5-b697-621c4ff6f9ef', 'df234305-8a47-4b4d-8efb-716a6b695428', '2025-07-01 10:48:56', '2025-07-01 10:48:56');
INSERT INTO `client_division` (`id`, `division_name`, `client_id`, `is_active`, `created_on`, `modified_on`, `tenant_id`) VALUES ('747e2e9d-3dfb-4fb6-abcc-c47f925c47fe', 'R&D', '3c6f9e4f-e1bf-4de5-b697-621c4ff6f9ef', 1, '2025-07-01 10:48:56', '2025-07-01 10:48:56', 'df234305-8a47-4b4d-8efb-716a6b695428');
INSERT INTO `client_division` (`id`, `division_name`, `client_id`, `is_active`, `created_on`, `modified_on`, `tenant_id`) VALUES ('d05bff34-84cf-465d-a631-5eed040c3deb', 'Core Tech', '3c6f9e4f-e1bf-4de5-b697-621c4ff6f9ef', 1, '2025-07-01 10:48:56', '2025-07-01 10:48:56', 'df234305-8a47-4b4d-8efb-716a6b695428');
INSERT INTO `client_division` (`id`, `division_name`, `client_id`, `is_active`, `created_on`, `modified_on`, `tenant_id`) VALUES ('a7c8c79b-9093-452b-94be-4981f15fcccb', 'Innovation Lab', '3c6f9e4f-e1bf-4de5-b697-621c4ff6f9ef', 1, '2025-07-01 10:48:56', '2025-07-01 10:48:56', 'df234305-8a47-4b4d-8efb-716a6b695428');
INSERT INTO `client_division` (`id`, `division_name`, `client_id`, `is_active`, `created_on`, `modified_on`, `tenant_id`) VALUES ('efeb631d-4ca9-4292-b6a2-d21acef4a3f6', 'Engineering', '3c6f9e4f-e1bf-4de5-b697-621c4ff6f9ef', 1, '2025-07-01 10:48:56', '2025-07-01 10:48:56', 'df234305-8a47-4b4d-8efb-716a6b695428');
INSERT INTO `client_division` (`id`, `division_name`, `client_id`, `is_active`, `created_on`, `modified_on`, `tenant_id`) VALUES ('0fb28bec-3e4e-48aa-a7ca-de304362d9d2', 'Product Dev', '3c6f9e4f-e1bf-4de5-b697-621c4ff6f9ef', 1, '2025-07-01 10:48:56', '2025-07-01 10:48:56', 'df234305-8a47-4b4d-8efb-716a6b695428');
INSERT INTO `client` (`id`, `client_code`, `client_name`, `email`, `is_active`, `created_on`, `modified_on`, `tenant_id`) VALUES ('e51f1092-e512-4b67-afa5-dc334947acf5', 1039, 'Wallace-Smith', 'info@wallacesmith.com', 1, '2025-07-01 10:48:56', '2025-07-01 10:48:56', 'df234305-8a47-4b4d-8efb-716a6b695428');
INSERT INTO `department` (`uuid`, `department`, `client_id`, `tenant_id`, `created_on`, `modified_on`) VALUES ('0edc37db-6a6e-4188-9a13-87751d10b846', 'Civil Systems', 'e51f1092-e512-4b67-afa5-dc334947acf5', 'df234305-8a47-4b4d-8efb-716a6b695428', '2025-07-01 10:48:56', '2025-07-01 10:48:56');
INSERT INTO `department` (`uuid`, `department`, `client_id`, `tenant_id`, `created_on`, `modified_on`) VALUES ('b2a6c0be-f492-4cd3-aa57-ef5311030a7e', 'Biomedical', 'e51f1092-e512-4b67-afa5-dc334947acf5', 'df234305-8a47-4b4d-8efb-716a6b695428', '2025-07-01 10:48:56', '2025-07-01 10:48:56');
INSERT INTO `department` (`uuid`, `department`, `client_id`, `tenant_id`, `created_on`, `modified_on`) VALUES ('34554ef5-1dba-4544-a60f-5cf00d83e416', 'Aerospace', 'e51f1092-e512-4b67-afa5-dc334947acf5', 'df234305-8a47-4b4d-8efb-716a6b695428', '2025-07-01 10:48:56', '2025-07-01 10:48:56');
INSERT INTO `department` (`uuid`, `department`, `client_id`, `tenant_id`, `created_on`, `modified_on`) VALUES ('f844152d-06fe-4340-a186-d7609aa6c941', 'AI Solutions', 'e51f1092-e512-4b67-afa5-dc334947acf5', 'df234305-8a47-4b4d-8efb-716a6b695428', '2025-07-01 10:48:56', '2025-07-01 10:48:56');
INSERT INTO `department` (`uuid`, `department`, `client_id`, `tenant_id`, `created_on`, `modified_on`) VALUES ('0f452b11-7ec4-4d95-abc0-24a7b0eee665', 'Cybersecurity', 'e51f1092-e512-4b67-afa5-dc334947acf5', 'df234305-8a47-4b4d-8efb-716a6b695428', '2025-07-01 10:48:56', '2025-07-01 10:48:56');
INSERT INTO `department` (`uuid`, `department`, `client_id`, `tenant_id`, `created_on`, `modified_on`) VALUES ('b845ca55-a2c3-4c94-b22e-3e3660999427', 'Robotics', 'e51f1092-e512-4b67-afa5-dc334947acf5', 'df234305-8a47-4b4d-8efb-716a6b695428', '2025-07-01 10:48:56', '2025-07-01 10:48:56');
INSERT INTO `client_division` (`id`, `division_name`, `client_id`, `is_active`, `created_on`, `modified_on`, `tenant_id`) VALUES ('ddd52c5b-3563-4988-85a7-375e9bffce16', 'R&D', 'e51f1092-e512-4b67-afa5-dc334947acf5', 1, '2025-07-01 10:48:56', '2025-07-01 10:48:56', 'df234305-8a47-4b4d-8efb-716a6b695428');
INSERT INTO `client_division` (`id`, `division_name`, `client_id`, `is_active`, `created_on`, `modified_on`, `tenant_id`) VALUES ('e173836a-50bf-4738-9317-cb50648df2bb', 'Product Dev', 'e51f1092-e512-4b67-afa5-dc334947acf5', 1, '2025-07-01 10:48:56', '2025-07-01 10:48:56', 'df234305-8a47-4b4d-8efb-716a6b695428');
INSERT INTO `client_division` (`id`, `division_name`, `client_id`, `is_active`, `created_on`, `modified_on`, `tenant_id`) VALUES ('40ed733d-7616-4432-9af2-acf084f43ddb', 'Innovation Lab', 'e51f1092-e512-4b67-afa5-dc334947acf5', 1, '2025-07-01 10:48:56', '2025-07-01 10:48:56', 'df234305-8a47-4b4d-8efb-716a6b695428');
INSERT INTO `client_division` (`id`, `division_name`, `client_id`, `is_active`, `created_on`, `modified_on`, `tenant_id`) VALUES ('90516842-4199-4016-8d4a-c71f001c4358', 'Engineering', 'e51f1092-e512-4b67-afa5-dc334947acf5', 1, '2025-07-01 10:48:56', '2025-07-01 10:48:56', 'df234305-8a47-4b4d-8efb-716a6b695428');
INSERT INTO `client_division` (`id`, `division_name`, `client_id`, `is_active`, `created_on`, `modified_on`, `tenant_id`) VALUES ('8a2c9361-c8e4-4733-899c-ced78d5a319c', 'Core Tech', 'e51f1092-e512-4b67-afa5-dc334947acf5', 1, '2025-07-01 10:48:56', '2025-07-01 10:48:56', 'df234305-8a47-4b4d-8efb-716a6b695428');
INSERT INTO `client` (`id`, `client_code`, `client_name`, `email`, `is_active`, `created_on`, `modified_on`, `tenant_id`) VALUES ('ebf06963-6a2d-4587-b344-2ea8fc9ee338', 1040, 'Khan, Flores and Sanchez', 'info@khanfloresandsanchez.com', 1, '2025-07-01 10:48:56', '2025-07-01 10:48:56', 'df234305-8a47-4b4d-8efb-716a6b695428');
INSERT INTO `department` (`uuid`, `department`, `client_id`, `tenant_id`, `created_on`, `modified_on`) VALUES ('609059cc-a2e5-4f39-bcf0-3e0a7753f9b3', 'Aerospace', 'ebf06963-6a2d-4587-b344-2ea8fc9ee338', 'df234305-8a47-4b4d-8efb-716a6b695428', '2025-07-01 10:48:56', '2025-07-01 10:48:56');
INSERT INTO `department` (`uuid`, `department`, `client_id`, `tenant_id`, `created_on`, `modified_on`) VALUES ('dece1d00-e426-48d6-98f8-2cc830d5d68e', 'Cybersecurity', 'ebf06963-6a2d-4587-b344-2ea8fc9ee338', 'df234305-8a47-4b4d-8efb-716a6b695428', '2025-07-01 10:48:56', '2025-07-01 10:48:56');
INSERT INTO `department` (`uuid`, `department`, `client_id`, `tenant_id`, `created_on`, `modified_on`) VALUES ('a34ca4ad-2413-4827-9531-666d504fcae9', 'Robotics', 'ebf06963-6a2d-4587-b344-2ea8fc9ee338', 'df234305-8a47-4b4d-8efb-716a6b695428', '2025-07-01 10:48:56', '2025-07-01 10:48:56');
INSERT INTO `department` (`uuid`, `department`, `client_id`, `tenant_id`, `created_on`, `modified_on`) VALUES ('6f1a3b18-1801-4008-9153-bc6bf9ff2c20', 'Biomedical', 'ebf06963-6a2d-4587-b344-2ea8fc9ee338', 'df234305-8a47-4b4d-8efb-716a6b695428', '2025-07-01 10:48:56', '2025-07-01 10:48:56');
INSERT INTO `department` (`uuid`, `department`, `client_id`, `tenant_id`, `created_on`, `modified_on`) VALUES ('fcecfdcb-431c-4402-bae7-6713d727e574', 'AI Solutions', 'ebf06963-6a2d-4587-b344-2ea8fc9ee338', 'df234305-8a47-4b4d-8efb-716a6b695428', '2025-07-01 10:48:56', '2025-07-01 10:48:56');
INSERT INTO `department` (`uuid`, `department`, `client_id`, `tenant_id`, `created_on`, `modified_on`) VALUES ('7f7f833a-5582-4d12-97a0-38819bf87fe8', 'Civil Systems', 'ebf06963-6a2d-4587-b344-2ea8fc9ee338', 'df234305-8a47-4b4d-8efb-716a6b695428', '2025-07-01 10:48:56', '2025-07-01 10:48:56');
INSERT INTO `client_division` (`id`, `division_name`, `client_id`, `is_active`, `created_on`, `modified_on`, `tenant_id`) VALUES ('ceecce1f-b8c2-4781-b4e9-c5c788d948aa', 'R&D', 'ebf06963-6a2d-4587-b344-2ea8fc9ee338', 1, '2025-07-01 10:48:56', '2025-07-01 10:48:56', 'df234305-8a47-4b4d-8efb-716a6b695428');
INSERT INTO `client_division` (`id`, `division_name`, `client_id`, `is_active`, `created_on`, `modified_on`, `tenant_id`) VALUES ('df2d080d-0ddd-446d-96eb-ae8c0f7c3b9a', 'Engineering', 'ebf06963-6a2d-4587-b344-2ea8fc9ee338', 1, '2025-07-01 10:48:56', '2025-07-01 10:48:56', 'df234305-8a47-4b4d-8efb-716a6b695428');
INSERT INTO `client_division` (`id`, `division_name`, `client_id`, `is_active`, `created_on`, `modified_on`, `tenant_id`) VALUES ('03410e00-6d56-4439-81dc-1520e5095d63', 'Core Tech', 'ebf06963-6a2d-4587-b344-2ea8fc9ee338', 1, '2025-07-01 10:48:56', '2025-07-01 10:48:56', 'df234305-8a47-4b4d-8efb-716a6b695428');
INSERT INTO `client_division` (`id`, `division_name`, `client_id`, `is_active`, `created_on`, `modified_on`, `tenant_id`) VALUES ('779bc6b1-4261-4022-a05e-94ca8dc4a932', 'Innovation Lab', 'ebf06963-6a2d-4587-b344-2ea8fc9ee338', 1, '2025-07-01 10:48:56', '2025-07-01 10:48:56', 'df234305-8a47-4b4d-8efb-716a6b695428');
INSERT INTO `client_division` (`id`, `division_name`, `client_id`, `is_active`, `created_on`, `modified_on`, `tenant_id`) VALUES ('2ea5b91e-409f-4e2b-b851-d4d6358bcd54', 'Product Dev', 'ebf06963-6a2d-4587-b344-2ea8fc9ee338', 1, '2025-07-01 10:48:56', '2025-07-01 10:48:56', 'df234305-8a47-4b4d-8efb-716a6b695428');
INSERT INTO `client` (`id`, `client_code`, `client_name`, `email`, `is_active`, `created_on`, `modified_on`, `tenant_id`) VALUES ('77dd1815-e2df-4786-84d9-da93ae168c5d', 1041, 'Mcclain PLC', 'info@mcclainplc.com', 1, '2025-07-01 10:48:56', '2025-07-01 10:48:56', 'df234305-8a47-4b4d-8efb-716a6b695428');
INSERT INTO `department` (`uuid`, `department`, `client_id`, `tenant_id`, `created_on`, `modified_on`) VALUES ('1b3f8f4b-3505-46b8-986d-6ab7dd152c46', 'Civil Systems', '77dd1815-e2df-4786-84d9-da93ae168c5d', 'df234305-8a47-4b4d-8efb-716a6b695428', '2025-07-01 10:48:56', '2025-07-01 10:48:56');
INSERT INTO `department` (`uuid`, `department`, `client_id`, `tenant_id`, `created_on`, `modified_on`) VALUES ('3e2ebf74-b0cf-4cd0-9c17-b88b34b70d78', 'Aerospace', '77dd1815-e2df-4786-84d9-da93ae168c5d', 'df234305-8a47-4b4d-8efb-716a6b695428', '2025-07-01 10:48:56', '2025-07-01 10:48:56');
INSERT INTO `department` (`uuid`, `department`, `client_id`, `tenant_id`, `created_on`, `modified_on`) VALUES ('772156ab-6cb9-4b7b-b665-e15b646ecc7a', 'Biomedical', '77dd1815-e2df-4786-84d9-da93ae168c5d', 'df234305-8a47-4b4d-8efb-716a6b695428', '2025-07-01 10:48:56', '2025-07-01 10:48:56');
INSERT INTO `department` (`uuid`, `department`, `client_id`, `tenant_id`, `created_on`, `modified_on`) VALUES ('fb7a41ff-bf99-412a-ba92-fd1b8e702eec', 'AI Solutions', '77dd1815-e2df-4786-84d9-da93ae168c5d', 'df234305-8a47-4b4d-8efb-716a6b695428', '2025-07-01 10:48:56', '2025-07-01 10:48:56');
INSERT INTO `department` (`uuid`, `department`, `client_id`, `tenant_id`, `created_on`, `modified_on`) VALUES ('e550243e-74a7-41e9-b32b-e872a0798e98', 'Cybersecurity', '77dd1815-e2df-4786-84d9-da93ae168c5d', 'df234305-8a47-4b4d-8efb-716a6b695428', '2025-07-01 10:48:56', '2025-07-01 10:48:56');
INSERT INTO `department` (`uuid`, `department`, `client_id`, `tenant_id`, `created_on`, `modified_on`) VALUES ('e2356f49-fe2e-4341-8d4f-989dbefeb5f9', 'Robotics', '77dd1815-e2df-4786-84d9-da93ae168c5d', 'df234305-8a47-4b4d-8efb-716a6b695428', '2025-07-01 10:48:56', '2025-07-01 10:48:56');
INSERT INTO `client_division` (`id`, `division_name`, `client_id`, `is_active`, `created_on`, `modified_on`, `tenant_id`) VALUES ('b56e3c7c-053c-40fd-9ad6-350e411b4615', 'Engineering', '77dd1815-e2df-4786-84d9-da93ae168c5d', 1, '2025-07-01 10:48:56', '2025-07-01 10:48:56', 'df234305-8a47-4b4d-8efb-716a6b695428');
INSERT INTO `client_division` (`id`, `division_name`, `client_id`, `is_active`, `created_on`, `modified_on`, `tenant_id`) VALUES ('0671f8c0-e3c4-4130-a72f-8aab7b54f66e', 'R&D', '77dd1815-e2df-4786-84d9-da93ae168c5d', 1, '2025-07-01 10:48:56', '2025-07-01 10:48:56', 'df234305-8a47-4b4d-8efb-716a6b695428');
INSERT INTO `client_division` (`id`, `division_name`, `client_id`, `is_active`, `created_on`, `modified_on`, `tenant_id`) VALUES ('1021970e-e877-4a24-a717-5011747285d1', 'Core Tech', '77dd1815-e2df-4786-84d9-da93ae168c5d', 1, '2025-07-01 10:48:56', '2025-07-01 10:48:56', 'df234305-8a47-4b4d-8efb-716a6b695428');
INSERT INTO `client_division` (`id`, `division_name`, `client_id`, `is_active`, `created_on`, `modified_on`, `tenant_id`) VALUES ('fc6cbeb8-618a-420d-93a0-62da17db5349', 'Product Dev', '77dd1815-e2df-4786-84d9-da93ae168c5d', 1, '2025-07-01 10:48:56', '2025-07-01 10:48:56', 'df234305-8a47-4b4d-8efb-716a6b695428');
INSERT INTO `client_division` (`id`, `division_name`, `client_id`, `is_active`, `created_on`, `modified_on`, `tenant_id`) VALUES ('a080eadc-b79b-4d52-a95f-9b7a62b9bbe4', 'Innovation Lab', '77dd1815-e2df-4786-84d9-da93ae168c5d', 1, '2025-07-01 10:48:56', '2025-07-01 10:48:56', 'df234305-8a47-4b4d-8efb-716a6b695428');
INSERT INTO `client` (`id`, `client_code`, `client_name`, `email`, `is_active`, `created_on`, `modified_on`, `tenant_id`) VALUES ('7ce6e25a-a2bc-4137-a7cf-a8d16dabb45b', 1042, 'Lee LLC', 'info@leellc.com', 1, '2025-07-01 10:48:56', '2025-07-01 10:48:56', 'df234305-8a47-4b4d-8efb-716a6b695428');
INSERT INTO `department` (`uuid`, `department`, `client_id`, `tenant_id`, `created_on`, `modified_on`) VALUES ('550f119c-f264-496c-8294-327755323c99', 'AI Solutions', '7ce6e25a-a2bc-4137-a7cf-a8d16dabb45b', 'df234305-8a47-4b4d-8efb-716a6b695428', '2025-07-01 10:48:56', '2025-07-01 10:48:56');
INSERT INTO `department` (`uuid`, `department`, `client_id`, `tenant_id`, `created_on`, `modified_on`) VALUES ('fba1f2e1-504e-43b7-915b-57b193cc6d44', 'Aerospace', '7ce6e25a-a2bc-4137-a7cf-a8d16dabb45b', 'df234305-8a47-4b4d-8efb-716a6b695428', '2025-07-01 10:48:56', '2025-07-01 10:48:56');
INSERT INTO `department` (`uuid`, `department`, `client_id`, `tenant_id`, `created_on`, `modified_on`) VALUES ('c89f3213-7696-4e36-bf38-adcf367d9e6c', 'Robotics', '7ce6e25a-a2bc-4137-a7cf-a8d16dabb45b', 'df234305-8a47-4b4d-8efb-716a6b695428', '2025-07-01 10:48:56', '2025-07-01 10:48:56');
INSERT INTO `department` (`uuid`, `department`, `client_id`, `tenant_id`, `created_on`, `modified_on`) VALUES ('5050d21f-5a52-4e24-ab94-bd38b7c1e846', 'Cybersecurity', '7ce6e25a-a2bc-4137-a7cf-a8d16dabb45b', 'df234305-8a47-4b4d-8efb-716a6b695428', '2025-07-01 10:48:56', '2025-07-01 10:48:56');
INSERT INTO `department` (`uuid`, `department`, `client_id`, `tenant_id`, `created_on`, `modified_on`) VALUES ('3e4b5e35-6332-458a-b06a-55e5e408fa84', 'Civil Systems', '7ce6e25a-a2bc-4137-a7cf-a8d16dabb45b', 'df234305-8a47-4b4d-8efb-716a6b695428', '2025-07-01 10:48:56', '2025-07-01 10:48:56');
INSERT INTO `department` (`uuid`, `department`, `client_id`, `tenant_id`, `created_on`, `modified_on`) VALUES ('25c5a3da-f876-4ef8-ac8a-903cd5d0b905', 'Biomedical', '7ce6e25a-a2bc-4137-a7cf-a8d16dabb45b', 'df234305-8a47-4b4d-8efb-716a6b695428', '2025-07-01 10:48:56', '2025-07-01 10:48:56');
INSERT INTO `client_division` (`id`, `division_name`, `client_id`, `is_active`, `created_on`, `modified_on`, `tenant_id`) VALUES ('1a67bf70-feca-4254-ad94-5270e563dfa6', 'Core Tech', '7ce6e25a-a2bc-4137-a7cf-a8d16dabb45b', 1, '2025-07-01 10:48:56', '2025-07-01 10:48:56', 'df234305-8a47-4b4d-8efb-716a6b695428');
INSERT INTO `client_division` (`id`, `division_name`, `client_id`, `is_active`, `created_on`, `modified_on`, `tenant_id`) VALUES ('840ba879-b89b-4317-ae99-6563f8fa217e', 'Innovation Lab', '7ce6e25a-a2bc-4137-a7cf-a8d16dabb45b', 1, '2025-07-01 10:48:56', '2025-07-01 10:48:56', 'df234305-8a47-4b4d-8efb-716a6b695428');
INSERT INTO `client_division` (`id`, `division_name`, `client_id`, `is_active`, `created_on`, `modified_on`, `tenant_id`) VALUES ('92e3a81a-c7b7-4d91-bd70-2d748c70db41', 'Engineering', '7ce6e25a-a2bc-4137-a7cf-a8d16dabb45b', 1, '2025-07-01 10:48:56', '2025-07-01 10:48:56', 'df234305-8a47-4b4d-8efb-716a6b695428');
INSERT INTO `client_division` (`id`, `division_name`, `client_id`, `is_active`, `created_on`, `modified_on`, `tenant_id`) VALUES ('68904ede-3774-4fa3-b975-892163d0908f', 'R&D', '7ce6e25a-a2bc-4137-a7cf-a8d16dabb45b', 1, '2025-07-01 10:48:56', '2025-07-01 10:48:56', 'df234305-8a47-4b4d-8efb-716a6b695428');
INSERT INTO `client_division` (`id`, `division_name`, `client_id`, `is_active`, `created_on`, `modified_on`, `tenant_id`) VALUES ('87a043ec-c0c0-451d-a12b-3a7960e757d5', 'Product Dev', '7ce6e25a-a2bc-4137-a7cf-a8d16dabb45b', 1, '2025-07-01 10:48:56', '2025-07-01 10:48:56', 'df234305-8a47-4b4d-8efb-716a6b695428');
INSERT INTO `client` (`id`, `client_code`, `client_name`, `email`, `is_active`, `created_on`, `modified_on`, `tenant_id`) VALUES ('47f65894-6ebe-4881-8aba-bf874bed92af', 1043, 'Richard-Gill', 'info@richardgill.com', 1, '2025-07-01 10:48:56', '2025-07-01 10:48:56', 'df234305-8a47-4b4d-8efb-716a6b695428');
INSERT INTO `department` (`uuid`, `department`, `client_id`, `tenant_id`, `created_on`, `modified_on`) VALUES ('eba821da-7981-4850-8071-4d5c643daa8e', 'Civil Systems', '47f65894-6ebe-4881-8aba-bf874bed92af', 'df234305-8a47-4b4d-8efb-716a6b695428', '2025-07-01 10:48:56', '2025-07-01 10:48:56');
INSERT INTO `department` (`uuid`, `department`, `client_id`, `tenant_id`, `created_on`, `modified_on`) VALUES ('3cabbe2e-4122-4802-a510-a64b988b7411', 'Aerospace', '47f65894-6ebe-4881-8aba-bf874bed92af', 'df234305-8a47-4b4d-8efb-716a6b695428', '2025-07-01 10:48:56', '2025-07-01 10:48:56');
INSERT INTO `department` (`uuid`, `department`, `client_id`, `tenant_id`, `created_on`, `modified_on`) VALUES ('89bfade9-b27a-4ffa-a595-04e2893ce9ed', 'Cybersecurity', '47f65894-6ebe-4881-8aba-bf874bed92af', 'df234305-8a47-4b4d-8efb-716a6b695428', '2025-07-01 10:48:56', '2025-07-01 10:48:56');
INSERT INTO `department` (`uuid`, `department`, `client_id`, `tenant_id`, `created_on`, `modified_on`) VALUES ('13431e72-9fbf-462c-a3cd-0ddeb8b45166', 'Biomedical', '47f65894-6ebe-4881-8aba-bf874bed92af', 'df234305-8a47-4b4d-8efb-716a6b695428', '2025-07-01 10:48:56', '2025-07-01 10:48:56');
INSERT INTO `department` (`uuid`, `department`, `client_id`, `tenant_id`, `created_on`, `modified_on`) VALUES ('23a40fd1-dfda-4fd3-8651-0e2d542c475c', 'AI Solutions', '47f65894-6ebe-4881-8aba-bf874bed92af', 'df234305-8a47-4b4d-8efb-716a6b695428', '2025-07-01 10:48:56', '2025-07-01 10:48:56');
INSERT INTO `department` (`uuid`, `department`, `client_id`, `tenant_id`, `created_on`, `modified_on`) VALUES ('f87dc2d3-ddf3-49b7-936a-c04f13a4d2cb', 'Robotics', '47f65894-6ebe-4881-8aba-bf874bed92af', 'df234305-8a47-4b4d-8efb-716a6b695428', '2025-07-01 10:48:56', '2025-07-01 10:48:56');
INSERT INTO `client_division` (`id`, `division_name`, `client_id`, `is_active`, `created_on`, `modified_on`, `tenant_id`) VALUES ('92eabd12-ee53-4a21-a12a-f1a9b302d8b2', 'Core Tech', '47f65894-6ebe-4881-8aba-bf874bed92af', 1, '2025-07-01 10:48:56', '2025-07-01 10:48:56', 'df234305-8a47-4b4d-8efb-716a6b695428');
INSERT INTO `client_division` (`id`, `division_name`, `client_id`, `is_active`, `created_on`, `modified_on`, `tenant_id`) VALUES ('5209ee5c-92d9-4bc1-9e75-4a449bfd0ba6', 'Product Dev', '47f65894-6ebe-4881-8aba-bf874bed92af', 1, '2025-07-01 10:48:56', '2025-07-01 10:48:56', 'df234305-8a47-4b4d-8efb-716a6b695428');
INSERT INTO `client_division` (`id`, `division_name`, `client_id`, `is_active`, `created_on`, `modified_on`, `tenant_id`) VALUES ('81204813-e3d6-4f80-a552-b51135f577cb', 'R&D', '47f65894-6ebe-4881-8aba-bf874bed92af', 1, '2025-07-01 10:48:56', '2025-07-01 10:48:56', 'df234305-8a47-4b4d-8efb-716a6b695428');
INSERT INTO `client_division` (`id`, `division_name`, `client_id`, `is_active`, `created_on`, `modified_on`, `tenant_id`) VALUES ('7ba51a21-1643-4489-a99a-2ba99b7f1343', 'Engineering', '47f65894-6ebe-4881-8aba-bf874bed92af', 1, '2025-07-01 10:48:56', '2025-07-01 10:48:56', 'df234305-8a47-4b4d-8efb-716a6b695428');
INSERT INTO `client_division` (`id`, `division_name`, `client_id`, `is_active`, `created_on`, `modified_on`, `tenant_id`) VALUES ('b773b736-0831-459c-b7b4-fcc72143154d', 'Innovation Lab', '47f65894-6ebe-4881-8aba-bf874bed92af', 1, '2025-07-01 10:48:56', '2025-07-01 10:48:56', 'df234305-8a47-4b4d-8efb-716a6b695428');
INSERT INTO `client` (`id`, `client_code`, `client_name`, `email`, `is_active`, `created_on`, `modified_on`, `tenant_id`) VALUES ('8c6d0a9a-c467-4339-90b4-867ad4cc54a9', 1044, 'Pena-Smith', 'info@penasmith.com', 1, '2025-07-01 10:48:56', '2025-07-01 10:48:56', 'df234305-8a47-4b4d-8efb-716a6b695428');
INSERT INTO `department` (`uuid`, `department`, `client_id`, `tenant_id`, `created_on`, `modified_on`) VALUES ('3249f3c7-a260-4708-b5b3-06b98b0d82d5', 'AI Solutions', '8c6d0a9a-c467-4339-90b4-867ad4cc54a9', 'df234305-8a47-4b4d-8efb-716a6b695428', '2025-07-01 10:48:56', '2025-07-01 10:48:56');
INSERT INTO `department` (`uuid`, `department`, `client_id`, `tenant_id`, `created_on`, `modified_on`) VALUES ('dd586b08-926c-41d7-8f93-3c8ff70142bf', 'Robotics', '8c6d0a9a-c467-4339-90b4-867ad4cc54a9', 'df234305-8a47-4b4d-8efb-716a6b695428', '2025-07-01 10:48:56', '2025-07-01 10:48:56');
INSERT INTO `department` (`uuid`, `department`, `client_id`, `tenant_id`, `created_on`, `modified_on`) VALUES ('90909980-5ab6-431e-bc79-1621f3f4b490', 'Biomedical', '8c6d0a9a-c467-4339-90b4-867ad4cc54a9', 'df234305-8a47-4b4d-8efb-716a6b695428', '2025-07-01 10:48:56', '2025-07-01 10:48:56');
INSERT INTO `department` (`uuid`, `department`, `client_id`, `tenant_id`, `created_on`, `modified_on`) VALUES ('59a51ba0-c702-432d-88d4-bc94bedc6f0e', 'Cybersecurity', '8c6d0a9a-c467-4339-90b4-867ad4cc54a9', 'df234305-8a47-4b4d-8efb-716a6b695428', '2025-07-01 10:48:56', '2025-07-01 10:48:56');
INSERT INTO `department` (`uuid`, `department`, `client_id`, `tenant_id`, `created_on`, `modified_on`) VALUES ('bdc65a81-f4f5-45c5-9b25-3a8ca4fc9489', 'Civil Systems', '8c6d0a9a-c467-4339-90b4-867ad4cc54a9', 'df234305-8a47-4b4d-8efb-716a6b695428', '2025-07-01 10:48:56', '2025-07-01 10:48:56');
INSERT INTO `department` (`uuid`, `department`, `client_id`, `tenant_id`, `created_on`, `modified_on`) VALUES ('09e848af-26c6-4611-985c-75c5364e3c40', 'Aerospace', '8c6d0a9a-c467-4339-90b4-867ad4cc54a9', 'df234305-8a47-4b4d-8efb-716a6b695428', '2025-07-01 10:48:56', '2025-07-01 10:48:56');
INSERT INTO `client_division` (`id`, `division_name`, `client_id`, `is_active`, `created_on`, `modified_on`, `tenant_id`) VALUES ('6d621495-0e51-4213-8235-f68d37b729f3', 'Engineering', '8c6d0a9a-c467-4339-90b4-867ad4cc54a9', 1, '2025-07-01 10:48:56', '2025-07-01 10:48:56', 'df234305-8a47-4b4d-8efb-716a6b695428');
INSERT INTO `client_division` (`id`, `division_name`, `client_id`, `is_active`, `created_on`, `modified_on`, `tenant_id`) VALUES ('80f1dd40-6048-4193-9e59-580eb761e309', 'R&D', '8c6d0a9a-c467-4339-90b4-867ad4cc54a9', 1, '2025-07-01 10:48:56', '2025-07-01 10:48:56', 'df234305-8a47-4b4d-8efb-716a6b695428');
INSERT INTO `client_division` (`id`, `division_name`, `client_id`, `is_active`, `created_on`, `modified_on`, `tenant_id`) VALUES ('478a8384-7c3d-4de5-bab6-3786dd3f2e54', 'Product Dev', '8c6d0a9a-c467-4339-90b4-867ad4cc54a9', 1, '2025-07-01 10:48:56', '2025-07-01 10:48:56', 'df234305-8a47-4b4d-8efb-716a6b695428');
INSERT INTO `client_division` (`id`, `division_name`, `client_id`, `is_active`, `created_on`, `modified_on`, `tenant_id`) VALUES ('c1a449f3-ef07-4493-b9ea-69db6580c953', 'Innovation Lab', '8c6d0a9a-c467-4339-90b4-867ad4cc54a9', 1, '2025-07-01 10:48:56', '2025-07-01 10:48:56', 'df234305-8a47-4b4d-8efb-716a6b695428');
INSERT INTO `client_division` (`id`, `division_name`, `client_id`, `is_active`, `created_on`, `modified_on`, `tenant_id`) VALUES ('3f4f3080-d2f8-4ba7-a04a-66d6adcb525d', 'Core Tech', '8c6d0a9a-c467-4339-90b4-867ad4cc54a9', 1, '2025-07-01 10:48:56', '2025-07-01 10:48:56', 'df234305-8a47-4b4d-8efb-716a6b695428');
INSERT INTO `client` (`id`, `client_code`, `client_name`, `email`, `is_active`, `created_on`, `modified_on`, `tenant_id`) VALUES ('43849c06-9839-4dc2-8dc2-5ae14eecba03', 1045, 'Wall Inc', 'info@wallinc.com', 1, '2025-07-01 10:48:56', '2025-07-01 10:48:56', 'df234305-8a47-4b4d-8efb-716a6b695428');
INSERT INTO `department` (`uuid`, `department`, `client_id`, `tenant_id`, `created_on`, `modified_on`) VALUES ('03b5ff0d-3803-49b3-82b9-63a522b7d06f', 'AI Solutions', '43849c06-9839-4dc2-8dc2-5ae14eecba03', 'df234305-8a47-4b4d-8efb-716a6b695428', '2025-07-01 10:48:56', '2025-07-01 10:48:56');
INSERT INTO `department` (`uuid`, `department`, `client_id`, `tenant_id`, `created_on`, `modified_on`) VALUES ('4fa3428d-e11c-42a1-8c24-f6d56e4244be', 'Civil Systems', '43849c06-9839-4dc2-8dc2-5ae14eecba03', 'df234305-8a47-4b4d-8efb-716a6b695428', '2025-07-01 10:48:56', '2025-07-01 10:48:56');
INSERT INTO `department` (`uuid`, `department`, `client_id`, `tenant_id`, `created_on`, `modified_on`) VALUES ('d57900cb-c8de-4cb8-9cbb-1d0f2d5587f2', 'Robotics', '43849c06-9839-4dc2-8dc2-5ae14eecba03', 'df234305-8a47-4b4d-8efb-716a6b695428', '2025-07-01 10:48:56', '2025-07-01 10:48:56');
INSERT INTO `department` (`uuid`, `department`, `client_id`, `tenant_id`, `created_on`, `modified_on`) VALUES ('6f9be8b4-dd8c-4f61-ad17-6d3d5b1606cf', 'Cybersecurity', '43849c06-9839-4dc2-8dc2-5ae14eecba03', 'df234305-8a47-4b4d-8efb-716a6b695428', '2025-07-01 10:48:56', '2025-07-01 10:48:56');
INSERT INTO `department` (`uuid`, `department`, `client_id`, `tenant_id`, `created_on`, `modified_on`) VALUES ('7c31ac2c-699e-4406-94f7-355a3a14b1b9', 'Aerospace', '43849c06-9839-4dc2-8dc2-5ae14eecba03', 'df234305-8a47-4b4d-8efb-716a6b695428', '2025-07-01 10:48:56', '2025-07-01 10:48:56');
INSERT INTO `department` (`uuid`, `department`, `client_id`, `tenant_id`, `created_on`, `modified_on`) VALUES ('4a0765ea-d0b0-4c82-99de-4317556ba26a', 'Biomedical', '43849c06-9839-4dc2-8dc2-5ae14eecba03', 'df234305-8a47-4b4d-8efb-716a6b695428', '2025-07-01 10:48:56', '2025-07-01 10:48:56');
INSERT INTO `client_division` (`id`, `division_name`, `client_id`, `is_active`, `created_on`, `modified_on`, `tenant_id`) VALUES ('6b89e215-e05a-4bcd-a11c-b2fd7b25c84c', 'Innovation Lab', '43849c06-9839-4dc2-8dc2-5ae14eecba03', 1, '2025-07-01 10:48:56', '2025-07-01 10:48:56', 'df234305-8a47-4b4d-8efb-716a6b695428');
INSERT INTO `client_division` (`id`, `division_name`, `client_id`, `is_active`, `created_on`, `modified_on`, `tenant_id`) VALUES ('4cf29d29-33d6-4684-84c7-b9a2cd695dec', 'R&D', '43849c06-9839-4dc2-8dc2-5ae14eecba03', 1, '2025-07-01 10:48:56', '2025-07-01 10:48:56', 'df234305-8a47-4b4d-8efb-716a6b695428');
INSERT INTO `client_division` (`id`, `division_name`, `client_id`, `is_active`, `created_on`, `modified_on`, `tenant_id`) VALUES ('dc944c51-dae5-4e88-8fce-fde277781c38', 'Core Tech', '43849c06-9839-4dc2-8dc2-5ae14eecba03', 1, '2025-07-01 10:48:56', '2025-07-01 10:48:56', 'df234305-8a47-4b4d-8efb-716a6b695428');
INSERT INTO `client_division` (`id`, `division_name`, `client_id`, `is_active`, `created_on`, `modified_on`, `tenant_id`) VALUES ('83c10b01-b092-455d-9945-3c551c2e2e68', 'Engineering', '43849c06-9839-4dc2-8dc2-5ae14eecba03', 1, '2025-07-01 10:48:56', '2025-07-01 10:48:56', 'df234305-8a47-4b4d-8efb-716a6b695428');
INSERT INTO `client_division` (`id`, `division_name`, `client_id`, `is_active`, `created_on`, `modified_on`, `tenant_id`) VALUES ('ab556f78-7b2e-4754-9f8a-c5cb150e189d', 'Product Dev', '43849c06-9839-4dc2-8dc2-5ae14eecba03', 1, '2025-07-01 10:48:56', '2025-07-01 10:48:56', 'df234305-8a47-4b4d-8efb-716a6b695428');
INSERT INTO `client` (`id`, `client_code`, `client_name`, `email`, `is_active`, `created_on`, `modified_on`, `tenant_id`) VALUES ('abb7d5c0-3b70-462f-a0a2-69da0f61d476', 1046, 'Green PLC', 'info@greenplc.com', 1, '2025-07-01 10:48:56', '2025-07-01 10:48:56', 'df234305-8a47-4b4d-8efb-716a6b695428');
INSERT INTO `department` (`uuid`, `department`, `client_id`, `tenant_id`, `created_on`, `modified_on`) VALUES ('ff5cf149-d598-4d12-9789-66cf09c2d9c8', 'AI Solutions', 'abb7d5c0-3b70-462f-a0a2-69da0f61d476', 'df234305-8a47-4b4d-8efb-716a6b695428', '2025-07-01 10:48:56', '2025-07-01 10:48:56');
INSERT INTO `department` (`uuid`, `department`, `client_id`, `tenant_id`, `created_on`, `modified_on`) VALUES ('cc5e6551-eb00-4544-b704-b74ff2652198', 'Aerospace', 'abb7d5c0-3b70-462f-a0a2-69da0f61d476', 'df234305-8a47-4b4d-8efb-716a6b695428', '2025-07-01 10:48:56', '2025-07-01 10:48:56');
INSERT INTO `department` (`uuid`, `department`, `client_id`, `tenant_id`, `created_on`, `modified_on`) VALUES ('d6fd84aa-1215-431b-b3e1-5bcbaacaf349', 'Robotics', 'abb7d5c0-3b70-462f-a0a2-69da0f61d476', 'df234305-8a47-4b4d-8efb-716a6b695428', '2025-07-01 10:48:56', '2025-07-01 10:48:56');
INSERT INTO `department` (`uuid`, `department`, `client_id`, `tenant_id`, `created_on`, `modified_on`) VALUES ('5ac3624f-c03a-4014-b87c-24685c7fa7ac', 'Biomedical', 'abb7d5c0-3b70-462f-a0a2-69da0f61d476', 'df234305-8a47-4b4d-8efb-716a6b695428', '2025-07-01 10:48:56', '2025-07-01 10:48:56');
INSERT INTO `department` (`uuid`, `department`, `client_id`, `tenant_id`, `created_on`, `modified_on`) VALUES ('a83c9458-1766-45c5-b241-8ee06dce74ea', 'Civil Systems', 'abb7d5c0-3b70-462f-a0a2-69da0f61d476', 'df234305-8a47-4b4d-8efb-716a6b695428', '2025-07-01 10:48:56', '2025-07-01 10:48:56');
INSERT INTO `department` (`uuid`, `department`, `client_id`, `tenant_id`, `created_on`, `modified_on`) VALUES ('b40cfe6d-178c-4be9-977b-1f4061b26443', 'Cybersecurity', 'abb7d5c0-3b70-462f-a0a2-69da0f61d476', 'df234305-8a47-4b4d-8efb-716a6b695428', '2025-07-01 10:48:56', '2025-07-01 10:48:56');
INSERT INTO `client_division` (`id`, `division_name`, `client_id`, `is_active`, `created_on`, `modified_on`, `tenant_id`) VALUES ('99398be6-b3cd-49f8-bca6-2511e87142d4', 'Product Dev', 'abb7d5c0-3b70-462f-a0a2-69da0f61d476', 1, '2025-07-01 10:48:56', '2025-07-01 10:48:56', 'df234305-8a47-4b4d-8efb-716a6b695428');
INSERT INTO `client_division` (`id`, `division_name`, `client_id`, `is_active`, `created_on`, `modified_on`, `tenant_id`) VALUES ('e8b67719-c84f-4733-a825-4eb5254b5f93', 'Engineering', 'abb7d5c0-3b70-462f-a0a2-69da0f61d476', 1, '2025-07-01 10:48:56', '2025-07-01 10:48:56', 'df234305-8a47-4b4d-8efb-716a6b695428');
INSERT INTO `client_division` (`id`, `division_name`, `client_id`, `is_active`, `created_on`, `modified_on`, `tenant_id`) VALUES ('efa5e5ed-0d9e-4283-9fd4-b47cdc824d10', 'R&D', 'abb7d5c0-3b70-462f-a0a2-69da0f61d476', 1, '2025-07-01 10:48:56', '2025-07-01 10:48:56', 'df234305-8a47-4b4d-8efb-716a6b695428');
INSERT INTO `client_division` (`id`, `division_name`, `client_id`, `is_active`, `created_on`, `modified_on`, `tenant_id`) VALUES ('55b35f6b-51c1-4e73-a680-7fff0c520af3', 'Innovation Lab', 'abb7d5c0-3b70-462f-a0a2-69da0f61d476', 1, '2025-07-01 10:48:56', '2025-07-01 10:48:56', 'df234305-8a47-4b4d-8efb-716a6b695428');
INSERT INTO `client_division` (`id`, `division_name`, `client_id`, `is_active`, `created_on`, `modified_on`, `tenant_id`) VALUES ('968c7706-069a-42ba-8601-f653b9b45bf1', 'Core Tech', 'abb7d5c0-3b70-462f-a0a2-69da0f61d476', 1, '2025-07-01 10:48:56', '2025-07-01 10:48:56', 'df234305-8a47-4b4d-8efb-716a6b695428');
INSERT INTO `client` (`id`, `client_code`, `client_name`, `email`, `is_active`, `created_on`, `modified_on`, `tenant_id`) VALUES ('7cd2e897-60c3-42c0-98e7-141143870cfc', 1047, 'Thomas Ltd', 'info@thomasltd.com', 1, '2025-07-01 10:48:56', '2025-07-01 10:48:56', 'df234305-8a47-4b4d-8efb-716a6b695428');
INSERT INTO `department` (`uuid`, `department`, `client_id`, `tenant_id`, `created_on`, `modified_on`) VALUES ('fc1287c8-d001-4ae0-8b3a-53bdc7d15eb5', 'Robotics', '7cd2e897-60c3-42c0-98e7-141143870cfc', 'df234305-8a47-4b4d-8efb-716a6b695428', '2025-07-01 10:48:56', '2025-07-01 10:48:56');
INSERT INTO `department` (`uuid`, `department`, `client_id`, `tenant_id`, `created_on`, `modified_on`) VALUES ('98d9ad7a-bd91-43a5-b5c5-0cbc0af9c0fa', 'AI Solutions', '7cd2e897-60c3-42c0-98e7-141143870cfc', 'df234305-8a47-4b4d-8efb-716a6b695428', '2025-07-01 10:48:56', '2025-07-01 10:48:56');
INSERT INTO `department` (`uuid`, `department`, `client_id`, `tenant_id`, `created_on`, `modified_on`) VALUES ('1947cf8e-2b3d-40a3-93e2-e1aa7421db89', 'Biomedical', '7cd2e897-60c3-42c0-98e7-141143870cfc', 'df234305-8a47-4b4d-8efb-716a6b695428', '2025-07-01 10:48:56', '2025-07-01 10:48:56');
INSERT INTO `department` (`uuid`, `department`, `client_id`, `tenant_id`, `created_on`, `modified_on`) VALUES ('90d974ba-9cc6-4cba-80e1-4d9ad55ec93d', 'Aerospace', '7cd2e897-60c3-42c0-98e7-141143870cfc', 'df234305-8a47-4b4d-8efb-716a6b695428', '2025-07-01 10:48:56', '2025-07-01 10:48:56');
INSERT INTO `department` (`uuid`, `department`, `client_id`, `tenant_id`, `created_on`, `modified_on`) VALUES ('e3fbb3ca-4ed1-457b-9a60-b7dec7bfceb8', 'Civil Systems', '7cd2e897-60c3-42c0-98e7-141143870cfc', 'df234305-8a47-4b4d-8efb-716a6b695428', '2025-07-01 10:48:56', '2025-07-01 10:48:56');
INSERT INTO `department` (`uuid`, `department`, `client_id`, `tenant_id`, `created_on`, `modified_on`) VALUES ('1ab8aa3c-93e6-4c91-9579-f1a9314d3f40', 'Cybersecurity', '7cd2e897-60c3-42c0-98e7-141143870cfc', 'df234305-8a47-4b4d-8efb-716a6b695428', '2025-07-01 10:48:56', '2025-07-01 10:48:56');
INSERT INTO `client_division` (`id`, `division_name`, `client_id`, `is_active`, `created_on`, `modified_on`, `tenant_id`) VALUES ('fb6d5933-43ad-4adb-a8a6-740cfc8467fd', 'Innovation Lab', '7cd2e897-60c3-42c0-98e7-141143870cfc', 1, '2025-07-01 10:48:56', '2025-07-01 10:48:56', 'df234305-8a47-4b4d-8efb-716a6b695428');
INSERT INTO `client_division` (`id`, `division_name`, `client_id`, `is_active`, `created_on`, `modified_on`, `tenant_id`) VALUES ('a62d0368-fe7f-4940-af85-1377d4dcc66c', 'R&D', '7cd2e897-60c3-42c0-98e7-141143870cfc', 1, '2025-07-01 10:48:56', '2025-07-01 10:48:56', 'df234305-8a47-4b4d-8efb-716a6b695428');
INSERT INTO `client_division` (`id`, `division_name`, `client_id`, `is_active`, `created_on`, `modified_on`, `tenant_id`) VALUES ('c886652c-a1ea-4706-bc4f-587ddf856457', 'Core Tech', '7cd2e897-60c3-42c0-98e7-141143870cfc', 1, '2025-07-01 10:48:56', '2025-07-01 10:48:56', 'df234305-8a47-4b4d-8efb-716a6b695428');
INSERT INTO `client_division` (`id`, `division_name`, `client_id`, `is_active`, `created_on`, `modified_on`, `tenant_id`) VALUES ('33547cd6-79eb-4d76-bef9-a1e3f344b6b5', 'Engineering', '7cd2e897-60c3-42c0-98e7-141143870cfc', 1, '2025-07-01 10:48:56', '2025-07-01 10:48:56', 'df234305-8a47-4b4d-8efb-716a6b695428');
INSERT INTO `client_division` (`id`, `division_name`, `client_id`, `is_active`, `created_on`, `modified_on`, `tenant_id`) VALUES ('e586b8fa-39bf-4436-a898-abef7d9494e3', 'Product Dev', '7cd2e897-60c3-42c0-98e7-141143870cfc', 1, '2025-07-01 10:48:56', '2025-07-01 10:48:56', 'df234305-8a47-4b4d-8efb-716a6b695428');
INSERT INTO `client` (`id`, `client_code`, `client_name`, `email`, `is_active`, `created_on`, `modified_on`, `tenant_id`) VALUES ('9d784550-8f78-4082-8c7b-8cd392168ce7', 1048, 'Spears, Solomon and Green', 'info@spearssolomonandgreen.com', 1, '2025-07-01 10:48:56', '2025-07-01 10:48:56', 'df234305-8a47-4b4d-8efb-716a6b695428');
INSERT INTO `department` (`uuid`, `department`, `client_id`, `tenant_id`, `created_on`, `modified_on`) VALUES ('2c081735-c2a0-4a01-9aad-a3dd53c63c65', 'Biomedical', '9d784550-8f78-4082-8c7b-8cd392168ce7', 'df234305-8a47-4b4d-8efb-716a6b695428', '2025-07-01 10:48:56', '2025-07-01 10:48:56');
INSERT INTO `department` (`uuid`, `department`, `client_id`, `tenant_id`, `created_on`, `modified_on`) VALUES ('8d4c9958-97e7-4df4-95ab-719eb10fdfe3', 'Civil Systems', '9d784550-8f78-4082-8c7b-8cd392168ce7', 'df234305-8a47-4b4d-8efb-716a6b695428', '2025-07-01 10:48:56', '2025-07-01 10:48:56');
INSERT INTO `department` (`uuid`, `department`, `client_id`, `tenant_id`, `created_on`, `modified_on`) VALUES ('2e3eeab3-31b2-4282-8cff-b004cbe0043e', 'Aerospace', '9d784550-8f78-4082-8c7b-8cd392168ce7', 'df234305-8a47-4b4d-8efb-716a6b695428', '2025-07-01 10:48:56', '2025-07-01 10:48:56');
INSERT INTO `department` (`uuid`, `department`, `client_id`, `tenant_id`, `created_on`, `modified_on`) VALUES ('b963f70b-c6a7-4d6a-a9f1-a74b34516e65', 'Cybersecurity', '9d784550-8f78-4082-8c7b-8cd392168ce7', 'df234305-8a47-4b4d-8efb-716a6b695428', '2025-07-01 10:48:56', '2025-07-01 10:48:56');
INSERT INTO `department` (`uuid`, `department`, `client_id`, `tenant_id`, `created_on`, `modified_on`) VALUES ('56b2cece-68a9-4b80-ac42-471b5880ff7f', 'Robotics', '9d784550-8f78-4082-8c7b-8cd392168ce7', 'df234305-8a47-4b4d-8efb-716a6b695428', '2025-07-01 10:48:56', '2025-07-01 10:48:56');
INSERT INTO `department` (`uuid`, `department`, `client_id`, `tenant_id`, `created_on`, `modified_on`) VALUES ('c85a44f7-9f30-4ca6-8326-55007deddb5b', 'AI Solutions', '9d784550-8f78-4082-8c7b-8cd392168ce7', 'df234305-8a47-4b4d-8efb-716a6b695428', '2025-07-01 10:48:56', '2025-07-01 10:48:56');
INSERT INTO `client_division` (`id`, `division_name`, `client_id`, `is_active`, `created_on`, `modified_on`, `tenant_id`) VALUES ('a160190d-8885-4656-83d3-237c14234294', 'Innovation Lab', '9d784550-8f78-4082-8c7b-8cd392168ce7', 1, '2025-07-01 10:48:56', '2025-07-01 10:48:56', 'df234305-8a47-4b4d-8efb-716a6b695428');
INSERT INTO `client_division` (`id`, `division_name`, `client_id`, `is_active`, `created_on`, `modified_on`, `tenant_id`) VALUES ('07519ee8-6b48-4213-9a1d-abdf699406b4', 'Product Dev', '9d784550-8f78-4082-8c7b-8cd392168ce7', 1, '2025-07-01 10:48:56', '2025-07-01 10:48:56', 'df234305-8a47-4b4d-8efb-716a6b695428');
INSERT INTO `client_division` (`id`, `division_name`, `client_id`, `is_active`, `created_on`, `modified_on`, `tenant_id`) VALUES ('538303bb-62d4-4910-bf56-c4ffaaf9a826', 'Core Tech', '9d784550-8f78-4082-8c7b-8cd392168ce7', 1, '2025-07-01 10:48:56', '2025-07-01 10:48:56', 'df234305-8a47-4b4d-8efb-716a6b695428');
INSERT INTO `client_division` (`id`, `division_name`, `client_id`, `is_active`, `created_on`, `modified_on`, `tenant_id`) VALUES ('2188aca2-292e-4c10-800c-46c17e58e232', 'Engineering', '9d784550-8f78-4082-8c7b-8cd392168ce7', 1, '2025-07-01 10:48:56', '2025-07-01 10:48:56', 'df234305-8a47-4b4d-8efb-716a6b695428');
INSERT INTO `client_division` (`id`, `division_name`, `client_id`, `is_active`, `created_on`, `modified_on`, `tenant_id`) VALUES ('25920699-0cdd-4263-a206-581145fb51f2', 'R&D', '9d784550-8f78-4082-8c7b-8cd392168ce7', 1, '2025-07-01 10:48:56', '2025-07-01 10:48:56', 'df234305-8a47-4b4d-8efb-716a6b695428');
INSERT INTO `client` (`id`, `client_code`, `client_name`, `email`, `is_active`, `created_on`, `modified_on`, `tenant_id`) VALUES ('0b07eed2-f6cf-4ebc-8cfb-efa5fa6dcb4e', 1049, 'Nichols Inc', 'info@nicholsinc.com', 1, '2025-07-01 10:48:56', '2025-07-01 10:48:56', 'df234305-8a47-4b4d-8efb-716a6b695428');
INSERT INTO `department` (`uuid`, `department`, `client_id`, `tenant_id`, `created_on`, `modified_on`) VALUES ('05fa8480-efd4-4f7d-a758-c5455d035a4b', 'Civil Systems', '0b07eed2-f6cf-4ebc-8cfb-efa5fa6dcb4e', 'df234305-8a47-4b4d-8efb-716a6b695428', '2025-07-01 10:48:56', '2025-07-01 10:48:56');
INSERT INTO `department` (`uuid`, `department`, `client_id`, `tenant_id`, `created_on`, `modified_on`) VALUES ('138257e9-cd43-44c8-ae0d-ce5dd57663d5', 'Biomedical', '0b07eed2-f6cf-4ebc-8cfb-efa5fa6dcb4e', 'df234305-8a47-4b4d-8efb-716a6b695428', '2025-07-01 10:48:56', '2025-07-01 10:48:56');
INSERT INTO `department` (`uuid`, `department`, `client_id`, `tenant_id`, `created_on`, `modified_on`) VALUES ('0771d8a0-730d-433b-a677-52fd7fd8df6d', 'AI Solutions', '0b07eed2-f6cf-4ebc-8cfb-efa5fa6dcb4e', 'df234305-8a47-4b4d-8efb-716a6b695428', '2025-07-01 10:48:56', '2025-07-01 10:48:56');
INSERT INTO `department` (`uuid`, `department`, `client_id`, `tenant_id`, `created_on`, `modified_on`) VALUES ('5b58cb59-3e8f-468d-a065-241c8768b4b0', 'Cybersecurity', '0b07eed2-f6cf-4ebc-8cfb-efa5fa6dcb4e', 'df234305-8a47-4b4d-8efb-716a6b695428', '2025-07-01 10:48:56', '2025-07-01 10:48:56');
INSERT INTO `department` (`uuid`, `department`, `client_id`, `tenant_id`, `created_on`, `modified_on`) VALUES ('9a77cf45-e434-40d1-ad59-d3a83626a2a7', 'Aerospace', '0b07eed2-f6cf-4ebc-8cfb-efa5fa6dcb4e', 'df234305-8a47-4b4d-8efb-716a6b695428', '2025-07-01 10:48:56', '2025-07-01 10:48:56');
INSERT INTO `department` (`uuid`, `department`, `client_id`, `tenant_id`, `created_on`, `modified_on`) VALUES ('64bf0ea1-77eb-4798-9ab0-d5ee12f58437', 'Robotics', '0b07eed2-f6cf-4ebc-8cfb-efa5fa6dcb4e', 'df234305-8a47-4b4d-8efb-716a6b695428', '2025-07-01 10:48:56', '2025-07-01 10:48:56');
INSERT INTO `client_division` (`id`, `division_name`, `client_id`, `is_active`, `created_on`, `modified_on`, `tenant_id`) VALUES ('b15ab96c-f034-4016-8f43-3b8de4ab0247', 'Core Tech', '0b07eed2-f6cf-4ebc-8cfb-efa5fa6dcb4e', 1, '2025-07-01 10:48:56', '2025-07-01 10:48:56', 'df234305-8a47-4b4d-8efb-716a6b695428');
INSERT INTO `client_division` (`id`, `division_name`, `client_id`, `is_active`, `created_on`, `modified_on`, `tenant_id`) VALUES ('45eda4ab-a016-4683-8bcf-526292677876', 'R&D', '0b07eed2-f6cf-4ebc-8cfb-efa5fa6dcb4e', 1, '2025-07-01 10:48:56', '2025-07-01 10:48:56', 'df234305-8a47-4b4d-8efb-716a6b695428');
INSERT INTO `client_division` (`id`, `division_name`, `client_id`, `is_active`, `created_on`, `modified_on`, `tenant_id`) VALUES ('99e79802-fe8a-4434-be61-c1580472e82a', 'Engineering', '0b07eed2-f6cf-4ebc-8cfb-efa5fa6dcb4e', 1, '2025-07-01 10:48:56', '2025-07-01 10:48:56', 'df234305-8a47-4b4d-8efb-716a6b695428');
INSERT INTO `client_division` (`id`, `division_name`, `client_id`, `is_active`, `created_on`, `modified_on`, `tenant_id`) VALUES ('b6409a39-64c1-4b13-a238-987dcf796347', 'Product Dev', '0b07eed2-f6cf-4ebc-8cfb-efa5fa6dcb4e', 1, '2025-07-01 10:48:56', '2025-07-01 10:48:56', 'df234305-8a47-4b4d-8efb-716a6b695428');
INSERT INTO `client_division` (`id`, `division_name`, `client_id`, `is_active`, `created_on`, `modified_on`, `tenant_id`) VALUES ('9a704743-8cb9-45b7-87e8-4b1f74f857bd', 'Innovation Lab', '0b07eed2-f6cf-4ebc-8cfb-efa5fa6dcb4e', 1, '2025-07-01 10:48:56', '2025-07-01 10:48:56', 'df234305-8a47-4b4d-8efb-716a6b695428');
INSERT INTO `client` (`id`, `client_code`, `client_name`, `email`, `is_active`, `created_on`, `modified_on`, `tenant_id`) VALUES ('a63ed9f5-b894-4ca8-916f-9835e05978b3', 1050, 'Stevens, Bradley and Boyd', 'info@stevensbradleyandboyd.com', 1, '2025-07-01 10:48:56', '2025-07-01 10:48:56', 'df234305-8a47-4b4d-8efb-716a6b695428');
INSERT INTO `department` (`uuid`, `department`, `client_id`, `tenant_id`, `created_on`, `modified_on`) VALUES ('b0e1aebf-8f38-4c4c-bcfe-6a8287b45e69', 'Cybersecurity', 'a63ed9f5-b894-4ca8-916f-9835e05978b3', 'df234305-8a47-4b4d-8efb-716a6b695428', '2025-07-01 10:48:56', '2025-07-01 10:48:56');
INSERT INTO `department` (`uuid`, `department`, `client_id`, `tenant_id`, `created_on`, `modified_on`) VALUES ('b192ecd2-c465-4615-a1db-6bd1ae0c411c', 'Aerospace', 'a63ed9f5-b894-4ca8-916f-9835e05978b3', 'df234305-8a47-4b4d-8efb-716a6b695428', '2025-07-01 10:48:56', '2025-07-01 10:48:56');
INSERT INTO `department` (`uuid`, `department`, `client_id`, `tenant_id`, `created_on`, `modified_on`) VALUES ('0117c094-a744-4709-93ef-6380623814e0', 'Civil Systems', 'a63ed9f5-b894-4ca8-916f-9835e05978b3', 'df234305-8a47-4b4d-8efb-716a6b695428', '2025-07-01 10:48:56', '2025-07-01 10:48:56');
INSERT INTO `department` (`uuid`, `department`, `client_id`, `tenant_id`, `created_on`, `modified_on`) VALUES ('169c1056-3241-4843-b8c4-ccc723b60f30', 'Robotics', 'a63ed9f5-b894-4ca8-916f-9835e05978b3', 'df234305-8a47-4b4d-8efb-716a6b695428', '2025-07-01 10:48:56', '2025-07-01 10:48:56');
INSERT INTO `department` (`uuid`, `department`, `client_id`, `tenant_id`, `created_on`, `modified_on`) VALUES ('22424533-6d37-418d-b779-f2471ea56224', 'AI Solutions', 'a63ed9f5-b894-4ca8-916f-9835e05978b3', 'df234305-8a47-4b4d-8efb-716a6b695428', '2025-07-01 10:48:56', '2025-07-01 10:48:56');
INSERT INTO `department` (`uuid`, `department`, `client_id`, `tenant_id`, `created_on`, `modified_on`) VALUES ('21984a61-4650-41c9-890e-3be6d8ac0afb', 'Biomedical', 'a63ed9f5-b894-4ca8-916f-9835e05978b3', 'df234305-8a47-4b4d-8efb-716a6b695428', '2025-07-01 10:48:56', '2025-07-01 10:48:56');
INSERT INTO `client_division` (`id`, `division_name`, `client_id`, `is_active`, `created_on`, `modified_on`, `tenant_id`) VALUES ('0bca52ef-3b17-4337-90bc-0312f78a110e', 'Core Tech', 'a63ed9f5-b894-4ca8-916f-9835e05978b3', 1, '2025-07-01 10:48:56', '2025-07-01 10:48:56', 'df234305-8a47-4b4d-8efb-716a6b695428');
INSERT INTO `client_division` (`id`, `division_name`, `client_id`, `is_active`, `created_on`, `modified_on`, `tenant_id`) VALUES ('bf4d010f-4ed9-427f-8504-f5819146f2c7', 'Engineering', 'a63ed9f5-b894-4ca8-916f-9835e05978b3', 1, '2025-07-01 10:48:56', '2025-07-01 10:48:56', 'df234305-8a47-4b4d-8efb-716a6b695428');
INSERT INTO `client_division` (`id`, `division_name`, `client_id`, `is_active`, `created_on`, `modified_on`, `tenant_id`) VALUES ('82e2cdcb-312f-454c-9e93-f00aa8205161', 'R&D', 'a63ed9f5-b894-4ca8-916f-9835e05978b3', 1, '2025-07-01 10:48:56', '2025-07-01 10:48:56', 'df234305-8a47-4b4d-8efb-716a6b695428');
INSERT INTO `client_division` (`id`, `division_name`, `client_id`, `is_active`, `created_on`, `modified_on`, `tenant_id`) VALUES ('29eedd80-009e-414f-b53c-ae39a7147552', 'Innovation Lab', 'a63ed9f5-b894-4ca8-916f-9835e05978b3', 1, '2025-07-01 10:48:56', '2025-07-01 10:48:56', 'df234305-8a47-4b4d-8efb-716a6b695428');
INSERT INTO `client_division` (`id`, `division_name`, `client_id`, `is_active`, `created_on`, `modified_on`, `tenant_id`) VALUES ('9e144300-b9a8-4d0d-bd62-0f690307e514', 'Product Dev', 'a63ed9f5-b894-4ca8-916f-9835e05978b3', 1, '2025-07-01 10:48:56', '2025-07-01 10:48:56', 'df234305-8a47-4b4d-8efb-716a6b695428');
INSERT INTO `client` (`id`, `client_code`, `client_name`, `email`, `is_active`, `created_on`, `modified_on`, `tenant_id`) VALUES ('21b28d7b-fa20-439a-8396-9772084dbb91', 1051, 'Young, Austin and Grimes', 'info@youngaustinandgrimes.com', 1, '2025-07-01 10:48:56', '2025-07-01 10:48:56', 'df234305-8a47-4b4d-8efb-716a6b695428');
INSERT INTO `department` (`uuid`, `department`, `client_id`, `tenant_id`, `created_on`, `modified_on`) VALUES ('30f2f56f-713e-49bf-a132-1206db6cf871', 'Biomedical', '21b28d7b-fa20-439a-8396-9772084dbb91', 'df234305-8a47-4b4d-8efb-716a6b695428', '2025-07-01 10:48:56', '2025-07-01 10:48:56');
INSERT INTO `department` (`uuid`, `department`, `client_id`, `tenant_id`, `created_on`, `modified_on`) VALUES ('076b165e-4ff0-4b00-8ec2-3bb0254a35f5', 'Aerospace', '21b28d7b-fa20-439a-8396-9772084dbb91', 'df234305-8a47-4b4d-8efb-716a6b695428', '2025-07-01 10:48:56', '2025-07-01 10:48:56');
INSERT INTO `department` (`uuid`, `department`, `client_id`, `tenant_id`, `created_on`, `modified_on`) VALUES ('a3e67c1e-3871-4fbb-ae33-bc5f5f6c134e', 'AI Solutions', '21b28d7b-fa20-439a-8396-9772084dbb91', 'df234305-8a47-4b4d-8efb-716a6b695428', '2025-07-01 10:48:56', '2025-07-01 10:48:56');
INSERT INTO `department` (`uuid`, `department`, `client_id`, `tenant_id`, `created_on`, `modified_on`) VALUES ('3094e540-a30d-4e72-a382-f5d14d5d8698', 'Robotics', '21b28d7b-fa20-439a-8396-9772084dbb91', 'df234305-8a47-4b4d-8efb-716a6b695428', '2025-07-01 10:48:56', '2025-07-01 10:48:56');
INSERT INTO `department` (`uuid`, `department`, `client_id`, `tenant_id`, `created_on`, `modified_on`) VALUES ('935e6017-367a-43ba-b754-7915a5274290', 'Civil Systems', '21b28d7b-fa20-439a-8396-9772084dbb91', 'df234305-8a47-4b4d-8efb-716a6b695428', '2025-07-01 10:48:56', '2025-07-01 10:48:56');
INSERT INTO `department` (`uuid`, `department`, `client_id`, `tenant_id`, `created_on`, `modified_on`) VALUES ('6de7862f-c33f-41b8-bcc1-2a0dbd054bd3', 'Cybersecurity', '21b28d7b-fa20-439a-8396-9772084dbb91', 'df234305-8a47-4b4d-8efb-716a6b695428', '2025-07-01 10:48:56', '2025-07-01 10:48:56');
INSERT INTO `client_division` (`id`, `division_name`, `client_id`, `is_active`, `created_on`, `modified_on`, `tenant_id`) VALUES ('57219dfd-aca9-478a-9687-03a518bcf992', 'Core Tech', '21b28d7b-fa20-439a-8396-9772084dbb91', 1, '2025-07-01 10:48:56', '2025-07-01 10:48:56', 'df234305-8a47-4b4d-8efb-716a6b695428');
INSERT INTO `client_division` (`id`, `division_name`, `client_id`, `is_active`, `created_on`, `modified_on`, `tenant_id`) VALUES ('dabea066-ca20-4701-b424-c239409008b8', 'R&D', '21b28d7b-fa20-439a-8396-9772084dbb91', 1, '2025-07-01 10:48:56', '2025-07-01 10:48:56', 'df234305-8a47-4b4d-8efb-716a6b695428');
INSERT INTO `client_division` (`id`, `division_name`, `client_id`, `is_active`, `created_on`, `modified_on`, `tenant_id`) VALUES ('26144e99-f62e-4d06-b857-f552019514b6', 'Product Dev', '21b28d7b-fa20-439a-8396-9772084dbb91', 1, '2025-07-01 10:48:56', '2025-07-01 10:48:56', 'df234305-8a47-4b4d-8efb-716a6b695428');
INSERT INTO `client_division` (`id`, `division_name`, `client_id`, `is_active`, `created_on`, `modified_on`, `tenant_id`) VALUES ('37e840e9-98c4-432d-859e-820f713b7fc5', 'Engineering', '21b28d7b-fa20-439a-8396-9772084dbb91', 1, '2025-07-01 10:48:56', '2025-07-01 10:48:56', 'df234305-8a47-4b4d-8efb-716a6b695428');
INSERT INTO `client_division` (`id`, `division_name`, `client_id`, `is_active`, `created_on`, `modified_on`, `tenant_id`) VALUES ('521885e0-a97c-48f2-849e-16cd6f3b5b9f', 'Innovation Lab', '21b28d7b-fa20-439a-8396-9772084dbb91', 1, '2025-07-01 10:48:56', '2025-07-01 10:48:56', 'df234305-8a47-4b4d-8efb-716a6b695428');
INSERT INTO `client` (`id`, `client_code`, `client_name`, `email`, `is_active`, `created_on`, `modified_on`, `tenant_id`) VALUES ('f62fb72a-05fc-4a73-b908-b94afaca2ada', 1052, 'Jones Inc', 'info@jonesinc.com', 1, '2025-07-01 10:48:56', '2025-07-01 10:48:56', 'df234305-8a47-4b4d-8efb-716a6b695428');
INSERT INTO `department` (`uuid`, `department`, `client_id`, `tenant_id`, `created_on`, `modified_on`) VALUES ('43201b1c-17c0-4981-8603-2ae0890abf1e', 'Civil Systems', 'f62fb72a-05fc-4a73-b908-b94afaca2ada', 'df234305-8a47-4b4d-8efb-716a6b695428', '2025-07-01 10:48:56', '2025-07-01 10:48:56');
INSERT INTO `department` (`uuid`, `department`, `client_id`, `tenant_id`, `created_on`, `modified_on`) VALUES ('ee51d9bc-ebed-4b56-812d-0abc5a2547a1', 'AI Solutions', 'f62fb72a-05fc-4a73-b908-b94afaca2ada', 'df234305-8a47-4b4d-8efb-716a6b695428', '2025-07-01 10:48:56', '2025-07-01 10:48:56');
INSERT INTO `department` (`uuid`, `department`, `client_id`, `tenant_id`, `created_on`, `modified_on`) VALUES ('495e7aef-040c-45ce-9cd5-f8190b4e47ed', 'Cybersecurity', 'f62fb72a-05fc-4a73-b908-b94afaca2ada', 'df234305-8a47-4b4d-8efb-716a6b695428', '2025-07-01 10:48:56', '2025-07-01 10:48:56');
INSERT INTO `department` (`uuid`, `department`, `client_id`, `tenant_id`, `created_on`, `modified_on`) VALUES ('a4b36c7e-4054-43a9-84db-e82b3ebbc3a5', 'Robotics', 'f62fb72a-05fc-4a73-b908-b94afaca2ada', 'df234305-8a47-4b4d-8efb-716a6b695428', '2025-07-01 10:48:56', '2025-07-01 10:48:56');
INSERT INTO `department` (`uuid`, `department`, `client_id`, `tenant_id`, `created_on`, `modified_on`) VALUES ('7a2a5fbd-6217-4359-a742-e707d382f881', 'Aerospace', 'f62fb72a-05fc-4a73-b908-b94afaca2ada', 'df234305-8a47-4b4d-8efb-716a6b695428', '2025-07-01 10:48:56', '2025-07-01 10:48:56');
INSERT INTO `department` (`uuid`, `department`, `client_id`, `tenant_id`, `created_on`, `modified_on`) VALUES ('ddb8ecee-c171-417b-8d44-f1c33cab6b3c', 'Biomedical', 'f62fb72a-05fc-4a73-b908-b94afaca2ada', 'df234305-8a47-4b4d-8efb-716a6b695428', '2025-07-01 10:48:56', '2025-07-01 10:48:56');
INSERT INTO `client_division` (`id`, `division_name`, `client_id`, `is_active`, `created_on`, `modified_on`, `tenant_id`) VALUES ('7db67abf-921b-4313-9d24-948f50c5b00a', 'R&D', 'f62fb72a-05fc-4a73-b908-b94afaca2ada', 1, '2025-07-01 10:48:56', '2025-07-01 10:48:56', 'df234305-8a47-4b4d-8efb-716a6b695428');
INSERT INTO `client_division` (`id`, `division_name`, `client_id`, `is_active`, `created_on`, `modified_on`, `tenant_id`) VALUES ('6abc2283-14db-405d-b7b3-392c6d088fdf', 'Core Tech', 'f62fb72a-05fc-4a73-b908-b94afaca2ada', 1, '2025-07-01 10:48:56', '2025-07-01 10:48:56', 'df234305-8a47-4b4d-8efb-716a6b695428');
INSERT INTO `client_division` (`id`, `division_name`, `client_id`, `is_active`, `created_on`, `modified_on`, `tenant_id`) VALUES ('65676737-5ee3-448f-b43e-961565a29a3c', 'Product Dev', 'f62fb72a-05fc-4a73-b908-b94afaca2ada', 1, '2025-07-01 10:48:56', '2025-07-01 10:48:56', 'df234305-8a47-4b4d-8efb-716a6b695428');
INSERT INTO `client_division` (`id`, `division_name`, `client_id`, `is_active`, `created_on`, `modified_on`, `tenant_id`) VALUES ('dd44ecd9-3e16-41fa-bf5d-4ff203253175', 'Engineering', 'f62fb72a-05fc-4a73-b908-b94afaca2ada', 1, '2025-07-01 10:48:56', '2025-07-01 10:48:56', 'df234305-8a47-4b4d-8efb-716a6b695428');
INSERT INTO `client_division` (`id`, `division_name`, `client_id`, `is_active`, `created_on`, `modified_on`, `tenant_id`) VALUES ('c64dbd15-8517-4ca0-bb83-374a268f0db4', 'Innovation Lab', 'f62fb72a-05fc-4a73-b908-b94afaca2ada', 1, '2025-07-01 10:48:56', '2025-07-01 10:48:56', 'df234305-8a47-4b4d-8efb-716a6b695428');
INSERT INTO `client` (`id`, `client_code`, `client_name`, `email`, `is_active`, `created_on`, `modified_on`, `tenant_id`) VALUES ('d88da6f4-a3c9-4824-8de6-47f639171e17', 1053, 'Case-Reynolds', 'info@casereynolds.com', 1, '2025-07-01 10:48:56', '2025-07-01 10:48:56', 'df234305-8a47-4b4d-8efb-716a6b695428');
INSERT INTO `department` (`uuid`, `department`, `client_id`, `tenant_id`, `created_on`, `modified_on`) VALUES ('436e8ae7-c727-47d9-98ee-ebf5b054e538', 'Cybersecurity', 'd88da6f4-a3c9-4824-8de6-47f639171e17', 'df234305-8a47-4b4d-8efb-716a6b695428', '2025-07-01 10:48:56', '2025-07-01 10:48:56');
INSERT INTO `department` (`uuid`, `department`, `client_id`, `tenant_id`, `created_on`, `modified_on`) VALUES ('cb15bda1-0041-4484-80b5-db5f9231991e', 'Biomedical', 'd88da6f4-a3c9-4824-8de6-47f639171e17', 'df234305-8a47-4b4d-8efb-716a6b695428', '2025-07-01 10:48:56', '2025-07-01 10:48:56');
INSERT INTO `department` (`uuid`, `department`, `client_id`, `tenant_id`, `created_on`, `modified_on`) VALUES ('86c538ae-5e46-4177-ba98-ee034da7d0c1', 'AI Solutions', 'd88da6f4-a3c9-4824-8de6-47f639171e17', 'df234305-8a47-4b4d-8efb-716a6b695428', '2025-07-01 10:48:56', '2025-07-01 10:48:56');
INSERT INTO `department` (`uuid`, `department`, `client_id`, `tenant_id`, `created_on`, `modified_on`) VALUES ('676b99d3-4052-4910-880b-6663c317a016', 'Robotics', 'd88da6f4-a3c9-4824-8de6-47f639171e17', 'df234305-8a47-4b4d-8efb-716a6b695428', '2025-07-01 10:48:56', '2025-07-01 10:48:56');
INSERT INTO `department` (`uuid`, `department`, `client_id`, `tenant_id`, `created_on`, `modified_on`) VALUES ('6a2eec9e-0017-46f8-8469-4e1d0cd7d272', 'Aerospace', 'd88da6f4-a3c9-4824-8de6-47f639171e17', 'df234305-8a47-4b4d-8efb-716a6b695428', '2025-07-01 10:48:56', '2025-07-01 10:48:56');
INSERT INTO `department` (`uuid`, `department`, `client_id`, `tenant_id`, `created_on`, `modified_on`) VALUES ('b896ff82-6100-42c1-8d33-e1ff1036c666', 'Civil Systems', 'd88da6f4-a3c9-4824-8de6-47f639171e17', 'df234305-8a47-4b4d-8efb-716a6b695428', '2025-07-01 10:48:56', '2025-07-01 10:48:56');
INSERT INTO `client_division` (`id`, `division_name`, `client_id`, `is_active`, `created_on`, `modified_on`, `tenant_id`) VALUES ('04471eb9-849e-4fe9-97fb-60ff488a65a6', 'Innovation Lab', 'd88da6f4-a3c9-4824-8de6-47f639171e17', 1, '2025-07-01 10:48:56', '2025-07-01 10:48:56', 'df234305-8a47-4b4d-8efb-716a6b695428');
INSERT INTO `client_division` (`id`, `division_name`, `client_id`, `is_active`, `created_on`, `modified_on`, `tenant_id`) VALUES ('c8f15c63-a1dd-4d3b-bdad-8a231f49fe38', 'Engineering', 'd88da6f4-a3c9-4824-8de6-47f639171e17', 1, '2025-07-01 10:48:56', '2025-07-01 10:48:56', 'df234305-8a47-4b4d-8efb-716a6b695428');
INSERT INTO `client_division` (`id`, `division_name`, `client_id`, `is_active`, `created_on`, `modified_on`, `tenant_id`) VALUES ('19d1a4be-d5bf-427d-ab2d-102590a874bb', 'Core Tech', 'd88da6f4-a3c9-4824-8de6-47f639171e17', 1, '2025-07-01 10:48:56', '2025-07-01 10:48:56', 'df234305-8a47-4b4d-8efb-716a6b695428');
INSERT INTO `client_division` (`id`, `division_name`, `client_id`, `is_active`, `created_on`, `modified_on`, `tenant_id`) VALUES ('472908c9-9fd1-4869-9140-8796e6ab6a18', 'R&D', 'd88da6f4-a3c9-4824-8de6-47f639171e17', 1, '2025-07-01 10:48:56', '2025-07-01 10:48:56', 'df234305-8a47-4b4d-8efb-716a6b695428');
INSERT INTO `client_division` (`id`, `division_name`, `client_id`, `is_active`, `created_on`, `modified_on`, `tenant_id`) VALUES ('d8351f16-ea7e-4812-b22b-92dac6a84fd6', 'Product Dev', 'd88da6f4-a3c9-4824-8de6-47f639171e17', 1, '2025-07-01 10:48:56', '2025-07-01 10:48:56', 'df234305-8a47-4b4d-8efb-716a6b695428');
INSERT INTO `client` (`id`, `client_code`, `client_name`, `email`, `is_active`, `created_on`, `modified_on`, `tenant_id`) VALUES ('b5a7e67b-f876-42f8-8132-3321841b933c', 1054, 'Neal-Thompson', 'info@nealthompson.com', 1, '2025-07-01 10:48:56', '2025-07-01 10:48:56', 'df234305-8a47-4b4d-8efb-716a6b695428');
INSERT INTO `department` (`uuid`, `department`, `client_id`, `tenant_id`, `created_on`, `modified_on`) VALUES ('b7ed42a1-c5bb-42e1-96bc-6088bf3c1d76', 'Cybersecurity', 'b5a7e67b-f876-42f8-8132-3321841b933c', 'df234305-8a47-4b4d-8efb-716a6b695428', '2025-07-01 10:48:56', '2025-07-01 10:48:56');
INSERT INTO `department` (`uuid`, `department`, `client_id`, `tenant_id`, `created_on`, `modified_on`) VALUES ('f8da9a5f-1a6d-4c45-b13e-dfe1d009cb6b', 'Robotics', 'b5a7e67b-f876-42f8-8132-3321841b933c', 'df234305-8a47-4b4d-8efb-716a6b695428', '2025-07-01 10:48:56', '2025-07-01 10:48:56');
INSERT INTO `department` (`uuid`, `department`, `client_id`, `tenant_id`, `created_on`, `modified_on`) VALUES ('a394bed0-3ea7-466e-b64c-53a3c39b2372', 'Aerospace', 'b5a7e67b-f876-42f8-8132-3321841b933c', 'df234305-8a47-4b4d-8efb-716a6b695428', '2025-07-01 10:48:56', '2025-07-01 10:48:56');
INSERT INTO `department` (`uuid`, `department`, `client_id`, `tenant_id`, `created_on`, `modified_on`) VALUES ('e5344a65-32f6-46cc-b755-db9bc340d141', 'AI Solutions', 'b5a7e67b-f876-42f8-8132-3321841b933c', 'df234305-8a47-4b4d-8efb-716a6b695428', '2025-07-01 10:48:56', '2025-07-01 10:48:56');
INSERT INTO `department` (`uuid`, `department`, `client_id`, `tenant_id`, `created_on`, `modified_on`) VALUES ('c45ce279-f937-43ab-bd30-140ef0858cc5', 'Biomedical', 'b5a7e67b-f876-42f8-8132-3321841b933c', 'df234305-8a47-4b4d-8efb-716a6b695428', '2025-07-01 10:48:56', '2025-07-01 10:48:56');
INSERT INTO `department` (`uuid`, `department`, `client_id`, `tenant_id`, `created_on`, `modified_on`) VALUES ('455362ac-d16b-4033-b7a4-c84b88df823a', 'Civil Systems', 'b5a7e67b-f876-42f8-8132-3321841b933c', 'df234305-8a47-4b4d-8efb-716a6b695428', '2025-07-01 10:48:56', '2025-07-01 10:48:56');
INSERT INTO `client_division` (`id`, `division_name`, `client_id`, `is_active`, `created_on`, `modified_on`, `tenant_id`) VALUES ('4aad3af7-d4e9-41e1-92be-3b221f551268', 'Engineering', 'b5a7e67b-f876-42f8-8132-3321841b933c', 1, '2025-07-01 10:48:56', '2025-07-01 10:48:56', 'df234305-8a47-4b4d-8efb-716a6b695428');
INSERT INTO `client_division` (`id`, `division_name`, `client_id`, `is_active`, `created_on`, `modified_on`, `tenant_id`) VALUES ('ef320ca3-caa6-4ced-975a-2a4f697dcfc1', 'Innovation Lab', 'b5a7e67b-f876-42f8-8132-3321841b933c', 1, '2025-07-01 10:48:56', '2025-07-01 10:48:56', 'df234305-8a47-4b4d-8efb-716a6b695428');
INSERT INTO `client_division` (`id`, `division_name`, `client_id`, `is_active`, `created_on`, `modified_on`, `tenant_id`) VALUES ('481c47d0-5d9d-4de2-94a3-45d79ad58db9', 'Core Tech', 'b5a7e67b-f876-42f8-8132-3321841b933c', 1, '2025-07-01 10:48:56', '2025-07-01 10:48:56', 'df234305-8a47-4b4d-8efb-716a6b695428');
INSERT INTO `client_division` (`id`, `division_name`, `client_id`, `is_active`, `created_on`, `modified_on`, `tenant_id`) VALUES ('54a78f00-4aac-4281-8a93-b95efa3a9420', 'Product Dev', 'b5a7e67b-f876-42f8-8132-3321841b933c', 1, '2025-07-01 10:48:56', '2025-07-01 10:48:56', 'df234305-8a47-4b4d-8efb-716a6b695428');
INSERT INTO `client_division` (`id`, `division_name`, `client_id`, `is_active`, `created_on`, `modified_on`, `tenant_id`) VALUES ('ededcde0-2356-49fc-9bba-98106ad20613', 'R&D', 'b5a7e67b-f876-42f8-8132-3321841b933c', 1, '2025-07-01 10:48:56', '2025-07-01 10:48:56', 'df234305-8a47-4b4d-8efb-716a6b695428');
INSERT INTO `client` (`id`, `client_code`, `client_name`, `email`, `is_active`, `created_on`, `modified_on`, `tenant_id`) VALUES ('2e530726-a2ea-4b7a-9e58-d2689bc20ff7', 1055, 'Rhodes-Escobar', 'info@rhodesescobar.com', 1, '2025-07-01 10:48:56', '2025-07-01 10:48:56', 'df234305-8a47-4b4d-8efb-716a6b695428');
INSERT INTO `department` (`uuid`, `department`, `client_id`, `tenant_id`, `created_on`, `modified_on`) VALUES ('692a0ecc-b53a-4725-adaf-acdfc79cdc96', 'Biomedical', '2e530726-a2ea-4b7a-9e58-d2689bc20ff7', 'df234305-8a47-4b4d-8efb-716a6b695428', '2025-07-01 10:48:56', '2025-07-01 10:48:56');
INSERT INTO `department` (`uuid`, `department`, `client_id`, `tenant_id`, `created_on`, `modified_on`) VALUES ('c4561724-8aa8-4353-bb56-41d12bda045a', 'Cybersecurity', '2e530726-a2ea-4b7a-9e58-d2689bc20ff7', 'df234305-8a47-4b4d-8efb-716a6b695428', '2025-07-01 10:48:56', '2025-07-01 10:48:56');
INSERT INTO `department` (`uuid`, `department`, `client_id`, `tenant_id`, `created_on`, `modified_on`) VALUES ('38645344-8d5d-454a-8abc-cabd6cff1d98', 'Aerospace', '2e530726-a2ea-4b7a-9e58-d2689bc20ff7', 'df234305-8a47-4b4d-8efb-716a6b695428', '2025-07-01 10:48:56', '2025-07-01 10:48:56');
INSERT INTO `department` (`uuid`, `department`, `client_id`, `tenant_id`, `created_on`, `modified_on`) VALUES ('bf521f98-38cd-4ae9-a116-8c481f3f624e', 'AI Solutions', '2e530726-a2ea-4b7a-9e58-d2689bc20ff7', 'df234305-8a47-4b4d-8efb-716a6b695428', '2025-07-01 10:48:56', '2025-07-01 10:48:56');
INSERT INTO `department` (`uuid`, `department`, `client_id`, `tenant_id`, `created_on`, `modified_on`) VALUES ('9393fac3-7dc6-40b4-b0fc-0bf0f23987ef', 'Robotics', '2e530726-a2ea-4b7a-9e58-d2689bc20ff7', 'df234305-8a47-4b4d-8efb-716a6b695428', '2025-07-01 10:48:56', '2025-07-01 10:48:56');
INSERT INTO `department` (`uuid`, `department`, `client_id`, `tenant_id`, `created_on`, `modified_on`) VALUES ('147eec7f-8397-45f4-933a-9de2f3a745fc', 'Civil Systems', '2e530726-a2ea-4b7a-9e58-d2689bc20ff7', 'df234305-8a47-4b4d-8efb-716a6b695428', '2025-07-01 10:48:56', '2025-07-01 10:48:56');
INSERT INTO `client_division` (`id`, `division_name`, `client_id`, `is_active`, `created_on`, `modified_on`, `tenant_id`) VALUES ('3c2a7739-8dc3-43ee-afdb-325b5f4aa139', 'Core Tech', '2e530726-a2ea-4b7a-9e58-d2689bc20ff7', 1, '2025-07-01 10:48:56', '2025-07-01 10:48:56', 'df234305-8a47-4b4d-8efb-716a6b695428');
INSERT INTO `client_division` (`id`, `division_name`, `client_id`, `is_active`, `created_on`, `modified_on`, `tenant_id`) VALUES ('8b0dbd0a-b50f-426c-b40e-3969c0b27b3d', 'Engineering', '2e530726-a2ea-4b7a-9e58-d2689bc20ff7', 1, '2025-07-01 10:48:56', '2025-07-01 10:48:56', 'df234305-8a47-4b4d-8efb-716a6b695428');
INSERT INTO `client_division` (`id`, `division_name`, `client_id`, `is_active`, `created_on`, `modified_on`, `tenant_id`) VALUES ('ec33b202-bf19-4487-b634-06a567404ce4', 'Product Dev', '2e530726-a2ea-4b7a-9e58-d2689bc20ff7', 1, '2025-07-01 10:48:56', '2025-07-01 10:48:56', 'df234305-8a47-4b4d-8efb-716a6b695428');
INSERT INTO `client_division` (`id`, `division_name`, `client_id`, `is_active`, `created_on`, `modified_on`, `tenant_id`) VALUES ('4814ae32-05b6-4f8d-a4a2-4b80c98765b3', 'R&D', '2e530726-a2ea-4b7a-9e58-d2689bc20ff7', 1, '2025-07-01 10:48:56', '2025-07-01 10:48:56', 'df234305-8a47-4b4d-8efb-716a6b695428');
INSERT INTO `client_division` (`id`, `division_name`, `client_id`, `is_active`, `created_on`, `modified_on`, `tenant_id`) VALUES ('38962530-08c9-4366-a9c0-127dc4e0d96b', 'Innovation Lab', '2e530726-a2ea-4b7a-9e58-d2689bc20ff7', 1, '2025-07-01 10:48:56', '2025-07-01 10:48:56', 'df234305-8a47-4b4d-8efb-716a6b695428');
INSERT INTO `client` (`id`, `client_code`, `client_name`, `email`, `is_active`, `created_on`, `modified_on`, `tenant_id`) VALUES ('32569dec-a32c-4336-8179-6ebcee6f0ba5', 1056, 'Morales Group', 'info@moralesgroup.com', 1, '2025-07-01 10:48:56', '2025-07-01 10:48:56', 'df234305-8a47-4b4d-8efb-716a6b695428');
INSERT INTO `department` (`uuid`, `department`, `client_id`, `tenant_id`, `created_on`, `modified_on`) VALUES ('71ac1adc-d33e-494c-a34d-f9af3405fc09', 'Robotics', '32569dec-a32c-4336-8179-6ebcee6f0ba5', 'df234305-8a47-4b4d-8efb-716a6b695428', '2025-07-01 10:48:56', '2025-07-01 10:48:56');
INSERT INTO `department` (`uuid`, `department`, `client_id`, `tenant_id`, `created_on`, `modified_on`) VALUES ('d3e12313-1165-48ab-9534-513b9ee0b3fa', 'Aerospace', '32569dec-a32c-4336-8179-6ebcee6f0ba5', 'df234305-8a47-4b4d-8efb-716a6b695428', '2025-07-01 10:48:56', '2025-07-01 10:48:56');
INSERT INTO `department` (`uuid`, `department`, `client_id`, `tenant_id`, `created_on`, `modified_on`) VALUES ('e1d6a760-4dc3-41f6-a960-23736d882e1c', 'Civil Systems', '32569dec-a32c-4336-8179-6ebcee6f0ba5', 'df234305-8a47-4b4d-8efb-716a6b695428', '2025-07-01 10:48:56', '2025-07-01 10:48:56');
INSERT INTO `department` (`uuid`, `department`, `client_id`, `tenant_id`, `created_on`, `modified_on`) VALUES ('c4d12053-4ef4-4e61-bc51-87d560fbe4cc', 'Biomedical', '32569dec-a32c-4336-8179-6ebcee6f0ba5', 'df234305-8a47-4b4d-8efb-716a6b695428', '2025-07-01 10:48:56', '2025-07-01 10:48:56');
INSERT INTO `department` (`uuid`, `department`, `client_id`, `tenant_id`, `created_on`, `modified_on`) VALUES ('5b0f009b-fc05-432d-a66e-c902515daf88', 'AI Solutions', '32569dec-a32c-4336-8179-6ebcee6f0ba5', 'df234305-8a47-4b4d-8efb-716a6b695428', '2025-07-01 10:48:56', '2025-07-01 10:48:56');
INSERT INTO `department` (`uuid`, `department`, `client_id`, `tenant_id`, `created_on`, `modified_on`) VALUES ('f4fe27e2-f4ef-40ff-8424-547c4e8d0e25', 'Cybersecurity', '32569dec-a32c-4336-8179-6ebcee6f0ba5', 'df234305-8a47-4b4d-8efb-716a6b695428', '2025-07-01 10:48:56', '2025-07-01 10:48:56');
INSERT INTO `client_division` (`id`, `division_name`, `client_id`, `is_active`, `created_on`, `modified_on`, `tenant_id`) VALUES ('956fb604-2e18-4fb9-9cee-f9265c405fa1', 'Innovation Lab', '32569dec-a32c-4336-8179-6ebcee6f0ba5', 1, '2025-07-01 10:48:56', '2025-07-01 10:48:56', 'df234305-8a47-4b4d-8efb-716a6b695428');
INSERT INTO `client_division` (`id`, `division_name`, `client_id`, `is_active`, `created_on`, `modified_on`, `tenant_id`) VALUES ('d00f045d-de23-49dc-a9ce-5894888c0039', 'Product Dev', '32569dec-a32c-4336-8179-6ebcee6f0ba5', 1, '2025-07-01 10:48:56', '2025-07-01 10:48:56', 'df234305-8a47-4b4d-8efb-716a6b695428');
INSERT INTO `client_division` (`id`, `division_name`, `client_id`, `is_active`, `created_on`, `modified_on`, `tenant_id`) VALUES ('acfe1e5f-e05e-4efc-9265-96e16281cfc1', 'Engineering', '32569dec-a32c-4336-8179-6ebcee6f0ba5', 1, '2025-07-01 10:48:56', '2025-07-01 10:48:56', 'df234305-8a47-4b4d-8efb-716a6b695428');
INSERT INTO `client_division` (`id`, `division_name`, `client_id`, `is_active`, `created_on`, `modified_on`, `tenant_id`) VALUES ('92f75dfb-47ef-44a5-af89-1f5e2918a96d', 'Core Tech', '32569dec-a32c-4336-8179-6ebcee6f0ba5', 1, '2025-07-01 10:48:56', '2025-07-01 10:48:56', 'df234305-8a47-4b4d-8efb-716a6b695428');
INSERT INTO `client_division` (`id`, `division_name`, `client_id`, `is_active`, `created_on`, `modified_on`, `tenant_id`) VALUES ('70bf7456-88ff-4623-bc74-f34d15909e6e', 'R&D', '32569dec-a32c-4336-8179-6ebcee6f0ba5', 1, '2025-07-01 10:48:56', '2025-07-01 10:48:56', 'df234305-8a47-4b4d-8efb-716a6b695428');
INSERT INTO `client` (`id`, `client_code`, `client_name`, `email`, `is_active`, `created_on`, `modified_on`, `tenant_id`) VALUES ('fb03c3de-dd26-42f8-8759-299f5acd51ee', 1057, 'Murray-Harris', 'info@murrayharris.com', 1, '2025-07-01 10:48:56', '2025-07-01 10:48:56', 'df234305-8a47-4b4d-8efb-716a6b695428');
INSERT INTO `department` (`uuid`, `department`, `client_id`, `tenant_id`, `created_on`, `modified_on`) VALUES ('329a7d5e-4785-474f-af00-b15ef05c2a13', 'Aerospace', 'fb03c3de-dd26-42f8-8759-299f5acd51ee', 'df234305-8a47-4b4d-8efb-716a6b695428', '2025-07-01 10:48:56', '2025-07-01 10:48:56');
INSERT INTO `department` (`uuid`, `department`, `client_id`, `tenant_id`, `created_on`, `modified_on`) VALUES ('2cb16b32-1832-468d-a12f-73a04a5587d1', 'AI Solutions', 'fb03c3de-dd26-42f8-8759-299f5acd51ee', 'df234305-8a47-4b4d-8efb-716a6b695428', '2025-07-01 10:48:56', '2025-07-01 10:48:56');
INSERT INTO `department` (`uuid`, `department`, `client_id`, `tenant_id`, `created_on`, `modified_on`) VALUES ('7683976f-a7e2-4a1e-a3b8-a69bb31aaa8d', 'Cybersecurity', 'fb03c3de-dd26-42f8-8759-299f5acd51ee', 'df234305-8a47-4b4d-8efb-716a6b695428', '2025-07-01 10:48:56', '2025-07-01 10:48:56');
INSERT INTO `department` (`uuid`, `department`, `client_id`, `tenant_id`, `created_on`, `modified_on`) VALUES ('617ec398-5348-44b2-9e47-bf1f1f2b1f21', 'Civil Systems', 'fb03c3de-dd26-42f8-8759-299f5acd51ee', 'df234305-8a47-4b4d-8efb-716a6b695428', '2025-07-01 10:48:56', '2025-07-01 10:48:56');
INSERT INTO `department` (`uuid`, `department`, `client_id`, `tenant_id`, `created_on`, `modified_on`) VALUES ('e5316ab2-3b93-402c-944b-b38432ca6b68', 'Biomedical', 'fb03c3de-dd26-42f8-8759-299f5acd51ee', 'df234305-8a47-4b4d-8efb-716a6b695428', '2025-07-01 10:48:56', '2025-07-01 10:48:56');
INSERT INTO `department` (`uuid`, `department`, `client_id`, `tenant_id`, `created_on`, `modified_on`) VALUES ('8c33c541-aa3b-4d73-9e7e-c9987f0d11cc', 'Robotics', 'fb03c3de-dd26-42f8-8759-299f5acd51ee', 'df234305-8a47-4b4d-8efb-716a6b695428', '2025-07-01 10:48:56', '2025-07-01 10:48:56');
INSERT INTO `client_division` (`id`, `division_name`, `client_id`, `is_active`, `created_on`, `modified_on`, `tenant_id`) VALUES ('8793b354-af23-445d-8e72-70d5be4a58fe', 'Engineering', 'fb03c3de-dd26-42f8-8759-299f5acd51ee', 1, '2025-07-01 10:48:56', '2025-07-01 10:48:56', 'df234305-8a47-4b4d-8efb-716a6b695428');
INSERT INTO `client_division` (`id`, `division_name`, `client_id`, `is_active`, `created_on`, `modified_on`, `tenant_id`) VALUES ('5f7cfa97-6bd6-4144-b2fa-5afe9f6196dc', 'R&D', 'fb03c3de-dd26-42f8-8759-299f5acd51ee', 1, '2025-07-01 10:48:56', '2025-07-01 10:48:56', 'df234305-8a47-4b4d-8efb-716a6b695428');
INSERT INTO `client_division` (`id`, `division_name`, `client_id`, `is_active`, `created_on`, `modified_on`, `tenant_id`) VALUES ('da1b9c78-517f-4d2a-8095-cabb48388224', 'Innovation Lab', 'fb03c3de-dd26-42f8-8759-299f5acd51ee', 1, '2025-07-01 10:48:56', '2025-07-01 10:48:56', 'df234305-8a47-4b4d-8efb-716a6b695428');
INSERT INTO `client_division` (`id`, `division_name`, `client_id`, `is_active`, `created_on`, `modified_on`, `tenant_id`) VALUES ('aaa1a430-2260-41e3-a8f8-e79bf9044156', 'Product Dev', 'fb03c3de-dd26-42f8-8759-299f5acd51ee', 1, '2025-07-01 10:48:56', '2025-07-01 10:48:56', 'df234305-8a47-4b4d-8efb-716a6b695428');
INSERT INTO `client_division` (`id`, `division_name`, `client_id`, `is_active`, `created_on`, `modified_on`, `tenant_id`) VALUES ('81fef241-7977-4b8a-8745-0048fa0cf0c6', 'Core Tech', 'fb03c3de-dd26-42f8-8759-299f5acd51ee', 1, '2025-07-01 10:48:56', '2025-07-01 10:48:56', 'df234305-8a47-4b4d-8efb-716a6b695428');
INSERT INTO `client` (`id`, `client_code`, `client_name`, `email`, `is_active`, `created_on`, `modified_on`, `tenant_id`) VALUES ('7776bb89-a8a2-427f-ad5b-2fc646c0f479', 1058, 'Frank-Hebert', 'info@frankhebert.com', 1, '2025-07-01 10:48:56', '2025-07-01 10:48:56', 'df234305-8a47-4b4d-8efb-716a6b695428');
INSERT INTO `department` (`uuid`, `department`, `client_id`, `tenant_id`, `created_on`, `modified_on`) VALUES ('a459c3c6-c526-450b-bb8b-bebb92b7ed9a', 'AI Solutions', '7776bb89-a8a2-427f-ad5b-2fc646c0f479', 'df234305-8a47-4b4d-8efb-716a6b695428', '2025-07-01 10:48:56', '2025-07-01 10:48:56');
INSERT INTO `department` (`uuid`, `department`, `client_id`, `tenant_id`, `created_on`, `modified_on`) VALUES ('708dc9e1-18cf-445a-8ff7-f38237cc3ffc', 'Cybersecurity', '7776bb89-a8a2-427f-ad5b-2fc646c0f479', 'df234305-8a47-4b4d-8efb-716a6b695428', '2025-07-01 10:48:56', '2025-07-01 10:48:56');
INSERT INTO `department` (`uuid`, `department`, `client_id`, `tenant_id`, `created_on`, `modified_on`) VALUES ('11fd3afe-b019-4f40-afe1-10ea13c8258b', 'Robotics', '7776bb89-a8a2-427f-ad5b-2fc646c0f479', 'df234305-8a47-4b4d-8efb-716a6b695428', '2025-07-01 10:48:56', '2025-07-01 10:48:56');
INSERT INTO `department` (`uuid`, `department`, `client_id`, `tenant_id`, `created_on`, `modified_on`) VALUES ('5eaf4b2a-cd43-4e9d-a3f7-324025ffd23f', 'Aerospace', '7776bb89-a8a2-427f-ad5b-2fc646c0f479', 'df234305-8a47-4b4d-8efb-716a6b695428', '2025-07-01 10:48:56', '2025-07-01 10:48:56');
INSERT INTO `department` (`uuid`, `department`, `client_id`, `tenant_id`, `created_on`, `modified_on`) VALUES ('ba0de69f-84a7-4d4a-8497-ef627b969bf8', 'Civil Systems', '7776bb89-a8a2-427f-ad5b-2fc646c0f479', 'df234305-8a47-4b4d-8efb-716a6b695428', '2025-07-01 10:48:56', '2025-07-01 10:48:56');
INSERT INTO `department` (`uuid`, `department`, `client_id`, `tenant_id`, `created_on`, `modified_on`) VALUES ('6bd899d5-ef33-4692-9758-ee3fa5af55e0', 'Biomedical', '7776bb89-a8a2-427f-ad5b-2fc646c0f479', 'df234305-8a47-4b4d-8efb-716a6b695428', '2025-07-01 10:48:56', '2025-07-01 10:48:56');
INSERT INTO `client_division` (`id`, `division_name`, `client_id`, `is_active`, `created_on`, `modified_on`, `tenant_id`) VALUES ('0eaa3523-b3c2-4349-be9e-8c8e44e6c300', 'R&D', '7776bb89-a8a2-427f-ad5b-2fc646c0f479', 1, '2025-07-01 10:48:56', '2025-07-01 10:48:56', 'df234305-8a47-4b4d-8efb-716a6b695428');
INSERT INTO `client_division` (`id`, `division_name`, `client_id`, `is_active`, `created_on`, `modified_on`, `tenant_id`) VALUES ('97a4d61b-435b-4d86-81ff-d80e457b0b6b', 'Product Dev', '7776bb89-a8a2-427f-ad5b-2fc646c0f479', 1, '2025-07-01 10:48:56', '2025-07-01 10:48:56', 'df234305-8a47-4b4d-8efb-716a6b695428');
INSERT INTO `client_division` (`id`, `division_name`, `client_id`, `is_active`, `created_on`, `modified_on`, `tenant_id`) VALUES ('8fb475fe-eb77-43a2-a497-fce7d09a35f8', 'Core Tech', '7776bb89-a8a2-427f-ad5b-2fc646c0f479', 1, '2025-07-01 10:48:56', '2025-07-01 10:48:56', 'df234305-8a47-4b4d-8efb-716a6b695428');
INSERT INTO `client_division` (`id`, `division_name`, `client_id`, `is_active`, `created_on`, `modified_on`, `tenant_id`) VALUES ('0793d629-c827-4bc4-bb4e-f412800596cc', 'Engineering', '7776bb89-a8a2-427f-ad5b-2fc646c0f479', 1, '2025-07-01 10:48:56', '2025-07-01 10:48:56', 'df234305-8a47-4b4d-8efb-716a6b695428');
INSERT INTO `client_division` (`id`, `division_name`, `client_id`, `is_active`, `created_on`, `modified_on`, `tenant_id`) VALUES ('a040b8af-66dd-4573-bac2-832101a3c471', 'Innovation Lab', '7776bb89-a8a2-427f-ad5b-2fc646c0f479', 1, '2025-07-01 10:48:56', '2025-07-01 10:48:56', 'df234305-8a47-4b4d-8efb-716a6b695428');
INSERT INTO `client` (`id`, `client_code`, `client_name`, `email`, `is_active`, `created_on`, `modified_on`, `tenant_id`) VALUES ('1c8d7201-55bd-41f8-bd83-8b6a9e885a57', 1059, 'Stanton Group', 'info@stantongroup.com', 1, '2025-07-01 10:48:56', '2025-07-01 10:48:56', 'df234305-8a47-4b4d-8efb-716a6b695428');
INSERT INTO `department` (`uuid`, `department`, `client_id`, `tenant_id`, `created_on`, `modified_on`) VALUES ('77822905-b017-4673-bc9d-9c9ab8c9f96b', 'Biomedical', '1c8d7201-55bd-41f8-bd83-8b6a9e885a57', 'df234305-8a47-4b4d-8efb-716a6b695428', '2025-07-01 10:48:56', '2025-07-01 10:48:56');
INSERT INTO `department` (`uuid`, `department`, `client_id`, `tenant_id`, `created_on`, `modified_on`) VALUES ('7bde5d59-517a-44d1-8312-1901928b0ec2', 'Cybersecurity', '1c8d7201-55bd-41f8-bd83-8b6a9e885a57', 'df234305-8a47-4b4d-8efb-716a6b695428', '2025-07-01 10:48:56', '2025-07-01 10:48:56');
INSERT INTO `department` (`uuid`, `department`, `client_id`, `tenant_id`, `created_on`, `modified_on`) VALUES ('744a68ce-6a45-4bf2-9bcb-6dfe0d3457d6', 'Robotics', '1c8d7201-55bd-41f8-bd83-8b6a9e885a57', 'df234305-8a47-4b4d-8efb-716a6b695428', '2025-07-01 10:48:56', '2025-07-01 10:48:56');
INSERT INTO `department` (`uuid`, `department`, `client_id`, `tenant_id`, `created_on`, `modified_on`) VALUES ('b5da0065-8c4d-4957-b75f-d71aee22412e', 'Aerospace', '1c8d7201-55bd-41f8-bd83-8b6a9e885a57', 'df234305-8a47-4b4d-8efb-716a6b695428', '2025-07-01 10:48:56', '2025-07-01 10:48:56');
INSERT INTO `department` (`uuid`, `department`, `client_id`, `tenant_id`, `created_on`, `modified_on`) VALUES ('6cbaaa97-ab66-499a-94d1-db46ef33f9b8', 'Civil Systems', '1c8d7201-55bd-41f8-bd83-8b6a9e885a57', 'df234305-8a47-4b4d-8efb-716a6b695428', '2025-07-01 10:48:56', '2025-07-01 10:48:56');
INSERT INTO `department` (`uuid`, `department`, `client_id`, `tenant_id`, `created_on`, `modified_on`) VALUES ('3eeb54cf-a14c-4d41-b632-eda989972d58', 'AI Solutions', '1c8d7201-55bd-41f8-bd83-8b6a9e885a57', 'df234305-8a47-4b4d-8efb-716a6b695428', '2025-07-01 10:48:56', '2025-07-01 10:48:56');
INSERT INTO `client_division` (`id`, `division_name`, `client_id`, `is_active`, `created_on`, `modified_on`, `tenant_id`) VALUES ('4fabaeae-9496-45bc-a581-583cca74082d', 'Product Dev', '1c8d7201-55bd-41f8-bd83-8b6a9e885a57', 1, '2025-07-01 10:48:56', '2025-07-01 10:48:56', 'df234305-8a47-4b4d-8efb-716a6b695428');
INSERT INTO `client_division` (`id`, `division_name`, `client_id`, `is_active`, `created_on`, `modified_on`, `tenant_id`) VALUES ('1b4a03ad-ae7b-42d1-963e-4a404d8f1bd7', 'R&D', '1c8d7201-55bd-41f8-bd83-8b6a9e885a57', 1, '2025-07-01 10:48:56', '2025-07-01 10:48:56', 'df234305-8a47-4b4d-8efb-716a6b695428');
INSERT INTO `client_division` (`id`, `division_name`, `client_id`, `is_active`, `created_on`, `modified_on`, `tenant_id`) VALUES ('54077204-200a-46e8-bb9a-b3740b2e31ba', 'Engineering', '1c8d7201-55bd-41f8-bd83-8b6a9e885a57', 1, '2025-07-01 10:48:56', '2025-07-01 10:48:56', 'df234305-8a47-4b4d-8efb-716a6b695428');
INSERT INTO `client_division` (`id`, `division_name`, `client_id`, `is_active`, `created_on`, `modified_on`, `tenant_id`) VALUES ('7f775245-4aed-4405-98b4-8ed914634aea', 'Innovation Lab', '1c8d7201-55bd-41f8-bd83-8b6a9e885a57', 1, '2025-07-01 10:48:56', '2025-07-01 10:48:56', 'df234305-8a47-4b4d-8efb-716a6b695428');
INSERT INTO `client_division` (`id`, `division_name`, `client_id`, `is_active`, `created_on`, `modified_on`, `tenant_id`) VALUES ('dbd61070-e6f8-429d-be59-92b37fb0eb89', 'Core Tech', '1c8d7201-55bd-41f8-bd83-8b6a9e885a57', 1, '2025-07-01 10:48:56', '2025-07-01 10:48:56', 'df234305-8a47-4b4d-8efb-716a6b695428');
INSERT INTO `client` (`id`, `client_code`, `client_name`, `email`, `is_active`, `created_on`, `modified_on`, `tenant_id`) VALUES ('2a9a795a-30c9-47fe-a481-060c071f35fe', 1060, 'Parks LLC', 'info@parksllc.com', 1, '2025-07-01 10:48:56', '2025-07-01 10:48:56', 'df234305-8a47-4b4d-8efb-716a6b695428');
INSERT INTO `department` (`uuid`, `department`, `client_id`, `tenant_id`, `created_on`, `modified_on`) VALUES ('6fabe416-65d3-489b-afc8-6e94491e815b', 'Robotics', '2a9a795a-30c9-47fe-a481-060c071f35fe', 'df234305-8a47-4b4d-8efb-716a6b695428', '2025-07-01 10:48:56', '2025-07-01 10:48:56');
INSERT INTO `department` (`uuid`, `department`, `client_id`, `tenant_id`, `created_on`, `modified_on`) VALUES ('fded1598-7638-4e09-a213-f02ce0d6b4ba', 'AI Solutions', '2a9a795a-30c9-47fe-a481-060c071f35fe', 'df234305-8a47-4b4d-8efb-716a6b695428', '2025-07-01 10:48:56', '2025-07-01 10:48:56');
INSERT INTO `department` (`uuid`, `department`, `client_id`, `tenant_id`, `created_on`, `modified_on`) VALUES ('101b7fa1-7c5c-4db4-bd20-15ceeee35d9b', 'Civil Systems', '2a9a795a-30c9-47fe-a481-060c071f35fe', 'df234305-8a47-4b4d-8efb-716a6b695428', '2025-07-01 10:48:56', '2025-07-01 10:48:56');
INSERT INTO `department` (`uuid`, `department`, `client_id`, `tenant_id`, `created_on`, `modified_on`) VALUES ('1fb6714f-fbf1-4cbf-b33f-c1b14964cf37', 'Aerospace', '2a9a795a-30c9-47fe-a481-060c071f35fe', 'df234305-8a47-4b4d-8efb-716a6b695428', '2025-07-01 10:48:56', '2025-07-01 10:48:56');
INSERT INTO `department` (`uuid`, `department`, `client_id`, `tenant_id`, `created_on`, `modified_on`) VALUES ('b0cdd1a4-6667-4a76-94af-fc67698f5f64', 'Cybersecurity', '2a9a795a-30c9-47fe-a481-060c071f35fe', 'df234305-8a47-4b4d-8efb-716a6b695428', '2025-07-01 10:48:56', '2025-07-01 10:48:56');
INSERT INTO `department` (`uuid`, `department`, `client_id`, `tenant_id`, `created_on`, `modified_on`) VALUES ('9e532f27-7706-4a85-8b98-d38d6ad54f66', 'Biomedical', '2a9a795a-30c9-47fe-a481-060c071f35fe', 'df234305-8a47-4b4d-8efb-716a6b695428', '2025-07-01 10:48:56', '2025-07-01 10:48:56');
INSERT INTO `client_division` (`id`, `division_name`, `client_id`, `is_active`, `created_on`, `modified_on`, `tenant_id`) VALUES ('392b002a-f822-477f-b226-7bfd55364013', 'Product Dev', '2a9a795a-30c9-47fe-a481-060c071f35fe', 1, '2025-07-01 10:48:56', '2025-07-01 10:48:56', 'df234305-8a47-4b4d-8efb-716a6b695428');
INSERT INTO `client_division` (`id`, `division_name`, `client_id`, `is_active`, `created_on`, `modified_on`, `tenant_id`) VALUES ('39f118b5-c314-44af-b32b-19500ddebbc6', 'Engineering', '2a9a795a-30c9-47fe-a481-060c071f35fe', 1, '2025-07-01 10:48:56', '2025-07-01 10:48:56', 'df234305-8a47-4b4d-8efb-716a6b695428');
INSERT INTO `client_division` (`id`, `division_name`, `client_id`, `is_active`, `created_on`, `modified_on`, `tenant_id`) VALUES ('8a9f5c7f-0e31-4df6-a2e0-bad21896b5b1', 'Innovation Lab', '2a9a795a-30c9-47fe-a481-060c071f35fe', 1, '2025-07-01 10:48:56', '2025-07-01 10:48:56', 'df234305-8a47-4b4d-8efb-716a6b695428');
INSERT INTO `client_division` (`id`, `division_name`, `client_id`, `is_active`, `created_on`, `modified_on`, `tenant_id`) VALUES ('9552ca5f-b969-4fa9-942e-ecc3d054b6d0', 'Core Tech', '2a9a795a-30c9-47fe-a481-060c071f35fe', 1, '2025-07-01 10:48:56', '2025-07-01 10:48:56', 'df234305-8a47-4b4d-8efb-716a6b695428');
INSERT INTO `client_division` (`id`, `division_name`, `client_id`, `is_active`, `created_on`, `modified_on`, `tenant_id`) VALUES ('9857e914-5c04-4665-80c3-88d73552b0bc', 'R&D', '2a9a795a-30c9-47fe-a481-060c071f35fe', 1, '2025-07-01 10:48:56', '2025-07-01 10:48:56', 'df234305-8a47-4b4d-8efb-716a6b695428');
INSERT INTO `client` (`id`, `client_code`, `client_name`, `email`, `is_active`, `created_on`, `modified_on`, `tenant_id`) VALUES ('b950f3d2-680a-45db-85e8-c8c4ecf0243e', 1061, 'Baldwin, Scott and Gomez', 'info@baldwinscottandgomez.com', 1, '2025-07-01 10:48:56', '2025-07-01 10:48:56', 'df234305-8a47-4b4d-8efb-716a6b695428');
INSERT INTO `department` (`uuid`, `department`, `client_id`, `tenant_id`, `created_on`, `modified_on`) VALUES ('a21485bd-9cad-4048-aff3-5c641db43223', 'Civil Systems', 'b950f3d2-680a-45db-85e8-c8c4ecf0243e', 'df234305-8a47-4b4d-8efb-716a6b695428', '2025-07-01 10:48:56', '2025-07-01 10:48:56');
INSERT INTO `department` (`uuid`, `department`, `client_id`, `tenant_id`, `created_on`, `modified_on`) VALUES ('13c6ba75-6b48-467f-a91d-a11ff0808cc4', 'Biomedical', 'b950f3d2-680a-45db-85e8-c8c4ecf0243e', 'df234305-8a47-4b4d-8efb-716a6b695428', '2025-07-01 10:48:56', '2025-07-01 10:48:56');
INSERT INTO `department` (`uuid`, `department`, `client_id`, `tenant_id`, `created_on`, `modified_on`) VALUES ('ac9bb981-93b7-4bd7-966c-03504df33efd', 'Robotics', 'b950f3d2-680a-45db-85e8-c8c4ecf0243e', 'df234305-8a47-4b4d-8efb-716a6b695428', '2025-07-01 10:48:56', '2025-07-01 10:48:56');
INSERT INTO `department` (`uuid`, `department`, `client_id`, `tenant_id`, `created_on`, `modified_on`) VALUES ('8ba365ce-78c8-49d5-b62e-ca46687794bc', 'Aerospace', 'b950f3d2-680a-45db-85e8-c8c4ecf0243e', 'df234305-8a47-4b4d-8efb-716a6b695428', '2025-07-01 10:48:56', '2025-07-01 10:48:56');
INSERT INTO `department` (`uuid`, `department`, `client_id`, `tenant_id`, `created_on`, `modified_on`) VALUES ('b64490d9-5cd3-4f8a-a59c-dbb1c80ae2bc', 'Cybersecurity', 'b950f3d2-680a-45db-85e8-c8c4ecf0243e', 'df234305-8a47-4b4d-8efb-716a6b695428', '2025-07-01 10:48:56', '2025-07-01 10:48:56');
INSERT INTO `department` (`uuid`, `department`, `client_id`, `tenant_id`, `created_on`, `modified_on`) VALUES ('1aae08d3-b619-42eb-ab4e-7b6c5c12455b', 'AI Solutions', 'b950f3d2-680a-45db-85e8-c8c4ecf0243e', 'df234305-8a47-4b4d-8efb-716a6b695428', '2025-07-01 10:48:56', '2025-07-01 10:48:56');
INSERT INTO `client_division` (`id`, `division_name`, `client_id`, `is_active`, `created_on`, `modified_on`, `tenant_id`) VALUES ('37e15488-ca96-4790-b22d-6cdf49d41827', 'Core Tech', 'b950f3d2-680a-45db-85e8-c8c4ecf0243e', 1, '2025-07-01 10:48:56', '2025-07-01 10:48:56', 'df234305-8a47-4b4d-8efb-716a6b695428');
INSERT INTO `client_division` (`id`, `division_name`, `client_id`, `is_active`, `created_on`, `modified_on`, `tenant_id`) VALUES ('2088b6d2-b96f-453d-b93e-b81f97fe1ba0', 'Engineering', 'b950f3d2-680a-45db-85e8-c8c4ecf0243e', 1, '2025-07-01 10:48:56', '2025-07-01 10:48:56', 'df234305-8a47-4b4d-8efb-716a6b695428');
INSERT INTO `client_division` (`id`, `division_name`, `client_id`, `is_active`, `created_on`, `modified_on`, `tenant_id`) VALUES ('4be94228-3a2e-4bee-8502-cc9a44162cee', 'Product Dev', 'b950f3d2-680a-45db-85e8-c8c4ecf0243e', 1, '2025-07-01 10:48:56', '2025-07-01 10:48:56', 'df234305-8a47-4b4d-8efb-716a6b695428');
INSERT INTO `client_division` (`id`, `division_name`, `client_id`, `is_active`, `created_on`, `modified_on`, `tenant_id`) VALUES ('0666c521-e0ec-40aa-8192-8a9c84be911e', 'Innovation Lab', 'b950f3d2-680a-45db-85e8-c8c4ecf0243e', 1, '2025-07-01 10:48:56', '2025-07-01 10:48:56', 'df234305-8a47-4b4d-8efb-716a6b695428');
INSERT INTO `client_division` (`id`, `division_name`, `client_id`, `is_active`, `created_on`, `modified_on`, `tenant_id`) VALUES ('02cb149e-e920-47b0-8f0c-17824bff621f', 'R&D', 'b950f3d2-680a-45db-85e8-c8c4ecf0243e', 1, '2025-07-01 10:48:56', '2025-07-01 10:48:56', 'df234305-8a47-4b4d-8efb-716a6b695428');
INSERT INTO `client` (`id`, `client_code`, `client_name`, `email`, `is_active`, `created_on`, `modified_on`, `tenant_id`) VALUES ('780fc84a-f4d4-4c3f-b501-7918bc03a7de', 1062, 'Bennett-Clark', 'info@bennettclark.com', 1, '2025-07-01 10:48:56', '2025-07-01 10:48:56', 'df234305-8a47-4b4d-8efb-716a6b695428');
INSERT INTO `department` (`uuid`, `department`, `client_id`, `tenant_id`, `created_on`, `modified_on`) VALUES ('fa8d5212-a2ca-4ba2-97d4-4783a1a833c9', 'Aerospace', '780fc84a-f4d4-4c3f-b501-7918bc03a7de', 'df234305-8a47-4b4d-8efb-716a6b695428', '2025-07-01 10:48:56', '2025-07-01 10:48:56');
INSERT INTO `department` (`uuid`, `department`, `client_id`, `tenant_id`, `created_on`, `modified_on`) VALUES ('431f43d3-1ba3-446a-8ff3-19665f37dce9', 'Civil Systems', '780fc84a-f4d4-4c3f-b501-7918bc03a7de', 'df234305-8a47-4b4d-8efb-716a6b695428', '2025-07-01 10:48:56', '2025-07-01 10:48:56');
INSERT INTO `department` (`uuid`, `department`, `client_id`, `tenant_id`, `created_on`, `modified_on`) VALUES ('682fad1b-3db6-4c92-b6b4-3df7e0b2edfe', 'Biomedical', '780fc84a-f4d4-4c3f-b501-7918bc03a7de', 'df234305-8a47-4b4d-8efb-716a6b695428', '2025-07-01 10:48:56', '2025-07-01 10:48:56');
INSERT INTO `department` (`uuid`, `department`, `client_id`, `tenant_id`, `created_on`, `modified_on`) VALUES ('010ea23c-1a42-4c27-934c-f94f071db3a0', 'Robotics', '780fc84a-f4d4-4c3f-b501-7918bc03a7de', 'df234305-8a47-4b4d-8efb-716a6b695428', '2025-07-01 10:48:56', '2025-07-01 10:48:56');
INSERT INTO `department` (`uuid`, `department`, `client_id`, `tenant_id`, `created_on`, `modified_on`) VALUES ('30cdd944-8991-428c-9bbd-b6b829799c93', 'AI Solutions', '780fc84a-f4d4-4c3f-b501-7918bc03a7de', 'df234305-8a47-4b4d-8efb-716a6b695428', '2025-07-01 10:48:56', '2025-07-01 10:48:56');
INSERT INTO `department` (`uuid`, `department`, `client_id`, `tenant_id`, `created_on`, `modified_on`) VALUES ('79f1fabe-2617-494f-814e-1468501fa883', 'Cybersecurity', '780fc84a-f4d4-4c3f-b501-7918bc03a7de', 'df234305-8a47-4b4d-8efb-716a6b695428', '2025-07-01 10:48:56', '2025-07-01 10:48:56');
INSERT INTO `client_division` (`id`, `division_name`, `client_id`, `is_active`, `created_on`, `modified_on`, `tenant_id`) VALUES ('a3399234-e2cf-45c0-af62-5024bdc3fb43', 'Engineering', '780fc84a-f4d4-4c3f-b501-7918bc03a7de', 1, '2025-07-01 10:48:56', '2025-07-01 10:48:56', 'df234305-8a47-4b4d-8efb-716a6b695428');
INSERT INTO `client_division` (`id`, `division_name`, `client_id`, `is_active`, `created_on`, `modified_on`, `tenant_id`) VALUES ('d82eba29-0dfb-42e3-8b07-a91ccdc09a81', 'R&D', '780fc84a-f4d4-4c3f-b501-7918bc03a7de', 1, '2025-07-01 10:48:56', '2025-07-01 10:48:56', 'df234305-8a47-4b4d-8efb-716a6b695428');
INSERT INTO `client_division` (`id`, `division_name`, `client_id`, `is_active`, `created_on`, `modified_on`, `tenant_id`) VALUES ('18d1ba8b-791a-475a-9ac2-f60954aa3ab1', 'Product Dev', '780fc84a-f4d4-4c3f-b501-7918bc03a7de', 1, '2025-07-01 10:48:56', '2025-07-01 10:48:56', 'df234305-8a47-4b4d-8efb-716a6b695428');
INSERT INTO `client_division` (`id`, `division_name`, `client_id`, `is_active`, `created_on`, `modified_on`, `tenant_id`) VALUES ('8eebfaea-9cc4-4015-8752-35ce0a4c33ca', 'Innovation Lab', '780fc84a-f4d4-4c3f-b501-7918bc03a7de', 1, '2025-07-01 10:48:56', '2025-07-01 10:48:56', 'df234305-8a47-4b4d-8efb-716a6b695428');
INSERT INTO `client_division` (`id`, `division_name`, `client_id`, `is_active`, `created_on`, `modified_on`, `tenant_id`) VALUES ('ec742af2-af70-43c5-bc82-a31c5f7802a0', 'Core Tech', '780fc84a-f4d4-4c3f-b501-7918bc03a7de', 1, '2025-07-01 10:48:56', '2025-07-01 10:48:56', 'df234305-8a47-4b4d-8efb-716a6b695428');
INSERT INTO `client` (`id`, `client_code`, `client_name`, `email`, `is_active`, `created_on`, `modified_on`, `tenant_id`) VALUES ('73d4511d-3bf5-4734-bfba-db0715f7ed62', 1063, 'Lopez, Johnson and Goodman', 'info@lopezjohnsonandgoodman.com', 1, '2025-07-01 10:48:56', '2025-07-01 10:48:56', 'df234305-8a47-4b4d-8efb-716a6b695428');
INSERT INTO `department` (`uuid`, `department`, `client_id`, `tenant_id`, `created_on`, `modified_on`) VALUES ('9902f103-428d-4074-99d4-bdf824693061', 'Aerospace', '73d4511d-3bf5-4734-bfba-db0715f7ed62', 'df234305-8a47-4b4d-8efb-716a6b695428', '2025-07-01 10:48:56', '2025-07-01 10:48:56');
INSERT INTO `department` (`uuid`, `department`, `client_id`, `tenant_id`, `created_on`, `modified_on`) VALUES ('1020bedf-0dd2-408a-a008-c1a5b0697d61', 'Cybersecurity', '73d4511d-3bf5-4734-bfba-db0715f7ed62', 'df234305-8a47-4b4d-8efb-716a6b695428', '2025-07-01 10:48:56', '2025-07-01 10:48:56');
INSERT INTO `department` (`uuid`, `department`, `client_id`, `tenant_id`, `created_on`, `modified_on`) VALUES ('944c43b6-97bc-4509-a095-8ac6c6bb4ba0', 'Biomedical', '73d4511d-3bf5-4734-bfba-db0715f7ed62', 'df234305-8a47-4b4d-8efb-716a6b695428', '2025-07-01 10:48:56', '2025-07-01 10:48:56');
INSERT INTO `department` (`uuid`, `department`, `client_id`, `tenant_id`, `created_on`, `modified_on`) VALUES ('d8801795-bfde-4f68-b076-d3e280423177', 'Robotics', '73d4511d-3bf5-4734-bfba-db0715f7ed62', 'df234305-8a47-4b4d-8efb-716a6b695428', '2025-07-01 10:48:56', '2025-07-01 10:48:56');
INSERT INTO `department` (`uuid`, `department`, `client_id`, `tenant_id`, `created_on`, `modified_on`) VALUES ('675ebabf-903f-4a52-b587-e2d8732cc69d', 'AI Solutions', '73d4511d-3bf5-4734-bfba-db0715f7ed62', 'df234305-8a47-4b4d-8efb-716a6b695428', '2025-07-01 10:48:56', '2025-07-01 10:48:56');
INSERT INTO `department` (`uuid`, `department`, `client_id`, `tenant_id`, `created_on`, `modified_on`) VALUES ('b407cc2b-a17c-4f86-afec-c5743975efb7', 'Civil Systems', '73d4511d-3bf5-4734-bfba-db0715f7ed62', 'df234305-8a47-4b4d-8efb-716a6b695428', '2025-07-01 10:48:56', '2025-07-01 10:48:56');
INSERT INTO `client_division` (`id`, `division_name`, `client_id`, `is_active`, `created_on`, `modified_on`, `tenant_id`) VALUES ('0af4ec81-6a39-4bef-b290-f988950561d7', 'R&D', '73d4511d-3bf5-4734-bfba-db0715f7ed62', 1, '2025-07-01 10:48:56', '2025-07-01 10:48:56', 'df234305-8a47-4b4d-8efb-716a6b695428');
INSERT INTO `client_division` (`id`, `division_name`, `client_id`, `is_active`, `created_on`, `modified_on`, `tenant_id`) VALUES ('2690cf42-2b82-441c-977e-ef75525e933f', 'Product Dev', '73d4511d-3bf5-4734-bfba-db0715f7ed62', 1, '2025-07-01 10:48:56', '2025-07-01 10:48:56', 'df234305-8a47-4b4d-8efb-716a6b695428');
INSERT INTO `client_division` (`id`, `division_name`, `client_id`, `is_active`, `created_on`, `modified_on`, `tenant_id`) VALUES ('2182cf12-f145-4c82-9cd6-3782e9a6c0f2', 'Engineering', '73d4511d-3bf5-4734-bfba-db0715f7ed62', 1, '2025-07-01 10:48:56', '2025-07-01 10:48:56', 'df234305-8a47-4b4d-8efb-716a6b695428');
INSERT INTO `client_division` (`id`, `division_name`, `client_id`, `is_active`, `created_on`, `modified_on`, `tenant_id`) VALUES ('dd2390a4-7119-49f3-9c4c-54dc8f2f1089', 'Core Tech', '73d4511d-3bf5-4734-bfba-db0715f7ed62', 1, '2025-07-01 10:48:56', '2025-07-01 10:48:56', 'df234305-8a47-4b4d-8efb-716a6b695428');
INSERT INTO `client_division` (`id`, `division_name`, `client_id`, `is_active`, `created_on`, `modified_on`, `tenant_id`) VALUES ('a08c5972-ec0c-403d-a641-0bd2d0f4ae00', 'Innovation Lab', '73d4511d-3bf5-4734-bfba-db0715f7ed62', 1, '2025-07-01 10:48:56', '2025-07-01 10:48:56', 'df234305-8a47-4b4d-8efb-716a6b695428');
INSERT INTO `client` (`id`, `client_code`, `client_name`, `email`, `is_active`, `created_on`, `modified_on`, `tenant_id`) VALUES ('8f843bbb-fc80-4926-8707-2c732e940443', 1064, 'Webb and Sons', 'info@webbandsons.com', 1, '2025-07-01 10:48:56', '2025-07-01 10:48:56', 'df234305-8a47-4b4d-8efb-716a6b695428');
INSERT INTO `department` (`uuid`, `department`, `client_id`, `tenant_id`, `created_on`, `modified_on`) VALUES ('0fe47258-c08a-4b3d-87e0-044938bdb097', 'AI Solutions', '8f843bbb-fc80-4926-8707-2c732e940443', 'df234305-8a47-4b4d-8efb-716a6b695428', '2025-07-01 10:48:56', '2025-07-01 10:48:56');
INSERT INTO `department` (`uuid`, `department`, `client_id`, `tenant_id`, `created_on`, `modified_on`) VALUES ('43a51926-fc90-4b51-8e3a-3d912266f6d9', 'Civil Systems', '8f843bbb-fc80-4926-8707-2c732e940443', 'df234305-8a47-4b4d-8efb-716a6b695428', '2025-07-01 10:48:56', '2025-07-01 10:48:56');
INSERT INTO `department` (`uuid`, `department`, `client_id`, `tenant_id`, `created_on`, `modified_on`) VALUES ('fc03ca92-df07-4783-93e1-c6bdac02dd7a', 'Biomedical', '8f843bbb-fc80-4926-8707-2c732e940443', 'df234305-8a47-4b4d-8efb-716a6b695428', '2025-07-01 10:48:56', '2025-07-01 10:48:56');
INSERT INTO `department` (`uuid`, `department`, `client_id`, `tenant_id`, `created_on`, `modified_on`) VALUES ('9fe58c31-f671-4e39-99a4-b5ffd8fb5deb', 'Robotics', '8f843bbb-fc80-4926-8707-2c732e940443', 'df234305-8a47-4b4d-8efb-716a6b695428', '2025-07-01 10:48:56', '2025-07-01 10:48:56');
INSERT INTO `department` (`uuid`, `department`, `client_id`, `tenant_id`, `created_on`, `modified_on`) VALUES ('c6af4f93-e199-45d3-b5ed-ca1fc3f737eb', 'Aerospace', '8f843bbb-fc80-4926-8707-2c732e940443', 'df234305-8a47-4b4d-8efb-716a6b695428', '2025-07-01 10:48:56', '2025-07-01 10:48:56');
INSERT INTO `department` (`uuid`, `department`, `client_id`, `tenant_id`, `created_on`, `modified_on`) VALUES ('3bd68c9c-ac8f-4547-a9f0-1c39078203ef', 'Cybersecurity', '8f843bbb-fc80-4926-8707-2c732e940443', 'df234305-8a47-4b4d-8efb-716a6b695428', '2025-07-01 10:48:56', '2025-07-01 10:48:56');
INSERT INTO `client_division` (`id`, `division_name`, `client_id`, `is_active`, `created_on`, `modified_on`, `tenant_id`) VALUES ('1c0e69a5-4b9d-40d9-bc08-24fb207a263d', 'Core Tech', '8f843bbb-fc80-4926-8707-2c732e940443', 1, '2025-07-01 10:48:56', '2025-07-01 10:48:56', 'df234305-8a47-4b4d-8efb-716a6b695428');
INSERT INTO `client_division` (`id`, `division_name`, `client_id`, `is_active`, `created_on`, `modified_on`, `tenant_id`) VALUES ('97c82388-c11b-4f58-9859-782019089da6', 'Innovation Lab', '8f843bbb-fc80-4926-8707-2c732e940443', 1, '2025-07-01 10:48:56', '2025-07-01 10:48:56', 'df234305-8a47-4b4d-8efb-716a6b695428');
INSERT INTO `client_division` (`id`, `division_name`, `client_id`, `is_active`, `created_on`, `modified_on`, `tenant_id`) VALUES ('d0cab422-0883-4c78-a098-fb3b2c00a74d', 'R&D', '8f843bbb-fc80-4926-8707-2c732e940443', 1, '2025-07-01 10:48:56', '2025-07-01 10:48:56', 'df234305-8a47-4b4d-8efb-716a6b695428');
INSERT INTO `client_division` (`id`, `division_name`, `client_id`, `is_active`, `created_on`, `modified_on`, `tenant_id`) VALUES ('e44beeb8-a9bb-4516-8657-0ffb1da88902', 'Engineering', '8f843bbb-fc80-4926-8707-2c732e940443', 1, '2025-07-01 10:48:56', '2025-07-01 10:48:56', 'df234305-8a47-4b4d-8efb-716a6b695428');
INSERT INTO `client_division` (`id`, `division_name`, `client_id`, `is_active`, `created_on`, `modified_on`, `tenant_id`) VALUES ('2420450a-a7ab-4cd4-93db-3c57170911b5', 'Product Dev', '8f843bbb-fc80-4926-8707-2c732e940443', 1, '2025-07-01 10:48:56', '2025-07-01 10:48:56', 'df234305-8a47-4b4d-8efb-716a6b695428');
INSERT INTO `client` (`id`, `client_code`, `client_name`, `email`, `is_active`, `created_on`, `modified_on`, `tenant_id`) VALUES ('53eeb2ff-7b5f-4da6-944d-8283ea00dfed', 1065, 'Campbell Inc', 'info@campbellinc.com', 1, '2025-07-01 10:48:56', '2025-07-01 10:48:56', 'df234305-8a47-4b4d-8efb-716a6b695428');
INSERT INTO `department` (`uuid`, `department`, `client_id`, `tenant_id`, `created_on`, `modified_on`) VALUES ('383b0ead-b347-4370-b5fc-eaa4ba0c1fa5', 'AI Solutions', '53eeb2ff-7b5f-4da6-944d-8283ea00dfed', 'df234305-8a47-4b4d-8efb-716a6b695428', '2025-07-01 10:48:56', '2025-07-01 10:48:56');
INSERT INTO `department` (`uuid`, `department`, `client_id`, `tenant_id`, `created_on`, `modified_on`) VALUES ('72bdd7bb-766e-4517-8356-602e81fcd119', 'Civil Systems', '53eeb2ff-7b5f-4da6-944d-8283ea00dfed', 'df234305-8a47-4b4d-8efb-716a6b695428', '2025-07-01 10:48:56', '2025-07-01 10:48:56');
INSERT INTO `department` (`uuid`, `department`, `client_id`, `tenant_id`, `created_on`, `modified_on`) VALUES ('b9caa480-3e0c-443b-9ee1-3e1df17aab8e', 'Biomedical', '53eeb2ff-7b5f-4da6-944d-8283ea00dfed', 'df234305-8a47-4b4d-8efb-716a6b695428', '2025-07-01 10:48:56', '2025-07-01 10:48:56');
INSERT INTO `department` (`uuid`, `department`, `client_id`, `tenant_id`, `created_on`, `modified_on`) VALUES ('834b5d94-9bc6-48fb-9be6-0e5cb2321444', 'Aerospace', '53eeb2ff-7b5f-4da6-944d-8283ea00dfed', 'df234305-8a47-4b4d-8efb-716a6b695428', '2025-07-01 10:48:56', '2025-07-01 10:48:56');
INSERT INTO `department` (`uuid`, `department`, `client_id`, `tenant_id`, `created_on`, `modified_on`) VALUES ('866fbe8e-71ef-4e0d-91e2-699f92b726bb', 'Cybersecurity', '53eeb2ff-7b5f-4da6-944d-8283ea00dfed', 'df234305-8a47-4b4d-8efb-716a6b695428', '2025-07-01 10:48:56', '2025-07-01 10:48:56');
INSERT INTO `department` (`uuid`, `department`, `client_id`, `tenant_id`, `created_on`, `modified_on`) VALUES ('e7feaa1c-af71-4a43-a38c-a0a172fd7760', 'Robotics', '53eeb2ff-7b5f-4da6-944d-8283ea00dfed', 'df234305-8a47-4b4d-8efb-716a6b695428', '2025-07-01 10:48:56', '2025-07-01 10:48:56');
INSERT INTO `client_division` (`id`, `division_name`, `client_id`, `is_active`, `created_on`, `modified_on`, `tenant_id`) VALUES ('225a47df-d40d-4b63-bab6-c7ea9d5d4d92', 'R&D', '53eeb2ff-7b5f-4da6-944d-8283ea00dfed', 1, '2025-07-01 10:48:56', '2025-07-01 10:48:56', 'df234305-8a47-4b4d-8efb-716a6b695428');
INSERT INTO `client_division` (`id`, `division_name`, `client_id`, `is_active`, `created_on`, `modified_on`, `tenant_id`) VALUES ('ae6df75e-d5d9-4e06-bdde-6ee44d89009e', 'Product Dev', '53eeb2ff-7b5f-4da6-944d-8283ea00dfed', 1, '2025-07-01 10:48:56', '2025-07-01 10:48:56', 'df234305-8a47-4b4d-8efb-716a6b695428');
INSERT INTO `client_division` (`id`, `division_name`, `client_id`, `is_active`, `created_on`, `modified_on`, `tenant_id`) VALUES ('6e66f38e-9808-40bc-8206-9da367ff643f', 'Innovation Lab', '53eeb2ff-7b5f-4da6-944d-8283ea00dfed', 1, '2025-07-01 10:48:56', '2025-07-01 10:48:56', 'df234305-8a47-4b4d-8efb-716a6b695428');
INSERT INTO `client_division` (`id`, `division_name`, `client_id`, `is_active`, `created_on`, `modified_on`, `tenant_id`) VALUES ('1775051c-1857-4645-b0de-b9d86c61cc2a', 'Core Tech', '53eeb2ff-7b5f-4da6-944d-8283ea00dfed', 1, '2025-07-01 10:48:56', '2025-07-01 10:48:56', 'df234305-8a47-4b4d-8efb-716a6b695428');
INSERT INTO `client_division` (`id`, `division_name`, `client_id`, `is_active`, `created_on`, `modified_on`, `tenant_id`) VALUES ('5bec02b9-1bd9-4844-b18d-6a7c42bdcc11', 'Engineering', '53eeb2ff-7b5f-4da6-944d-8283ea00dfed', 1, '2025-07-01 10:48:56', '2025-07-01 10:48:56', 'df234305-8a47-4b4d-8efb-716a6b695428');
INSERT INTO `client` (`id`, `client_code`, `client_name`, `email`, `is_active`, `created_on`, `modified_on`, `tenant_id`) VALUES ('9aed73f7-c3e9-45d1-bb2c-7ed7e8a00579', 1066, 'Thomas-Evans', 'info@thomasevans.com', 1, '2025-07-01 10:48:56', '2025-07-01 10:48:56', 'df234305-8a47-4b4d-8efb-716a6b695428');
INSERT INTO `department` (`uuid`, `department`, `client_id`, `tenant_id`, `created_on`, `modified_on`) VALUES ('418e1d2e-da52-41b4-936a-441f0038ebbf', 'Robotics', '9aed73f7-c3e9-45d1-bb2c-7ed7e8a00579', 'df234305-8a47-4b4d-8efb-716a6b695428', '2025-07-01 10:48:56', '2025-07-01 10:48:56');
INSERT INTO `department` (`uuid`, `department`, `client_id`, `tenant_id`, `created_on`, `modified_on`) VALUES ('06d5b6de-ef1f-4402-8148-b842b16394f9', 'Biomedical', '9aed73f7-c3e9-45d1-bb2c-7ed7e8a00579', 'df234305-8a47-4b4d-8efb-716a6b695428', '2025-07-01 10:48:56', '2025-07-01 10:48:56');
INSERT INTO `department` (`uuid`, `department`, `client_id`, `tenant_id`, `created_on`, `modified_on`) VALUES ('374d8e44-8d83-42cd-bf6e-aada13849a5d', 'AI Solutions', '9aed73f7-c3e9-45d1-bb2c-7ed7e8a00579', 'df234305-8a47-4b4d-8efb-716a6b695428', '2025-07-01 10:48:56', '2025-07-01 10:48:56');
INSERT INTO `department` (`uuid`, `department`, `client_id`, `tenant_id`, `created_on`, `modified_on`) VALUES ('5b895073-5d7b-4655-94e5-6ba78fd076d4', 'Cybersecurity', '9aed73f7-c3e9-45d1-bb2c-7ed7e8a00579', 'df234305-8a47-4b4d-8efb-716a6b695428', '2025-07-01 10:48:56', '2025-07-01 10:48:56');
INSERT INTO `department` (`uuid`, `department`, `client_id`, `tenant_id`, `created_on`, `modified_on`) VALUES ('d713d58c-f0ae-4a40-85a6-c38a665ae99e', 'Civil Systems', '9aed73f7-c3e9-45d1-bb2c-7ed7e8a00579', 'df234305-8a47-4b4d-8efb-716a6b695428', '2025-07-01 10:48:56', '2025-07-01 10:48:56');
INSERT INTO `department` (`uuid`, `department`, `client_id`, `tenant_id`, `created_on`, `modified_on`) VALUES ('84724f9d-999f-49b1-bfb7-4fad9b490fec', 'Aerospace', '9aed73f7-c3e9-45d1-bb2c-7ed7e8a00579', 'df234305-8a47-4b4d-8efb-716a6b695428', '2025-07-01 10:48:56', '2025-07-01 10:48:56');
INSERT INTO `client_division` (`id`, `division_name`, `client_id`, `is_active`, `created_on`, `modified_on`, `tenant_id`) VALUES ('c870da9b-3409-487f-ad14-bff2ce78c309', 'Engineering', '9aed73f7-c3e9-45d1-bb2c-7ed7e8a00579', 1, '2025-07-01 10:48:56', '2025-07-01 10:48:56', 'df234305-8a47-4b4d-8efb-716a6b695428');
INSERT INTO `client_division` (`id`, `division_name`, `client_id`, `is_active`, `created_on`, `modified_on`, `tenant_id`) VALUES ('52a138c1-6670-4aa6-9f2f-db67b72679ac', 'Innovation Lab', '9aed73f7-c3e9-45d1-bb2c-7ed7e8a00579', 1, '2025-07-01 10:48:56', '2025-07-01 10:48:56', 'df234305-8a47-4b4d-8efb-716a6b695428');
INSERT INTO `client_division` (`id`, `division_name`, `client_id`, `is_active`, `created_on`, `modified_on`, `tenant_id`) VALUES ('5b859435-01ec-4e67-a5c9-271bbd99d847', 'Product Dev', '9aed73f7-c3e9-45d1-bb2c-7ed7e8a00579', 1, '2025-07-01 10:48:56', '2025-07-01 10:48:56', 'df234305-8a47-4b4d-8efb-716a6b695428');
INSERT INTO `client_division` (`id`, `division_name`, `client_id`, `is_active`, `created_on`, `modified_on`, `tenant_id`) VALUES ('27230944-93b5-4c67-ad02-8123210bd997', 'Core Tech', '9aed73f7-c3e9-45d1-bb2c-7ed7e8a00579', 1, '2025-07-01 10:48:56', '2025-07-01 10:48:56', 'df234305-8a47-4b4d-8efb-716a6b695428');
INSERT INTO `client_division` (`id`, `division_name`, `client_id`, `is_active`, `created_on`, `modified_on`, `tenant_id`) VALUES ('329fd97f-9fb7-4bf6-90af-1f7bdaac0689', 'R&D', '9aed73f7-c3e9-45d1-bb2c-7ed7e8a00579', 1, '2025-07-01 10:48:56', '2025-07-01 10:48:56', 'df234305-8a47-4b4d-8efb-716a6b695428');
INSERT INTO `client` (`id`, `client_code`, `client_name`, `email`, `is_active`, `created_on`, `modified_on`, `tenant_id`) VALUES ('6db270cc-620d-400c-b542-61f63f2eca8d', 1067, 'Butler Ltd', 'info@butlerltd.com', 1, '2025-07-01 10:48:56', '2025-07-01 10:48:56', 'df234305-8a47-4b4d-8efb-716a6b695428');
INSERT INTO `department` (`uuid`, `department`, `client_id`, `tenant_id`, `created_on`, `modified_on`) VALUES ('97ac1052-12b1-47fb-bfab-ca09d3065cee', 'AI Solutions', '6db270cc-620d-400c-b542-61f63f2eca8d', 'df234305-8a47-4b4d-8efb-716a6b695428', '2025-07-01 10:48:56', '2025-07-01 10:48:56');
INSERT INTO `department` (`uuid`, `department`, `client_id`, `tenant_id`, `created_on`, `modified_on`) VALUES ('3818ec1c-a3a6-4f9c-8575-44ead937caa9', 'Aerospace', '6db270cc-620d-400c-b542-61f63f2eca8d', 'df234305-8a47-4b4d-8efb-716a6b695428', '2025-07-01 10:48:56', '2025-07-01 10:48:56');
INSERT INTO `department` (`uuid`, `department`, `client_id`, `tenant_id`, `created_on`, `modified_on`) VALUES ('f3363ed2-b431-453f-9f88-5bccfd907423', 'Civil Systems', '6db270cc-620d-400c-b542-61f63f2eca8d', 'df234305-8a47-4b4d-8efb-716a6b695428', '2025-07-01 10:48:56', '2025-07-01 10:48:56');
INSERT INTO `department` (`uuid`, `department`, `client_id`, `tenant_id`, `created_on`, `modified_on`) VALUES ('43d8949e-b94f-4ac7-9a8a-2e977b6a242f', 'Robotics', '6db270cc-620d-400c-b542-61f63f2eca8d', 'df234305-8a47-4b4d-8efb-716a6b695428', '2025-07-01 10:48:56', '2025-07-01 10:48:56');
INSERT INTO `department` (`uuid`, `department`, `client_id`, `tenant_id`, `created_on`, `modified_on`) VALUES ('3b9c9ec4-4518-4a13-8845-7296ac6c6dad', 'Biomedical', '6db270cc-620d-400c-b542-61f63f2eca8d', 'df234305-8a47-4b4d-8efb-716a6b695428', '2025-07-01 10:48:56', '2025-07-01 10:48:56');
INSERT INTO `department` (`uuid`, `department`, `client_id`, `tenant_id`, `created_on`, `modified_on`) VALUES ('8890d8e0-5767-44ff-902f-e20f3302f351', 'Cybersecurity', '6db270cc-620d-400c-b542-61f63f2eca8d', 'df234305-8a47-4b4d-8efb-716a6b695428', '2025-07-01 10:48:56', '2025-07-01 10:48:56');
INSERT INTO `client_division` (`id`, `division_name`, `client_id`, `is_active`, `created_on`, `modified_on`, `tenant_id`) VALUES ('85f47c7c-3f36-4790-9933-ac83c0ac27f4', 'Innovation Lab', '6db270cc-620d-400c-b542-61f63f2eca8d', 1, '2025-07-01 10:48:56', '2025-07-01 10:48:56', 'df234305-8a47-4b4d-8efb-716a6b695428');
INSERT INTO `client_division` (`id`, `division_name`, `client_id`, `is_active`, `created_on`, `modified_on`, `tenant_id`) VALUES ('8ab8e10a-cb60-474d-8de2-794195848af6', 'Product Dev', '6db270cc-620d-400c-b542-61f63f2eca8d', 1, '2025-07-01 10:48:56', '2025-07-01 10:48:56', 'df234305-8a47-4b4d-8efb-716a6b695428');
INSERT INTO `client_division` (`id`, `division_name`, `client_id`, `is_active`, `created_on`, `modified_on`, `tenant_id`) VALUES ('702efe7b-7a5e-4653-a0cc-99c3cf370278', 'Engineering', '6db270cc-620d-400c-b542-61f63f2eca8d', 1, '2025-07-01 10:48:56', '2025-07-01 10:48:56', 'df234305-8a47-4b4d-8efb-716a6b695428');
INSERT INTO `client_division` (`id`, `division_name`, `client_id`, `is_active`, `created_on`, `modified_on`, `tenant_id`) VALUES ('65944736-2835-4662-9659-8fa769bc1966', 'R&D', '6db270cc-620d-400c-b542-61f63f2eca8d', 1, '2025-07-01 10:48:56', '2025-07-01 10:48:56', 'df234305-8a47-4b4d-8efb-716a6b695428');
INSERT INTO `client_division` (`id`, `division_name`, `client_id`, `is_active`, `created_on`, `modified_on`, `tenant_id`) VALUES ('f2f80c83-67df-4f69-aa9a-0c8aa1d93e5a', 'Core Tech', '6db270cc-620d-400c-b542-61f63f2eca8d', 1, '2025-07-01 10:48:56', '2025-07-01 10:48:56', 'df234305-8a47-4b4d-8efb-716a6b695428');
INSERT INTO `client` (`id`, `client_code`, `client_name`, `email`, `is_active`, `created_on`, `modified_on`, `tenant_id`) VALUES ('630c5215-9d0d-4253-aa3d-81d7e00fd1b3', 1068, 'Jackson Ltd', 'info@jacksonltd.com', 1, '2025-07-01 10:48:56', '2025-07-01 10:48:56', 'df234305-8a47-4b4d-8efb-716a6b695428');
INSERT INTO `department` (`uuid`, `department`, `client_id`, `tenant_id`, `created_on`, `modified_on`) VALUES ('fd36cf2c-2274-4d63-9447-8dadfc137f04', 'Cybersecurity', '630c5215-9d0d-4253-aa3d-81d7e00fd1b3', 'df234305-8a47-4b4d-8efb-716a6b695428', '2025-07-01 10:48:56', '2025-07-01 10:48:56');
INSERT INTO `department` (`uuid`, `department`, `client_id`, `tenant_id`, `created_on`, `modified_on`) VALUES ('81c3dbfa-d13d-4e7d-8233-74e6c71cf053', 'Civil Systems', '630c5215-9d0d-4253-aa3d-81d7e00fd1b3', 'df234305-8a47-4b4d-8efb-716a6b695428', '2025-07-01 10:48:56', '2025-07-01 10:48:56');
INSERT INTO `department` (`uuid`, `department`, `client_id`, `tenant_id`, `created_on`, `modified_on`) VALUES ('ab365b9c-86d7-4f6c-b5b8-5134d08fcb42', 'Biomedical', '630c5215-9d0d-4253-aa3d-81d7e00fd1b3', 'df234305-8a47-4b4d-8efb-716a6b695428', '2025-07-01 10:48:56', '2025-07-01 10:48:56');
INSERT INTO `department` (`uuid`, `department`, `client_id`, `tenant_id`, `created_on`, `modified_on`) VALUES ('b4fea899-29b9-47c5-8f9d-d9133ee24ffa', 'AI Solutions', '630c5215-9d0d-4253-aa3d-81d7e00fd1b3', 'df234305-8a47-4b4d-8efb-716a6b695428', '2025-07-01 10:48:56', '2025-07-01 10:48:56');
INSERT INTO `department` (`uuid`, `department`, `client_id`, `tenant_id`, `created_on`, `modified_on`) VALUES ('f7892cfe-ed5f-4e11-856c-c1a1b6daf6eb', 'Robotics', '630c5215-9d0d-4253-aa3d-81d7e00fd1b3', 'df234305-8a47-4b4d-8efb-716a6b695428', '2025-07-01 10:48:56', '2025-07-01 10:48:56');
INSERT INTO `department` (`uuid`, `department`, `client_id`, `tenant_id`, `created_on`, `modified_on`) VALUES ('fd3ac94d-c272-41bd-815d-31b7e7fa8d5c', 'Aerospace', '630c5215-9d0d-4253-aa3d-81d7e00fd1b3', 'df234305-8a47-4b4d-8efb-716a6b695428', '2025-07-01 10:48:56', '2025-07-01 10:48:56');
INSERT INTO `client_division` (`id`, `division_name`, `client_id`, `is_active`, `created_on`, `modified_on`, `tenant_id`) VALUES ('4c6b3e89-5cc3-4d68-b175-c81362213f71', 'Core Tech', '630c5215-9d0d-4253-aa3d-81d7e00fd1b3', 1, '2025-07-01 10:48:56', '2025-07-01 10:48:56', 'df234305-8a47-4b4d-8efb-716a6b695428');
INSERT INTO `client_division` (`id`, `division_name`, `client_id`, `is_active`, `created_on`, `modified_on`, `tenant_id`) VALUES ('a10ff089-603a-4038-8f92-43890f5ea302', 'Innovation Lab', '630c5215-9d0d-4253-aa3d-81d7e00fd1b3', 1, '2025-07-01 10:48:56', '2025-07-01 10:48:56', 'df234305-8a47-4b4d-8efb-716a6b695428');
INSERT INTO `client_division` (`id`, `division_name`, `client_id`, `is_active`, `created_on`, `modified_on`, `tenant_id`) VALUES ('727a282e-7652-4fbb-a205-8c592e18e003', 'Engineering', '630c5215-9d0d-4253-aa3d-81d7e00fd1b3', 1, '2025-07-01 10:48:56', '2025-07-01 10:48:56', 'df234305-8a47-4b4d-8efb-716a6b695428');
INSERT INTO `client_division` (`id`, `division_name`, `client_id`, `is_active`, `created_on`, `modified_on`, `tenant_id`) VALUES ('c8211e59-505f-491a-b0bf-693edac37015', 'R&D', '630c5215-9d0d-4253-aa3d-81d7e00fd1b3', 1, '2025-07-01 10:48:56', '2025-07-01 10:48:56', 'df234305-8a47-4b4d-8efb-716a6b695428');
INSERT INTO `client_division` (`id`, `division_name`, `client_id`, `is_active`, `created_on`, `modified_on`, `tenant_id`) VALUES ('d5ed211c-9553-4361-9d4b-4535b308d4ea', 'Product Dev', '630c5215-9d0d-4253-aa3d-81d7e00fd1b3', 1, '2025-07-01 10:48:56', '2025-07-01 10:48:56', 'df234305-8a47-4b4d-8efb-716a6b695428');
INSERT INTO `client` (`id`, `client_code`, `client_name`, `email`, `is_active`, `created_on`, `modified_on`, `tenant_id`) VALUES ('197cb4ef-a5e3-4455-a000-5ea0ce6bbcd8', 1069, 'Romero, Bentley and Torres', 'info@romerobentleyandtorres.com', 1, '2025-07-01 10:48:56', '2025-07-01 10:48:56', 'df234305-8a47-4b4d-8efb-716a6b695428');
INSERT INTO `department` (`uuid`, `department`, `client_id`, `tenant_id`, `created_on`, `modified_on`) VALUES ('3690090f-b3c1-4897-b2e5-114dd8f4d91c', 'Cybersecurity', '197cb4ef-a5e3-4455-a000-5ea0ce6bbcd8', 'df234305-8a47-4b4d-8efb-716a6b695428', '2025-07-01 10:48:56', '2025-07-01 10:48:56');
INSERT INTO `department` (`uuid`, `department`, `client_id`, `tenant_id`, `created_on`, `modified_on`) VALUES ('89dcb225-7691-45b3-ada7-26a810c006fd', 'Aerospace', '197cb4ef-a5e3-4455-a000-5ea0ce6bbcd8', 'df234305-8a47-4b4d-8efb-716a6b695428', '2025-07-01 10:48:56', '2025-07-01 10:48:56');
INSERT INTO `department` (`uuid`, `department`, `client_id`, `tenant_id`, `created_on`, `modified_on`) VALUES ('9c1e8e32-3d37-4932-ba80-f956bafd04d1', 'Biomedical', '197cb4ef-a5e3-4455-a000-5ea0ce6bbcd8', 'df234305-8a47-4b4d-8efb-716a6b695428', '2025-07-01 10:48:56', '2025-07-01 10:48:56');
INSERT INTO `department` (`uuid`, `department`, `client_id`, `tenant_id`, `created_on`, `modified_on`) VALUES ('f0c48207-fc80-4204-a579-69f8adbf230e', 'Civil Systems', '197cb4ef-a5e3-4455-a000-5ea0ce6bbcd8', 'df234305-8a47-4b4d-8efb-716a6b695428', '2025-07-01 10:48:56', '2025-07-01 10:48:56');
INSERT INTO `department` (`uuid`, `department`, `client_id`, `tenant_id`, `created_on`, `modified_on`) VALUES ('48f05809-b537-4d1a-b334-d8b95b7f4de3', 'AI Solutions', '197cb4ef-a5e3-4455-a000-5ea0ce6bbcd8', 'df234305-8a47-4b4d-8efb-716a6b695428', '2025-07-01 10:48:56', '2025-07-01 10:48:56');
INSERT INTO `department` (`uuid`, `department`, `client_id`, `tenant_id`, `created_on`, `modified_on`) VALUES ('960f426e-ad28-44ce-ba99-441d8ded55e0', 'Robotics', '197cb4ef-a5e3-4455-a000-5ea0ce6bbcd8', 'df234305-8a47-4b4d-8efb-716a6b695428', '2025-07-01 10:48:56', '2025-07-01 10:48:56');
INSERT INTO `client_division` (`id`, `division_name`, `client_id`, `is_active`, `created_on`, `modified_on`, `tenant_id`) VALUES ('9e78e09a-bb0d-4a9d-82f4-f0461ac9abb1', 'Engineering', '197cb4ef-a5e3-4455-a000-5ea0ce6bbcd8', 1, '2025-07-01 10:48:56', '2025-07-01 10:48:56', 'df234305-8a47-4b4d-8efb-716a6b695428');
INSERT INTO `client_division` (`id`, `division_name`, `client_id`, `is_active`, `created_on`, `modified_on`, `tenant_id`) VALUES ('0c9dac13-0a59-47bf-a857-402bcf5b4a08', 'Innovation Lab', '197cb4ef-a5e3-4455-a000-5ea0ce6bbcd8', 1, '2025-07-01 10:48:56', '2025-07-01 10:48:56', 'df234305-8a47-4b4d-8efb-716a6b695428');
INSERT INTO `client_division` (`id`, `division_name`, `client_id`, `is_active`, `created_on`, `modified_on`, `tenant_id`) VALUES ('98ae5a13-3e11-4ea4-a6e3-073e06bfee16', 'R&D', '197cb4ef-a5e3-4455-a000-5ea0ce6bbcd8', 1, '2025-07-01 10:48:56', '2025-07-01 10:48:56', 'df234305-8a47-4b4d-8efb-716a6b695428');
INSERT INTO `client_division` (`id`, `division_name`, `client_id`, `is_active`, `created_on`, `modified_on`, `tenant_id`) VALUES ('cdd371ee-63e9-45da-bfbf-8d4502d245a9', 'Product Dev', '197cb4ef-a5e3-4455-a000-5ea0ce6bbcd8', 1, '2025-07-01 10:48:56', '2025-07-01 10:48:56', 'df234305-8a47-4b4d-8efb-716a6b695428');
INSERT INTO `client_division` (`id`, `division_name`, `client_id`, `is_active`, `created_on`, `modified_on`, `tenant_id`) VALUES ('4bf54d47-9a38-43b0-82f5-5d2147148505', 'Core Tech', '197cb4ef-a5e3-4455-a000-5ea0ce6bbcd8', 1, '2025-07-01 10:48:56', '2025-07-01 10:48:56', 'df234305-8a47-4b4d-8efb-716a6b695428');
INSERT INTO `client` (`id`, `client_code`, `client_name`, `email`, `is_active`, `created_on`, `modified_on`, `tenant_id`) VALUES ('8da2eb09-0335-4050-8a47-82ac540b20fa', 1070, 'Johnson Ltd', 'info@johnsonltd.com', 1, '2025-07-01 10:48:56', '2025-07-01 10:48:56', 'df234305-8a47-4b4d-8efb-716a6b695428');
INSERT INTO `department` (`uuid`, `department`, `client_id`, `tenant_id`, `created_on`, `modified_on`) VALUES ('a5192d5e-90c1-46d2-8a70-99b79e5c30b8', 'Cybersecurity', '8da2eb09-0335-4050-8a47-82ac540b20fa', 'df234305-8a47-4b4d-8efb-716a6b695428', '2025-07-01 10:48:56', '2025-07-01 10:48:56');
INSERT INTO `department` (`uuid`, `department`, `client_id`, `tenant_id`, `created_on`, `modified_on`) VALUES ('483ea725-669c-4d07-a50c-564ef45d7d06', 'Robotics', '8da2eb09-0335-4050-8a47-82ac540b20fa', 'df234305-8a47-4b4d-8efb-716a6b695428', '2025-07-01 10:48:56', '2025-07-01 10:48:56');
INSERT INTO `department` (`uuid`, `department`, `client_id`, `tenant_id`, `created_on`, `modified_on`) VALUES ('9f986454-fbdd-4977-b7ff-dd6a00b783ca', 'Biomedical', '8da2eb09-0335-4050-8a47-82ac540b20fa', 'df234305-8a47-4b4d-8efb-716a6b695428', '2025-07-01 10:48:56', '2025-07-01 10:48:56');
INSERT INTO `department` (`uuid`, `department`, `client_id`, `tenant_id`, `created_on`, `modified_on`) VALUES ('b8c4fdbf-d86b-40da-bb87-92671a1e845e', 'AI Solutions', '8da2eb09-0335-4050-8a47-82ac540b20fa', 'df234305-8a47-4b4d-8efb-716a6b695428', '2025-07-01 10:48:56', '2025-07-01 10:48:56');
INSERT INTO `department` (`uuid`, `department`, `client_id`, `tenant_id`, `created_on`, `modified_on`) VALUES ('39b8acc8-ba5d-4e33-912d-993a3675ad6e', 'Aerospace', '8da2eb09-0335-4050-8a47-82ac540b20fa', 'df234305-8a47-4b4d-8efb-716a6b695428', '2025-07-01 10:48:56', '2025-07-01 10:48:56');
INSERT INTO `department` (`uuid`, `department`, `client_id`, `tenant_id`, `created_on`, `modified_on`) VALUES ('8f671cbc-d276-4286-896b-f692c2573537', 'Civil Systems', '8da2eb09-0335-4050-8a47-82ac540b20fa', 'df234305-8a47-4b4d-8efb-716a6b695428', '2025-07-01 10:48:56', '2025-07-01 10:48:56');
INSERT INTO `client_division` (`id`, `division_name`, `client_id`, `is_active`, `created_on`, `modified_on`, `tenant_id`) VALUES ('fb8d94b2-7b3c-4bd0-9a4b-f36960523cfa', 'Core Tech', '8da2eb09-0335-4050-8a47-82ac540b20fa', 1, '2025-07-01 10:48:56', '2025-07-01 10:48:56', 'df234305-8a47-4b4d-8efb-716a6b695428');
INSERT INTO `client_division` (`id`, `division_name`, `client_id`, `is_active`, `created_on`, `modified_on`, `tenant_id`) VALUES ('96dc53cb-7ceb-4c39-90c6-246135edafc8', 'Product Dev', '8da2eb09-0335-4050-8a47-82ac540b20fa', 1, '2025-07-01 10:48:56', '2025-07-01 10:48:56', 'df234305-8a47-4b4d-8efb-716a6b695428');
INSERT INTO `client_division` (`id`, `division_name`, `client_id`, `is_active`, `created_on`, `modified_on`, `tenant_id`) VALUES ('3ee896d9-347f-4b21-a826-f8e261cd9fa4', 'Innovation Lab', '8da2eb09-0335-4050-8a47-82ac540b20fa', 1, '2025-07-01 10:48:56', '2025-07-01 10:48:56', 'df234305-8a47-4b4d-8efb-716a6b695428');
INSERT INTO `client_division` (`id`, `division_name`, `client_id`, `is_active`, `created_on`, `modified_on`, `tenant_id`) VALUES ('84d7b6aa-8e2d-4c0f-bb31-14b0db6b6707', 'Engineering', '8da2eb09-0335-4050-8a47-82ac540b20fa', 1, '2025-07-01 10:48:56', '2025-07-01 10:48:56', 'df234305-8a47-4b4d-8efb-716a6b695428');
INSERT INTO `client_division` (`id`, `division_name`, `client_id`, `is_active`, `created_on`, `modified_on`, `tenant_id`) VALUES ('439ad4bb-c54e-4079-99d5-0e6d4d3bf169', 'R&D', '8da2eb09-0335-4050-8a47-82ac540b20fa', 1, '2025-07-01 10:48:56', '2025-07-01 10:48:56', 'df234305-8a47-4b4d-8efb-716a6b695428');
INSERT INTO `client` (`id`, `client_code`, `client_name`, `email`, `is_active`, `created_on`, `modified_on`, `tenant_id`) VALUES ('3122e9eb-76e3-48d7-954f-419487d0212e', 1071, 'David Inc', 'info@davidinc.com', 1, '2025-07-01 10:48:56', '2025-07-01 10:48:56', 'df234305-8a47-4b4d-8efb-716a6b695428');
INSERT INTO `department` (`uuid`, `department`, `client_id`, `tenant_id`, `created_on`, `modified_on`) VALUES ('093011ff-e819-4881-b7a9-a2ade955bae3', 'Biomedical', '3122e9eb-76e3-48d7-954f-419487d0212e', 'df234305-8a47-4b4d-8efb-716a6b695428', '2025-07-01 10:48:56', '2025-07-01 10:48:56');
INSERT INTO `department` (`uuid`, `department`, `client_id`, `tenant_id`, `created_on`, `modified_on`) VALUES ('1f1f3745-caf4-4490-9f34-fb79aa1fbbb6', 'Robotics', '3122e9eb-76e3-48d7-954f-419487d0212e', 'df234305-8a47-4b4d-8efb-716a6b695428', '2025-07-01 10:48:56', '2025-07-01 10:48:56');
INSERT INTO `department` (`uuid`, `department`, `client_id`, `tenant_id`, `created_on`, `modified_on`) VALUES ('64bc60f0-94a5-4028-a121-4530892fa249', 'Aerospace', '3122e9eb-76e3-48d7-954f-419487d0212e', 'df234305-8a47-4b4d-8efb-716a6b695428', '2025-07-01 10:48:56', '2025-07-01 10:48:56');
INSERT INTO `department` (`uuid`, `department`, `client_id`, `tenant_id`, `created_on`, `modified_on`) VALUES ('2702d39c-9abb-425c-ad92-d92acd2d89f3', 'Civil Systems', '3122e9eb-76e3-48d7-954f-419487d0212e', 'df234305-8a47-4b4d-8efb-716a6b695428', '2025-07-01 10:48:56', '2025-07-01 10:48:56');
INSERT INTO `department` (`uuid`, `department`, `client_id`, `tenant_id`, `created_on`, `modified_on`) VALUES ('66f2ac81-28e7-48e6-afcd-29671c0fbb0e', 'Cybersecurity', '3122e9eb-76e3-48d7-954f-419487d0212e', 'df234305-8a47-4b4d-8efb-716a6b695428', '2025-07-01 10:48:56', '2025-07-01 10:48:56');
INSERT INTO `department` (`uuid`, `department`, `client_id`, `tenant_id`, `created_on`, `modified_on`) VALUES ('edc16664-49a5-4d62-88d5-ecf68f7e5894', 'AI Solutions', '3122e9eb-76e3-48d7-954f-419487d0212e', 'df234305-8a47-4b4d-8efb-716a6b695428', '2025-07-01 10:48:56', '2025-07-01 10:48:56');
INSERT INTO `client_division` (`id`, `division_name`, `client_id`, `is_active`, `created_on`, `modified_on`, `tenant_id`) VALUES ('9c4b0855-47b2-45d2-87f7-c99ed99bd414', 'Core Tech', '3122e9eb-76e3-48d7-954f-419487d0212e', 1, '2025-07-01 10:48:56', '2025-07-01 10:48:56', 'df234305-8a47-4b4d-8efb-716a6b695428');
INSERT INTO `client_division` (`id`, `division_name`, `client_id`, `is_active`, `created_on`, `modified_on`, `tenant_id`) VALUES ('2101ee3c-7ea7-43a8-943d-1b4751d0450b', 'Engineering', '3122e9eb-76e3-48d7-954f-419487d0212e', 1, '2025-07-01 10:48:56', '2025-07-01 10:48:56', 'df234305-8a47-4b4d-8efb-716a6b695428');
INSERT INTO `client_division` (`id`, `division_name`, `client_id`, `is_active`, `created_on`, `modified_on`, `tenant_id`) VALUES ('13a9c672-7b2d-4984-a83a-8c7a7fec1435', 'R&D', '3122e9eb-76e3-48d7-954f-419487d0212e', 1, '2025-07-01 10:48:56', '2025-07-01 10:48:56', 'df234305-8a47-4b4d-8efb-716a6b695428');
INSERT INTO `client_division` (`id`, `division_name`, `client_id`, `is_active`, `created_on`, `modified_on`, `tenant_id`) VALUES ('97280425-ef91-44c1-8a62-31b300d5471f', 'Product Dev', '3122e9eb-76e3-48d7-954f-419487d0212e', 1, '2025-07-01 10:48:56', '2025-07-01 10:48:56', 'df234305-8a47-4b4d-8efb-716a6b695428');
INSERT INTO `client_division` (`id`, `division_name`, `client_id`, `is_active`, `created_on`, `modified_on`, `tenant_id`) VALUES ('c9cd9003-3618-453b-804f-b2d11921b5e9', 'Innovation Lab', '3122e9eb-76e3-48d7-954f-419487d0212e', 1, '2025-07-01 10:48:56', '2025-07-01 10:48:56', 'df234305-8a47-4b4d-8efb-716a6b695428');
INSERT INTO `client` (`id`, `client_code`, `client_name`, `email`, `is_active`, `created_on`, `modified_on`, `tenant_id`) VALUES ('b458608f-53bb-4537-98a3-dccc1fdfefc0', 1072, 'Miles, Heath and Davis', 'info@milesheathanddavis.com', 1, '2025-07-01 10:48:56', '2025-07-01 10:48:56', 'df234305-8a47-4b4d-8efb-716a6b695428');
INSERT INTO `department` (`uuid`, `department`, `client_id`, `tenant_id`, `created_on`, `modified_on`) VALUES ('a6f179a7-5b79-4d25-bf37-f92cba448381', 'Aerospace', 'b458608f-53bb-4537-98a3-dccc1fdfefc0', 'df234305-8a47-4b4d-8efb-716a6b695428', '2025-07-01 10:48:56', '2025-07-01 10:48:56');
INSERT INTO `department` (`uuid`, `department`, `client_id`, `tenant_id`, `created_on`, `modified_on`) VALUES ('a79b3152-1a53-47d4-a799-24fb7776ba97', 'AI Solutions', 'b458608f-53bb-4537-98a3-dccc1fdfefc0', 'df234305-8a47-4b4d-8efb-716a6b695428', '2025-07-01 10:48:56', '2025-07-01 10:48:56');
INSERT INTO `department` (`uuid`, `department`, `client_id`, `tenant_id`, `created_on`, `modified_on`) VALUES ('c4d02010-f2cc-4061-8fe1-86849e97bbed', 'Robotics', 'b458608f-53bb-4537-98a3-dccc1fdfefc0', 'df234305-8a47-4b4d-8efb-716a6b695428', '2025-07-01 10:48:56', '2025-07-01 10:48:56');
INSERT INTO `department` (`uuid`, `department`, `client_id`, `tenant_id`, `created_on`, `modified_on`) VALUES ('434391e9-f0b7-4ea3-9a42-76444138742f', 'Civil Systems', 'b458608f-53bb-4537-98a3-dccc1fdfefc0', 'df234305-8a47-4b4d-8efb-716a6b695428', '2025-07-01 10:48:56', '2025-07-01 10:48:56');
INSERT INTO `department` (`uuid`, `department`, `client_id`, `tenant_id`, `created_on`, `modified_on`) VALUES ('f3b60f0b-a538-4907-b76a-f538dee3feff', 'Cybersecurity', 'b458608f-53bb-4537-98a3-dccc1fdfefc0', 'df234305-8a47-4b4d-8efb-716a6b695428', '2025-07-01 10:48:56', '2025-07-01 10:48:56');
INSERT INTO `department` (`uuid`, `department`, `client_id`, `tenant_id`, `created_on`, `modified_on`) VALUES ('6cb4975d-ee36-496d-9703-9eae944700db', 'Biomedical', 'b458608f-53bb-4537-98a3-dccc1fdfefc0', 'df234305-8a47-4b4d-8efb-716a6b695428', '2025-07-01 10:48:56', '2025-07-01 10:48:56');
INSERT INTO `client_division` (`id`, `division_name`, `client_id`, `is_active`, `created_on`, `modified_on`, `tenant_id`) VALUES ('d8e86bc0-fda9-4d0c-8a40-b202cec8d9d1', 'Core Tech', 'b458608f-53bb-4537-98a3-dccc1fdfefc0', 1, '2025-07-01 10:48:56', '2025-07-01 10:48:56', 'df234305-8a47-4b4d-8efb-716a6b695428');
INSERT INTO `client_division` (`id`, `division_name`, `client_id`, `is_active`, `created_on`, `modified_on`, `tenant_id`) VALUES ('b323bf85-679b-4780-83dd-1fb8d0b5e384', 'Product Dev', 'b458608f-53bb-4537-98a3-dccc1fdfefc0', 1, '2025-07-01 10:48:56', '2025-07-01 10:48:56', 'df234305-8a47-4b4d-8efb-716a6b695428');
INSERT INTO `client_division` (`id`, `division_name`, `client_id`, `is_active`, `created_on`, `modified_on`, `tenant_id`) VALUES ('3c9b2752-2857-4c64-bca1-a2aeabbae5d0', 'Innovation Lab', 'b458608f-53bb-4537-98a3-dccc1fdfefc0', 1, '2025-07-01 10:48:56', '2025-07-01 10:48:56', 'df234305-8a47-4b4d-8efb-716a6b695428');
INSERT INTO `client_division` (`id`, `division_name`, `client_id`, `is_active`, `created_on`, `modified_on`, `tenant_id`) VALUES ('b83bcbc4-239c-4b0a-9a47-389ac1c983c8', 'Engineering', 'b458608f-53bb-4537-98a3-dccc1fdfefc0', 1, '2025-07-01 10:48:56', '2025-07-01 10:48:56', 'df234305-8a47-4b4d-8efb-716a6b695428');
INSERT INTO `client_division` (`id`, `division_name`, `client_id`, `is_active`, `created_on`, `modified_on`, `tenant_id`) VALUES ('3a50a143-e8a2-45a9-a30e-64a3892ce7a2', 'R&D', 'b458608f-53bb-4537-98a3-dccc1fdfefc0', 1, '2025-07-01 10:48:56', '2025-07-01 10:48:56', 'df234305-8a47-4b4d-8efb-716a6b695428');
INSERT INTO `client` (`id`, `client_code`, `client_name`, `email`, `is_active`, `created_on`, `modified_on`, `tenant_id`) VALUES ('01d6ce64-5a2e-4ed4-a298-4d809e48cb6e', 1073, 'Turner-Huber', 'info@turnerhuber.com', 1, '2025-07-01 10:48:56', '2025-07-01 10:48:56', 'df234305-8a47-4b4d-8efb-716a6b695428');
INSERT INTO `department` (`uuid`, `department`, `client_id`, `tenant_id`, `created_on`, `modified_on`) VALUES ('2830197c-5d3c-4fac-acd4-d6c9d376fc03', 'Robotics', '01d6ce64-5a2e-4ed4-a298-4d809e48cb6e', 'df234305-8a47-4b4d-8efb-716a6b695428', '2025-07-01 10:48:56', '2025-07-01 10:48:56');
INSERT INTO `department` (`uuid`, `department`, `client_id`, `tenant_id`, `created_on`, `modified_on`) VALUES ('848fe8d7-0d0a-47f2-9084-d4158596112d', 'Biomedical', '01d6ce64-5a2e-4ed4-a298-4d809e48cb6e', 'df234305-8a47-4b4d-8efb-716a6b695428', '2025-07-01 10:48:56', '2025-07-01 10:48:56');
INSERT INTO `department` (`uuid`, `department`, `client_id`, `tenant_id`, `created_on`, `modified_on`) VALUES ('6830048c-f237-4968-af60-d1c99df06de9', 'Aerospace', '01d6ce64-5a2e-4ed4-a298-4d809e48cb6e', 'df234305-8a47-4b4d-8efb-716a6b695428', '2025-07-01 10:48:56', '2025-07-01 10:48:56');
INSERT INTO `department` (`uuid`, `department`, `client_id`, `tenant_id`, `created_on`, `modified_on`) VALUES ('33091180-4623-479a-bff4-f0bde6e9c673', 'Civil Systems', '01d6ce64-5a2e-4ed4-a298-4d809e48cb6e', 'df234305-8a47-4b4d-8efb-716a6b695428', '2025-07-01 10:48:56', '2025-07-01 10:48:56');
INSERT INTO `department` (`uuid`, `department`, `client_id`, `tenant_id`, `created_on`, `modified_on`) VALUES ('59392162-67d5-4ead-a37c-2ba3a4c37ed7', 'Cybersecurity', '01d6ce64-5a2e-4ed4-a298-4d809e48cb6e', 'df234305-8a47-4b4d-8efb-716a6b695428', '2025-07-01 10:48:56', '2025-07-01 10:48:56');
INSERT INTO `department` (`uuid`, `department`, `client_id`, `tenant_id`, `created_on`, `modified_on`) VALUES ('40caa3cb-a9f8-488c-9de1-26775619d30a', 'AI Solutions', '01d6ce64-5a2e-4ed4-a298-4d809e48cb6e', 'df234305-8a47-4b4d-8efb-716a6b695428', '2025-07-01 10:48:56', '2025-07-01 10:48:56');
INSERT INTO `client_division` (`id`, `division_name`, `client_id`, `is_active`, `created_on`, `modified_on`, `tenant_id`) VALUES ('29a14e11-fff6-4541-a20d-98985147918e', 'Product Dev', '01d6ce64-5a2e-4ed4-a298-4d809e48cb6e', 1, '2025-07-01 10:48:56', '2025-07-01 10:48:56', 'df234305-8a47-4b4d-8efb-716a6b695428');
INSERT INTO `client_division` (`id`, `division_name`, `client_id`, `is_active`, `created_on`, `modified_on`, `tenant_id`) VALUES ('cf763811-9a0f-40c8-9aa1-349b58906178', 'Innovation Lab', '01d6ce64-5a2e-4ed4-a298-4d809e48cb6e', 1, '2025-07-01 10:48:56', '2025-07-01 10:48:56', 'df234305-8a47-4b4d-8efb-716a6b695428');
INSERT INTO `client_division` (`id`, `division_name`, `client_id`, `is_active`, `created_on`, `modified_on`, `tenant_id`) VALUES ('0833d8b1-795b-41d4-b482-2c9080e8789a', 'Core Tech', '01d6ce64-5a2e-4ed4-a298-4d809e48cb6e', 1, '2025-07-01 10:48:56', '2025-07-01 10:48:56', 'df234305-8a47-4b4d-8efb-716a6b695428');
INSERT INTO `client_division` (`id`, `division_name`, `client_id`, `is_active`, `created_on`, `modified_on`, `tenant_id`) VALUES ('9c330c74-a4a0-41d5-97be-e73c2926d024', 'Engineering', '01d6ce64-5a2e-4ed4-a298-4d809e48cb6e', 1, '2025-07-01 10:48:56', '2025-07-01 10:48:56', 'df234305-8a47-4b4d-8efb-716a6b695428');
INSERT INTO `client_division` (`id`, `division_name`, `client_id`, `is_active`, `created_on`, `modified_on`, `tenant_id`) VALUES ('d252ee5c-a280-407b-86c5-1c3da12f8765', 'R&D', '01d6ce64-5a2e-4ed4-a298-4d809e48cb6e', 1, '2025-07-01 10:48:56', '2025-07-01 10:48:56', 'df234305-8a47-4b4d-8efb-716a6b695428');
INSERT INTO `client` (`id`, `client_code`, `client_name`, `email`, `is_active`, `created_on`, `modified_on`, `tenant_id`) VALUES ('bfa1abfa-22e6-4a8f-8cad-a06d795b7e75', 1074, 'Shea-Jones', 'info@sheajones.com', 1, '2025-07-01 10:48:56', '2025-07-01 10:48:56', 'df234305-8a47-4b4d-8efb-716a6b695428');
INSERT INTO `department` (`uuid`, `department`, `client_id`, `tenant_id`, `created_on`, `modified_on`) VALUES ('4e19b220-1c30-4a1e-85a7-32968c03dec0', 'Civil Systems', 'bfa1abfa-22e6-4a8f-8cad-a06d795b7e75', 'df234305-8a47-4b4d-8efb-716a6b695428', '2025-07-01 10:48:56', '2025-07-01 10:48:56');
INSERT INTO `department` (`uuid`, `department`, `client_id`, `tenant_id`, `created_on`, `modified_on`) VALUES ('19ccf6cf-c5fd-4842-b5a3-79f333ab9e88', 'Aerospace', 'bfa1abfa-22e6-4a8f-8cad-a06d795b7e75', 'df234305-8a47-4b4d-8efb-716a6b695428', '2025-07-01 10:48:56', '2025-07-01 10:48:56');
INSERT INTO `department` (`uuid`, `department`, `client_id`, `tenant_id`, `created_on`, `modified_on`) VALUES ('ef61a8d2-87e9-40a1-8ec0-663e6ca3627b', 'Cybersecurity', 'bfa1abfa-22e6-4a8f-8cad-a06d795b7e75', 'df234305-8a47-4b4d-8efb-716a6b695428', '2025-07-01 10:48:56', '2025-07-01 10:48:56');
INSERT INTO `department` (`uuid`, `department`, `client_id`, `tenant_id`, `created_on`, `modified_on`) VALUES ('1f66c9d5-df86-453d-88cd-26c674f7fc93', 'Robotics', 'bfa1abfa-22e6-4a8f-8cad-a06d795b7e75', 'df234305-8a47-4b4d-8efb-716a6b695428', '2025-07-01 10:48:56', '2025-07-01 10:48:56');
INSERT INTO `department` (`uuid`, `department`, `client_id`, `tenant_id`, `created_on`, `modified_on`) VALUES ('5a56100f-cca1-4477-8f0b-fb3130a0887b', 'AI Solutions', 'bfa1abfa-22e6-4a8f-8cad-a06d795b7e75', 'df234305-8a47-4b4d-8efb-716a6b695428', '2025-07-01 10:48:56', '2025-07-01 10:48:56');
INSERT INTO `client_division` (`id`, `division_name`, `client_id`, `is_active`, `created_on`, `modified_on`, `tenant_id`) VALUES ('151328da-6db8-4516-8116-543854d9c41e', 'Product Dev', 'bfa1abfa-22e6-4a8f-8cad-a06d795b7e75', 1, '2025-07-01 10:48:56', '2025-07-01 10:48:56', 'df234305-8a47-4b4d-8efb-716a6b695428');
INSERT INTO `client_division` (`id`, `division_name`, `client_id`, `is_active`, `created_on`, `modified_on`, `tenant_id`) VALUES ('de3bb6bc-dc8e-468f-b411-65a53d11ca23', 'Innovation Lab', 'bfa1abfa-22e6-4a8f-8cad-a06d795b7e75', 1, '2025-07-01 10:48:56', '2025-07-01 10:48:56', 'df234305-8a47-4b4d-8efb-716a6b695428');
INSERT INTO `client_division` (`id`, `division_name`, `client_id`, `is_active`, `created_on`, `modified_on`, `tenant_id`) VALUES ('ebf4acd1-7ec5-4344-a7ac-6fda9c53b3cd', 'Core Tech', 'bfa1abfa-22e6-4a8f-8cad-a06d795b7e75', 1, '2025-07-01 10:48:56', '2025-07-01 10:48:56', 'df234305-8a47-4b4d-8efb-716a6b695428');
INSERT INTO `client_division` (`id`, `division_name`, `client_id`, `is_active`, `created_on`, `modified_on`, `tenant_id`) VALUES ('52050e99-4559-4dea-9958-daa7952e418f', 'Engineering', 'bfa1abfa-22e6-4a8f-8cad-a06d795b7e75', 1, '2025-07-01 10:48:56', '2025-07-01 10:48:56', 'df234305-8a47-4b4d-8efb-716a6b695428');
INSERT INTO `client_division` (`id`, `division_name`, `client_id`, `is_active`, `created_on`, `modified_on`, `tenant_id`) VALUES ('efbd06a3-2d54-40fd-a602-78cbb44654ee', 'R&D', 'bfa1abfa-22e6-4a8f-8cad-a06d795b7e75', 1, '2025-07-01 10:48:56', '2025-07-01 10:48:56', 'df234305-8a47-4b4d-8efb-716a6b695428');
INSERT INTO `client` (`id`, `client_code`, `client_name`, `email`, `is_active`, `created_on`, `modified_on`, `tenant_id`) VALUES ('d3e8a091-0530-41e2-adb3-81383872facf', 1075, 'Cooper, Fitzgerald and Dodson', 'info@cooperfitzgeraldanddodson.com', 1, '2025-07-01 10:48:56', '2025-07-01 10:48:56', 'df234305-8a47-4b4d-8efb-716a6b695428');
INSERT INTO `department` (`uuid`, `department`, `client_id`, `tenant_id`, `created_on`, `modified_on`) VALUES ('3cce897f-5f01-48bc-a953-a0b5e7667e19', 'AI Solutions', 'd3e8a091-0530-41e2-adb3-81383872facf', 'df234305-8a47-4b4d-8efb-716a6b695428', '2025-07-01 10:48:56', '2025-07-01 10:48:56');
INSERT INTO `department` (`uuid`, `department`, `client_id`, `tenant_id`, `created_on`, `modified_on`) VALUES ('a5b71f23-d034-4f9e-9a73-eb6801e09ae1', 'Cybersecurity', 'd3e8a091-0530-41e2-adb3-81383872facf', 'df234305-8a47-4b4d-8efb-716a6b695428', '2025-07-01 10:48:56', '2025-07-01 10:48:56');
INSERT INTO `department` (`uuid`, `department`, `client_id`, `tenant_id`, `created_on`, `modified_on`) VALUES ('ce214e3a-9f9a-481a-9805-c13868556b73', 'Civil Systems', 'd3e8a091-0530-41e2-adb3-81383872facf', 'df234305-8a47-4b4d-8efb-716a6b695428', '2025-07-01 10:48:56', '2025-07-01 10:48:56');
INSERT INTO `department` (`uuid`, `department`, `client_id`, `tenant_id`, `created_on`, `modified_on`) VALUES ('c154e5a9-0589-4b40-a005-54f834027f45', 'Biomedical', 'd3e8a091-0530-41e2-adb3-81383872facf', 'df234305-8a47-4b4d-8efb-716a6b695428', '2025-07-01 10:48:56', '2025-07-01 10:48:56');
INSERT INTO `department` (`uuid`, `department`, `client_id`, `tenant_id`, `created_on`, `modified_on`) VALUES ('a16616ac-593d-4faa-9302-ec7979af4d10', 'Aerospace', 'd3e8a091-0530-41e2-adb3-81383872facf', 'df234305-8a47-4b4d-8efb-716a6b695428', '2025-07-01 10:48:56', '2025-07-01 10:48:56');
INSERT INTO `department` (`uuid`, `department`, `client_id`, `tenant_id`, `created_on`, `modified_on`) VALUES ('15836671-bf49-4333-a5a3-670418d3f372', 'Robotics', 'd3e8a091-0530-41e2-adb3-81383872facf', 'df234305-8a47-4b4d-8efb-716a6b695428', '2025-07-01 10:48:56', '2025-07-01 10:48:56');
INSERT INTO `client_division` (`id`, `division_name`, `client_id`, `is_active`, `created_on`, `modified_on`, `tenant_id`) VALUES ('68e2be54-7c56-4ff4-90bd-6e729d5dc121', 'R&D', 'd3e8a091-0530-41e2-adb3-81383872facf', 1, '2025-07-01 10:48:56', '2025-07-01 10:48:56', 'df234305-8a47-4b4d-8efb-716a6b695428');
INSERT INTO `client_division` (`id`, `division_name`, `client_id`, `is_active`, `created_on`, `modified_on`, `tenant_id`) VALUES ('0c28cbd6-a5ae-4b13-a115-b746329467cd', 'Product Dev', 'd3e8a091-0530-41e2-adb3-81383872facf', 1, '2025-07-01 10:48:56', '2025-07-01 10:48:56', 'df234305-8a47-4b4d-8efb-716a6b695428');
INSERT INTO `client_division` (`id`, `division_name`, `client_id`, `is_active`, `created_on`, `modified_on`, `tenant_id`) VALUES ('ad59bfec-7917-4f8e-a636-0d661efd2e03', 'Innovation Lab', 'd3e8a091-0530-41e2-adb3-81383872facf', 1, '2025-07-01 10:48:56', '2025-07-01 10:48:56', 'df234305-8a47-4b4d-8efb-716a6b695428');
INSERT INTO `client_division` (`id`, `division_name`, `client_id`, `is_active`, `created_on`, `modified_on`, `tenant_id`) VALUES ('834bbf44-98fe-429d-b84a-b55ee927aa51', 'Engineering', 'd3e8a091-0530-41e2-adb3-81383872facf', 1, '2025-07-01 10:48:56', '2025-07-01 10:48:56', 'df234305-8a47-4b4d-8efb-716a6b695428');
INSERT INTO `client_division` (`id`, `division_name`, `client_id`, `is_active`, `created_on`, `modified_on`, `tenant_id`) VALUES ('101865af-3f6c-419e-a787-df6365244c11', 'Core Tech', 'd3e8a091-0530-41e2-adb3-81383872facf', 1, '2025-07-01 10:48:56', '2025-07-01 10:48:56', 'df234305-8a47-4b4d-8efb-716a6b695428');
INSERT INTO `client` (`id`, `client_code`, `client_name`, `email`, `is_active`, `created_on`, `modified_on`, `tenant_id`) VALUES ('c9d92693-42e6-4011-8130-72ca38a83598', 1076, 'Booth-Kramer', 'info@boothkramer.com', 1, '2025-07-01 10:48:56', '2025-07-01 10:48:56', 'df234305-8a47-4b4d-8efb-716a6b695428');
INSERT INTO `department` (`uuid`, `department`, `client_id`, `tenant_id`, `created_on`, `modified_on`) VALUES ('3540a773-2e1e-4687-bfdb-14e91214d0e4', 'Cybersecurity', 'c9d92693-42e6-4011-8130-72ca38a83598', 'df234305-8a47-4b4d-8efb-716a6b695428', '2025-07-01 10:48:56', '2025-07-01 10:48:56');
INSERT INTO `department` (`uuid`, `department`, `client_id`, `tenant_id`, `created_on`, `modified_on`) VALUES ('5d6f523a-d142-4a35-b8d0-c9c3d2c1fb16', 'Robotics', 'c9d92693-42e6-4011-8130-72ca38a83598', 'df234305-8a47-4b4d-8efb-716a6b695428', '2025-07-01 10:48:56', '2025-07-01 10:48:56');
INSERT INTO `department` (`uuid`, `department`, `client_id`, `tenant_id`, `created_on`, `modified_on`) VALUES ('860b3554-bc65-40cb-9a6e-6249e170830c', 'Civil Systems', 'c9d92693-42e6-4011-8130-72ca38a83598', 'df234305-8a47-4b4d-8efb-716a6b695428', '2025-07-01 10:48:56', '2025-07-01 10:48:56');
INSERT INTO `department` (`uuid`, `department`, `client_id`, `tenant_id`, `created_on`, `modified_on`) VALUES ('f464d4ed-1e69-4461-bb7e-729da6bc6d36', 'AI Solutions', 'c9d92693-42e6-4011-8130-72ca38a83598', 'df234305-8a47-4b4d-8efb-716a6b695428', '2025-07-01 10:48:56', '2025-07-01 10:48:56');
INSERT INTO `department` (`uuid`, `department`, `client_id`, `tenant_id`, `created_on`, `modified_on`) VALUES ('6ad17ace-8b18-4c95-a849-8b6fb8198279', 'Aerospace', 'c9d92693-42e6-4011-8130-72ca38a83598', 'df234305-8a47-4b4d-8efb-716a6b695428', '2025-07-01 10:48:56', '2025-07-01 10:48:56');
INSERT INTO `department` (`uuid`, `department`, `client_id`, `tenant_id`, `created_on`, `modified_on`) VALUES ('71e8c5dc-1247-4479-9013-40f8ada78c96', 'Biomedical', 'c9d92693-42e6-4011-8130-72ca38a83598', 'df234305-8a47-4b4d-8efb-716a6b695428', '2025-07-01 10:48:56', '2025-07-01 10:48:56');
INSERT INTO `client_division` (`id`, `division_name`, `client_id`, `is_active`, `created_on`, `modified_on`, `tenant_id`) VALUES ('1d475730-2e7b-4e99-917b-f425e2cb74d5', 'Core Tech', 'c9d92693-42e6-4011-8130-72ca38a83598', 1, '2025-07-01 10:48:56', '2025-07-01 10:48:56', 'df234305-8a47-4b4d-8efb-716a6b695428');
INSERT INTO `client_division` (`id`, `division_name`, `client_id`, `is_active`, `created_on`, `modified_on`, `tenant_id`) VALUES ('7200f0fb-47ce-485f-b5bf-e20bb020316f', 'Innovation Lab', 'c9d92693-42e6-4011-8130-72ca38a83598', 1, '2025-07-01 10:48:56', '2025-07-01 10:48:56', 'df234305-8a47-4b4d-8efb-716a6b695428');
INSERT INTO `client_division` (`id`, `division_name`, `client_id`, `is_active`, `created_on`, `modified_on`, `tenant_id`) VALUES ('b2d21dbf-9730-417c-9d4f-9f45a88cbaac', 'Product Dev', 'c9d92693-42e6-4011-8130-72ca38a83598', 1, '2025-07-01 10:48:56', '2025-07-01 10:48:56', 'df234305-8a47-4b4d-8efb-716a6b695428');
INSERT INTO `client_division` (`id`, `division_name`, `client_id`, `is_active`, `created_on`, `modified_on`, `tenant_id`) VALUES ('5e1f5e5b-525b-4383-ad42-758666f816dc', 'R&D', 'c9d92693-42e6-4011-8130-72ca38a83598', 1, '2025-07-01 10:48:56', '2025-07-01 10:48:56', 'df234305-8a47-4b4d-8efb-716a6b695428');
INSERT INTO `client_division` (`id`, `division_name`, `client_id`, `is_active`, `created_on`, `modified_on`, `tenant_id`) VALUES ('ddcaf9a7-27f1-4ed9-8f0c-5898b0d58f2f', 'Engineering', 'c9d92693-42e6-4011-8130-72ca38a83598', 1, '2025-07-01 10:48:56', '2025-07-01 10:48:56', 'df234305-8a47-4b4d-8efb-716a6b695428');
INSERT INTO `client` (`id`, `client_code`, `client_name`, `email`, `is_active`, `created_on`, `modified_on`, `tenant_id`) VALUES ('f7c724b7-c2b6-494e-99f2-eeda3dea5600', 1077, 'Murray-Burns', 'info@murrayburns.com', 1, '2025-07-01 10:48:56', '2025-07-01 10:48:56', 'df234305-8a47-4b4d-8efb-716a6b695428');
INSERT INTO `department` (`uuid`, `department`, `client_id`, `tenant_id`, `created_on`, `modified_on`) VALUES ('c3bf6e33-c5ad-47f5-892b-220647d81db3', 'Civil Systems', 'f7c724b7-c2b6-494e-99f2-eeda3dea5600', 'df234305-8a47-4b4d-8efb-716a6b695428', '2025-07-01 10:48:56', '2025-07-01 10:48:56');
INSERT INTO `department` (`uuid`, `department`, `client_id`, `tenant_id`, `created_on`, `modified_on`) VALUES ('04c36b4e-1922-4167-b97e-0d8a5bc8662e', 'AI Solutions', 'f7c724b7-c2b6-494e-99f2-eeda3dea5600', 'df234305-8a47-4b4d-8efb-716a6b695428', '2025-07-01 10:48:56', '2025-07-01 10:48:56');
INSERT INTO `department` (`uuid`, `department`, `client_id`, `tenant_id`, `created_on`, `modified_on`) VALUES ('4fffe186-5ed9-4650-99ae-8e43fd564e32', 'Biomedical', 'f7c724b7-c2b6-494e-99f2-eeda3dea5600', 'df234305-8a47-4b4d-8efb-716a6b695428', '2025-07-01 10:48:56', '2025-07-01 10:48:56');
INSERT INTO `department` (`uuid`, `department`, `client_id`, `tenant_id`, `created_on`, `modified_on`) VALUES ('048368f4-6d36-468e-bc7d-443ff10725bc', 'Robotics', 'f7c724b7-c2b6-494e-99f2-eeda3dea5600', 'df234305-8a47-4b4d-8efb-716a6b695428', '2025-07-01 10:48:56', '2025-07-01 10:48:56');
INSERT INTO `department` (`uuid`, `department`, `client_id`, `tenant_id`, `created_on`, `modified_on`) VALUES ('0b878415-1df8-41eb-8562-cd57aef10eb2', 'Cybersecurity', 'f7c724b7-c2b6-494e-99f2-eeda3dea5600', 'df234305-8a47-4b4d-8efb-716a6b695428', '2025-07-01 10:48:56', '2025-07-01 10:48:56');
INSERT INTO `department` (`uuid`, `department`, `client_id`, `tenant_id`, `created_on`, `modified_on`) VALUES ('8e9334d9-901c-4ab0-b97f-3bd1d954a200', 'Aerospace', 'f7c724b7-c2b6-494e-99f2-eeda3dea5600', 'df234305-8a47-4b4d-8efb-716a6b695428', '2025-07-01 10:48:56', '2025-07-01 10:48:56');
INSERT INTO `client_division` (`id`, `division_name`, `client_id`, `is_active`, `created_on`, `modified_on`, `tenant_id`) VALUES ('6a7f8e0b-93fd-4f02-af63-4b901145ad62', 'Innovation Lab', 'f7c724b7-c2b6-494e-99f2-eeda3dea5600', 1, '2025-07-01 10:48:56', '2025-07-01 10:48:56', 'df234305-8a47-4b4d-8efb-716a6b695428');
INSERT INTO `client_division` (`id`, `division_name`, `client_id`, `is_active`, `created_on`, `modified_on`, `tenant_id`) VALUES ('464a379d-f6a4-4dd4-a5e5-33fc3158ab0d', 'Product Dev', 'f7c724b7-c2b6-494e-99f2-eeda3dea5600', 1, '2025-07-01 10:48:56', '2025-07-01 10:48:56', 'df234305-8a47-4b4d-8efb-716a6b695428');
INSERT INTO `client_division` (`id`, `division_name`, `client_id`, `is_active`, `created_on`, `modified_on`, `tenant_id`) VALUES ('34fc3742-7fcb-4bf4-a070-850964d38a31', 'Core Tech', 'f7c724b7-c2b6-494e-99f2-eeda3dea5600', 1, '2025-07-01 10:48:56', '2025-07-01 10:48:56', 'df234305-8a47-4b4d-8efb-716a6b695428');
INSERT INTO `client_division` (`id`, `division_name`, `client_id`, `is_active`, `created_on`, `modified_on`, `tenant_id`) VALUES ('c6c1fa6d-d95d-45fc-b8bc-0857b112db5e', 'Engineering', 'f7c724b7-c2b6-494e-99f2-eeda3dea5600', 1, '2025-07-01 10:48:56', '2025-07-01 10:48:56', 'df234305-8a47-4b4d-8efb-716a6b695428');
INSERT INTO `client_division` (`id`, `division_name`, `client_id`, `is_active`, `created_on`, `modified_on`, `tenant_id`) VALUES ('e0efcc7f-0369-44a6-a040-1b60a3559644', 'R&D', 'f7c724b7-c2b6-494e-99f2-eeda3dea5600', 1, '2025-07-01 10:48:56', '2025-07-01 10:48:56', 'df234305-8a47-4b4d-8efb-716a6b695428');
INSERT INTO `client` (`id`, `client_code`, `client_name`, `email`, `is_active`, `created_on`, `modified_on`, `tenant_id`) VALUES ('442adbaf-1666-4928-94c4-5a87a244b115', 1078, 'Fox Group', 'info@foxgroup.com', 1, '2025-07-01 10:48:56', '2025-07-01 10:48:56', 'df234305-8a47-4b4d-8efb-716a6b695428');
INSERT INTO `department` (`uuid`, `department`, `client_id`, `tenant_id`, `created_on`, `modified_on`) VALUES ('9a369c3e-4af9-42d6-a010-147bc1df0dcd', 'Civil Systems', '442adbaf-1666-4928-94c4-5a87a244b115', 'df234305-8a47-4b4d-8efb-716a6b695428', '2025-07-01 10:48:56', '2025-07-01 10:48:56');
INSERT INTO `department` (`uuid`, `department`, `client_id`, `tenant_id`, `created_on`, `modified_on`) VALUES ('e52fe737-1323-49ac-9311-71dd733aa835', 'AI Solutions', '442adbaf-1666-4928-94c4-5a87a244b115', 'df234305-8a47-4b4d-8efb-716a6b695428', '2025-07-01 10:48:56', '2025-07-01 10:48:56');
INSERT INTO `department` (`uuid`, `department`, `client_id`, `tenant_id`, `created_on`, `modified_on`) VALUES ('bddb1bd4-a119-43b2-94ed-bee0d13243b2', 'Aerospace', '442adbaf-1666-4928-94c4-5a87a244b115', 'df234305-8a47-4b4d-8efb-716a6b695428', '2025-07-01 10:48:56', '2025-07-01 10:48:56');
INSERT INTO `department` (`uuid`, `department`, `client_id`, `tenant_id`, `created_on`, `modified_on`) VALUES ('31d5595d-d7bb-475e-b5f1-04b90b039b76', 'Biomedical', '442adbaf-1666-4928-94c4-5a87a244b115', 'df234305-8a47-4b4d-8efb-716a6b695428', '2025-07-01 10:48:56', '2025-07-01 10:48:56');
INSERT INTO `department` (`uuid`, `department`, `client_id`, `tenant_id`, `created_on`, `modified_on`) VALUES ('ad28d9af-77d4-4f1b-8b92-a04fb26fef77', 'Robotics', '442adbaf-1666-4928-94c4-5a87a244b115', 'df234305-8a47-4b4d-8efb-716a6b695428', '2025-07-01 10:48:56', '2025-07-01 10:48:56');
INSERT INTO `department` (`uuid`, `department`, `client_id`, `tenant_id`, `created_on`, `modified_on`) VALUES ('9d1a930c-008d-4910-8638-5861bffd6461', 'Cybersecurity', '442adbaf-1666-4928-94c4-5a87a244b115', 'df234305-8a47-4b4d-8efb-716a6b695428', '2025-07-01 10:48:56', '2025-07-01 10:48:56');
INSERT INTO `client_division` (`id`, `division_name`, `client_id`, `is_active`, `created_on`, `modified_on`, `tenant_id`) VALUES ('40876e69-86dd-48ef-8cdd-dddea7c01131', 'Product Dev', '442adbaf-1666-4928-94c4-5a87a244b115', 1, '2025-07-01 10:48:56', '2025-07-01 10:48:56', 'df234305-8a47-4b4d-8efb-716a6b695428');
INSERT INTO `client_division` (`id`, `division_name`, `client_id`, `is_active`, `created_on`, `modified_on`, `tenant_id`) VALUES ('51bdb7c1-33ed-4676-aa74-83abd4b2a399', 'R&D', '442adbaf-1666-4928-94c4-5a87a244b115', 1, '2025-07-01 10:48:56', '2025-07-01 10:48:56', 'df234305-8a47-4b4d-8efb-716a6b695428');
INSERT INTO `client_division` (`id`, `division_name`, `client_id`, `is_active`, `created_on`, `modified_on`, `tenant_id`) VALUES ('0549d9fe-6fb2-4c2b-a57d-28ddeb2ebf1a', 'Engineering', '442adbaf-1666-4928-94c4-5a87a244b115', 1, '2025-07-01 10:48:56', '2025-07-01 10:48:56', 'df234305-8a47-4b4d-8efb-716a6b695428');
INSERT INTO `client_division` (`id`, `division_name`, `client_id`, `is_active`, `created_on`, `modified_on`, `tenant_id`) VALUES ('0d841a3e-f7dc-426d-a730-2e43337b1301', 'Core Tech', '442adbaf-1666-4928-94c4-5a87a244b115', 1, '2025-07-01 10:48:56', '2025-07-01 10:48:56', 'df234305-8a47-4b4d-8efb-716a6b695428');
INSERT INTO `client_division` (`id`, `division_name`, `client_id`, `is_active`, `created_on`, `modified_on`, `tenant_id`) VALUES ('ee97e890-43fb-4484-9ff3-4376aa87e64a', 'Innovation Lab', '442adbaf-1666-4928-94c4-5a87a244b115', 1, '2025-07-01 10:48:56', '2025-07-01 10:48:56', 'df234305-8a47-4b4d-8efb-716a6b695428');
INSERT INTO `client` (`id`, `client_code`, `client_name`, `email`, `is_active`, `created_on`, `modified_on`, `tenant_id`) VALUES ('2179b0e7-ec96-4e04-b9e0-9f35bb918b31', 1079, 'Zimmerman, Rodriguez and Booth', 'info@zimmermanrodriguezandbooth.com', 1, '2025-07-01 10:48:56', '2025-07-01 10:48:56', 'df234305-8a47-4b4d-8efb-716a6b695428');
INSERT INTO `department` (`uuid`, `department`, `client_id`, `tenant_id`, `created_on`, `modified_on`) VALUES ('6814ee44-0db8-4fd2-95b3-ce0f7e9b9680', 'Robotics', '2179b0e7-ec96-4e04-b9e0-9f35bb918b31', 'df234305-8a47-4b4d-8efb-716a6b695428', '2025-07-01 10:48:56', '2025-07-01 10:48:56');
INSERT INTO `department` (`uuid`, `department`, `client_id`, `tenant_id`, `created_on`, `modified_on`) VALUES ('7b603c28-6e1b-47d3-80d2-dae81793fd88', 'Biomedical', '2179b0e7-ec96-4e04-b9e0-9f35bb918b31', 'df234305-8a47-4b4d-8efb-716a6b695428', '2025-07-01 10:48:56', '2025-07-01 10:48:56');
INSERT INTO `department` (`uuid`, `department`, `client_id`, `tenant_id`, `created_on`, `modified_on`) VALUES ('567de0d7-fa8b-458a-a393-0a852f25776d', 'Cybersecurity', '2179b0e7-ec96-4e04-b9e0-9f35bb918b31', 'df234305-8a47-4b4d-8efb-716a6b695428', '2025-07-01 10:48:56', '2025-07-01 10:48:56');
INSERT INTO `department` (`uuid`, `department`, `client_id`, `tenant_id`, `created_on`, `modified_on`) VALUES ('35b32f95-2279-4ac2-9b57-2de97302fed4', 'AI Solutions', '2179b0e7-ec96-4e04-b9e0-9f35bb918b31', 'df234305-8a47-4b4d-8efb-716a6b695428', '2025-07-01 10:48:56', '2025-07-01 10:48:56');
INSERT INTO `department` (`uuid`, `department`, `client_id`, `tenant_id`, `created_on`, `modified_on`) VALUES ('71bc4295-9657-41d4-81e0-2471e68d0361', 'Civil Systems', '2179b0e7-ec96-4e04-b9e0-9f35bb918b31', 'df234305-8a47-4b4d-8efb-716a6b695428', '2025-07-01 10:48:56', '2025-07-01 10:48:56');
INSERT INTO `department` (`uuid`, `department`, `client_id`, `tenant_id`, `created_on`, `modified_on`) VALUES ('69b152df-cef7-436b-b9a3-d6f95b048ea7', 'Aerospace', '2179b0e7-ec96-4e04-b9e0-9f35bb918b31', 'df234305-8a47-4b4d-8efb-716a6b695428', '2025-07-01 10:48:56', '2025-07-01 10:48:56');
INSERT INTO `client_division` (`id`, `division_name`, `client_id`, `is_active`, `created_on`, `modified_on`, `tenant_id`) VALUES ('c13b07db-a4cf-43bb-a33e-d56c24eae0a9', 'Innovation Lab', '2179b0e7-ec96-4e04-b9e0-9f35bb918b31', 1, '2025-07-01 10:48:56', '2025-07-01 10:48:56', 'df234305-8a47-4b4d-8efb-716a6b695428');
INSERT INTO `client_division` (`id`, `division_name`, `client_id`, `is_active`, `created_on`, `modified_on`, `tenant_id`) VALUES ('b9e2edc7-aed6-4bf5-b85d-071a08613666', 'Engineering', '2179b0e7-ec96-4e04-b9e0-9f35bb918b31', 1, '2025-07-01 10:48:56', '2025-07-01 10:48:56', 'df234305-8a47-4b4d-8efb-716a6b695428');
INSERT INTO `client_division` (`id`, `division_name`, `client_id`, `is_active`, `created_on`, `modified_on`, `tenant_id`) VALUES ('47af0ada-cf5e-4b8c-aa15-ab27edf85992', 'Product Dev', '2179b0e7-ec96-4e04-b9e0-9f35bb918b31', 1, '2025-07-01 10:48:56', '2025-07-01 10:48:56', 'df234305-8a47-4b4d-8efb-716a6b695428');
INSERT INTO `client_division` (`id`, `division_name`, `client_id`, `is_active`, `created_on`, `modified_on`, `tenant_id`) VALUES ('8185061a-e3a0-4184-bbf3-6d2bdbd67c9b', 'R&D', '2179b0e7-ec96-4e04-b9e0-9f35bb918b31', 1, '2025-07-01 10:48:56', '2025-07-01 10:48:56', 'df234305-8a47-4b4d-8efb-716a6b695428');
INSERT INTO `client_division` (`id`, `division_name`, `client_id`, `is_active`, `created_on`, `modified_on`, `tenant_id`) VALUES ('e7e11727-4ea1-4ec4-9a33-baef03f05db1', 'Core Tech', '2179b0e7-ec96-4e04-b9e0-9f35bb918b31', 1, '2025-07-01 10:48:56', '2025-07-01 10:48:56', 'df234305-8a47-4b4d-8efb-716a6b695428');
INSERT INTO `client` (`id`, `client_code`, `client_name`, `email`, `is_active`, `created_on`, `modified_on`, `tenant_id`) VALUES ('1e7e440d-be54-46b2-b715-38390975c57e', 1080, 'Burch, Levy and Harding', 'info@burchlevyandharding.com', 1, '2025-07-01 10:48:56', '2025-07-01 10:48:56', 'df234305-8a47-4b4d-8efb-716a6b695428');
INSERT INTO `department` (`uuid`, `department`, `client_id`, `tenant_id`, `created_on`, `modified_on`) VALUES ('221451c5-7412-4903-8746-97fa0b008b3c', 'Robotics', '1e7e440d-be54-46b2-b715-38390975c57e', 'df234305-8a47-4b4d-8efb-716a6b695428', '2025-07-01 10:48:56', '2025-07-01 10:48:56');
INSERT INTO `department` (`uuid`, `department`, `client_id`, `tenant_id`, `created_on`, `modified_on`) VALUES ('3ddba8e5-fe05-45f6-ac5d-ed31cde4cf6e', 'Cybersecurity', '1e7e440d-be54-46b2-b715-38390975c57e', 'df234305-8a47-4b4d-8efb-716a6b695428', '2025-07-01 10:48:56', '2025-07-01 10:48:56');
INSERT INTO `department` (`uuid`, `department`, `client_id`, `tenant_id`, `created_on`, `modified_on`) VALUES ('784f9b22-afb4-4e6d-999b-edc497363985', 'Biomedical', '1e7e440d-be54-46b2-b715-38390975c57e', 'df234305-8a47-4b4d-8efb-716a6b695428', '2025-07-01 10:48:56', '2025-07-01 10:48:56');
INSERT INTO `department` (`uuid`, `department`, `client_id`, `tenant_id`, `created_on`, `modified_on`) VALUES ('9190eb18-4a74-4851-9eaf-80287b97966c', 'Civil Systems', '1e7e440d-be54-46b2-b715-38390975c57e', 'df234305-8a47-4b4d-8efb-716a6b695428', '2025-07-01 10:48:56', '2025-07-01 10:48:56');
INSERT INTO `department` (`uuid`, `department`, `client_id`, `tenant_id`, `created_on`, `modified_on`) VALUES ('0c71aaf4-50f4-4072-943f-c288f7bf00f2', 'AI Solutions', '1e7e440d-be54-46b2-b715-38390975c57e', 'df234305-8a47-4b4d-8efb-716a6b695428', '2025-07-01 10:48:56', '2025-07-01 10:48:56');
INSERT INTO `department` (`uuid`, `department`, `client_id`, `tenant_id`, `created_on`, `modified_on`) VALUES ('73ebf986-d386-4328-bd20-f3a95838d32b', 'Aerospace', '1e7e440d-be54-46b2-b715-38390975c57e', 'df234305-8a47-4b4d-8efb-716a6b695428', '2025-07-01 10:48:56', '2025-07-01 10:48:56');
INSERT INTO `client_division` (`id`, `division_name`, `client_id`, `is_active`, `created_on`, `modified_on`, `tenant_id`) VALUES ('96ecd72e-c493-41c7-b697-d018195504a9', 'Product Dev', '1e7e440d-be54-46b2-b715-38390975c57e', 1, '2025-07-01 10:48:56', '2025-07-01 10:48:56', 'df234305-8a47-4b4d-8efb-716a6b695428');
INSERT INTO `client_division` (`id`, `division_name`, `client_id`, `is_active`, `created_on`, `modified_on`, `tenant_id`) VALUES ('837ec406-d43d-4bb8-99b0-e4877f83cacc', 'Engineering', '1e7e440d-be54-46b2-b715-38390975c57e', 1, '2025-07-01 10:48:56', '2025-07-01 10:48:56', 'df234305-8a47-4b4d-8efb-716a6b695428');
INSERT INTO `client_division` (`id`, `division_name`, `client_id`, `is_active`, `created_on`, `modified_on`, `tenant_id`) VALUES ('bf8b5d6b-d302-43b5-bbc5-fd228e90836d', 'Core Tech', '1e7e440d-be54-46b2-b715-38390975c57e', 1, '2025-07-01 10:48:56', '2025-07-01 10:48:56', 'df234305-8a47-4b4d-8efb-716a6b695428');
INSERT INTO `client_division` (`id`, `division_name`, `client_id`, `is_active`, `created_on`, `modified_on`, `tenant_id`) VALUES ('26bb8a21-938a-4c94-b816-69913e9426b7', 'R&D', '1e7e440d-be54-46b2-b715-38390975c57e', 1, '2025-07-01 10:48:56', '2025-07-01 10:48:56', 'df234305-8a47-4b4d-8efb-716a6b695428');
INSERT INTO `client_division` (`id`, `division_name`, `client_id`, `is_active`, `created_on`, `modified_on`, `tenant_id`) VALUES ('2fdbd66c-03f1-4d04-a4b8-235617031391', 'Innovation Lab', '1e7e440d-be54-46b2-b715-38390975c57e', 1, '2025-07-01 10:48:56', '2025-07-01 10:48:56', 'df234305-8a47-4b4d-8efb-716a6b695428');
INSERT INTO `client` (`id`, `client_code`, `client_name`, `email`, `is_active`, `created_on`, `modified_on`, `tenant_id`) VALUES ('11592969-5937-491a-bc06-c84567a362b1', 1081, 'Mendez Inc', 'info@mendezinc.com', 1, '2025-07-01 10:48:56', '2025-07-01 10:48:56', 'df234305-8a47-4b4d-8efb-716a6b695428');
INSERT INTO `department` (`uuid`, `department`, `client_id`, `tenant_id`, `created_on`, `modified_on`) VALUES ('be3a7138-2eab-4181-9f79-76c6801bd520', 'Robotics', '11592969-5937-491a-bc06-c84567a362b1', 'df234305-8a47-4b4d-8efb-716a6b695428', '2025-07-01 10:48:56', '2025-07-01 10:48:56');
INSERT INTO `department` (`uuid`, `department`, `client_id`, `tenant_id`, `created_on`, `modified_on`) VALUES ('ce54d82a-0b25-4914-aa19-90a894e1646a', 'Aerospace', '11592969-5937-491a-bc06-c84567a362b1', 'df234305-8a47-4b4d-8efb-716a6b695428', '2025-07-01 10:48:56', '2025-07-01 10:48:56');
INSERT INTO `department` (`uuid`, `department`, `client_id`, `tenant_id`, `created_on`, `modified_on`) VALUES ('884091de-8c9a-4c84-b0bf-59b950730da2', 'AI Solutions', '11592969-5937-491a-bc06-c84567a362b1', 'df234305-8a47-4b4d-8efb-716a6b695428', '2025-07-01 10:48:56', '2025-07-01 10:48:56');
INSERT INTO `department` (`uuid`, `department`, `client_id`, `tenant_id`, `created_on`, `modified_on`) VALUES ('057ef112-60b7-45f9-9e68-c4378c6fbd38', 'Cybersecurity', '11592969-5937-491a-bc06-c84567a362b1', 'df234305-8a47-4b4d-8efb-716a6b695428', '2025-07-01 10:48:56', '2025-07-01 10:48:56');
INSERT INTO `department` (`uuid`, `department`, `client_id`, `tenant_id`, `created_on`, `modified_on`) VALUES ('18743aa0-bdad-4954-931c-4b28463a4f3a', 'Biomedical', '11592969-5937-491a-bc06-c84567a362b1', 'df234305-8a47-4b4d-8efb-716a6b695428', '2025-07-01 10:48:56', '2025-07-01 10:48:56');
INSERT INTO `department` (`uuid`, `department`, `client_id`, `tenant_id`, `created_on`, `modified_on`) VALUES ('d2541532-3ed0-4b45-8ef0-6cf6cc748582', 'Civil Systems', '11592969-5937-491a-bc06-c84567a362b1', 'df234305-8a47-4b4d-8efb-716a6b695428', '2025-07-01 10:48:56', '2025-07-01 10:48:56');
INSERT INTO `client_division` (`id`, `division_name`, `client_id`, `is_active`, `created_on`, `modified_on`, `tenant_id`) VALUES ('cd3c2f54-886f-4167-b2d3-7bad10531ba5', 'Innovation Lab', '11592969-5937-491a-bc06-c84567a362b1', 1, '2025-07-01 10:48:56', '2025-07-01 10:48:56', 'df234305-8a47-4b4d-8efb-716a6b695428');
INSERT INTO `client_division` (`id`, `division_name`, `client_id`, `is_active`, `created_on`, `modified_on`, `tenant_id`) VALUES ('a4540242-1feb-4f11-b5a5-1a054622747c', 'Product Dev', '11592969-5937-491a-bc06-c84567a362b1', 1, '2025-07-01 10:48:56', '2025-07-01 10:48:56', 'df234305-8a47-4b4d-8efb-716a6b695428');
INSERT INTO `client_division` (`id`, `division_name`, `client_id`, `is_active`, `created_on`, `modified_on`, `tenant_id`) VALUES ('a857e188-0858-498f-a33c-ae0c8e4990ac', 'Core Tech', '11592969-5937-491a-bc06-c84567a362b1', 1, '2025-07-01 10:48:56', '2025-07-01 10:48:56', 'df234305-8a47-4b4d-8efb-716a6b695428');
INSERT INTO `client_division` (`id`, `division_name`, `client_id`, `is_active`, `created_on`, `modified_on`, `tenant_id`) VALUES ('51f84b79-0a7a-4b35-9c78-3692245d3c1b', 'R&D', '11592969-5937-491a-bc06-c84567a362b1', 1, '2025-07-01 10:48:56', '2025-07-01 10:48:56', 'df234305-8a47-4b4d-8efb-716a6b695428');
INSERT INTO `client_division` (`id`, `division_name`, `client_id`, `is_active`, `created_on`, `modified_on`, `tenant_id`) VALUES ('92792c54-efcb-4c74-8577-e7acc641fe05', 'Engineering', '11592969-5937-491a-bc06-c84567a362b1', 1, '2025-07-01 10:48:56', '2025-07-01 10:48:56', 'df234305-8a47-4b4d-8efb-716a6b695428');
INSERT INTO `client` (`id`, `client_code`, `client_name`, `email`, `is_active`, `created_on`, `modified_on`, `tenant_id`) VALUES ('289e1194-cab2-4f06-892f-b1bb442641d2', 1082, 'Charles-Brown', 'info@charlesbrown.com', 1, '2025-07-01 10:48:56', '2025-07-01 10:48:56', 'df234305-8a47-4b4d-8efb-716a6b695428');
INSERT INTO `department` (`uuid`, `department`, `client_id`, `tenant_id`, `created_on`, `modified_on`) VALUES ('476bd56f-6fe2-40b7-8238-36c7f0108d61', 'Robotics', '289e1194-cab2-4f06-892f-b1bb442641d2', 'df234305-8a47-4b4d-8efb-716a6b695428', '2025-07-01 10:48:56', '2025-07-01 10:48:56');
INSERT INTO `department` (`uuid`, `department`, `client_id`, `tenant_id`, `created_on`, `modified_on`) VALUES ('6013df56-a166-44c6-8abc-ffc5205fab74', 'Aerospace', '289e1194-cab2-4f06-892f-b1bb442641d2', 'df234305-8a47-4b4d-8efb-716a6b695428', '2025-07-01 10:48:56', '2025-07-01 10:48:56');
INSERT INTO `department` (`uuid`, `department`, `client_id`, `tenant_id`, `created_on`, `modified_on`) VALUES ('039977f0-6dd7-463a-b31b-b6240f865dd7', 'AI Solutions', '289e1194-cab2-4f06-892f-b1bb442641d2', 'df234305-8a47-4b4d-8efb-716a6b695428', '2025-07-01 10:48:56', '2025-07-01 10:48:56');
INSERT INTO `department` (`uuid`, `department`, `client_id`, `tenant_id`, `created_on`, `modified_on`) VALUES ('9c7e6344-5362-4feb-9245-a855e66ece0a', 'Biomedical', '289e1194-cab2-4f06-892f-b1bb442641d2', 'df234305-8a47-4b4d-8efb-716a6b695428', '2025-07-01 10:48:56', '2025-07-01 10:48:56');
INSERT INTO `department` (`uuid`, `department`, `client_id`, `tenant_id`, `created_on`, `modified_on`) VALUES ('86b74a66-f8e1-4126-87e8-cad845800323', 'Cybersecurity', '289e1194-cab2-4f06-892f-b1bb442641d2', 'df234305-8a47-4b4d-8efb-716a6b695428', '2025-07-01 10:48:56', '2025-07-01 10:48:56');
INSERT INTO `department` (`uuid`, `department`, `client_id`, `tenant_id`, `created_on`, `modified_on`) VALUES ('19f5d648-b602-4f28-b947-5bf605c24119', 'Civil Systems', '289e1194-cab2-4f06-892f-b1bb442641d2', 'df234305-8a47-4b4d-8efb-716a6b695428', '2025-07-01 10:48:56', '2025-07-01 10:48:56');
INSERT INTO `client_division` (`id`, `division_name`, `client_id`, `is_active`, `created_on`, `modified_on`, `tenant_id`) VALUES ('45a4113f-14d6-4940-8cd6-6584cbd11ecf', 'Engineering', '289e1194-cab2-4f06-892f-b1bb442641d2', 1, '2025-07-01 10:48:56', '2025-07-01 10:48:56', 'df234305-8a47-4b4d-8efb-716a6b695428');
INSERT INTO `client_division` (`id`, `division_name`, `client_id`, `is_active`, `created_on`, `modified_on`, `tenant_id`) VALUES ('515b848f-f4ec-437d-8c77-5cb08d313964', 'Core Tech', '289e1194-cab2-4f06-892f-b1bb442641d2', 1, '2025-07-01 10:48:56', '2025-07-01 10:48:56', 'df234305-8a47-4b4d-8efb-716a6b695428');
INSERT INTO `client_division` (`id`, `division_name`, `client_id`, `is_active`, `created_on`, `modified_on`, `tenant_id`) VALUES ('e070fce6-1d49-4ca7-99d6-a03381f95437', 'Product Dev', '289e1194-cab2-4f06-892f-b1bb442641d2', 1, '2025-07-01 10:48:56', '2025-07-01 10:48:56', 'df234305-8a47-4b4d-8efb-716a6b695428');
INSERT INTO `client_division` (`id`, `division_name`, `client_id`, `is_active`, `created_on`, `modified_on`, `tenant_id`) VALUES ('b09799cb-3678-4e7f-afe6-47a72aefb64c', 'R&D', '289e1194-cab2-4f06-892f-b1bb442641d2', 1, '2025-07-01 10:48:56', '2025-07-01 10:48:56', 'df234305-8a47-4b4d-8efb-716a6b695428');
INSERT INTO `client_division` (`id`, `division_name`, `client_id`, `is_active`, `created_on`, `modified_on`, `tenant_id`) VALUES ('ac8efda5-f61b-44c7-bc7b-bb078e363384', 'Innovation Lab', '289e1194-cab2-4f06-892f-b1bb442641d2', 1, '2025-07-01 10:48:56', '2025-07-01 10:48:56', 'df234305-8a47-4b4d-8efb-716a6b695428');
INSERT INTO `client` (`id`, `client_code`, `client_name`, `email`, `is_active`, `created_on`, `modified_on`, `tenant_id`) VALUES ('dfb106ef-baff-4a2c-9337-6d30ac60b981', 1083, 'Becker PLC', 'info@beckerplc.com', 1, '2025-07-01 10:48:56', '2025-07-01 10:48:56', 'df234305-8a47-4b4d-8efb-716a6b695428');
INSERT INTO `department` (`uuid`, `department`, `client_id`, `tenant_id`, `created_on`, `modified_on`) VALUES ('8a8f3938-a0fa-4a71-96f6-fff6ea7b5ad7', 'AI Solutions', 'dfb106ef-baff-4a2c-9337-6d30ac60b981', 'df234305-8a47-4b4d-8efb-716a6b695428', '2025-07-01 10:48:56', '2025-07-01 10:48:56');
INSERT INTO `department` (`uuid`, `department`, `client_id`, `tenant_id`, `created_on`, `modified_on`) VALUES ('dbf21aa4-5387-4747-af44-1ff9a3e1f1a3', 'Civil Systems', 'dfb106ef-baff-4a2c-9337-6d30ac60b981', 'df234305-8a47-4b4d-8efb-716a6b695428', '2025-07-01 10:48:56', '2025-07-01 10:48:56');
INSERT INTO `department` (`uuid`, `department`, `client_id`, `tenant_id`, `created_on`, `modified_on`) VALUES ('e5b44c7b-5df1-4181-b1af-336d67e1f76f', 'Aerospace', 'dfb106ef-baff-4a2c-9337-6d30ac60b981', 'df234305-8a47-4b4d-8efb-716a6b695428', '2025-07-01 10:48:56', '2025-07-01 10:48:56');
INSERT INTO `department` (`uuid`, `department`, `client_id`, `tenant_id`, `created_on`, `modified_on`) VALUES ('ae6a0e5a-cb83-466d-aa19-27756db10c4c', 'Cybersecurity', 'dfb106ef-baff-4a2c-9337-6d30ac60b981', 'df234305-8a47-4b4d-8efb-716a6b695428', '2025-07-01 10:48:56', '2025-07-01 10:48:56');
INSERT INTO `department` (`uuid`, `department`, `client_id`, `tenant_id`, `created_on`, `modified_on`) VALUES ('688c98e6-3ce7-4b09-bf02-fd1429a91322', 'Biomedical', 'dfb106ef-baff-4a2c-9337-6d30ac60b981', 'df234305-8a47-4b4d-8efb-716a6b695428', '2025-07-01 10:48:56', '2025-07-01 10:48:56');
INSERT INTO `department` (`uuid`, `department`, `client_id`, `tenant_id`, `created_on`, `modified_on`) VALUES ('050465c5-27f7-4833-9cef-b315cacbe439', 'Robotics', 'dfb106ef-baff-4a2c-9337-6d30ac60b981', 'df234305-8a47-4b4d-8efb-716a6b695428', '2025-07-01 10:48:56', '2025-07-01 10:48:56');
INSERT INTO `client_division` (`id`, `division_name`, `client_id`, `is_active`, `created_on`, `modified_on`, `tenant_id`) VALUES ('59c7c354-2c54-43c2-aa0a-7f4e151212fe', 'R&D', 'dfb106ef-baff-4a2c-9337-6d30ac60b981', 1, '2025-07-01 10:48:56', '2025-07-01 10:48:56', 'df234305-8a47-4b4d-8efb-716a6b695428');
INSERT INTO `client_division` (`id`, `division_name`, `client_id`, `is_active`, `created_on`, `modified_on`, `tenant_id`) VALUES ('72287fae-087e-4f92-9bd9-da29c43cfd3b', 'Product Dev', 'dfb106ef-baff-4a2c-9337-6d30ac60b981', 1, '2025-07-01 10:48:56', '2025-07-01 10:48:56', 'df234305-8a47-4b4d-8efb-716a6b695428');
INSERT INTO `client_division` (`id`, `division_name`, `client_id`, `is_active`, `created_on`, `modified_on`, `tenant_id`) VALUES ('98bbbabe-6cd8-4328-a846-f8fda5c4cbcf', 'Innovation Lab', 'dfb106ef-baff-4a2c-9337-6d30ac60b981', 1, '2025-07-01 10:48:56', '2025-07-01 10:48:56', 'df234305-8a47-4b4d-8efb-716a6b695428');
INSERT INTO `client_division` (`id`, `division_name`, `client_id`, `is_active`, `created_on`, `modified_on`, `tenant_id`) VALUES ('a41f03cf-9579-4eda-b182-1ca3aa7aaf45', 'Core Tech', 'dfb106ef-baff-4a2c-9337-6d30ac60b981', 1, '2025-07-01 10:48:56', '2025-07-01 10:48:56', 'df234305-8a47-4b4d-8efb-716a6b695428');
INSERT INTO `client_division` (`id`, `division_name`, `client_id`, `is_active`, `created_on`, `modified_on`, `tenant_id`) VALUES ('21dde249-b89d-4cc9-8a7e-c82b3d46bc63', 'Engineering', 'dfb106ef-baff-4a2c-9337-6d30ac60b981', 1, '2025-07-01 10:48:56', '2025-07-01 10:48:56', 'df234305-8a47-4b4d-8efb-716a6b695428');
INSERT INTO `client` (`id`, `client_code`, `client_name`, `email`, `is_active`, `created_on`, `modified_on`, `tenant_id`) VALUES ('36ce00ae-5839-4822-b3e7-1cc7e65e45e5', 1084, 'Roth, Price and Walsh', 'info@rothpriceandwalsh.com', 1, '2025-07-01 10:48:56', '2025-07-01 10:48:56', 'df234305-8a47-4b4d-8efb-716a6b695428');
INSERT INTO `department` (`uuid`, `department`, `client_id`, `tenant_id`, `created_on`, `modified_on`) VALUES ('58c4b817-420c-47dd-9178-5a5006d1e19e', 'Civil Systems', '36ce00ae-5839-4822-b3e7-1cc7e65e45e5', 'df234305-8a47-4b4d-8efb-716a6b695428', '2025-07-01 10:48:56', '2025-07-01 10:48:56');
INSERT INTO `department` (`uuid`, `department`, `client_id`, `tenant_id`, `created_on`, `modified_on`) VALUES ('1a373339-aa13-498c-b22a-27bd5d992164', 'Aerospace', '36ce00ae-5839-4822-b3e7-1cc7e65e45e5', 'df234305-8a47-4b4d-8efb-716a6b695428', '2025-07-01 10:48:56', '2025-07-01 10:48:56');
INSERT INTO `department` (`uuid`, `department`, `client_id`, `tenant_id`, `created_on`, `modified_on`) VALUES ('d93e0732-1bdb-4e32-8855-f90115a42157', 'Cybersecurity', '36ce00ae-5839-4822-b3e7-1cc7e65e45e5', 'df234305-8a47-4b4d-8efb-716a6b695428', '2025-07-01 10:48:56', '2025-07-01 10:48:56');
INSERT INTO `department` (`uuid`, `department`, `client_id`, `tenant_id`, `created_on`, `modified_on`) VALUES ('fd9899e4-dad7-4e30-a7bb-42803fc8a266', 'AI Solutions', '36ce00ae-5839-4822-b3e7-1cc7e65e45e5', 'df234305-8a47-4b4d-8efb-716a6b695428', '2025-07-01 10:48:56', '2025-07-01 10:48:56');
INSERT INTO `department` (`uuid`, `department`, `client_id`, `tenant_id`, `created_on`, `modified_on`) VALUES ('4528fc69-1efb-45ab-abd6-342dbbbbd4fd', 'Robotics', '36ce00ae-5839-4822-b3e7-1cc7e65e45e5', 'df234305-8a47-4b4d-8efb-716a6b695428', '2025-07-01 10:48:56', '2025-07-01 10:48:56');
INSERT INTO `department` (`uuid`, `department`, `client_id`, `tenant_id`, `created_on`, `modified_on`) VALUES ('5447d2cb-d192-40c5-8846-875ed32b3de9', 'Biomedical', '36ce00ae-5839-4822-b3e7-1cc7e65e45e5', 'df234305-8a47-4b4d-8efb-716a6b695428', '2025-07-01 10:48:56', '2025-07-01 10:48:56');
INSERT INTO `client_division` (`id`, `division_name`, `client_id`, `is_active`, `created_on`, `modified_on`, `tenant_id`) VALUES ('b8f41e0c-edfc-4789-b043-f292fc1a65bc', 'Product Dev', '36ce00ae-5839-4822-b3e7-1cc7e65e45e5', 1, '2025-07-01 10:48:56', '2025-07-01 10:48:56', 'df234305-8a47-4b4d-8efb-716a6b695428');
INSERT INTO `client_division` (`id`, `division_name`, `client_id`, `is_active`, `created_on`, `modified_on`, `tenant_id`) VALUES ('697f6288-fc45-4f35-8e63-8e3f01706665', 'R&D', '36ce00ae-5839-4822-b3e7-1cc7e65e45e5', 1, '2025-07-01 10:48:56', '2025-07-01 10:48:56', 'df234305-8a47-4b4d-8efb-716a6b695428');
INSERT INTO `client_division` (`id`, `division_name`, `client_id`, `is_active`, `created_on`, `modified_on`, `tenant_id`) VALUES ('86844141-1ba0-46ac-bd2f-e1ee4ad623b8', 'Innovation Lab', '36ce00ae-5839-4822-b3e7-1cc7e65e45e5', 1, '2025-07-01 10:48:56', '2025-07-01 10:48:56', 'df234305-8a47-4b4d-8efb-716a6b695428');
INSERT INTO `client_division` (`id`, `division_name`, `client_id`, `is_active`, `created_on`, `modified_on`, `tenant_id`) VALUES ('ee0d4973-396c-4cb1-86c9-717782d677d5', 'Core Tech', '36ce00ae-5839-4822-b3e7-1cc7e65e45e5', 1, '2025-07-01 10:48:56', '2025-07-01 10:48:56', 'df234305-8a47-4b4d-8efb-716a6b695428');
INSERT INTO `client_division` (`id`, `division_name`, `client_id`, `is_active`, `created_on`, `modified_on`, `tenant_id`) VALUES ('4363bbc9-062a-454e-b359-1f1324e75139', 'Engineering', '36ce00ae-5839-4822-b3e7-1cc7e65e45e5', 1, '2025-07-01 10:48:56', '2025-07-01 10:48:56', 'df234305-8a47-4b4d-8efb-716a6b695428');
INSERT INTO `client` (`id`, `client_code`, `client_name`, `email`, `is_active`, `created_on`, `modified_on`, `tenant_id`) VALUES ('a46751aa-18f0-4231-8f12-418b0f72901c', 1085, 'Frost-Beasley', 'info@frostbeasley.com', 1, '2025-07-01 10:48:56', '2025-07-01 10:48:56', 'df234305-8a47-4b4d-8efb-716a6b695428');
INSERT INTO `department` (`uuid`, `department`, `client_id`, `tenant_id`, `created_on`, `modified_on`) VALUES ('877aee5a-ab21-4887-abea-67723ff4f21b', 'Biomedical', 'a46751aa-18f0-4231-8f12-418b0f72901c', 'df234305-8a47-4b4d-8efb-716a6b695428', '2025-07-01 10:48:56', '2025-07-01 10:48:56');
INSERT INTO `department` (`uuid`, `department`, `client_id`, `tenant_id`, `created_on`, `modified_on`) VALUES ('add65f94-6799-4cf2-8ba8-7de3f6a92da5', 'AI Solutions', 'a46751aa-18f0-4231-8f12-418b0f72901c', 'df234305-8a47-4b4d-8efb-716a6b695428', '2025-07-01 10:48:56', '2025-07-01 10:48:56');
INSERT INTO `department` (`uuid`, `department`, `client_id`, `tenant_id`, `created_on`, `modified_on`) VALUES ('407e47c9-0857-4529-a86e-0b508aa91b09', 'Civil Systems', 'a46751aa-18f0-4231-8f12-418b0f72901c', 'df234305-8a47-4b4d-8efb-716a6b695428', '2025-07-01 10:48:56', '2025-07-01 10:48:56');
INSERT INTO `department` (`uuid`, `department`, `client_id`, `tenant_id`, `created_on`, `modified_on`) VALUES ('40a4b951-c8a7-4700-b258-dbbe6d852fcc', 'Robotics', 'a46751aa-18f0-4231-8f12-418b0f72901c', 'df234305-8a47-4b4d-8efb-716a6b695428', '2025-07-01 10:48:56', '2025-07-01 10:48:56');
INSERT INTO `department` (`uuid`, `department`, `client_id`, `tenant_id`, `created_on`, `modified_on`) VALUES ('31e22945-49c8-4b7e-98e3-15f780799b45', 'Aerospace', 'a46751aa-18f0-4231-8f12-418b0f72901c', 'df234305-8a47-4b4d-8efb-716a6b695428', '2025-07-01 10:48:56', '2025-07-01 10:48:56');
INSERT INTO `department` (`uuid`, `department`, `client_id`, `tenant_id`, `created_on`, `modified_on`) VALUES ('5acf0102-fdbe-4e5f-8872-6f3ece0d73e7', 'Cybersecurity', 'a46751aa-18f0-4231-8f12-418b0f72901c', 'df234305-8a47-4b4d-8efb-716a6b695428', '2025-07-01 10:48:56', '2025-07-01 10:48:56');
INSERT INTO `client_division` (`id`, `division_name`, `client_id`, `is_active`, `created_on`, `modified_on`, `tenant_id`) VALUES ('cb96088d-fc9e-4d6a-8a87-8e14aa3bec3c', 'Engineering', 'a46751aa-18f0-4231-8f12-418b0f72901c', 1, '2025-07-01 10:48:56', '2025-07-01 10:48:56', 'df234305-8a47-4b4d-8efb-716a6b695428');
INSERT INTO `client_division` (`id`, `division_name`, `client_id`, `is_active`, `created_on`, `modified_on`, `tenant_id`) VALUES ('f2a18271-aca7-4061-98d1-8ea579709fd9', 'Innovation Lab', 'a46751aa-18f0-4231-8f12-418b0f72901c', 1, '2025-07-01 10:48:56', '2025-07-01 10:48:56', 'df234305-8a47-4b4d-8efb-716a6b695428');
INSERT INTO `client_division` (`id`, `division_name`, `client_id`, `is_active`, `created_on`, `modified_on`, `tenant_id`) VALUES ('9b92701b-2a36-4120-8234-ea57bc85bcf7', 'R&D', 'a46751aa-18f0-4231-8f12-418b0f72901c', 1, '2025-07-01 10:48:56', '2025-07-01 10:48:56', 'df234305-8a47-4b4d-8efb-716a6b695428');
INSERT INTO `client_division` (`id`, `division_name`, `client_id`, `is_active`, `created_on`, `modified_on`, `tenant_id`) VALUES ('4425b573-7efd-48d8-8da6-007bb6b7207a', 'Core Tech', 'a46751aa-18f0-4231-8f12-418b0f72901c', 1, '2025-07-01 10:48:56', '2025-07-01 10:48:56', 'df234305-8a47-4b4d-8efb-716a6b695428');
INSERT INTO `client_division` (`id`, `division_name`, `client_id`, `is_active`, `created_on`, `modified_on`, `tenant_id`) VALUES ('f4ee94a2-1cd8-4b6c-85fc-3b4d03b1a286', 'Product Dev', 'a46751aa-18f0-4231-8f12-418b0f72901c', 1, '2025-07-01 10:48:56', '2025-07-01 10:48:56', 'df234305-8a47-4b4d-8efb-716a6b695428');
INSERT INTO `client` (`id`, `client_code`, `client_name`, `email`, `is_active`, `created_on`, `modified_on`, `tenant_id`) VALUES ('b55b5421-f83d-4d6c-a073-7b696eed961c', 1086, 'Harris, Wells and Henry', 'info@harriswellsandhenry.com', 1, '2025-07-01 10:48:56', '2025-07-01 10:48:56', 'df234305-8a47-4b4d-8efb-716a6b695428');
INSERT INTO `department` (`uuid`, `department`, `client_id`, `tenant_id`, `created_on`, `modified_on`) VALUES ('2057baf3-cdcf-478e-b64b-70b18c6f7d7d', 'Biomedical', 'b55b5421-f83d-4d6c-a073-7b696eed961c', 'df234305-8a47-4b4d-8efb-716a6b695428', '2025-07-01 10:48:56', '2025-07-01 10:48:56');
INSERT INTO `department` (`uuid`, `department`, `client_id`, `tenant_id`, `created_on`, `modified_on`) VALUES ('fce36787-ed23-4c9f-9b6a-898a2965b38d', 'Civil Systems', 'b55b5421-f83d-4d6c-a073-7b696eed961c', 'df234305-8a47-4b4d-8efb-716a6b695428', '2025-07-01 10:48:56', '2025-07-01 10:48:56');
INSERT INTO `department` (`uuid`, `department`, `client_id`, `tenant_id`, `created_on`, `modified_on`) VALUES ('3455ce3f-660b-4373-b164-9ed62e35aa67', 'Aerospace', 'b55b5421-f83d-4d6c-a073-7b696eed961c', 'df234305-8a47-4b4d-8efb-716a6b695428', '2025-07-01 10:48:56', '2025-07-01 10:48:56');
INSERT INTO `department` (`uuid`, `department`, `client_id`, `tenant_id`, `created_on`, `modified_on`) VALUES ('7bdbff65-337f-4d05-89a7-2f21073ca2fa', 'Cybersecurity', 'b55b5421-f83d-4d6c-a073-7b696eed961c', 'df234305-8a47-4b4d-8efb-716a6b695428', '2025-07-01 10:48:56', '2025-07-01 10:48:56');
INSERT INTO `department` (`uuid`, `department`, `client_id`, `tenant_id`, `created_on`, `modified_on`) VALUES ('3a09a9fc-bf7f-4931-998d-52e808b6f062', 'AI Solutions', 'b55b5421-f83d-4d6c-a073-7b696eed961c', 'df234305-8a47-4b4d-8efb-716a6b695428', '2025-07-01 10:48:56', '2025-07-01 10:48:56');
INSERT INTO `department` (`uuid`, `department`, `client_id`, `tenant_id`, `created_on`, `modified_on`) VALUES ('8e5d2110-d072-4fac-a3c0-4577a8ec67e2', 'Robotics', 'b55b5421-f83d-4d6c-a073-7b696eed961c', 'df234305-8a47-4b4d-8efb-716a6b695428', '2025-07-01 10:48:56', '2025-07-01 10:48:56');
INSERT INTO `client_division` (`id`, `division_name`, `client_id`, `is_active`, `created_on`, `modified_on`, `tenant_id`) VALUES ('2c4bbdf0-eb56-4d4a-a45c-1c1466df9aed', 'Engineering', 'b55b5421-f83d-4d6c-a073-7b696eed961c', 1, '2025-07-01 10:48:56', '2025-07-01 10:48:56', 'df234305-8a47-4b4d-8efb-716a6b695428');
INSERT INTO `client_division` (`id`, `division_name`, `client_id`, `is_active`, `created_on`, `modified_on`, `tenant_id`) VALUES ('a4e38610-2709-4691-96ef-192f960e1693', 'Innovation Lab', 'b55b5421-f83d-4d6c-a073-7b696eed961c', 1, '2025-07-01 10:48:56', '2025-07-01 10:48:56', 'df234305-8a47-4b4d-8efb-716a6b695428');
INSERT INTO `client_division` (`id`, `division_name`, `client_id`, `is_active`, `created_on`, `modified_on`, `tenant_id`) VALUES ('1cc02a06-3785-4822-92f2-4966ec718240', 'R&D', 'b55b5421-f83d-4d6c-a073-7b696eed961c', 1, '2025-07-01 10:48:56', '2025-07-01 10:48:56', 'df234305-8a47-4b4d-8efb-716a6b695428');
INSERT INTO `client_division` (`id`, `division_name`, `client_id`, `is_active`, `created_on`, `modified_on`, `tenant_id`) VALUES ('3b19deff-ca79-4dc7-911f-dde97da01ff8', 'Product Dev', 'b55b5421-f83d-4d6c-a073-7b696eed961c', 1, '2025-07-01 10:48:56', '2025-07-01 10:48:56', 'df234305-8a47-4b4d-8efb-716a6b695428');
INSERT INTO `client_division` (`id`, `division_name`, `client_id`, `is_active`, `created_on`, `modified_on`, `tenant_id`) VALUES ('556204d9-9787-4047-ae9b-1499b7dc3494', 'Core Tech', 'b55b5421-f83d-4d6c-a073-7b696eed961c', 1, '2025-07-01 10:48:56', '2025-07-01 10:48:56', 'df234305-8a47-4b4d-8efb-716a6b695428');
INSERT INTO `client` (`id`, `client_code`, `client_name`, `email`, `is_active`, `created_on`, `modified_on`, `tenant_id`) VALUES ('685bad2e-918a-4cbb-aa7f-a0c21543bcc7', 1087, 'Patel Inc', 'info@patelinc.com', 1, '2025-07-01 10:48:56', '2025-07-01 10:48:56', 'df234305-8a47-4b4d-8efb-716a6b695428');
INSERT INTO `department` (`uuid`, `department`, `client_id`, `tenant_id`, `created_on`, `modified_on`) VALUES ('ea059926-82a5-4f0b-8daa-b49628e84a88', 'AI Solutions', '685bad2e-918a-4cbb-aa7f-a0c21543bcc7', 'df234305-8a47-4b4d-8efb-716a6b695428', '2025-07-01 10:48:56', '2025-07-01 10:48:56');
INSERT INTO `department` (`uuid`, `department`, `client_id`, `tenant_id`, `created_on`, `modified_on`) VALUES ('7dfdda6c-1d3b-4c02-9a33-b198db9205b4', 'Biomedical', '685bad2e-918a-4cbb-aa7f-a0c21543bcc7', 'df234305-8a47-4b4d-8efb-716a6b695428', '2025-07-01 10:48:56', '2025-07-01 10:48:56');
INSERT INTO `department` (`uuid`, `department`, `client_id`, `tenant_id`, `created_on`, `modified_on`) VALUES ('fe425a56-9dac-4c0d-a140-07e2dbd0f179', 'Cybersecurity', '685bad2e-918a-4cbb-aa7f-a0c21543bcc7', 'df234305-8a47-4b4d-8efb-716a6b695428', '2025-07-01 10:48:56', '2025-07-01 10:48:56');
INSERT INTO `department` (`uuid`, `department`, `client_id`, `tenant_id`, `created_on`, `modified_on`) VALUES ('8dfcb3d9-5d0a-4816-976d-6a69f2fe12cc', 'Civil Systems', '685bad2e-918a-4cbb-aa7f-a0c21543bcc7', 'df234305-8a47-4b4d-8efb-716a6b695428', '2025-07-01 10:48:56', '2025-07-01 10:48:56');
INSERT INTO `department` (`uuid`, `department`, `client_id`, `tenant_id`, `created_on`, `modified_on`) VALUES ('e93d6dce-a83f-489c-9c45-88e806498794', 'Robotics', '685bad2e-918a-4cbb-aa7f-a0c21543bcc7', 'df234305-8a47-4b4d-8efb-716a6b695428', '2025-07-01 10:48:56', '2025-07-01 10:48:56');
INSERT INTO `department` (`uuid`, `department`, `client_id`, `tenant_id`, `created_on`, `modified_on`) VALUES ('3cff8f66-3b1a-4c55-a3b5-57ad4fe2caf3', 'Aerospace', '685bad2e-918a-4cbb-aa7f-a0c21543bcc7', 'df234305-8a47-4b4d-8efb-716a6b695428', '2025-07-01 10:48:56', '2025-07-01 10:48:56');
INSERT INTO `client_division` (`id`, `division_name`, `client_id`, `is_active`, `created_on`, `modified_on`, `tenant_id`) VALUES ('080e89e7-e3d0-434d-8aed-cc99f4f18cfc', 'Innovation Lab', '685bad2e-918a-4cbb-aa7f-a0c21543bcc7', 1, '2025-07-01 10:48:56', '2025-07-01 10:48:56', 'df234305-8a47-4b4d-8efb-716a6b695428');
INSERT INTO `client_division` (`id`, `division_name`, `client_id`, `is_active`, `created_on`, `modified_on`, `tenant_id`) VALUES ('e36834e5-3808-4830-b81d-68c530386e3c', 'Engineering', '685bad2e-918a-4cbb-aa7f-a0c21543bcc7', 1, '2025-07-01 10:48:56', '2025-07-01 10:48:56', 'df234305-8a47-4b4d-8efb-716a6b695428');
INSERT INTO `client_division` (`id`, `division_name`, `client_id`, `is_active`, `created_on`, `modified_on`, `tenant_id`) VALUES ('f5845755-81b0-42c4-8ee2-d9f586b84184', 'R&D', '685bad2e-918a-4cbb-aa7f-a0c21543bcc7', 1, '2025-07-01 10:48:56', '2025-07-01 10:48:56', 'df234305-8a47-4b4d-8efb-716a6b695428');
INSERT INTO `client_division` (`id`, `division_name`, `client_id`, `is_active`, `created_on`, `modified_on`, `tenant_id`) VALUES ('0906f3c6-415a-4671-9cee-d648db1c344b', 'Core Tech', '685bad2e-918a-4cbb-aa7f-a0c21543bcc7', 1, '2025-07-01 10:48:56', '2025-07-01 10:48:56', 'df234305-8a47-4b4d-8efb-716a6b695428');
INSERT INTO `client_division` (`id`, `division_name`, `client_id`, `is_active`, `created_on`, `modified_on`, `tenant_id`) VALUES ('dea1dea0-dc84-435e-9cfe-ab2fca0e13c5', 'Product Dev', '685bad2e-918a-4cbb-aa7f-a0c21543bcc7', 1, '2025-07-01 10:48:56', '2025-07-01 10:48:56', 'df234305-8a47-4b4d-8efb-716a6b695428');
INSERT INTO `client` (`id`, `client_code`, `client_name`, `email`, `is_active`, `created_on`, `modified_on`, `tenant_id`) VALUES ('d356eca9-bf42-4d0a-9b7f-d2fac08564ec', 1088, 'Taylor Inc', 'info@taylorinc.com', 1, '2025-07-01 10:48:56', '2025-07-01 10:48:56', 'df234305-8a47-4b4d-8efb-716a6b695428');
INSERT INTO `department` (`uuid`, `department`, `client_id`, `tenant_id`, `created_on`, `modified_on`) VALUES ('cd547640-6e85-464f-a105-3699f54e9722', 'Aerospace', 'd356eca9-bf42-4d0a-9b7f-d2fac08564ec', 'df234305-8a47-4b4d-8efb-716a6b695428', '2025-07-01 10:48:56', '2025-07-01 10:48:56');
INSERT INTO `department` (`uuid`, `department`, `client_id`, `tenant_id`, `created_on`, `modified_on`) VALUES ('aa4e93da-3c10-4465-9992-d7d4938486da', 'Robotics', 'd356eca9-bf42-4d0a-9b7f-d2fac08564ec', 'df234305-8a47-4b4d-8efb-716a6b695428', '2025-07-01 10:48:56', '2025-07-01 10:48:56');
INSERT INTO `department` (`uuid`, `department`, `client_id`, `tenant_id`, `created_on`, `modified_on`) VALUES ('d6c32aac-4bf5-422d-8f16-c1ed778618c3', 'Biomedical', 'd356eca9-bf42-4d0a-9b7f-d2fac08564ec', 'df234305-8a47-4b4d-8efb-716a6b695428', '2025-07-01 10:48:56', '2025-07-01 10:48:56');
INSERT INTO `department` (`uuid`, `department`, `client_id`, `tenant_id`, `created_on`, `modified_on`) VALUES ('91cbefa5-b6db-455c-8abf-56c1514c1076', 'AI Solutions', 'd356eca9-bf42-4d0a-9b7f-d2fac08564ec', 'df234305-8a47-4b4d-8efb-716a6b695428', '2025-07-01 10:48:56', '2025-07-01 10:48:56');
INSERT INTO `department` (`uuid`, `department`, `client_id`, `tenant_id`, `created_on`, `modified_on`) VALUES ('4d59c9f9-a509-4eef-9d45-b01b27ad97c6', 'Cybersecurity', 'd356eca9-bf42-4d0a-9b7f-d2fac08564ec', 'df234305-8a47-4b4d-8efb-716a6b695428', '2025-07-01 10:48:56', '2025-07-01 10:48:56');
INSERT INTO `department` (`uuid`, `department`, `client_id`, `tenant_id`, `created_on`, `modified_on`) VALUES ('d4604a4f-881c-4e0f-9d91-0905ffd96ad8', 'Civil Systems', 'd356eca9-bf42-4d0a-9b7f-d2fac08564ec', 'df234305-8a47-4b4d-8efb-716a6b695428', '2025-07-01 10:48:56', '2025-07-01 10:48:56');
INSERT INTO `client_division` (`id`, `division_name`, `client_id`, `is_active`, `created_on`, `modified_on`, `tenant_id`) VALUES ('979bc2ea-dea7-4e3c-b723-7dfc749ca984', 'R&D', 'd356eca9-bf42-4d0a-9b7f-d2fac08564ec', 1, '2025-07-01 10:48:56', '2025-07-01 10:48:56', 'df234305-8a47-4b4d-8efb-716a6b695428');
INSERT INTO `client_division` (`id`, `division_name`, `client_id`, `is_active`, `created_on`, `modified_on`, `tenant_id`) VALUES ('1647cc83-82cf-4372-a3fd-67cfd0827d99', 'Core Tech', 'd356eca9-bf42-4d0a-9b7f-d2fac08564ec', 1, '2025-07-01 10:48:56', '2025-07-01 10:48:56', 'df234305-8a47-4b4d-8efb-716a6b695428');
INSERT INTO `client_division` (`id`, `division_name`, `client_id`, `is_active`, `created_on`, `modified_on`, `tenant_id`) VALUES ('312cc4d1-aa6b-4f20-a025-e00846f825d4', 'Engineering', 'd356eca9-bf42-4d0a-9b7f-d2fac08564ec', 1, '2025-07-01 10:48:56', '2025-07-01 10:48:56', 'df234305-8a47-4b4d-8efb-716a6b695428');
INSERT INTO `client_division` (`id`, `division_name`, `client_id`, `is_active`, `created_on`, `modified_on`, `tenant_id`) VALUES ('357ee132-a0b6-44c1-97ba-876bd64920a0', 'Innovation Lab', 'd356eca9-bf42-4d0a-9b7f-d2fac08564ec', 1, '2025-07-01 10:48:56', '2025-07-01 10:48:56', 'df234305-8a47-4b4d-8efb-716a6b695428');
INSERT INTO `client_division` (`id`, `division_name`, `client_id`, `is_active`, `created_on`, `modified_on`, `tenant_id`) VALUES ('f7df46a8-2d43-422a-bcd2-4d76a20057b0', 'Product Dev', 'd356eca9-bf42-4d0a-9b7f-d2fac08564ec', 1, '2025-07-01 10:48:56', '2025-07-01 10:48:56', 'df234305-8a47-4b4d-8efb-716a6b695428');
INSERT INTO `client` (`id`, `client_code`, `client_name`, `email`, `is_active`, `created_on`, `modified_on`, `tenant_id`) VALUES ('a5de9741-b64a-4af7-9180-4cc6c8673bb5', 1089, 'Franco-Ballard', 'info@francoballard.com', 1, '2025-07-01 10:48:56', '2025-07-01 10:48:56', 'df234305-8a47-4b4d-8efb-716a6b695428');
INSERT INTO `department` (`uuid`, `department`, `client_id`, `tenant_id`, `created_on`, `modified_on`) VALUES ('2727f749-174c-4b6b-800f-3944cc9f7a7a', 'Cybersecurity', 'a5de9741-b64a-4af7-9180-4cc6c8673bb5', 'df234305-8a47-4b4d-8efb-716a6b695428', '2025-07-01 10:48:56', '2025-07-01 10:48:56');
INSERT INTO `department` (`uuid`, `department`, `client_id`, `tenant_id`, `created_on`, `modified_on`) VALUES ('11074ab3-fdf5-4c47-8694-3c51c81b7866', 'Biomedical', 'a5de9741-b64a-4af7-9180-4cc6c8673bb5', 'df234305-8a47-4b4d-8efb-716a6b695428', '2025-07-01 10:48:56', '2025-07-01 10:48:56');
INSERT INTO `department` (`uuid`, `department`, `client_id`, `tenant_id`, `created_on`, `modified_on`) VALUES ('51867c85-1705-4d9b-9d87-e130b0f4a49d', 'Aerospace', 'a5de9741-b64a-4af7-9180-4cc6c8673bb5', 'df234305-8a47-4b4d-8efb-716a6b695428', '2025-07-01 10:48:56', '2025-07-01 10:48:56');
INSERT INTO `department` (`uuid`, `department`, `client_id`, `tenant_id`, `created_on`, `modified_on`) VALUES ('44b714ce-c66c-4c04-a989-0f51266178f8', 'Civil Systems', 'a5de9741-b64a-4af7-9180-4cc6c8673bb5', 'df234305-8a47-4b4d-8efb-716a6b695428', '2025-07-01 10:48:56', '2025-07-01 10:48:56');
INSERT INTO `department` (`uuid`, `department`, `client_id`, `tenant_id`, `created_on`, `modified_on`) VALUES ('f41fef61-0fd4-4e40-a1e1-0509fd53562b', 'AI Solutions', 'a5de9741-b64a-4af7-9180-4cc6c8673bb5', 'df234305-8a47-4b4d-8efb-716a6b695428', '2025-07-01 10:48:56', '2025-07-01 10:48:56');
INSERT INTO `department` (`uuid`, `department`, `client_id`, `tenant_id`, `created_on`, `modified_on`) VALUES ('c85bcb34-81f8-4f2d-a916-61e075dd0f16', 'Robotics', 'a5de9741-b64a-4af7-9180-4cc6c8673bb5', 'df234305-8a47-4b4d-8efb-716a6b695428', '2025-07-01 10:48:56', '2025-07-01 10:48:56');
INSERT INTO `client_division` (`id`, `division_name`, `client_id`, `is_active`, `created_on`, `modified_on`, `tenant_id`) VALUES ('d206c000-668c-4157-a673-69d655a65689', 'Product Dev', 'a5de9741-b64a-4af7-9180-4cc6c8673bb5', 1, '2025-07-01 10:48:56', '2025-07-01 10:48:56', 'df234305-8a47-4b4d-8efb-716a6b695428');
INSERT INTO `client_division` (`id`, `division_name`, `client_id`, `is_active`, `created_on`, `modified_on`, `tenant_id`) VALUES ('b26ae64d-2910-42aa-ad76-9f4d3b566c2f', 'Engineering', 'a5de9741-b64a-4af7-9180-4cc6c8673bb5', 1, '2025-07-01 10:48:56', '2025-07-01 10:48:56', 'df234305-8a47-4b4d-8efb-716a6b695428');
INSERT INTO `client_division` (`id`, `division_name`, `client_id`, `is_active`, `created_on`, `modified_on`, `tenant_id`) VALUES ('ab288e94-fac1-4553-b275-3e0539e9c8e3', 'Innovation Lab', 'a5de9741-b64a-4af7-9180-4cc6c8673bb5', 1, '2025-07-01 10:48:56', '2025-07-01 10:48:56', 'df234305-8a47-4b4d-8efb-716a6b695428');
INSERT INTO `client_division` (`id`, `division_name`, `client_id`, `is_active`, `created_on`, `modified_on`, `tenant_id`) VALUES ('b6c6e341-72d9-4e4f-8fee-1c5aad8cfe99', 'R&D', 'a5de9741-b64a-4af7-9180-4cc6c8673bb5', 1, '2025-07-01 10:48:56', '2025-07-01 10:48:56', 'df234305-8a47-4b4d-8efb-716a6b695428');
INSERT INTO `client_division` (`id`, `division_name`, `client_id`, `is_active`, `created_on`, `modified_on`, `tenant_id`) VALUES ('698dfaf0-eed6-4eb3-8b8c-a1037b0d2440', 'Core Tech', 'a5de9741-b64a-4af7-9180-4cc6c8673bb5', 1, '2025-07-01 10:48:56', '2025-07-01 10:48:56', 'df234305-8a47-4b4d-8efb-716a6b695428');
INSERT INTO `client` (`id`, `client_code`, `client_name`, `email`, `is_active`, `created_on`, `modified_on`, `tenant_id`) VALUES ('a865c7c8-33fd-4bcc-8696-d9abcc592b56', 1090, 'West PLC', 'info@westplc.com', 1, '2025-07-01 10:48:56', '2025-07-01 10:48:56', 'df234305-8a47-4b4d-8efb-716a6b695428');
INSERT INTO `department` (`uuid`, `department`, `client_id`, `tenant_id`, `created_on`, `modified_on`) VALUES ('b644560b-294c-4665-a857-03ba6544641e', 'Civil Systems', 'a865c7c8-33fd-4bcc-8696-d9abcc592b56', 'df234305-8a47-4b4d-8efb-716a6b695428', '2025-07-01 10:48:56', '2025-07-01 10:48:56');
INSERT INTO `department` (`uuid`, `department`, `client_id`, `tenant_id`, `created_on`, `modified_on`) VALUES ('ed2c433f-9ad0-4cd1-92f6-0cb1570e09ec', 'Biomedical', 'a865c7c8-33fd-4bcc-8696-d9abcc592b56', 'df234305-8a47-4b4d-8efb-716a6b695428', '2025-07-01 10:48:56', '2025-07-01 10:48:56');
INSERT INTO `department` (`uuid`, `department`, `client_id`, `tenant_id`, `created_on`, `modified_on`) VALUES ('2a019292-8f6c-48d8-880c-299be3a1956e', 'Robotics', 'a865c7c8-33fd-4bcc-8696-d9abcc592b56', 'df234305-8a47-4b4d-8efb-716a6b695428', '2025-07-01 10:48:56', '2025-07-01 10:48:56');
INSERT INTO `department` (`uuid`, `department`, `client_id`, `tenant_id`, `created_on`, `modified_on`) VALUES ('3c395415-23e5-442b-9d03-104517dd6926', 'AI Solutions', 'a865c7c8-33fd-4bcc-8696-d9abcc592b56', 'df234305-8a47-4b4d-8efb-716a6b695428', '2025-07-01 10:48:56', '2025-07-01 10:48:56');
INSERT INTO `department` (`uuid`, `department`, `client_id`, `tenant_id`, `created_on`, `modified_on`) VALUES ('c0a7ca31-379e-4b4b-aa11-7672373bafa5', 'Aerospace', 'a865c7c8-33fd-4bcc-8696-d9abcc592b56', 'df234305-8a47-4b4d-8efb-716a6b695428', '2025-07-01 10:48:56', '2025-07-01 10:48:56');
INSERT INTO `department` (`uuid`, `department`, `client_id`, `tenant_id`, `created_on`, `modified_on`) VALUES ('6be5eb70-81a9-44b3-89f0-abae3b21cf4c', 'Cybersecurity', 'a865c7c8-33fd-4bcc-8696-d9abcc592b56', 'df234305-8a47-4b4d-8efb-716a6b695428', '2025-07-01 10:48:56', '2025-07-01 10:48:56');
INSERT INTO `client_division` (`id`, `division_name`, `client_id`, `is_active`, `created_on`, `modified_on`, `tenant_id`) VALUES ('8916723b-59a5-4b27-88df-2a591928b628', 'Innovation Lab', 'a865c7c8-33fd-4bcc-8696-d9abcc592b56', 1, '2025-07-01 10:48:56', '2025-07-01 10:48:56', 'df234305-8a47-4b4d-8efb-716a6b695428');
INSERT INTO `client_division` (`id`, `division_name`, `client_id`, `is_active`, `created_on`, `modified_on`, `tenant_id`) VALUES ('a76f13a9-0ef9-44f7-b92f-5559962816d1', 'Engineering', 'a865c7c8-33fd-4bcc-8696-d9abcc592b56', 1, '2025-07-01 10:48:56', '2025-07-01 10:48:56', 'df234305-8a47-4b4d-8efb-716a6b695428');
INSERT INTO `client_division` (`id`, `division_name`, `client_id`, `is_active`, `created_on`, `modified_on`, `tenant_id`) VALUES ('91ac762c-aa90-4ae5-a1f2-9bbc87505906', 'Core Tech', 'a865c7c8-33fd-4bcc-8696-d9abcc592b56', 1, '2025-07-01 10:48:56', '2025-07-01 10:48:56', 'df234305-8a47-4b4d-8efb-716a6b695428');
INSERT INTO `client_division` (`id`, `division_name`, `client_id`, `is_active`, `created_on`, `modified_on`, `tenant_id`) VALUES ('b3eb9b63-3f1d-47f1-bb3e-5fbb8a79ea9a', 'R&D', 'a865c7c8-33fd-4bcc-8696-d9abcc592b56', 1, '2025-07-01 10:48:56', '2025-07-01 10:48:56', 'df234305-8a47-4b4d-8efb-716a6b695428');
INSERT INTO `client_division` (`id`, `division_name`, `client_id`, `is_active`, `created_on`, `modified_on`, `tenant_id`) VALUES ('4a51a8cd-fe89-4cfb-9b9c-11a96596f8a0', 'Product Dev', 'a865c7c8-33fd-4bcc-8696-d9abcc592b56', 1, '2025-07-01 10:48:56', '2025-07-01 10:48:56', 'df234305-8a47-4b4d-8efb-716a6b695428');
INSERT INTO `client` (`id`, `client_code`, `client_name`, `email`, `is_active`, `created_on`, `modified_on`, `tenant_id`) VALUES ('40826c21-b37d-442f-8d2f-6ff7f9d9759f', 1091, 'Ray, Ware and Fisher', 'info@raywareandfisher.com', 1, '2025-07-01 10:48:56', '2025-07-01 10:48:56', 'df234305-8a47-4b4d-8efb-716a6b695428');
INSERT INTO `department` (`uuid`, `department`, `client_id`, `tenant_id`, `created_on`, `modified_on`) VALUES ('b82f62b3-2525-47bc-9e62-07ad538a4cdc', 'Aerospace', '40826c21-b37d-442f-8d2f-6ff7f9d9759f', 'df234305-8a47-4b4d-8efb-716a6b695428', '2025-07-01 10:48:56', '2025-07-01 10:48:56');
INSERT INTO `department` (`uuid`, `department`, `client_id`, `tenant_id`, `created_on`, `modified_on`) VALUES ('19ef2484-f897-4529-9a96-b0564cbafdb2', 'Biomedical', '40826c21-b37d-442f-8d2f-6ff7f9d9759f', 'df234305-8a47-4b4d-8efb-716a6b695428', '2025-07-01 10:48:56', '2025-07-01 10:48:56');
INSERT INTO `department` (`uuid`, `department`, `client_id`, `tenant_id`, `created_on`, `modified_on`) VALUES ('015da558-13d1-4dbc-89af-8637c7979893', 'Civil Systems', '40826c21-b37d-442f-8d2f-6ff7f9d9759f', 'df234305-8a47-4b4d-8efb-716a6b695428', '2025-07-01 10:48:56', '2025-07-01 10:48:56');
INSERT INTO `department` (`uuid`, `department`, `client_id`, `tenant_id`, `created_on`, `modified_on`) VALUES ('3fc0b2cf-402c-4993-917c-96b912f20cc4', 'Cybersecurity', '40826c21-b37d-442f-8d2f-6ff7f9d9759f', 'df234305-8a47-4b4d-8efb-716a6b695428', '2025-07-01 10:48:56', '2025-07-01 10:48:56');
INSERT INTO `department` (`uuid`, `department`, `client_id`, `tenant_id`, `created_on`, `modified_on`) VALUES ('3d2e19a9-6cc6-47f2-9fc9-457fa9f0f5e5', 'AI Solutions', '40826c21-b37d-442f-8d2f-6ff7f9d9759f', 'df234305-8a47-4b4d-8efb-716a6b695428', '2025-07-01 10:48:56', '2025-07-01 10:48:56');
INSERT INTO `department` (`uuid`, `department`, `client_id`, `tenant_id`, `created_on`, `modified_on`) VALUES ('548bee49-2b2d-4180-bb43-a328c511e1a2', 'Robotics', '40826c21-b37d-442f-8d2f-6ff7f9d9759f', 'df234305-8a47-4b4d-8efb-716a6b695428', '2025-07-01 10:48:56', '2025-07-01 10:48:56');
INSERT INTO `client_division` (`id`, `division_name`, `client_id`, `is_active`, `created_on`, `modified_on`, `tenant_id`) VALUES ('51e365b2-3bea-4567-9599-2dea71a3a7b2', 'Core Tech', '40826c21-b37d-442f-8d2f-6ff7f9d9759f', 1, '2025-07-01 10:48:56', '2025-07-01 10:48:56', 'df234305-8a47-4b4d-8efb-716a6b695428');
INSERT INTO `client_division` (`id`, `division_name`, `client_id`, `is_active`, `created_on`, `modified_on`, `tenant_id`) VALUES ('63cd765d-3d7d-4066-ba49-4e4ecd27d441', 'R&D', '40826c21-b37d-442f-8d2f-6ff7f9d9759f', 1, '2025-07-01 10:48:56', '2025-07-01 10:48:56', 'df234305-8a47-4b4d-8efb-716a6b695428');
INSERT INTO `client_division` (`id`, `division_name`, `client_id`, `is_active`, `created_on`, `modified_on`, `tenant_id`) VALUES ('cadcf2e5-7473-414d-b4ad-dfda0895855b', 'Product Dev', '40826c21-b37d-442f-8d2f-6ff7f9d9759f', 1, '2025-07-01 10:48:56', '2025-07-01 10:48:56', 'df234305-8a47-4b4d-8efb-716a6b695428');
INSERT INTO `client_division` (`id`, `division_name`, `client_id`, `is_active`, `created_on`, `modified_on`, `tenant_id`) VALUES ('45beff1d-554b-44f0-b7a7-bfc298c0bb0e', 'Innovation Lab', '40826c21-b37d-442f-8d2f-6ff7f9d9759f', 1, '2025-07-01 10:48:56', '2025-07-01 10:48:56', 'df234305-8a47-4b4d-8efb-716a6b695428');
INSERT INTO `client_division` (`id`, `division_name`, `client_id`, `is_active`, `created_on`, `modified_on`, `tenant_id`) VALUES ('e4612f96-9527-461a-a04e-d8893eceb456', 'Engineering', '40826c21-b37d-442f-8d2f-6ff7f9d9759f', 1, '2025-07-01 10:48:56', '2025-07-01 10:48:56', 'df234305-8a47-4b4d-8efb-716a6b695428');
INSERT INTO `client` (`id`, `client_code`, `client_name`, `email`, `is_active`, `created_on`, `modified_on`, `tenant_id`) VALUES ('a6c83f87-d567-436d-be11-bde1f249a56e', 1092, 'Moses Ltd', 'info@mosesltd.com', 1, '2025-07-01 10:48:56', '2025-07-01 10:48:56', 'df234305-8a47-4b4d-8efb-716a6b695428');
INSERT INTO `department` (`uuid`, `department`, `client_id`, `tenant_id`, `created_on`, `modified_on`) VALUES ('25df97fd-e9e8-42e2-b351-e1ece2df8bab', 'Biomedical', 'a6c83f87-d567-436d-be11-bde1f249a56e', 'df234305-8a47-4b4d-8efb-716a6b695428', '2025-07-01 10:48:56', '2025-07-01 10:48:56');
INSERT INTO `department` (`uuid`, `department`, `client_id`, `tenant_id`, `created_on`, `modified_on`) VALUES ('6fac5a7c-a56d-40b3-bae6-7702b0c114cc', 'AI Solutions', 'a6c83f87-d567-436d-be11-bde1f249a56e', 'df234305-8a47-4b4d-8efb-716a6b695428', '2025-07-01 10:48:56', '2025-07-01 10:48:56');
INSERT INTO `department` (`uuid`, `department`, `client_id`, `tenant_id`, `created_on`, `modified_on`) VALUES ('5c1513d8-35a2-4282-ae8e-9c2d4dd22e7d', 'Civil Systems', 'a6c83f87-d567-436d-be11-bde1f249a56e', 'df234305-8a47-4b4d-8efb-716a6b695428', '2025-07-01 10:48:56', '2025-07-01 10:48:56');
INSERT INTO `department` (`uuid`, `department`, `client_id`, `tenant_id`, `created_on`, `modified_on`) VALUES ('ccaf4d62-6591-44b3-b2ef-1631dda4073e', 'Aerospace', 'a6c83f87-d567-436d-be11-bde1f249a56e', 'df234305-8a47-4b4d-8efb-716a6b695428', '2025-07-01 10:48:56', '2025-07-01 10:48:56');
INSERT INTO `department` (`uuid`, `department`, `client_id`, `tenant_id`, `created_on`, `modified_on`) VALUES ('777b28d9-bba7-495b-af01-ab408fd474ac', 'Robotics', 'a6c83f87-d567-436d-be11-bde1f249a56e', 'df234305-8a47-4b4d-8efb-716a6b695428', '2025-07-01 10:48:56', '2025-07-01 10:48:56');
INSERT INTO `department` (`uuid`, `department`, `client_id`, `tenant_id`, `created_on`, `modified_on`) VALUES ('08822783-e4d7-49c9-8628-44cdd5cdbb28', 'Cybersecurity', 'a6c83f87-d567-436d-be11-bde1f249a56e', 'df234305-8a47-4b4d-8efb-716a6b695428', '2025-07-01 10:48:56', '2025-07-01 10:48:56');
INSERT INTO `client_division` (`id`, `division_name`, `client_id`, `is_active`, `created_on`, `modified_on`, `tenant_id`) VALUES ('553aca5d-ee94-477c-a619-f0c1ffc767e0', 'Innovation Lab', 'a6c83f87-d567-436d-be11-bde1f249a56e', 1, '2025-07-01 10:48:56', '2025-07-01 10:48:56', 'df234305-8a47-4b4d-8efb-716a6b695428');
INSERT INTO `client_division` (`id`, `division_name`, `client_id`, `is_active`, `created_on`, `modified_on`, `tenant_id`) VALUES ('818645d2-3512-4709-b471-b9fc5a9be8a3', 'Core Tech', 'a6c83f87-d567-436d-be11-bde1f249a56e', 1, '2025-07-01 10:48:56', '2025-07-01 10:48:56', 'df234305-8a47-4b4d-8efb-716a6b695428');
INSERT INTO `client_division` (`id`, `division_name`, `client_id`, `is_active`, `created_on`, `modified_on`, `tenant_id`) VALUES ('58834e90-566d-405a-9b9c-c9b8b332e363', 'Engineering', 'a6c83f87-d567-436d-be11-bde1f249a56e', 1, '2025-07-01 10:48:56', '2025-07-01 10:48:56', 'df234305-8a47-4b4d-8efb-716a6b695428');
INSERT INTO `client_division` (`id`, `division_name`, `client_id`, `is_active`, `created_on`, `modified_on`, `tenant_id`) VALUES ('765054bb-3547-4859-903c-5adc30f1d33f', 'R&D', 'a6c83f87-d567-436d-be11-bde1f249a56e', 1, '2025-07-01 10:48:56', '2025-07-01 10:48:56', 'df234305-8a47-4b4d-8efb-716a6b695428');
INSERT INTO `client_division` (`id`, `division_name`, `client_id`, `is_active`, `created_on`, `modified_on`, `tenant_id`) VALUES ('c7931b5d-a5c2-4d95-ad66-96db69dbf3f3', 'Product Dev', 'a6c83f87-d567-436d-be11-bde1f249a56e', 1, '2025-07-01 10:48:56', '2025-07-01 10:48:56', 'df234305-8a47-4b4d-8efb-716a6b695428');
INSERT INTO `client` (`id`, `client_code`, `client_name`, `email`, `is_active`, `created_on`, `modified_on`, `tenant_id`) VALUES ('a340170c-1e30-4879-907d-98048c44a731', 1093, 'Gonzalez Ltd', 'info@gonzalezltd.com', 1, '2025-07-01 10:48:56', '2025-07-01 10:48:56', 'df234305-8a47-4b4d-8efb-716a6b695428');
INSERT INTO `department` (`uuid`, `department`, `client_id`, `tenant_id`, `created_on`, `modified_on`) VALUES ('737cb103-bf2f-4233-9a05-9d7426582319', 'Robotics', 'a340170c-1e30-4879-907d-98048c44a731', 'df234305-8a47-4b4d-8efb-716a6b695428', '2025-07-01 10:48:56', '2025-07-01 10:48:56');
INSERT INTO `department` (`uuid`, `department`, `client_id`, `tenant_id`, `created_on`, `modified_on`) VALUES ('c47bef91-b35e-40b5-8958-e69d41867290', 'Civil Systems', 'a340170c-1e30-4879-907d-98048c44a731', 'df234305-8a47-4b4d-8efb-716a6b695428', '2025-07-01 10:48:56', '2025-07-01 10:48:56');
INSERT INTO `department` (`uuid`, `department`, `client_id`, `tenant_id`, `created_on`, `modified_on`) VALUES ('b035ff74-8058-4d8c-9f76-918b8497695d', 'Cybersecurity', 'a340170c-1e30-4879-907d-98048c44a731', 'df234305-8a47-4b4d-8efb-716a6b695428', '2025-07-01 10:48:56', '2025-07-01 10:48:56');
INSERT INTO `department` (`uuid`, `department`, `client_id`, `tenant_id`, `created_on`, `modified_on`) VALUES ('128f54d0-eb9e-48f5-bb37-1310a4946eb0', 'AI Solutions', 'a340170c-1e30-4879-907d-98048c44a731', 'df234305-8a47-4b4d-8efb-716a6b695428', '2025-07-01 10:48:56', '2025-07-01 10:48:56');
INSERT INTO `department` (`uuid`, `department`, `client_id`, `tenant_id`, `created_on`, `modified_on`) VALUES ('2764b8a2-ac8f-4246-ad38-f87ac96cd8d4', 'Biomedical', 'a340170c-1e30-4879-907d-98048c44a731', 'df234305-8a47-4b4d-8efb-716a6b695428', '2025-07-01 10:48:56', '2025-07-01 10:48:56');
INSERT INTO `department` (`uuid`, `department`, `client_id`, `tenant_id`, `created_on`, `modified_on`) VALUES ('7adfa962-a361-461f-a92a-74bdbf73034d', 'Aerospace', 'a340170c-1e30-4879-907d-98048c44a731', 'df234305-8a47-4b4d-8efb-716a6b695428', '2025-07-01 10:48:56', '2025-07-01 10:48:56');
INSERT INTO `client_division` (`id`, `division_name`, `client_id`, `is_active`, `created_on`, `modified_on`, `tenant_id`) VALUES ('d14a8cbd-7fed-491d-9ae0-08e2e408a09d', 'Core Tech', 'a340170c-1e30-4879-907d-98048c44a731', 1, '2025-07-01 10:48:56', '2025-07-01 10:48:56', 'df234305-8a47-4b4d-8efb-716a6b695428');
INSERT INTO `client_division` (`id`, `division_name`, `client_id`, `is_active`, `created_on`, `modified_on`, `tenant_id`) VALUES ('1303a8f4-5652-4762-bca2-bba7646a63b7', 'Innovation Lab', 'a340170c-1e30-4879-907d-98048c44a731', 1, '2025-07-01 10:48:56', '2025-07-01 10:48:56', 'df234305-8a47-4b4d-8efb-716a6b695428');
INSERT INTO `client_division` (`id`, `division_name`, `client_id`, `is_active`, `created_on`, `modified_on`, `tenant_id`) VALUES ('bb1e89c0-2523-4bbe-b713-20a32b1c3371', 'R&D', 'a340170c-1e30-4879-907d-98048c44a731', 1, '2025-07-01 10:48:56', '2025-07-01 10:48:56', 'df234305-8a47-4b4d-8efb-716a6b695428');
INSERT INTO `client_division` (`id`, `division_name`, `client_id`, `is_active`, `created_on`, `modified_on`, `tenant_id`) VALUES ('ade20a29-8e86-4013-861e-0ada52c8cc16', 'Product Dev', 'a340170c-1e30-4879-907d-98048c44a731', 1, '2025-07-01 10:48:56', '2025-07-01 10:48:56', 'df234305-8a47-4b4d-8efb-716a6b695428');
INSERT INTO `client_division` (`id`, `division_name`, `client_id`, `is_active`, `created_on`, `modified_on`, `tenant_id`) VALUES ('4d1cae62-40ea-4527-82e3-0aa415f3e78b', 'Engineering', 'a340170c-1e30-4879-907d-98048c44a731', 1, '2025-07-01 10:48:56', '2025-07-01 10:48:56', 'df234305-8a47-4b4d-8efb-716a6b695428');
INSERT INTO `client` (`id`, `client_code`, `client_name`, `email`, `is_active`, `created_on`, `modified_on`, `tenant_id`) VALUES ('8f46f50d-6c2d-4f87-9f27-450353bf113f', 1094, 'Miller, Guzman and George', 'info@millerguzmanandgeorge.com', 1, '2025-07-01 10:48:56', '2025-07-01 10:48:56', 'df234305-8a47-4b4d-8efb-716a6b695428');
INSERT INTO `department` (`uuid`, `department`, `client_id`, `tenant_id`, `created_on`, `modified_on`) VALUES ('230593a9-bd95-4b9d-972c-d00298dd0045', 'Biomedical', '8f46f50d-6c2d-4f87-9f27-450353bf113f', 'df234305-8a47-4b4d-8efb-716a6b695428', '2025-07-01 10:48:56', '2025-07-01 10:48:56');
INSERT INTO `department` (`uuid`, `department`, `client_id`, `tenant_id`, `created_on`, `modified_on`) VALUES ('79fdb7b2-6069-4793-b924-2c942e3932ee', 'Civil Systems', '8f46f50d-6c2d-4f87-9f27-450353bf113f', 'df234305-8a47-4b4d-8efb-716a6b695428', '2025-07-01 10:48:56', '2025-07-01 10:48:56');
INSERT INTO `department` (`uuid`, `department`, `client_id`, `tenant_id`, `created_on`, `modified_on`) VALUES ('398a029f-15ae-4bc6-802c-33b8fded0780', 'Aerospace', '8f46f50d-6c2d-4f87-9f27-450353bf113f', 'df234305-8a47-4b4d-8efb-716a6b695428', '2025-07-01 10:48:56', '2025-07-01 10:48:56');
INSERT INTO `department` (`uuid`, `department`, `client_id`, `tenant_id`, `created_on`, `modified_on`) VALUES ('b1cb1be6-e8bf-4177-9352-037d3814ac92', 'AI Solutions', '8f46f50d-6c2d-4f87-9f27-450353bf113f', 'df234305-8a47-4b4d-8efb-716a6b695428', '2025-07-01 10:48:56', '2025-07-01 10:48:56');
INSERT INTO `department` (`uuid`, `department`, `client_id`, `tenant_id`, `created_on`, `modified_on`) VALUES ('04f96fdf-1379-4ab1-bc48-90a83de91aef', 'Cybersecurity', '8f46f50d-6c2d-4f87-9f27-450353bf113f', 'df234305-8a47-4b4d-8efb-716a6b695428', '2025-07-01 10:48:56', '2025-07-01 10:48:56');
INSERT INTO `department` (`uuid`, `department`, `client_id`, `tenant_id`, `created_on`, `modified_on`) VALUES ('4cb424cc-3d53-493a-8bca-d09f82669c8a', 'Robotics', '8f46f50d-6c2d-4f87-9f27-450353bf113f', 'df234305-8a47-4b4d-8efb-716a6b695428', '2025-07-01 10:48:56', '2025-07-01 10:48:56');
INSERT INTO `client_division` (`id`, `division_name`, `client_id`, `is_active`, `created_on`, `modified_on`, `tenant_id`) VALUES ('1a155418-060e-45c5-b2e8-2320aabc812a', 'Product Dev', '8f46f50d-6c2d-4f87-9f27-450353bf113f', 1, '2025-07-01 10:48:56', '2025-07-01 10:48:56', 'df234305-8a47-4b4d-8efb-716a6b695428');
INSERT INTO `client_division` (`id`, `division_name`, `client_id`, `is_active`, `created_on`, `modified_on`, `tenant_id`) VALUES ('332dd03a-95ac-4b05-8fb2-6108dbd406e3', 'Innovation Lab', '8f46f50d-6c2d-4f87-9f27-450353bf113f', 1, '2025-07-01 10:48:56', '2025-07-01 10:48:56', 'df234305-8a47-4b4d-8efb-716a6b695428');
INSERT INTO `client_division` (`id`, `division_name`, `client_id`, `is_active`, `created_on`, `modified_on`, `tenant_id`) VALUES ('344f5a06-7737-4f04-abec-a45a3f1dec81', 'R&D', '8f46f50d-6c2d-4f87-9f27-450353bf113f', 1, '2025-07-01 10:48:56', '2025-07-01 10:48:56', 'df234305-8a47-4b4d-8efb-716a6b695428');
INSERT INTO `client_division` (`id`, `division_name`, `client_id`, `is_active`, `created_on`, `modified_on`, `tenant_id`) VALUES ('f6d61c01-febc-4b5b-9b7e-71b7d4f1fca1', 'Engineering', '8f46f50d-6c2d-4f87-9f27-450353bf113f', 1, '2025-07-01 10:48:56', '2025-07-01 10:48:56', 'df234305-8a47-4b4d-8efb-716a6b695428');
INSERT INTO `client_division` (`id`, `division_name`, `client_id`, `is_active`, `created_on`, `modified_on`, `tenant_id`) VALUES ('f39d260b-ade2-46d8-a58a-7101cb49f283', 'Core Tech', '8f46f50d-6c2d-4f87-9f27-450353bf113f', 1, '2025-07-01 10:48:56', '2025-07-01 10:48:56', 'df234305-8a47-4b4d-8efb-716a6b695428');
INSERT INTO `client` (`id`, `client_code`, `client_name`, `email`, `is_active`, `created_on`, `modified_on`, `tenant_id`) VALUES ('fca02db2-2ffa-48bf-a954-74517ef056f3', 1095, 'Brown and Sons', 'info@brownandsons.com', 1, '2025-07-01 10:48:56', '2025-07-01 10:48:56', 'df234305-8a47-4b4d-8efb-716a6b695428');
INSERT INTO `department` (`uuid`, `department`, `client_id`, `tenant_id`, `created_on`, `modified_on`) VALUES ('67165e8e-e765-481c-b7a5-6c15762e4cb5', 'AI Solutions', 'fca02db2-2ffa-48bf-a954-74517ef056f3', 'df234305-8a47-4b4d-8efb-716a6b695428', '2025-07-01 10:48:56', '2025-07-01 10:48:56');
INSERT INTO `department` (`uuid`, `department`, `client_id`, `tenant_id`, `created_on`, `modified_on`) VALUES ('04c1212d-2768-48e3-80c4-52186c153baa', 'Civil Systems', 'fca02db2-2ffa-48bf-a954-74517ef056f3', 'df234305-8a47-4b4d-8efb-716a6b695428', '2025-07-01 10:48:56', '2025-07-01 10:48:56');
INSERT INTO `department` (`uuid`, `department`, `client_id`, `tenant_id`, `created_on`, `modified_on`) VALUES ('723ff957-a7c8-447f-83f7-73139c7a845e', 'Aerospace', 'fca02db2-2ffa-48bf-a954-74517ef056f3', 'df234305-8a47-4b4d-8efb-716a6b695428', '2025-07-01 10:48:56', '2025-07-01 10:48:56');
INSERT INTO `department` (`uuid`, `department`, `client_id`, `tenant_id`, `created_on`, `modified_on`) VALUES ('d4eaed3a-3129-4162-908a-13a9bfaa17d3', 'Biomedical', 'fca02db2-2ffa-48bf-a954-74517ef056f3', 'df234305-8a47-4b4d-8efb-716a6b695428', '2025-07-01 10:48:56', '2025-07-01 10:48:56');
INSERT INTO `department` (`uuid`, `department`, `client_id`, `tenant_id`, `created_on`, `modified_on`) VALUES ('19323751-87e2-4d42-88fd-21eb6e788e74', 'Cybersecurity', 'fca02db2-2ffa-48bf-a954-74517ef056f3', 'df234305-8a47-4b4d-8efb-716a6b695428', '2025-07-01 10:48:56', '2025-07-01 10:48:56');
INSERT INTO `department` (`uuid`, `department`, `client_id`, `tenant_id`, `created_on`, `modified_on`) VALUES ('513f44c9-2ab3-490b-8b77-5a7e3cbd7487', 'Robotics', 'fca02db2-2ffa-48bf-a954-74517ef056f3', 'df234305-8a47-4b4d-8efb-716a6b695428', '2025-07-01 10:48:56', '2025-07-01 10:48:56');
INSERT INTO `client_division` (`id`, `division_name`, `client_id`, `is_active`, `created_on`, `modified_on`, `tenant_id`) VALUES ('e9b5284f-d7cf-436d-b647-6bd5ada8f26c', 'Product Dev', 'fca02db2-2ffa-48bf-a954-74517ef056f3', 1, '2025-07-01 10:48:56', '2025-07-01 10:48:56', 'df234305-8a47-4b4d-8efb-716a6b695428');
INSERT INTO `client_division` (`id`, `division_name`, `client_id`, `is_active`, `created_on`, `modified_on`, `tenant_id`) VALUES ('2e51c9ff-ab67-4c0d-842d-b9d3984ead82', 'Core Tech', 'fca02db2-2ffa-48bf-a954-74517ef056f3', 1, '2025-07-01 10:48:56', '2025-07-01 10:48:56', 'df234305-8a47-4b4d-8efb-716a6b695428');
INSERT INTO `client_division` (`id`, `division_name`, `client_id`, `is_active`, `created_on`, `modified_on`, `tenant_id`) VALUES ('51c723c9-48d7-4a10-be21-7feda5e6c0f2', 'Engineering', 'fca02db2-2ffa-48bf-a954-74517ef056f3', 1, '2025-07-01 10:48:56', '2025-07-01 10:48:56', 'df234305-8a47-4b4d-8efb-716a6b695428');
INSERT INTO `client_division` (`id`, `division_name`, `client_id`, `is_active`, `created_on`, `modified_on`, `tenant_id`) VALUES ('33f23975-bc36-44f1-a205-0c511a809b35', 'R&D', 'fca02db2-2ffa-48bf-a954-74517ef056f3', 1, '2025-07-01 10:48:56', '2025-07-01 10:48:56', 'df234305-8a47-4b4d-8efb-716a6b695428');
INSERT INTO `client_division` (`id`, `division_name`, `client_id`, `is_active`, `created_on`, `modified_on`, `tenant_id`) VALUES ('6e1509d4-4490-4aa3-85eb-4d5ae10ad23a', 'Innovation Lab', 'fca02db2-2ffa-48bf-a954-74517ef056f3', 1, '2025-07-01 10:48:56', '2025-07-01 10:48:56', 'df234305-8a47-4b4d-8efb-716a6b695428');
INSERT INTO `client` (`id`, `client_code`, `client_name`, `email`, `is_active`, `created_on`, `modified_on`, `tenant_id`) VALUES ('2404dd4f-f9e3-4e11-bc72-e70a93a770f2', 1096, 'Mason, Mccoy and Parker', 'info@masonmccoyandparker.com', 1, '2025-07-01 10:48:56', '2025-07-01 10:48:56', 'df234305-8a47-4b4d-8efb-716a6b695428');
INSERT INTO `department` (`uuid`, `department`, `client_id`, `tenant_id`, `created_on`, `modified_on`) VALUES ('416725dc-eec4-4b8a-a759-96f420c660d0', 'Robotics', '2404dd4f-f9e3-4e11-bc72-e70a93a770f2', 'df234305-8a47-4b4d-8efb-716a6b695428', '2025-07-01 10:48:56', '2025-07-01 10:48:56');
INSERT INTO `department` (`uuid`, `department`, `client_id`, `tenant_id`, `created_on`, `modified_on`) VALUES ('cf46be41-5388-41b6-a399-1824bd3b411a', 'Civil Systems', '2404dd4f-f9e3-4e11-bc72-e70a93a770f2', 'df234305-8a47-4b4d-8efb-716a6b695428', '2025-07-01 10:48:56', '2025-07-01 10:48:56');
INSERT INTO `department` (`uuid`, `department`, `client_id`, `tenant_id`, `created_on`, `modified_on`) VALUES ('79215096-63a3-4132-a7d7-c795585c7cd5', 'Biomedical', '2404dd4f-f9e3-4e11-bc72-e70a93a770f2', 'df234305-8a47-4b4d-8efb-716a6b695428', '2025-07-01 10:48:56', '2025-07-01 10:48:56');
INSERT INTO `department` (`uuid`, `department`, `client_id`, `tenant_id`, `created_on`, `modified_on`) VALUES ('5c80a944-36b2-4fed-a482-e663e6ea303b', 'Cybersecurity', '2404dd4f-f9e3-4e11-bc72-e70a93a770f2', 'df234305-8a47-4b4d-8efb-716a6b695428', '2025-07-01 10:48:56', '2025-07-01 10:48:56');
INSERT INTO `department` (`uuid`, `department`, `client_id`, `tenant_id`, `created_on`, `modified_on`) VALUES ('d12a9591-fc16-4fef-987d-a4186dfd7be7', 'Aerospace', '2404dd4f-f9e3-4e11-bc72-e70a93a770f2', 'df234305-8a47-4b4d-8efb-716a6b695428', '2025-07-01 10:48:56', '2025-07-01 10:48:56');
INSERT INTO `department` (`uuid`, `department`, `client_id`, `tenant_id`, `created_on`, `modified_on`) VALUES ('e6292848-774c-457d-ae82-c88454b76711', 'AI Solutions', '2404dd4f-f9e3-4e11-bc72-e70a93a770f2', 'df234305-8a47-4b4d-8efb-716a6b695428', '2025-07-01 10:48:56', '2025-07-01 10:48:56');
INSERT INTO `client_division` (`id`, `division_name`, `client_id`, `is_active`, `created_on`, `modified_on`, `tenant_id`) VALUES ('9faccb3c-ed7c-4401-995c-9bdb5c413094', 'Innovation Lab', '2404dd4f-f9e3-4e11-bc72-e70a93a770f2', 1, '2025-07-01 10:48:56', '2025-07-01 10:48:56', 'df234305-8a47-4b4d-8efb-716a6b695428');
INSERT INTO `client_division` (`id`, `division_name`, `client_id`, `is_active`, `created_on`, `modified_on`, `tenant_id`) VALUES ('6515b831-6e71-4ad0-9d3e-135904fff8e0', 'R&D', '2404dd4f-f9e3-4e11-bc72-e70a93a770f2', 1, '2025-07-01 10:48:56', '2025-07-01 10:48:56', 'df234305-8a47-4b4d-8efb-716a6b695428');
INSERT INTO `client_division` (`id`, `division_name`, `client_id`, `is_active`, `created_on`, `modified_on`, `tenant_id`) VALUES ('eb7e9d1b-d349-4939-a633-93d23a5aadd2', 'Core Tech', '2404dd4f-f9e3-4e11-bc72-e70a93a770f2', 1, '2025-07-01 10:48:56', '2025-07-01 10:48:56', 'df234305-8a47-4b4d-8efb-716a6b695428');
INSERT INTO `client_division` (`id`, `division_name`, `client_id`, `is_active`, `created_on`, `modified_on`, `tenant_id`) VALUES ('80d3c0d3-3bd1-40a2-94b0-16196ad721ff', 'Engineering', '2404dd4f-f9e3-4e11-bc72-e70a93a770f2', 1, '2025-07-01 10:48:56', '2025-07-01 10:48:56', 'df234305-8a47-4b4d-8efb-716a6b695428');
INSERT INTO `client_division` (`id`, `division_name`, `client_id`, `is_active`, `created_on`, `modified_on`, `tenant_id`) VALUES ('46d2f43b-da41-4a49-ac79-a250fa040a6c', 'Product Dev', '2404dd4f-f9e3-4e11-bc72-e70a93a770f2', 1, '2025-07-01 10:48:56', '2025-07-01 10:48:56', 'df234305-8a47-4b4d-8efb-716a6b695428');
INSERT INTO `client` (`id`, `client_code`, `client_name`, `email`, `is_active`, `created_on`, `modified_on`, `tenant_id`) VALUES ('91c3e57b-da5e-457a-ad60-c41a22ff118f', 1097, 'Campbell, Mcpherson and Brown', 'info@campbellmcphersonandbrown.com', 1, '2025-07-01 10:48:56', '2025-07-01 10:48:56', 'df234305-8a47-4b4d-8efb-716a6b695428');
INSERT INTO `department` (`uuid`, `department`, `client_id`, `tenant_id`, `created_on`, `modified_on`) VALUES ('dbee429c-ffea-49b3-a49d-c280a8be3bf6', 'Biomedical', '91c3e57b-da5e-457a-ad60-c41a22ff118f', 'df234305-8a47-4b4d-8efb-716a6b695428', '2025-07-01 10:48:56', '2025-07-01 10:48:56');
INSERT INTO `department` (`uuid`, `department`, `client_id`, `tenant_id`, `created_on`, `modified_on`) VALUES ('eb5dec6b-a12b-4127-bfb5-1f67edd03bc4', 'Aerospace', '91c3e57b-da5e-457a-ad60-c41a22ff118f', 'df234305-8a47-4b4d-8efb-716a6b695428', '2025-07-01 10:48:56', '2025-07-01 10:48:56');
INSERT INTO `department` (`uuid`, `department`, `client_id`, `tenant_id`, `created_on`, `modified_on`) VALUES ('c625aa94-2328-4f8d-bd08-8d61ca88a65a', 'Cybersecurity', '91c3e57b-da5e-457a-ad60-c41a22ff118f', 'df234305-8a47-4b4d-8efb-716a6b695428', '2025-07-01 10:48:56', '2025-07-01 10:48:56');
INSERT INTO `department` (`uuid`, `department`, `client_id`, `tenant_id`, `created_on`, `modified_on`) VALUES ('70389989-2d60-4fa0-9152-7645f120f553', 'Civil Systems', '91c3e57b-da5e-457a-ad60-c41a22ff118f', 'df234305-8a47-4b4d-8efb-716a6b695428', '2025-07-01 10:48:56', '2025-07-01 10:48:56');
INSERT INTO `department` (`uuid`, `department`, `client_id`, `tenant_id`, `created_on`, `modified_on`) VALUES ('08c55594-dd51-4269-bcaa-a2dce8044ed7', 'Robotics', '91c3e57b-da5e-457a-ad60-c41a22ff118f', 'df234305-8a47-4b4d-8efb-716a6b695428', '2025-07-01 10:48:56', '2025-07-01 10:48:56');
INSERT INTO `department` (`uuid`, `department`, `client_id`, `tenant_id`, `created_on`, `modified_on`) VALUES ('211017f0-c359-426b-8d45-0f6a9735dc3e', 'AI Solutions', '91c3e57b-da5e-457a-ad60-c41a22ff118f', 'df234305-8a47-4b4d-8efb-716a6b695428', '2025-07-01 10:48:56', '2025-07-01 10:48:56');
INSERT INTO `client_division` (`id`, `division_name`, `client_id`, `is_active`, `created_on`, `modified_on`, `tenant_id`) VALUES ('a1230872-aaed-4122-9915-da89f3752e6c', 'R&D', '91c3e57b-da5e-457a-ad60-c41a22ff118f', 1, '2025-07-01 10:48:56', '2025-07-01 10:48:56', 'df234305-8a47-4b4d-8efb-716a6b695428');
INSERT INTO `client_division` (`id`, `division_name`, `client_id`, `is_active`, `created_on`, `modified_on`, `tenant_id`) VALUES ('56dbab91-679b-4269-86f1-52c35eedf574', 'Product Dev', '91c3e57b-da5e-457a-ad60-c41a22ff118f', 1, '2025-07-01 10:48:56', '2025-07-01 10:48:56', 'df234305-8a47-4b4d-8efb-716a6b695428');
INSERT INTO `client_division` (`id`, `division_name`, `client_id`, `is_active`, `created_on`, `modified_on`, `tenant_id`) VALUES ('ce616e8f-4c09-4dc7-b0d2-11a7bdd5d302', 'Engineering', '91c3e57b-da5e-457a-ad60-c41a22ff118f', 1, '2025-07-01 10:48:56', '2025-07-01 10:48:56', 'df234305-8a47-4b4d-8efb-716a6b695428');
INSERT INTO `client_division` (`id`, `division_name`, `client_id`, `is_active`, `created_on`, `modified_on`, `tenant_id`) VALUES ('1eff9d51-9c37-49e7-96d7-1f54c1c6347e', 'Core Tech', '91c3e57b-da5e-457a-ad60-c41a22ff118f', 1, '2025-07-01 10:48:56', '2025-07-01 10:48:56', 'df234305-8a47-4b4d-8efb-716a6b695428');
INSERT INTO `client_division` (`id`, `division_name`, `client_id`, `is_active`, `created_on`, `modified_on`, `tenant_id`) VALUES ('cfe272a3-c324-41a7-8b16-183cb91e33b3', 'Innovation Lab', '91c3e57b-da5e-457a-ad60-c41a22ff118f', 1, '2025-07-01 10:48:56', '2025-07-01 10:48:56', 'df234305-8a47-4b4d-8efb-716a6b695428');
INSERT INTO `client` (`id`, `client_code`, `client_name`, `email`, `is_active`, `created_on`, `modified_on`, `tenant_id`) VALUES ('e5c74c62-2d21-4592-bb9e-b12a64416f72', 1098, 'Green, Morgan and King', 'info@greenmorganandking.com', 1, '2025-07-01 10:48:56', '2025-07-01 10:48:56', 'df234305-8a47-4b4d-8efb-716a6b695428');
INSERT INTO `department` (`uuid`, `department`, `client_id`, `tenant_id`, `created_on`, `modified_on`) VALUES ('2c5dd0cb-0024-4be4-a125-c419d4b990c6', 'Civil Systems', 'e5c74c62-2d21-4592-bb9e-b12a64416f72', 'df234305-8a47-4b4d-8efb-716a6b695428', '2025-07-01 10:48:56', '2025-07-01 10:48:56');
INSERT INTO `department` (`uuid`, `department`, `client_id`, `tenant_id`, `created_on`, `modified_on`) VALUES ('fa9809d0-a32e-4f6f-a557-abde37d35592', 'AI Solutions', 'e5c74c62-2d21-4592-bb9e-b12a64416f72', 'df234305-8a47-4b4d-8efb-716a6b695428', '2025-07-01 10:48:56', '2025-07-01 10:48:56');
INSERT INTO `department` (`uuid`, `department`, `client_id`, `tenant_id`, `created_on`, `modified_on`) VALUES ('ea0a42ee-562d-4bcd-b48c-7111049df353', 'Aerospace', 'e5c74c62-2d21-4592-bb9e-b12a64416f72', 'df234305-8a47-4b4d-8efb-716a6b695428', '2025-07-01 10:48:56', '2025-07-01 10:48:56');
INSERT INTO `department` (`uuid`, `department`, `client_id`, `tenant_id`, `created_on`, `modified_on`) VALUES ('412a3f08-d336-464e-9d98-d1ec15efdb2c', 'Biomedical', 'e5c74c62-2d21-4592-bb9e-b12a64416f72', 'df234305-8a47-4b4d-8efb-716a6b695428', '2025-07-01 10:48:56', '2025-07-01 10:48:56');
INSERT INTO `department` (`uuid`, `department`, `client_id`, `tenant_id`, `created_on`, `modified_on`) VALUES ('426b00af-6c94-430c-8c5e-06d6e24f201e', 'Cybersecurity', 'e5c74c62-2d21-4592-bb9e-b12a64416f72', 'df234305-8a47-4b4d-8efb-716a6b695428', '2025-07-01 10:48:56', '2025-07-01 10:48:56');
INSERT INTO `department` (`uuid`, `department`, `client_id`, `tenant_id`, `created_on`, `modified_on`) VALUES ('abc4f234-aa4f-485f-9f7e-a51ecaa16a56', 'Robotics', 'e5c74c62-2d21-4592-bb9e-b12a64416f72', 'df234305-8a47-4b4d-8efb-716a6b695428', '2025-07-01 10:48:56', '2025-07-01 10:48:56');
INSERT INTO `client_division` (`id`, `division_name`, `client_id`, `is_active`, `created_on`, `modified_on`, `tenant_id`) VALUES ('05fd5cf3-9741-4d4f-b034-702584b95cfa', 'Innovation Lab', 'e5c74c62-2d21-4592-bb9e-b12a64416f72', 1, '2025-07-01 10:48:56', '2025-07-01 10:48:56', 'df234305-8a47-4b4d-8efb-716a6b695428');
INSERT INTO `client_division` (`id`, `division_name`, `client_id`, `is_active`, `created_on`, `modified_on`, `tenant_id`) VALUES ('1ce18133-bd38-4378-904a-bd5c208037f3', 'R&D', 'e5c74c62-2d21-4592-bb9e-b12a64416f72', 1, '2025-07-01 10:48:56', '2025-07-01 10:48:56', 'df234305-8a47-4b4d-8efb-716a6b695428');
INSERT INTO `client_division` (`id`, `division_name`, `client_id`, `is_active`, `created_on`, `modified_on`, `tenant_id`) VALUES ('f92edc86-5f71-4885-b019-57d71d8d06e2', 'Core Tech', 'e5c74c62-2d21-4592-bb9e-b12a64416f72', 1, '2025-07-01 10:48:56', '2025-07-01 10:48:56', 'df234305-8a47-4b4d-8efb-716a6b695428');
INSERT INTO `client_division` (`id`, `division_name`, `client_id`, `is_active`, `created_on`, `modified_on`, `tenant_id`) VALUES ('4be925d0-163e-4fee-a161-a8a476e420d8', 'Engineering', 'e5c74c62-2d21-4592-bb9e-b12a64416f72', 1, '2025-07-01 10:48:56', '2025-07-01 10:48:56', 'df234305-8a47-4b4d-8efb-716a6b695428');
INSERT INTO `client_division` (`id`, `division_name`, `client_id`, `is_active`, `created_on`, `modified_on`, `tenant_id`) VALUES ('64c9c5da-9f49-442f-9f18-74a37376c3d4', 'Product Dev', 'e5c74c62-2d21-4592-bb9e-b12a64416f72', 1, '2025-07-01 10:48:56', '2025-07-01 10:48:56', 'df234305-8a47-4b4d-8efb-716a6b695428');
INSERT INTO `client` (`id`, `client_code`, `client_name`, `email`, `is_active`, `created_on`, `modified_on`, `tenant_id`) VALUES ('1d54b56e-f13e-43ed-b818-1825affd7f37', 1099, 'Russell-Brandt', 'info@russellbrandt.com', 1, '2025-07-01 10:48:56', '2025-07-01 10:48:56', 'df234305-8a47-4b4d-8efb-716a6b695428');
INSERT INTO `department` (`uuid`, `department`, `client_id`, `tenant_id`, `created_on`, `modified_on`) VALUES ('b3c5a7dc-69f2-4a44-aee5-8c3f0e53e2cb', 'Robotics', '1d54b56e-f13e-43ed-b818-1825affd7f37', 'df234305-8a47-4b4d-8efb-716a6b695428', '2025-07-01 10:48:56', '2025-07-01 10:48:56');
INSERT INTO `department` (`uuid`, `department`, `client_id`, `tenant_id`, `created_on`, `modified_on`) VALUES ('1f74942d-42fe-4341-b043-b07fe99655d1', 'AI Solutions', '1d54b56e-f13e-43ed-b818-1825affd7f37', 'df234305-8a47-4b4d-8efb-716a6b695428', '2025-07-01 10:48:56', '2025-07-01 10:48:56');
INSERT INTO `department` (`uuid`, `department`, `client_id`, `tenant_id`, `created_on`, `modified_on`) VALUES ('f3658585-c647-400c-b07b-ca982b05d573', 'Aerospace', '1d54b56e-f13e-43ed-b818-1825affd7f37', 'df234305-8a47-4b4d-8efb-716a6b695428', '2025-07-01 10:48:56', '2025-07-01 10:48:56');
INSERT INTO `department` (`uuid`, `department`, `client_id`, `tenant_id`, `created_on`, `modified_on`) VALUES ('36128b54-0347-4d4c-bd50-1b5fee1885cf', 'Cybersecurity', '1d54b56e-f13e-43ed-b818-1825affd7f37', 'df234305-8a47-4b4d-8efb-716a6b695428', '2025-07-01 10:48:56', '2025-07-01 10:48:56');
INSERT INTO `department` (`uuid`, `department`, `client_id`, `tenant_id`, `created_on`, `modified_on`) VALUES ('860c9218-86f8-4444-bc36-29a67516e9b4', 'Biomedical', '1d54b56e-f13e-43ed-b818-1825affd7f37', 'df234305-8a47-4b4d-8efb-716a6b695428', '2025-07-01 10:48:56', '2025-07-01 10:48:56');
INSERT INTO `department` (`uuid`, `department`, `client_id`, `tenant_id`, `created_on`, `modified_on`) VALUES ('93abc45a-cdd9-4915-83af-3f79085d385e', 'Civil Systems', '1d54b56e-f13e-43ed-b818-1825affd7f37', 'df234305-8a47-4b4d-8efb-716a6b695428', '2025-07-01 10:48:56', '2025-07-01 10:48:56');
INSERT INTO `client_division` (`id`, `division_name`, `client_id`, `is_active`, `created_on`, `modified_on`, `tenant_id`) VALUES ('ed7c0846-e777-4b4a-ad5c-c013f8fd480a', 'Product Dev', '1d54b56e-f13e-43ed-b818-1825affd7f37', 1, '2025-07-01 10:48:56', '2025-07-01 10:48:56', 'df234305-8a47-4b4d-8efb-716a6b695428');
INSERT INTO `client_division` (`id`, `division_name`, `client_id`, `is_active`, `created_on`, `modified_on`, `tenant_id`) VALUES ('8164d5c8-26ac-4b68-b155-2d1b187dbb2d', 'Engineering', '1d54b56e-f13e-43ed-b818-1825affd7f37', 1, '2025-07-01 10:48:56', '2025-07-01 10:48:56', 'df234305-8a47-4b4d-8efb-716a6b695428');
INSERT INTO `client_division` (`id`, `division_name`, `client_id`, `is_active`, `created_on`, `modified_on`, `tenant_id`) VALUES ('aa9214ce-16a1-4768-8151-7f7aea2e7a78', 'Core Tech', '1d54b56e-f13e-43ed-b818-1825affd7f37', 1, '2025-07-01 10:48:56', '2025-07-01 10:48:56', 'df234305-8a47-4b4d-8efb-716a6b695428');
INSERT INTO `client_division` (`id`, `division_name`, `client_id`, `is_active`, `created_on`, `modified_on`, `tenant_id`) VALUES ('51019146-121a-4f94-ab62-7f73ab0d1d79', 'Innovation Lab', '1d54b56e-f13e-43ed-b818-1825affd7f37', 1, '2025-07-01 10:48:56', '2025-07-01 10:48:56', 'df234305-8a47-4b4d-8efb-716a6b695428');
INSERT INTO `client_division` (`id`, `division_name`, `client_id`, `is_active`, `created_on`, `modified_on`, `tenant_id`) VALUES ('a876a485-1201-4514-aff3-0ca0ac045a0f', 'R&D', '1d54b56e-f13e-43ed-b818-1825affd7f37', 1, '2025-07-01 10:48:56', '2025-07-01 10:48:56', 'df234305-8a47-4b4d-8efb-716a6b695428');
INSERT INTO `client` (`id`, `client_code`, `client_name`, `email`, `is_active`, `created_on`, `modified_on`, `tenant_id`) VALUES ('e1670ea1-99f9-4ed3-b2be-c0fa7ee054f6', 1100, 'Martinez-Espinoza', 'info@martinezespinoza.com', 1, '2025-07-01 10:48:56', '2025-07-01 10:48:56', 'df234305-8a47-4b4d-8efb-716a6b695428');
INSERT INTO `department` (`uuid`, `department`, `client_id`, `tenant_id`, `created_on`, `modified_on`) VALUES ('2abed8ff-d75f-4fde-be4c-53dda3420ad9', 'Biomedical', 'e1670ea1-99f9-4ed3-b2be-c0fa7ee054f6', 'df234305-8a47-4b4d-8efb-716a6b695428', '2025-07-01 10:48:56', '2025-07-01 10:48:56');
INSERT INTO `department` (`uuid`, `department`, `client_id`, `tenant_id`, `created_on`, `modified_on`) VALUES ('f7a344ef-0f4a-43fc-98d6-9584d22cf9a4', 'Robotics', 'e1670ea1-99f9-4ed3-b2be-c0fa7ee054f6', 'df234305-8a47-4b4d-8efb-716a6b695428', '2025-07-01 10:48:56', '2025-07-01 10:48:56');
INSERT INTO `department` (`uuid`, `department`, `client_id`, `tenant_id`, `created_on`, `modified_on`) VALUES ('7ec176c2-65ca-4035-9c0d-81a3ca1ab085', 'Aerospace', 'e1670ea1-99f9-4ed3-b2be-c0fa7ee054f6', 'df234305-8a47-4b4d-8efb-716a6b695428', '2025-07-01 10:48:56', '2025-07-01 10:48:56');
INSERT INTO `department` (`uuid`, `department`, `client_id`, `tenant_id`, `created_on`, `modified_on`) VALUES ('3a2d37f7-d63b-42f0-8791-77aa6bb3b4d7', 'AI Solutions', 'e1670ea1-99f9-4ed3-b2be-c0fa7ee054f6', 'df234305-8a47-4b4d-8efb-716a6b695428', '2025-07-01 10:48:56', '2025-07-01 10:48:56');
INSERT INTO `department` (`uuid`, `department`, `client_id`, `tenant_id`, `created_on`, `modified_on`) VALUES ('e11e1606-8e04-4c73-99f3-0f92047ee0fd', 'Civil Systems', 'e1670ea1-99f9-4ed3-b2be-c0fa7ee054f6', 'df234305-8a47-4b4d-8efb-716a6b695428', '2025-07-01 10:48:56', '2025-07-01 10:48:56');
INSERT INTO `department` (`uuid`, `department`, `client_id`, `tenant_id`, `created_on`, `modified_on`) VALUES ('d2d19646-8390-486e-91cf-1b6e06533a21', 'Cybersecurity', 'e1670ea1-99f9-4ed3-b2be-c0fa7ee054f6', 'df234305-8a47-4b4d-8efb-716a6b695428', '2025-07-01 10:48:56', '2025-07-01 10:48:56');
INSERT INTO `client_division` (`id`, `division_name`, `client_id`, `is_active`, `created_on`, `modified_on`, `tenant_id`) VALUES ('6472ec89-f9d5-4e3f-b28d-6b7eb92cb033', 'R&D', 'e1670ea1-99f9-4ed3-b2be-c0fa7ee054f6', 1, '2025-07-01 10:48:56', '2025-07-01 10:48:56', 'df234305-8a47-4b4d-8efb-716a6b695428');
INSERT INTO `client_division` (`id`, `division_name`, `client_id`, `is_active`, `created_on`, `modified_on`, `tenant_id`) VALUES ('07f45406-7586-4357-a70e-277e06cee5b1', 'Engineering', 'e1670ea1-99f9-4ed3-b2be-c0fa7ee054f6', 1, '2025-07-01 10:48:56', '2025-07-01 10:48:56', 'df234305-8a47-4b4d-8efb-716a6b695428');
INSERT INTO `client_division` (`id`, `division_name`, `client_id`, `is_active`, `created_on`, `modified_on`, `tenant_id`) VALUES ('6427274d-6dec-4112-81f8-5817f0592045', 'Core Tech', 'e1670ea1-99f9-4ed3-b2be-c0fa7ee054f6', 1, '2025-07-01 10:48:56', '2025-07-01 10:48:56', 'df234305-8a47-4b4d-8efb-716a6b695428');
INSERT INTO `client_division` (`id`, `division_name`, `client_id`, `is_active`, `created_on`, `modified_on`, `tenant_id`) VALUES ('c8e80ece-790b-4a5a-bbb1-ecc4f799c83a', 'Innovation Lab', 'e1670ea1-99f9-4ed3-b2be-c0fa7ee054f6', 1, '2025-07-01 10:48:56', '2025-07-01 10:48:56', 'df234305-8a47-4b4d-8efb-716a6b695428');
INSERT INTO `client_division` (`id`, `division_name`, `client_id`, `is_active`, `created_on`, `modified_on`, `tenant_id`) VALUES ('dedb9cf9-064d-471d-a1c0-fabab96307c7', 'Product Dev', 'e1670ea1-99f9-4ed3-b2be-c0fa7ee054f6', 1, '2025-07-01 10:48:56', '2025-07-01 10:48:56', 'df234305-8a47-4b4d-8efb-716a6b695428');
INSERT INTO `client` (`id`, `client_code`, `client_name`, `email`, `is_active`, `created_on`, `modified_on`, `tenant_id`) VALUES ('39d7ae54-6cdf-4abf-b461-d3aa7cb6f451', 1101, 'Williamson-Long', 'info@williamsonlong.com', 1, '2025-07-01 10:48:56', '2025-07-01 10:48:56', 'df234305-8a47-4b4d-8efb-716a6b695428');
INSERT INTO `department` (`uuid`, `department`, `client_id`, `tenant_id`, `created_on`, `modified_on`) VALUES ('d9637c20-d1cb-462d-90a5-84ca3c33cb37', 'Robotics', '39d7ae54-6cdf-4abf-b461-d3aa7cb6f451', 'df234305-8a47-4b4d-8efb-716a6b695428', '2025-07-01 10:48:56', '2025-07-01 10:48:56');
INSERT INTO `department` (`uuid`, `department`, `client_id`, `tenant_id`, `created_on`, `modified_on`) VALUES ('d4996d7e-a15c-404f-8c05-6456c6ed1e45', 'Biomedical', '39d7ae54-6cdf-4abf-b461-d3aa7cb6f451', 'df234305-8a47-4b4d-8efb-716a6b695428', '2025-07-01 10:48:56', '2025-07-01 10:48:56');
INSERT INTO `department` (`uuid`, `department`, `client_id`, `tenant_id`, `created_on`, `modified_on`) VALUES ('c1a28eb5-c7b4-4b68-9ca8-6e90eaa4adf1', 'AI Solutions', '39d7ae54-6cdf-4abf-b461-d3aa7cb6f451', 'df234305-8a47-4b4d-8efb-716a6b695428', '2025-07-01 10:48:56', '2025-07-01 10:48:56');
INSERT INTO `department` (`uuid`, `department`, `client_id`, `tenant_id`, `created_on`, `modified_on`) VALUES ('0940a926-4f02-404d-92e0-1c1d18dc0547', 'Aerospace', '39d7ae54-6cdf-4abf-b461-d3aa7cb6f451', 'df234305-8a47-4b4d-8efb-716a6b695428', '2025-07-01 10:48:56', '2025-07-01 10:48:56');
INSERT INTO `department` (`uuid`, `department`, `client_id`, `tenant_id`, `created_on`, `modified_on`) VALUES ('9fe07fc9-eb8e-47e8-b37d-d3aa6a24a723', 'Cybersecurity', '39d7ae54-6cdf-4abf-b461-d3aa7cb6f451', 'df234305-8a47-4b4d-8efb-716a6b695428', '2025-07-01 10:48:56', '2025-07-01 10:48:56');
INSERT INTO `department` (`uuid`, `department`, `client_id`, `tenant_id`, `created_on`, `modified_on`) VALUES ('cc3d009c-c416-48a9-8516-df97511344d3', 'Civil Systems', '39d7ae54-6cdf-4abf-b461-d3aa7cb6f451', 'df234305-8a47-4b4d-8efb-716a6b695428', '2025-07-01 10:48:56', '2025-07-01 10:48:56');
INSERT INTO `client_division` (`id`, `division_name`, `client_id`, `is_active`, `created_on`, `modified_on`, `tenant_id`) VALUES ('ccf007bd-5ef5-4b8f-8ca4-38807cf771b6', 'R&D', '39d7ae54-6cdf-4abf-b461-d3aa7cb6f451', 1, '2025-07-01 10:48:56', '2025-07-01 10:48:56', 'df234305-8a47-4b4d-8efb-716a6b695428');
INSERT INTO `client_division` (`id`, `division_name`, `client_id`, `is_active`, `created_on`, `modified_on`, `tenant_id`) VALUES ('bfc4d92a-3ae2-4dbd-9f19-9969089ae1a4', 'Innovation Lab', '39d7ae54-6cdf-4abf-b461-d3aa7cb6f451', 1, '2025-07-01 10:48:56', '2025-07-01 10:48:56', 'df234305-8a47-4b4d-8efb-716a6b695428');
INSERT INTO `client_division` (`id`, `division_name`, `client_id`, `is_active`, `created_on`, `modified_on`, `tenant_id`) VALUES ('0be785c9-ee7b-452f-902d-3b955e67b2a3', 'Core Tech', '39d7ae54-6cdf-4abf-b461-d3aa7cb6f451', 1, '2025-07-01 10:48:56', '2025-07-01 10:48:56', 'df234305-8a47-4b4d-8efb-716a6b695428');
INSERT INTO `client_division` (`id`, `division_name`, `client_id`, `is_active`, `created_on`, `modified_on`, `tenant_id`) VALUES ('053a8212-fff6-4961-9265-54d4758dfc8b', 'Product Dev', '39d7ae54-6cdf-4abf-b461-d3aa7cb6f451', 1, '2025-07-01 10:48:56', '2025-07-01 10:48:56', 'df234305-8a47-4b4d-8efb-716a6b695428');
INSERT INTO `client_division` (`id`, `division_name`, `client_id`, `is_active`, `created_on`, `modified_on`, `tenant_id`) VALUES ('84dc68fa-417a-4c26-8394-91ef12f8e0e3', 'Engineering', '39d7ae54-6cdf-4abf-b461-d3aa7cb6f451', 1, '2025-07-01 10:48:56', '2025-07-01 10:48:56', 'df234305-8a47-4b4d-8efb-716a6b695428');
INSERT INTO `client` (`id`, `client_code`, `client_name`, `email`, `is_active`, `created_on`, `modified_on`, `tenant_id`) VALUES ('627b8979-e15d-4651-890f-38539cd5f045', 1102, 'Carroll Inc', 'info@carrollinc.com', 1, '2025-07-01 10:48:56', '2025-07-01 10:48:56', 'df234305-8a47-4b4d-8efb-716a6b695428');
INSERT INTO `department` (`uuid`, `department`, `client_id`, `tenant_id`, `created_on`, `modified_on`) VALUES ('dd347945-1534-4d48-a25c-cf59bf9da991', 'Aerospace', '627b8979-e15d-4651-890f-38539cd5f045', 'df234305-8a47-4b4d-8efb-716a6b695428', '2025-07-01 10:48:56', '2025-07-01 10:48:56');
INSERT INTO `department` (`uuid`, `department`, `client_id`, `tenant_id`, `created_on`, `modified_on`) VALUES ('9a40dd39-c285-483c-bb1f-0a8876da10aa', 'Cybersecurity', '627b8979-e15d-4651-890f-38539cd5f045', 'df234305-8a47-4b4d-8efb-716a6b695428', '2025-07-01 10:48:56', '2025-07-01 10:48:56');
INSERT INTO `department` (`uuid`, `department`, `client_id`, `tenant_id`, `created_on`, `modified_on`) VALUES ('5ca73909-6685-434b-848d-0c1c2fcd1d35', 'Biomedical', '627b8979-e15d-4651-890f-38539cd5f045', 'df234305-8a47-4b4d-8efb-716a6b695428', '2025-07-01 10:48:56', '2025-07-01 10:48:56');
INSERT INTO `department` (`uuid`, `department`, `client_id`, `tenant_id`, `created_on`, `modified_on`) VALUES ('edab691b-45c3-450d-8ac6-b8b70521ed52', 'Civil Systems', '627b8979-e15d-4651-890f-38539cd5f045', 'df234305-8a47-4b4d-8efb-716a6b695428', '2025-07-01 10:48:56', '2025-07-01 10:48:56');
INSERT INTO `department` (`uuid`, `department`, `client_id`, `tenant_id`, `created_on`, `modified_on`) VALUES ('50b13ebf-e1fc-453f-9f29-6f60a3ed4fc5', 'AI Solutions', '627b8979-e15d-4651-890f-38539cd5f045', 'df234305-8a47-4b4d-8efb-716a6b695428', '2025-07-01 10:48:56', '2025-07-01 10:48:56');
INSERT INTO `department` (`uuid`, `department`, `client_id`, `tenant_id`, `created_on`, `modified_on`) VALUES ('b6943efe-709d-4e7d-abc6-e0d40bf3093b', 'Robotics', '627b8979-e15d-4651-890f-38539cd5f045', 'df234305-8a47-4b4d-8efb-716a6b695428', '2025-07-01 10:48:56', '2025-07-01 10:48:56');
INSERT INTO `client_division` (`id`, `division_name`, `client_id`, `is_active`, `created_on`, `modified_on`, `tenant_id`) VALUES ('beec1098-97f0-4c19-9efb-77a0ca19d7f2', 'Innovation Lab', '627b8979-e15d-4651-890f-38539cd5f045', 1, '2025-07-01 10:48:56', '2025-07-01 10:48:56', 'df234305-8a47-4b4d-8efb-716a6b695428');
INSERT INTO `client_division` (`id`, `division_name`, `client_id`, `is_active`, `created_on`, `modified_on`, `tenant_id`) VALUES ('8a5e018a-188f-47c5-bbb6-b0574e0c2fd4', 'Core Tech', '627b8979-e15d-4651-890f-38539cd5f045', 1, '2025-07-01 10:48:56', '2025-07-01 10:48:56', 'df234305-8a47-4b4d-8efb-716a6b695428');
INSERT INTO `client_division` (`id`, `division_name`, `client_id`, `is_active`, `created_on`, `modified_on`, `tenant_id`) VALUES ('8efff5b5-5b3d-4115-8cc9-0051c48b5f6e', 'Engineering', '627b8979-e15d-4651-890f-38539cd5f045', 1, '2025-07-01 10:48:56', '2025-07-01 10:48:56', 'df234305-8a47-4b4d-8efb-716a6b695428');
INSERT INTO `client_division` (`id`, `division_name`, `client_id`, `is_active`, `created_on`, `modified_on`, `tenant_id`) VALUES ('8d405de8-4d98-45f4-bd22-2cf4dcfafd2f', 'Product Dev', '627b8979-e15d-4651-890f-38539cd5f045', 1, '2025-07-01 10:48:56', '2025-07-01 10:48:56', 'df234305-8a47-4b4d-8efb-716a6b695428');
INSERT INTO `client_division` (`id`, `division_name`, `client_id`, `is_active`, `created_on`, `modified_on`, `tenant_id`) VALUES ('2ad43c42-9ccb-4e12-b800-7b1560c6b34d', 'R&D', '627b8979-e15d-4651-890f-38539cd5f045', 1, '2025-07-01 10:48:56', '2025-07-01 10:48:56', 'df234305-8a47-4b4d-8efb-716a6b695428');
INSERT INTO `client` (`id`, `client_code`, `client_name`, `email`, `is_active`, `created_on`, `modified_on`, `tenant_id`) VALUES ('c60b3092-7099-4878-9ab0-5d0480c2f53d', 1103, 'Hicks-Gonzalez', 'info@hicksgonzalez.com', 1, '2025-07-01 10:48:56', '2025-07-01 10:48:56', 'df234305-8a47-4b4d-8efb-716a6b695428');
INSERT INTO `department` (`uuid`, `department`, `client_id`, `tenant_id`, `created_on`, `modified_on`) VALUES ('46b0620f-073f-4749-b2df-29b12e7d6139', 'Robotics', 'c60b3092-7099-4878-9ab0-5d0480c2f53d', 'df234305-8a47-4b4d-8efb-716a6b695428', '2025-07-01 10:48:56', '2025-07-01 10:48:56');
INSERT INTO `department` (`uuid`, `department`, `client_id`, `tenant_id`, `created_on`, `modified_on`) VALUES ('e09cb20f-cee2-493f-be77-841a9d61bbed', 'Biomedical', 'c60b3092-7099-4878-9ab0-5d0480c2f53d', 'df234305-8a47-4b4d-8efb-716a6b695428', '2025-07-01 10:48:56', '2025-07-01 10:48:56');
INSERT INTO `department` (`uuid`, `department`, `client_id`, `tenant_id`, `created_on`, `modified_on`) VALUES ('c38c6a32-4733-45bb-8ce0-02a2d523d3cc', 'Civil Systems', 'c60b3092-7099-4878-9ab0-5d0480c2f53d', 'df234305-8a47-4b4d-8efb-716a6b695428', '2025-07-01 10:48:56', '2025-07-01 10:48:56');
INSERT INTO `department` (`uuid`, `department`, `client_id`, `tenant_id`, `created_on`, `modified_on`) VALUES ('bce393b0-25c4-4edf-9121-3b79c0ebedaf', 'AI Solutions', 'c60b3092-7099-4878-9ab0-5d0480c2f53d', 'df234305-8a47-4b4d-8efb-716a6b695428', '2025-07-01 10:48:56', '2025-07-01 10:48:56');
INSERT INTO `department` (`uuid`, `department`, `client_id`, `tenant_id`, `created_on`, `modified_on`) VALUES ('96a23e49-056f-4a1b-acf4-b94439a9df61', 'Aerospace', 'c60b3092-7099-4878-9ab0-5d0480c2f53d', 'df234305-8a47-4b4d-8efb-716a6b695428', '2025-07-01 10:48:56', '2025-07-01 10:48:56');
INSERT INTO `department` (`uuid`, `department`, `client_id`, `tenant_id`, `created_on`, `modified_on`) VALUES ('4c5be17d-8878-4463-9a05-b03ccf81dcb8', 'Cybersecurity', 'c60b3092-7099-4878-9ab0-5d0480c2f53d', 'df234305-8a47-4b4d-8efb-716a6b695428', '2025-07-01 10:48:56', '2025-07-01 10:48:56');
INSERT INTO `client_division` (`id`, `division_name`, `client_id`, `is_active`, `created_on`, `modified_on`, `tenant_id`) VALUES ('60575150-45d5-4045-ae9c-5e400287b9ba', 'Innovation Lab', 'c60b3092-7099-4878-9ab0-5d0480c2f53d', 1, '2025-07-01 10:48:56', '2025-07-01 10:48:56', 'df234305-8a47-4b4d-8efb-716a6b695428');
INSERT INTO `client_division` (`id`, `division_name`, `client_id`, `is_active`, `created_on`, `modified_on`, `tenant_id`) VALUES ('928dc4eb-a9e3-472e-9794-f9efbb6e2d7b', 'Engineering', 'c60b3092-7099-4878-9ab0-5d0480c2f53d', 1, '2025-07-01 10:48:56', '2025-07-01 10:48:56', 'df234305-8a47-4b4d-8efb-716a6b695428');
INSERT INTO `client_division` (`id`, `division_name`, `client_id`, `is_active`, `created_on`, `modified_on`, `tenant_id`) VALUES ('c41625f1-dca5-4220-bf67-7b79a52e83be', 'Product Dev', 'c60b3092-7099-4878-9ab0-5d0480c2f53d', 1, '2025-07-01 10:48:56', '2025-07-01 10:48:56', 'df234305-8a47-4b4d-8efb-716a6b695428');
INSERT INTO `client_division` (`id`, `division_name`, `client_id`, `is_active`, `created_on`, `modified_on`, `tenant_id`) VALUES ('952db1c7-651a-403b-87a4-adb623c356d9', 'R&D', 'c60b3092-7099-4878-9ab0-5d0480c2f53d', 1, '2025-07-01 10:48:56', '2025-07-01 10:48:56', 'df234305-8a47-4b4d-8efb-716a6b695428');
INSERT INTO `client_division` (`id`, `division_name`, `client_id`, `is_active`, `created_on`, `modified_on`, `tenant_id`) VALUES ('e87515c2-7c54-473a-ad69-d67b7d6a84b9', 'Core Tech', 'c60b3092-7099-4878-9ab0-5d0480c2f53d', 1, '2025-07-01 10:48:56', '2025-07-01 10:48:56', 'df234305-8a47-4b4d-8efb-716a6b695428');
INSERT INTO `client` (`id`, `client_code`, `client_name`, `email`, `is_active`, `created_on`, `modified_on`, `tenant_id`) VALUES ('26762570-2776-4762-a2db-2c55316278ed', 1104, 'Long and Sons', 'info@longandsons.com', 1, '2025-07-01 10:48:56', '2025-07-01 10:48:56', 'df234305-8a47-4b4d-8efb-716a6b695428');
INSERT INTO `department` (`uuid`, `department`, `client_id`, `tenant_id`, `created_on`, `modified_on`) VALUES ('e762cb5a-4c97-47d8-81ad-d0215563a4af', 'Robotics', '26762570-2776-4762-a2db-2c55316278ed', 'df234305-8a47-4b4d-8efb-716a6b695428', '2025-07-01 10:48:56', '2025-07-01 10:48:56');
INSERT INTO `department` (`uuid`, `department`, `client_id`, `tenant_id`, `created_on`, `modified_on`) VALUES ('b8304105-87ab-4a5b-9590-763840656773', 'AI Solutions', '26762570-2776-4762-a2db-2c55316278ed', 'df234305-8a47-4b4d-8efb-716a6b695428', '2025-07-01 10:48:56', '2025-07-01 10:48:56');
INSERT INTO `department` (`uuid`, `department`, `client_id`, `tenant_id`, `created_on`, `modified_on`) VALUES ('5e7a6d32-1abf-4a25-b1e8-b33d4d312e24', 'Civil Systems', '26762570-2776-4762-a2db-2c55316278ed', 'df234305-8a47-4b4d-8efb-716a6b695428', '2025-07-01 10:48:56', '2025-07-01 10:48:56');
INSERT INTO `department` (`uuid`, `department`, `client_id`, `tenant_id`, `created_on`, `modified_on`) VALUES ('98a35bf5-cb45-4e84-a302-991e8ad99190', 'Biomedical', '26762570-2776-4762-a2db-2c55316278ed', 'df234305-8a47-4b4d-8efb-716a6b695428', '2025-07-01 10:48:56', '2025-07-01 10:48:56');
INSERT INTO `department` (`uuid`, `department`, `client_id`, `tenant_id`, `created_on`, `modified_on`) VALUES ('41f27168-6c3f-4cb8-80db-af06897607ba', 'Cybersecurity', '26762570-2776-4762-a2db-2c55316278ed', 'df234305-8a47-4b4d-8efb-716a6b695428', '2025-07-01 10:48:56', '2025-07-01 10:48:56');
INSERT INTO `department` (`uuid`, `department`, `client_id`, `tenant_id`, `created_on`, `modified_on`) VALUES ('f2fbca21-7063-43de-a48f-e2884c9a10cc', 'Aerospace', '26762570-2776-4762-a2db-2c55316278ed', 'df234305-8a47-4b4d-8efb-716a6b695428', '2025-07-01 10:48:56', '2025-07-01 10:48:56');
INSERT INTO `client_division` (`id`, `division_name`, `client_id`, `is_active`, `created_on`, `modified_on`, `tenant_id`) VALUES ('f6d4e62a-d04a-4184-a2b1-ce8e028a24f4', 'R&D', '26762570-2776-4762-a2db-2c55316278ed', 1, '2025-07-01 10:48:56', '2025-07-01 10:48:56', 'df234305-8a47-4b4d-8efb-716a6b695428');
INSERT INTO `client_division` (`id`, `division_name`, `client_id`, `is_active`, `created_on`, `modified_on`, `tenant_id`) VALUES ('70034421-e992-43a6-8b0d-93d054b4fe72', 'Core Tech', '26762570-2776-4762-a2db-2c55316278ed', 1, '2025-07-01 10:48:56', '2025-07-01 10:48:56', 'df234305-8a47-4b4d-8efb-716a6b695428');
INSERT INTO `client_division` (`id`, `division_name`, `client_id`, `is_active`, `created_on`, `modified_on`, `tenant_id`) VALUES ('337a64e7-7835-4453-a99c-86ca9430d248', 'Product Dev', '26762570-2776-4762-a2db-2c55316278ed', 1, '2025-07-01 10:48:56', '2025-07-01 10:48:56', 'df234305-8a47-4b4d-8efb-716a6b695428');
INSERT INTO `client_division` (`id`, `division_name`, `client_id`, `is_active`, `created_on`, `modified_on`, `tenant_id`) VALUES ('58274180-9028-402f-adf8-f206a3a9b5e7', 'Engineering', '26762570-2776-4762-a2db-2c55316278ed', 1, '2025-07-01 10:48:56', '2025-07-01 10:48:56', 'df234305-8a47-4b4d-8efb-716a6b695428');
INSERT INTO `client_division` (`id`, `division_name`, `client_id`, `is_active`, `created_on`, `modified_on`, `tenant_id`) VALUES ('28a8aa1a-afc2-43c0-a59c-f98a6bd05707', 'Innovation Lab', '26762570-2776-4762-a2db-2c55316278ed', 1, '2025-07-01 10:48:56', '2025-07-01 10:48:56', 'df234305-8a47-4b4d-8efb-716a6b695428');
INSERT INTO `client` (`id`, `client_code`, `client_name`, `email`, `is_active`, `created_on`, `modified_on`, `tenant_id`) VALUES ('3e92e656-52f9-40e2-a5aa-70cd7cd95dd5', 1105, 'Schneider, Wagner and Smith', 'info@schneiderwagnerandsmith.com', 1, '2025-07-01 10:48:56', '2025-07-01 10:48:56', 'df234305-8a47-4b4d-8efb-716a6b695428');
INSERT INTO `department` (`uuid`, `department`, `client_id`, `tenant_id`, `created_on`, `modified_on`) VALUES ('70c06e3d-a9cb-48f7-bdc8-fa8f6ab61550', 'Aerospace', '3e92e656-52f9-40e2-a5aa-70cd7cd95dd5', 'df234305-8a47-4b4d-8efb-716a6b695428', '2025-07-01 10:48:56', '2025-07-01 10:48:56');
INSERT INTO `department` (`uuid`, `department`, `client_id`, `tenant_id`, `created_on`, `modified_on`) VALUES ('cc2d6306-e352-4e16-b3b8-8104e9115583', 'AI Solutions', '3e92e656-52f9-40e2-a5aa-70cd7cd95dd5', 'df234305-8a47-4b4d-8efb-716a6b695428', '2025-07-01 10:48:56', '2025-07-01 10:48:56');
INSERT INTO `department` (`uuid`, `department`, `client_id`, `tenant_id`, `created_on`, `modified_on`) VALUES ('8b80a406-bba2-4b0f-8d9d-d03a06a2e76f', 'Robotics', '3e92e656-52f9-40e2-a5aa-70cd7cd95dd5', 'df234305-8a47-4b4d-8efb-716a6b695428', '2025-07-01 10:48:56', '2025-07-01 10:48:56');
INSERT INTO `department` (`uuid`, `department`, `client_id`, `tenant_id`, `created_on`, `modified_on`) VALUES ('740005b9-1f70-4b9b-84f6-039d54cec59f', 'Biomedical', '3e92e656-52f9-40e2-a5aa-70cd7cd95dd5', 'df234305-8a47-4b4d-8efb-716a6b695428', '2025-07-01 10:48:56', '2025-07-01 10:48:56');
INSERT INTO `department` (`uuid`, `department`, `client_id`, `tenant_id`, `created_on`, `modified_on`) VALUES ('52b99e53-2843-4518-9b9d-19c3facef10e', 'Cybersecurity', '3e92e656-52f9-40e2-a5aa-70cd7cd95dd5', 'df234305-8a47-4b4d-8efb-716a6b695428', '2025-07-01 10:48:56', '2025-07-01 10:48:56');
INSERT INTO `department` (`uuid`, `department`, `client_id`, `tenant_id`, `created_on`, `modified_on`) VALUES ('9ba135ee-fd63-45b4-9a29-74950fc6c273', 'Civil Systems', '3e92e656-52f9-40e2-a5aa-70cd7cd95dd5', 'df234305-8a47-4b4d-8efb-716a6b695428', '2025-07-01 10:48:56', '2025-07-01 10:48:56');
INSERT INTO `client_division` (`id`, `division_name`, `client_id`, `is_active`, `created_on`, `modified_on`, `tenant_id`) VALUES ('8d345a9c-6f5f-424e-af60-f65316d74ccb', 'Engineering', '3e92e656-52f9-40e2-a5aa-70cd7cd95dd5', 1, '2025-07-01 10:48:56', '2025-07-01 10:48:56', 'df234305-8a47-4b4d-8efb-716a6b695428');
INSERT INTO `client_division` (`id`, `division_name`, `client_id`, `is_active`, `created_on`, `modified_on`, `tenant_id`) VALUES ('973c5832-6cf2-4b00-88dd-7d7f05e660ba', 'Innovation Lab', '3e92e656-52f9-40e2-a5aa-70cd7cd95dd5', 1, '2025-07-01 10:48:56', '2025-07-01 10:48:56', 'df234305-8a47-4b4d-8efb-716a6b695428');
INSERT INTO `client_division` (`id`, `division_name`, `client_id`, `is_active`, `created_on`, `modified_on`, `tenant_id`) VALUES ('ac3adf53-0120-4c20-8cd6-c1e0f0f22d07', 'Core Tech', '3e92e656-52f9-40e2-a5aa-70cd7cd95dd5', 1, '2025-07-01 10:48:56', '2025-07-01 10:48:56', 'df234305-8a47-4b4d-8efb-716a6b695428');
INSERT INTO `client_division` (`id`, `division_name`, `client_id`, `is_active`, `created_on`, `modified_on`, `tenant_id`) VALUES ('02a17038-ee13-490d-972f-2d0aa6f8d9cd', 'Product Dev', '3e92e656-52f9-40e2-a5aa-70cd7cd95dd5', 1, '2025-07-01 10:48:56', '2025-07-01 10:48:56', 'df234305-8a47-4b4d-8efb-716a6b695428');
INSERT INTO `client_division` (`id`, `division_name`, `client_id`, `is_active`, `created_on`, `modified_on`, `tenant_id`) VALUES ('a0f9e905-6fea-4286-9aac-e7f7923625f1', 'R&D', '3e92e656-52f9-40e2-a5aa-70cd7cd95dd5', 1, '2025-07-01 10:48:56', '2025-07-01 10:48:56', 'df234305-8a47-4b4d-8efb-716a6b695428');
INSERT INTO `client` (`id`, `client_code`, `client_name`, `email`, `is_active`, `created_on`, `modified_on`, `tenant_id`) VALUES ('ade5e288-26ac-481f-bed9-00d03a67e4d4', 1106, 'Wilkerson, Ramirez and Walker', 'info@wilkersonramirezandwalker.com', 1, '2025-07-01 10:48:56', '2025-07-01 10:48:56', 'df234305-8a47-4b4d-8efb-716a6b695428');
INSERT INTO `department` (`uuid`, `department`, `client_id`, `tenant_id`, `created_on`, `modified_on`) VALUES ('32686770-8c6f-4e20-a98e-a92bd0e287b3', 'Aerospace', 'ade5e288-26ac-481f-bed9-00d03a67e4d4', 'df234305-8a47-4b4d-8efb-716a6b695428', '2025-07-01 10:48:56', '2025-07-01 10:48:56');
INSERT INTO `department` (`uuid`, `department`, `client_id`, `tenant_id`, `created_on`, `modified_on`) VALUES ('022a9066-3ed3-4143-bd77-0e27e932ced4', 'AI Solutions', 'ade5e288-26ac-481f-bed9-00d03a67e4d4', 'df234305-8a47-4b4d-8efb-716a6b695428', '2025-07-01 10:48:56', '2025-07-01 10:48:56');
INSERT INTO `department` (`uuid`, `department`, `client_id`, `tenant_id`, `created_on`, `modified_on`) VALUES ('40067dbf-5ce2-4806-a187-e735a18443ac', 'Cybersecurity', 'ade5e288-26ac-481f-bed9-00d03a67e4d4', 'df234305-8a47-4b4d-8efb-716a6b695428', '2025-07-01 10:48:56', '2025-07-01 10:48:56');
INSERT INTO `department` (`uuid`, `department`, `client_id`, `tenant_id`, `created_on`, `modified_on`) VALUES ('ed6d8f1c-36e6-4bd6-b112-4f1f0ca4b8c5', 'Biomedical', 'ade5e288-26ac-481f-bed9-00d03a67e4d4', 'df234305-8a47-4b4d-8efb-716a6b695428', '2025-07-01 10:48:56', '2025-07-01 10:48:56');
INSERT INTO `department` (`uuid`, `department`, `client_id`, `tenant_id`, `created_on`, `modified_on`) VALUES ('569d78e4-c613-4edf-b0df-da37c5c9df2e', 'Robotics', 'ade5e288-26ac-481f-bed9-00d03a67e4d4', 'df234305-8a47-4b4d-8efb-716a6b695428', '2025-07-01 10:48:56', '2025-07-01 10:48:56');
INSERT INTO `department` (`uuid`, `department`, `client_id`, `tenant_id`, `created_on`, `modified_on`) VALUES ('4baa7b21-7d27-4d19-a4da-447fe7432c53', 'Civil Systems', 'ade5e288-26ac-481f-bed9-00d03a67e4d4', 'df234305-8a47-4b4d-8efb-716a6b695428', '2025-07-01 10:48:56', '2025-07-01 10:48:56');
INSERT INTO `client_division` (`id`, `division_name`, `client_id`, `is_active`, `created_on`, `modified_on`, `tenant_id`) VALUES ('e8d7a797-51dc-47db-8c9a-636c71e58bf0', 'Core Tech', 'ade5e288-26ac-481f-bed9-00d03a67e4d4', 1, '2025-07-01 10:48:56', '2025-07-01 10:48:56', 'df234305-8a47-4b4d-8efb-716a6b695428');
INSERT INTO `client_division` (`id`, `division_name`, `client_id`, `is_active`, `created_on`, `modified_on`, `tenant_id`) VALUES ('0fee57ad-4ede-4269-9cfc-e1c8f7b9e3e0', 'R&D', 'ade5e288-26ac-481f-bed9-00d03a67e4d4', 1, '2025-07-01 10:48:56', '2025-07-01 10:48:56', 'df234305-8a47-4b4d-8efb-716a6b695428');
INSERT INTO `client_division` (`id`, `division_name`, `client_id`, `is_active`, `created_on`, `modified_on`, `tenant_id`) VALUES ('c61022b9-a546-4eea-a4bb-d3c9477e47c9', 'Engineering', 'ade5e288-26ac-481f-bed9-00d03a67e4d4', 1, '2025-07-01 10:48:56', '2025-07-01 10:48:56', 'df234305-8a47-4b4d-8efb-716a6b695428');
INSERT INTO `client_division` (`id`, `division_name`, `client_id`, `is_active`, `created_on`, `modified_on`, `tenant_id`) VALUES ('a75d3188-c54b-436b-97da-1c419ef46060', 'Innovation Lab', 'ade5e288-26ac-481f-bed9-00d03a67e4d4', 1, '2025-07-01 10:48:56', '2025-07-01 10:48:56', 'df234305-8a47-4b4d-8efb-716a6b695428');
INSERT INTO `client_division` (`id`, `division_name`, `client_id`, `is_active`, `created_on`, `modified_on`, `tenant_id`) VALUES ('40e3eace-413e-4d8b-b890-748566b76bff', 'Product Dev', 'ade5e288-26ac-481f-bed9-00d03a67e4d4', 1, '2025-07-01 10:48:56', '2025-07-01 10:48:56', 'df234305-8a47-4b4d-8efb-716a6b695428');
INSERT INTO `client` (`id`, `client_code`, `client_name`, `email`, `is_active`, `created_on`, `modified_on`, `tenant_id`) VALUES ('c8e7aa19-0a5d-4a81-96c0-7062d4e0660e', 1107, 'Stephens-Ray', 'info@stephensray.com', 1, '2025-07-01 10:48:56', '2025-07-01 10:48:56', 'df234305-8a47-4b4d-8efb-716a6b695428');
INSERT INTO `department` (`uuid`, `department`, `client_id`, `tenant_id`, `created_on`, `modified_on`) VALUES ('a56f01aa-7744-43c4-a5e1-e58c125f5233', 'Civil Systems', 'c8e7aa19-0a5d-4a81-96c0-7062d4e0660e', 'df234305-8a47-4b4d-8efb-716a6b695428', '2025-07-01 10:48:56', '2025-07-01 10:48:56');
INSERT INTO `department` (`uuid`, `department`, `client_id`, `tenant_id`, `created_on`, `modified_on`) VALUES ('29aba08e-6d73-4a70-a1a3-642c8516f0b0', 'Robotics', 'c8e7aa19-0a5d-4a81-96c0-7062d4e0660e', 'df234305-8a47-4b4d-8efb-716a6b695428', '2025-07-01 10:48:56', '2025-07-01 10:48:56');
INSERT INTO `department` (`uuid`, `department`, `client_id`, `tenant_id`, `created_on`, `modified_on`) VALUES ('76c44899-d231-4883-8315-8babcfa2ec07', 'Biomedical', 'c8e7aa19-0a5d-4a81-96c0-7062d4e0660e', 'df234305-8a47-4b4d-8efb-716a6b695428', '2025-07-01 10:48:56', '2025-07-01 10:48:56');
INSERT INTO `department` (`uuid`, `department`, `client_id`, `tenant_id`, `created_on`, `modified_on`) VALUES ('663609ac-756a-451b-9173-aab26f0568fc', 'Aerospace', 'c8e7aa19-0a5d-4a81-96c0-7062d4e0660e', 'df234305-8a47-4b4d-8efb-716a6b695428', '2025-07-01 10:48:56', '2025-07-01 10:48:56');
INSERT INTO `department` (`uuid`, `department`, `client_id`, `tenant_id`, `created_on`, `modified_on`) VALUES ('2ac4c30f-8cb3-453b-b12e-30e26e993e1c', 'AI Solutions', 'c8e7aa19-0a5d-4a81-96c0-7062d4e0660e', 'df234305-8a47-4b4d-8efb-716a6b695428', '2025-07-01 10:48:56', '2025-07-01 10:48:56');
INSERT INTO `department` (`uuid`, `department`, `client_id`, `tenant_id`, `created_on`, `modified_on`) VALUES ('cbd74829-a5ed-44e4-99a3-6974e37037bd', 'Cybersecurity', 'c8e7aa19-0a5d-4a81-96c0-7062d4e0660e', 'df234305-8a47-4b4d-8efb-716a6b695428', '2025-07-01 10:48:56', '2025-07-01 10:48:56');
INSERT INTO `client_division` (`id`, `division_name`, `client_id`, `is_active`, `created_on`, `modified_on`, `tenant_id`) VALUES ('fe572104-cd4a-4352-b1d4-a1d78017ca2c', 'Engineering', 'c8e7aa19-0a5d-4a81-96c0-7062d4e0660e', 1, '2025-07-01 10:48:56', '2025-07-01 10:48:56', 'df234305-8a47-4b4d-8efb-716a6b695428');
INSERT INTO `client_division` (`id`, `division_name`, `client_id`, `is_active`, `created_on`, `modified_on`, `tenant_id`) VALUES ('7e7846fb-57c2-4663-ae84-494105475b28', 'Product Dev', 'c8e7aa19-0a5d-4a81-96c0-7062d4e0660e', 1, '2025-07-01 10:48:56', '2025-07-01 10:48:56', 'df234305-8a47-4b4d-8efb-716a6b695428');
INSERT INTO `client_division` (`id`, `division_name`, `client_id`, `is_active`, `created_on`, `modified_on`, `tenant_id`) VALUES ('80d6aa63-c853-4e20-84dc-048cbb25ddb3', 'Core Tech', 'c8e7aa19-0a5d-4a81-96c0-7062d4e0660e', 1, '2025-07-01 10:48:56', '2025-07-01 10:48:56', 'df234305-8a47-4b4d-8efb-716a6b695428');
INSERT INTO `client_division` (`id`, `division_name`, `client_id`, `is_active`, `created_on`, `modified_on`, `tenant_id`) VALUES ('8deedb23-4228-4cd8-b5a9-d59a70f4c8ba', 'R&D', 'c8e7aa19-0a5d-4a81-96c0-7062d4e0660e', 1, '2025-07-01 10:48:56', '2025-07-01 10:48:56', 'df234305-8a47-4b4d-8efb-716a6b695428');
INSERT INTO `client_division` (`id`, `division_name`, `client_id`, `is_active`, `created_on`, `modified_on`, `tenant_id`) VALUES ('43db17c3-ea4b-424d-9fd9-a2f07ed547ea', 'Innovation Lab', 'c8e7aa19-0a5d-4a81-96c0-7062d4e0660e', 1, '2025-07-01 10:48:56', '2025-07-01 10:48:56', 'df234305-8a47-4b4d-8efb-716a6b695428');
INSERT INTO `client` (`id`, `client_code`, `client_name`, `email`, `is_active`, `created_on`, `modified_on`, `tenant_id`) VALUES ('6e2ea45e-f541-4a4d-83b7-9e337d0552c6', 1108, 'Clark-Hansen', 'info@clarkhansen.com', 1, '2025-07-01 10:48:56', '2025-07-01 10:48:56', 'df234305-8a47-4b4d-8efb-716a6b695428');
INSERT INTO `department` (`uuid`, `department`, `client_id`, `tenant_id`, `created_on`, `modified_on`) VALUES ('ff196ac0-6a74-441e-b8a9-900eb6051abc', 'Aerospace', '6e2ea45e-f541-4a4d-83b7-9e337d0552c6', 'df234305-8a47-4b4d-8efb-716a6b695428', '2025-07-01 10:48:56', '2025-07-01 10:48:56');
INSERT INTO `department` (`uuid`, `department`, `client_id`, `tenant_id`, `created_on`, `modified_on`) VALUES ('09229d14-ee30-4501-b09b-efaadd097235', 'AI Solutions', '6e2ea45e-f541-4a4d-83b7-9e337d0552c6', 'df234305-8a47-4b4d-8efb-716a6b695428', '2025-07-01 10:48:56', '2025-07-01 10:48:56');
INSERT INTO `department` (`uuid`, `department`, `client_id`, `tenant_id`, `created_on`, `modified_on`) VALUES ('d5b09f36-1e32-447e-a989-5abdbeb5cf2a', 'Cybersecurity', '6e2ea45e-f541-4a4d-83b7-9e337d0552c6', 'df234305-8a47-4b4d-8efb-716a6b695428', '2025-07-01 10:48:56', '2025-07-01 10:48:56');
INSERT INTO `department` (`uuid`, `department`, `client_id`, `tenant_id`, `created_on`, `modified_on`) VALUES ('38bc8516-9b1e-48a6-9ddc-c044c4de104f', 'Civil Systems', '6e2ea45e-f541-4a4d-83b7-9e337d0552c6', 'df234305-8a47-4b4d-8efb-716a6b695428', '2025-07-01 10:48:56', '2025-07-01 10:48:56');
INSERT INTO `department` (`uuid`, `department`, `client_id`, `tenant_id`, `created_on`, `modified_on`) VALUES ('93db0cf4-08f7-43fb-8c22-37b81f514020', 'Biomedical', '6e2ea45e-f541-4a4d-83b7-9e337d0552c6', 'df234305-8a47-4b4d-8efb-716a6b695428', '2025-07-01 10:48:56', '2025-07-01 10:48:56');
INSERT INTO `department` (`uuid`, `department`, `client_id`, `tenant_id`, `created_on`, `modified_on`) VALUES ('cd6013c5-0a2e-4ffa-b352-f9650d67f254', 'Robotics', '6e2ea45e-f541-4a4d-83b7-9e337d0552c6', 'df234305-8a47-4b4d-8efb-716a6b695428', '2025-07-01 10:48:56', '2025-07-01 10:48:56');
INSERT INTO `client_division` (`id`, `division_name`, `client_id`, `is_active`, `created_on`, `modified_on`, `tenant_id`) VALUES ('6725296c-6ae5-413c-8e53-b24722ae1868', 'Engineering', '6e2ea45e-f541-4a4d-83b7-9e337d0552c6', 1, '2025-07-01 10:48:56', '2025-07-01 10:48:56', 'df234305-8a47-4b4d-8efb-716a6b695428');
INSERT INTO `client_division` (`id`, `division_name`, `client_id`, `is_active`, `created_on`, `modified_on`, `tenant_id`) VALUES ('0ee4d09c-3be1-485a-abc6-c4f0d407028b', 'Innovation Lab', '6e2ea45e-f541-4a4d-83b7-9e337d0552c6', 1, '2025-07-01 10:48:56', '2025-07-01 10:48:56', 'df234305-8a47-4b4d-8efb-716a6b695428');
INSERT INTO `client_division` (`id`, `division_name`, `client_id`, `is_active`, `created_on`, `modified_on`, `tenant_id`) VALUES ('453c9345-5de2-4d9f-8b31-dc52236002b0', 'Product Dev', '6e2ea45e-f541-4a4d-83b7-9e337d0552c6', 1, '2025-07-01 10:48:56', '2025-07-01 10:48:56', 'df234305-8a47-4b4d-8efb-716a6b695428');
INSERT INTO `client_division` (`id`, `division_name`, `client_id`, `is_active`, `created_on`, `modified_on`, `tenant_id`) VALUES ('7c3fd1a2-a4d0-4fb8-9647-e64d687bab6f', 'R&D', '6e2ea45e-f541-4a4d-83b7-9e337d0552c6', 1, '2025-07-01 10:48:56', '2025-07-01 10:48:56', 'df234305-8a47-4b4d-8efb-716a6b695428');
INSERT INTO `client_division` (`id`, `division_name`, `client_id`, `is_active`, `created_on`, `modified_on`, `tenant_id`) VALUES ('55131e2b-86a4-455a-bb0e-6a7c19a5bed4', 'Core Tech', '6e2ea45e-f541-4a4d-83b7-9e337d0552c6', 1, '2025-07-01 10:48:56', '2025-07-01 10:48:56', 'df234305-8a47-4b4d-8efb-716a6b695428');
INSERT INTO `client` (`id`, `client_code`, `client_name`, `email`, `is_active`, `created_on`, `modified_on`, `tenant_id`) VALUES ('86a150f7-1e06-4dcf-9e81-a6c77414e0c2', 1109, 'Moore Ltd', 'info@mooreltd.com', 1, '2025-07-01 10:48:56', '2025-07-01 10:48:56', 'df234305-8a47-4b4d-8efb-716a6b695428');
INSERT INTO `department` (`uuid`, `department`, `client_id`, `tenant_id`, `created_on`, `modified_on`) VALUES ('a6bf546c-bf04-4611-83a0-c1da95543779', 'Biomedical', '86a150f7-1e06-4dcf-9e81-a6c77414e0c2', 'df234305-8a47-4b4d-8efb-716a6b695428', '2025-07-01 10:48:56', '2025-07-01 10:48:56');
INSERT INTO `department` (`uuid`, `department`, `client_id`, `tenant_id`, `created_on`, `modified_on`) VALUES ('439e1e53-9c69-490b-bcc6-82549eaa31fc', 'Civil Systems', '86a150f7-1e06-4dcf-9e81-a6c77414e0c2', 'df234305-8a47-4b4d-8efb-716a6b695428', '2025-07-01 10:48:56', '2025-07-01 10:48:56');
INSERT INTO `department` (`uuid`, `department`, `client_id`, `tenant_id`, `created_on`, `modified_on`) VALUES ('491972eb-a40e-4212-8a8d-9183f6b4e8e1', 'Cybersecurity', '86a150f7-1e06-4dcf-9e81-a6c77414e0c2', 'df234305-8a47-4b4d-8efb-716a6b695428', '2025-07-01 10:48:56', '2025-07-01 10:48:56');
INSERT INTO `department` (`uuid`, `department`, `client_id`, `tenant_id`, `created_on`, `modified_on`) VALUES ('919dfec9-44a2-487b-8864-555e8f93be0c', 'AI Solutions', '86a150f7-1e06-4dcf-9e81-a6c77414e0c2', 'df234305-8a47-4b4d-8efb-716a6b695428', '2025-07-01 10:48:56', '2025-07-01 10:48:56');
INSERT INTO `department` (`uuid`, `department`, `client_id`, `tenant_id`, `created_on`, `modified_on`) VALUES ('1dbdd992-606d-46cc-8a6d-6b0b63df77d9', 'Aerospace', '86a150f7-1e06-4dcf-9e81-a6c77414e0c2', 'df234305-8a47-4b4d-8efb-716a6b695428', '2025-07-01 10:48:56', '2025-07-01 10:48:56');
INSERT INTO `department` (`uuid`, `department`, `client_id`, `tenant_id`, `created_on`, `modified_on`) VALUES ('1007c92e-09a1-4c72-b9af-7c4638b79585', 'Robotics', '86a150f7-1e06-4dcf-9e81-a6c77414e0c2', 'df234305-8a47-4b4d-8efb-716a6b695428', '2025-07-01 10:48:56', '2025-07-01 10:48:56');
INSERT INTO `client_division` (`id`, `division_name`, `client_id`, `is_active`, `created_on`, `modified_on`, `tenant_id`) VALUES ('1d8b72fc-8bb8-49d3-98b6-a0ed136ef2e2', 'Engineering', '86a150f7-1e06-4dcf-9e81-a6c77414e0c2', 1, '2025-07-01 10:48:56', '2025-07-01 10:48:56', 'df234305-8a47-4b4d-8efb-716a6b695428');
INSERT INTO `client_division` (`id`, `division_name`, `client_id`, `is_active`, `created_on`, `modified_on`, `tenant_id`) VALUES ('22d03d07-780f-4dd8-8069-13709dd80353', 'R&D', '86a150f7-1e06-4dcf-9e81-a6c77414e0c2', 1, '2025-07-01 10:48:56', '2025-07-01 10:48:56', 'df234305-8a47-4b4d-8efb-716a6b695428');
INSERT INTO `client_division` (`id`, `division_name`, `client_id`, `is_active`, `created_on`, `modified_on`, `tenant_id`) VALUES ('77841f5b-75c0-4948-9181-0cdc52e9cc9c', 'Product Dev', '86a150f7-1e06-4dcf-9e81-a6c77414e0c2', 1, '2025-07-01 10:48:56', '2025-07-01 10:48:56', 'df234305-8a47-4b4d-8efb-716a6b695428');
INSERT INTO `client_division` (`id`, `division_name`, `client_id`, `is_active`, `created_on`, `modified_on`, `tenant_id`) VALUES ('01eb1537-9cf1-4b5a-830d-cdd9000eb427', 'Innovation Lab', '86a150f7-1e06-4dcf-9e81-a6c77414e0c2', 1, '2025-07-01 10:48:56', '2025-07-01 10:48:56', 'df234305-8a47-4b4d-8efb-716a6b695428');
INSERT INTO `client_division` (`id`, `division_name`, `client_id`, `is_active`, `created_on`, `modified_on`, `tenant_id`) VALUES ('6f6e93db-289a-4f2c-aa1e-b97f7fe3d6dd', 'Core Tech', '86a150f7-1e06-4dcf-9e81-a6c77414e0c2', 1, '2025-07-01 10:48:56', '2025-07-01 10:48:56', 'df234305-8a47-4b4d-8efb-716a6b695428');
INSERT INTO `client` (`id`, `client_code`, `client_name`, `email`, `is_active`, `created_on`, `modified_on`, `tenant_id`) VALUES ('d007a8d4-767e-4e1b-bcf4-f54bd1b85d64', 1110, 'Drake-Duncan', 'info@drakeduncan.com', 1, '2025-07-01 10:48:56', '2025-07-01 10:48:56', 'df234305-8a47-4b4d-8efb-716a6b695428');
INSERT INTO `department` (`uuid`, `department`, `client_id`, `tenant_id`, `created_on`, `modified_on`) VALUES ('68345506-16f4-484e-8438-999d156594c7', 'AI Solutions', 'd007a8d4-767e-4e1b-bcf4-f54bd1b85d64', 'df234305-8a47-4b4d-8efb-716a6b695428', '2025-07-01 10:48:56', '2025-07-01 10:48:56');
INSERT INTO `department` (`uuid`, `department`, `client_id`, `tenant_id`, `created_on`, `modified_on`) VALUES ('0916c471-db82-4c17-a42d-9f44c2b7fbbd', 'Civil Systems', 'd007a8d4-767e-4e1b-bcf4-f54bd1b85d64', 'df234305-8a47-4b4d-8efb-716a6b695428', '2025-07-01 10:48:56', '2025-07-01 10:48:56');
INSERT INTO `department` (`uuid`, `department`, `client_id`, `tenant_id`, `created_on`, `modified_on`) VALUES ('4a86d1e6-f554-48ec-8d03-eb86de2e99ea', 'Aerospace', 'd007a8d4-767e-4e1b-bcf4-f54bd1b85d64', 'df234305-8a47-4b4d-8efb-716a6b695428', '2025-07-01 10:48:56', '2025-07-01 10:48:56');
INSERT INTO `department` (`uuid`, `department`, `client_id`, `tenant_id`, `created_on`, `modified_on`) VALUES ('ed32d053-3c15-47d1-b1c0-009ffc5665c6', 'Cybersecurity', 'd007a8d4-767e-4e1b-bcf4-f54bd1b85d64', 'df234305-8a47-4b4d-8efb-716a6b695428', '2025-07-01 10:48:56', '2025-07-01 10:48:56');
INSERT INTO `department` (`uuid`, `department`, `client_id`, `tenant_id`, `created_on`, `modified_on`) VALUES ('97c370da-bceb-48ba-b907-18dd9c1e4d0b', 'Robotics', 'd007a8d4-767e-4e1b-bcf4-f54bd1b85d64', 'df234305-8a47-4b4d-8efb-716a6b695428', '2025-07-01 10:48:56', '2025-07-01 10:48:56');
INSERT INTO `department` (`uuid`, `department`, `client_id`, `tenant_id`, `created_on`, `modified_on`) VALUES ('91930070-112b-48d8-94d6-dca1937bbafb', 'Biomedical', 'd007a8d4-767e-4e1b-bcf4-f54bd1b85d64', 'df234305-8a47-4b4d-8efb-716a6b695428', '2025-07-01 10:48:56', '2025-07-01 10:48:56');
INSERT INTO `client_division` (`id`, `division_name`, `client_id`, `is_active`, `created_on`, `modified_on`, `tenant_id`) VALUES ('95ada02f-3729-48a2-b893-669a2f604b8e', 'Product Dev', 'd007a8d4-767e-4e1b-bcf4-f54bd1b85d64', 1, '2025-07-01 10:48:56', '2025-07-01 10:48:56', 'df234305-8a47-4b4d-8efb-716a6b695428');
INSERT INTO `client_division` (`id`, `division_name`, `client_id`, `is_active`, `created_on`, `modified_on`, `tenant_id`) VALUES ('3eb1de3f-84c6-4e43-bd1f-dd0c000c441d', 'R&D', 'd007a8d4-767e-4e1b-bcf4-f54bd1b85d64', 1, '2025-07-01 10:48:56', '2025-07-01 10:48:56', 'df234305-8a47-4b4d-8efb-716a6b695428');
INSERT INTO `client_division` (`id`, `division_name`, `client_id`, `is_active`, `created_on`, `modified_on`, `tenant_id`) VALUES ('52c42e85-c26d-4949-9c50-56009503f44f', 'Core Tech', 'd007a8d4-767e-4e1b-bcf4-f54bd1b85d64', 1, '2025-07-01 10:48:56', '2025-07-01 10:48:56', 'df234305-8a47-4b4d-8efb-716a6b695428');
INSERT INTO `client_division` (`id`, `division_name`, `client_id`, `is_active`, `created_on`, `modified_on`, `tenant_id`) VALUES ('b1da9aa5-6435-49c6-b761-622d2bf37503', 'Innovation Lab', 'd007a8d4-767e-4e1b-bcf4-f54bd1b85d64', 1, '2025-07-01 10:48:56', '2025-07-01 10:48:56', 'df234305-8a47-4b4d-8efb-716a6b695428');
INSERT INTO `client_division` (`id`, `division_name`, `client_id`, `is_active`, `created_on`, `modified_on`, `tenant_id`) VALUES ('aff1708f-171a-4c5f-bb3e-cd7f795571ec', 'Engineering', 'd007a8d4-767e-4e1b-bcf4-f54bd1b85d64', 1, '2025-07-01 10:48:56', '2025-07-01 10:48:56', 'df234305-8a47-4b4d-8efb-716a6b695428');
INSERT INTO `client` (`id`, `client_code`, `client_name`, `email`, `is_active`, `created_on`, `modified_on`, `tenant_id`) VALUES ('771dcc3a-09cb-4f3e-89e7-b2652aa3af27', 1111, 'Ramirez-Moran', 'info@ramirezmoran.com', 1, '2025-07-01 10:48:56', '2025-07-01 10:48:56', 'df234305-8a47-4b4d-8efb-716a6b695428');
INSERT INTO `department` (`uuid`, `department`, `client_id`, `tenant_id`, `created_on`, `modified_on`) VALUES ('fbca759a-cd62-4c99-b61d-81e0a30d1852', 'Robotics', '771dcc3a-09cb-4f3e-89e7-b2652aa3af27', 'df234305-8a47-4b4d-8efb-716a6b695428', '2025-07-01 10:48:56', '2025-07-01 10:48:56');
INSERT INTO `department` (`uuid`, `department`, `client_id`, `tenant_id`, `created_on`, `modified_on`) VALUES ('40f98474-f67b-4fca-b7cb-c31c17907f77', 'Cybersecurity', '771dcc3a-09cb-4f3e-89e7-b2652aa3af27', 'df234305-8a47-4b4d-8efb-716a6b695428', '2025-07-01 10:48:56', '2025-07-01 10:48:56');
INSERT INTO `department` (`uuid`, `department`, `client_id`, `tenant_id`, `created_on`, `modified_on`) VALUES ('91e07616-2607-4d2f-bdd5-c8fe898d2b08', 'Civil Systems', '771dcc3a-09cb-4f3e-89e7-b2652aa3af27', 'df234305-8a47-4b4d-8efb-716a6b695428', '2025-07-01 10:48:56', '2025-07-01 10:48:56');
INSERT INTO `department` (`uuid`, `department`, `client_id`, `tenant_id`, `created_on`, `modified_on`) VALUES ('0c7c1faa-263f-47aa-bf0e-b0ab4c532ba0', 'AI Solutions', '771dcc3a-09cb-4f3e-89e7-b2652aa3af27', 'df234305-8a47-4b4d-8efb-716a6b695428', '2025-07-01 10:48:56', '2025-07-01 10:48:56');
INSERT INTO `department` (`uuid`, `department`, `client_id`, `tenant_id`, `created_on`, `modified_on`) VALUES ('178724a1-d434-4f12-a98f-294c8b63dbd3', 'Biomedical', '771dcc3a-09cb-4f3e-89e7-b2652aa3af27', 'df234305-8a47-4b4d-8efb-716a6b695428', '2025-07-01 10:48:56', '2025-07-01 10:48:56');
INSERT INTO `department` (`uuid`, `department`, `client_id`, `tenant_id`, `created_on`, `modified_on`) VALUES ('4b2268da-5f99-4265-b46c-7bf7f047f490', 'Aerospace', '771dcc3a-09cb-4f3e-89e7-b2652aa3af27', 'df234305-8a47-4b4d-8efb-716a6b695428', '2025-07-01 10:48:56', '2025-07-01 10:48:56');
INSERT INTO `client_division` (`id`, `division_name`, `client_id`, `is_active`, `created_on`, `modified_on`, `tenant_id`) VALUES ('32bb0ea9-84ed-447d-b1a8-5a99498ecfa2', 'Core Tech', '771dcc3a-09cb-4f3e-89e7-b2652aa3af27', 1, '2025-07-01 10:48:56', '2025-07-01 10:48:56', 'df234305-8a47-4b4d-8efb-716a6b695428');
INSERT INTO `client_division` (`id`, `division_name`, `client_id`, `is_active`, `created_on`, `modified_on`, `tenant_id`) VALUES ('d5150c4b-29f7-4a57-a9d0-cde552a61c8e', 'Engineering', '771dcc3a-09cb-4f3e-89e7-b2652aa3af27', 1, '2025-07-01 10:48:56', '2025-07-01 10:48:56', 'df234305-8a47-4b4d-8efb-716a6b695428');
INSERT INTO `client_division` (`id`, `division_name`, `client_id`, `is_active`, `created_on`, `modified_on`, `tenant_id`) VALUES ('a49f1b30-a572-4a1e-8bca-783d8e05161c', 'Innovation Lab', '771dcc3a-09cb-4f3e-89e7-b2652aa3af27', 1, '2025-07-01 10:48:56', '2025-07-01 10:48:56', 'df234305-8a47-4b4d-8efb-716a6b695428');
INSERT INTO `client_division` (`id`, `division_name`, `client_id`, `is_active`, `created_on`, `modified_on`, `tenant_id`) VALUES ('95960485-4c95-4035-b9ab-a1a4ec4fee8b', 'R&D', '771dcc3a-09cb-4f3e-89e7-b2652aa3af27', 1, '2025-07-01 10:48:56', '2025-07-01 10:48:56', 'df234305-8a47-4b4d-8efb-716a6b695428');
INSERT INTO `client_division` (`id`, `division_name`, `client_id`, `is_active`, `created_on`, `modified_on`, `tenant_id`) VALUES ('b5110d10-b3b4-4e5a-8505-267482b0e36e', 'Product Dev', '771dcc3a-09cb-4f3e-89e7-b2652aa3af27', 1, '2025-07-01 10:48:56', '2025-07-01 10:48:56', 'df234305-8a47-4b4d-8efb-716a6b695428');
INSERT INTO `client` (`id`, `client_code`, `client_name`, `email`, `is_active`, `created_on`, `modified_on`, `tenant_id`) VALUES ('9dfc5be3-6107-40cc-a99d-fa1ca7fbe5fb', 1112, 'Forbes, May and Williams', 'info@forbesmayandwilliams.com', 1, '2025-07-01 10:48:56', '2025-07-01 10:48:56', 'df234305-8a47-4b4d-8efb-716a6b695428');
INSERT INTO `department` (`uuid`, `department`, `client_id`, `tenant_id`, `created_on`, `modified_on`) VALUES ('977caede-d033-4c64-9818-51ff6635de5f', 'Cybersecurity', '9dfc5be3-6107-40cc-a99d-fa1ca7fbe5fb', 'df234305-8a47-4b4d-8efb-716a6b695428', '2025-07-01 10:48:56', '2025-07-01 10:48:56');
INSERT INTO `department` (`uuid`, `department`, `client_id`, `tenant_id`, `created_on`, `modified_on`) VALUES ('38785e07-9ee0-4c85-aacb-687631c93bb5', 'Robotics', '9dfc5be3-6107-40cc-a99d-fa1ca7fbe5fb', 'df234305-8a47-4b4d-8efb-716a6b695428', '2025-07-01 10:48:56', '2025-07-01 10:48:56');
INSERT INTO `department` (`uuid`, `department`, `client_id`, `tenant_id`, `created_on`, `modified_on`) VALUES ('f3c19240-6aae-4a1e-a3ec-bb5f484410ed', 'AI Solutions', '9dfc5be3-6107-40cc-a99d-fa1ca7fbe5fb', 'df234305-8a47-4b4d-8efb-716a6b695428', '2025-07-01 10:48:56', '2025-07-01 10:48:56');
INSERT INTO `department` (`uuid`, `department`, `client_id`, `tenant_id`, `created_on`, `modified_on`) VALUES ('74c73692-0a5f-4ad0-8598-fe95f43a8c20', 'Biomedical', '9dfc5be3-6107-40cc-a99d-fa1ca7fbe5fb', 'df234305-8a47-4b4d-8efb-716a6b695428', '2025-07-01 10:48:56', '2025-07-01 10:48:56');
INSERT INTO `department` (`uuid`, `department`, `client_id`, `tenant_id`, `created_on`, `modified_on`) VALUES ('9f4bff71-fb43-4b8e-a581-9d42645e6fe3', 'Civil Systems', '9dfc5be3-6107-40cc-a99d-fa1ca7fbe5fb', 'df234305-8a47-4b4d-8efb-716a6b695428', '2025-07-01 10:48:56', '2025-07-01 10:48:56');
INSERT INTO `client_division` (`id`, `division_name`, `client_id`, `is_active`, `created_on`, `modified_on`, `tenant_id`) VALUES ('bd244d6f-1305-4f1a-9d1d-40cd6f2e61b1', 'Product Dev', '9dfc5be3-6107-40cc-a99d-fa1ca7fbe5fb', 1, '2025-07-01 10:48:56', '2025-07-01 10:48:56', 'df234305-8a47-4b4d-8efb-716a6b695428');
INSERT INTO `client_division` (`id`, `division_name`, `client_id`, `is_active`, `created_on`, `modified_on`, `tenant_id`) VALUES ('7ba07494-8990-498d-ad7b-348290ed93e8', 'R&D', '9dfc5be3-6107-40cc-a99d-fa1ca7fbe5fb', 1, '2025-07-01 10:48:56', '2025-07-01 10:48:56', 'df234305-8a47-4b4d-8efb-716a6b695428');
INSERT INTO `client_division` (`id`, `division_name`, `client_id`, `is_active`, `created_on`, `modified_on`, `tenant_id`) VALUES ('bb0fedec-83af-4b7a-8827-66415ab16531', 'Core Tech', '9dfc5be3-6107-40cc-a99d-fa1ca7fbe5fb', 1, '2025-07-01 10:48:56', '2025-07-01 10:48:56', 'df234305-8a47-4b4d-8efb-716a6b695428');
INSERT INTO `client_division` (`id`, `division_name`, `client_id`, `is_active`, `created_on`, `modified_on`, `tenant_id`) VALUES ('4bf8451b-9eac-49c3-b3af-240b7cb28ded', 'Innovation Lab', '9dfc5be3-6107-40cc-a99d-fa1ca7fbe5fb', 1, '2025-07-01 10:48:56', '2025-07-01 10:48:56', 'df234305-8a47-4b4d-8efb-716a6b695428');
INSERT INTO `client_division` (`id`, `division_name`, `client_id`, `is_active`, `created_on`, `modified_on`, `tenant_id`) VALUES ('71193952-d819-44d0-b4fe-522b8efa2dda', 'Engineering', '9dfc5be3-6107-40cc-a99d-fa1ca7fbe5fb', 1, '2025-07-01 10:48:56', '2025-07-01 10:48:56', 'df234305-8a47-4b4d-8efb-716a6b695428');
INSERT INTO `client` (`id`, `client_code`, `client_name`, `email`, `is_active`, `created_on`, `modified_on`, `tenant_id`) VALUES ('e1d18f14-a4d6-4198-81c7-32ffec0de02a', 1113, 'Peterson-Ellis', 'info@petersonellis.com', 1, '2025-07-01 10:48:56', '2025-07-01 10:48:56', 'df234305-8a47-4b4d-8efb-716a6b695428');
INSERT INTO `department` (`uuid`, `department`, `client_id`, `tenant_id`, `created_on`, `modified_on`) VALUES ('1ae84d22-f25a-47c1-924b-06e1ddcfa883', 'Aerospace', 'e1d18f14-a4d6-4198-81c7-32ffec0de02a', 'df234305-8a47-4b4d-8efb-716a6b695428', '2025-07-01 10:48:56', '2025-07-01 10:48:56');
INSERT INTO `department` (`uuid`, `department`, `client_id`, `tenant_id`, `created_on`, `modified_on`) VALUES ('de362588-29ec-48f9-94f7-af5b3063752d', 'Cybersecurity', 'e1d18f14-a4d6-4198-81c7-32ffec0de02a', 'df234305-8a47-4b4d-8efb-716a6b695428', '2025-07-01 10:48:56', '2025-07-01 10:48:56');
INSERT INTO `department` (`uuid`, `department`, `client_id`, `tenant_id`, `created_on`, `modified_on`) VALUES ('a8d66300-88fd-4828-a040-0cb234ef4bc5', 'AI Solutions', 'e1d18f14-a4d6-4198-81c7-32ffec0de02a', 'df234305-8a47-4b4d-8efb-716a6b695428', '2025-07-01 10:48:56', '2025-07-01 10:48:56');
INSERT INTO `department` (`uuid`, `department`, `client_id`, `tenant_id`, `created_on`, `modified_on`) VALUES ('643de9cd-6226-4803-97a0-112713aa24cc', 'Civil Systems', 'e1d18f14-a4d6-4198-81c7-32ffec0de02a', 'df234305-8a47-4b4d-8efb-716a6b695428', '2025-07-01 10:48:56', '2025-07-01 10:48:56');
INSERT INTO `department` (`uuid`, `department`, `client_id`, `tenant_id`, `created_on`, `modified_on`) VALUES ('0caeeab7-8434-49b9-b026-b3177c58d4eb', 'Robotics', 'e1d18f14-a4d6-4198-81c7-32ffec0de02a', 'df234305-8a47-4b4d-8efb-716a6b695428', '2025-07-01 10:48:56', '2025-07-01 10:48:56');
INSERT INTO `department` (`uuid`, `department`, `client_id`, `tenant_id`, `created_on`, `modified_on`) VALUES ('e26dda8e-1f1b-47e2-b936-1379326a1c0d', 'Biomedical', 'e1d18f14-a4d6-4198-81c7-32ffec0de02a', 'df234305-8a47-4b4d-8efb-716a6b695428', '2025-07-01 10:48:56', '2025-07-01 10:48:56');
INSERT INTO `client_division` (`id`, `division_name`, `client_id`, `is_active`, `created_on`, `modified_on`, `tenant_id`) VALUES ('d77c6786-004a-40d5-8bd9-a52336963c8a', 'Engineering', 'e1d18f14-a4d6-4198-81c7-32ffec0de02a', 1, '2025-07-01 10:48:56', '2025-07-01 10:48:56', 'df234305-8a47-4b4d-8efb-716a6b695428');
INSERT INTO `client_division` (`id`, `division_name`, `client_id`, `is_active`, `created_on`, `modified_on`, `tenant_id`) VALUES ('1cde0784-60ca-4992-b40b-70bf4b416701', 'R&D', 'e1d18f14-a4d6-4198-81c7-32ffec0de02a', 1, '2025-07-01 10:48:56', '2025-07-01 10:48:56', 'df234305-8a47-4b4d-8efb-716a6b695428');
INSERT INTO `client_division` (`id`, `division_name`, `client_id`, `is_active`, `created_on`, `modified_on`, `tenant_id`) VALUES ('da4721d6-f0e6-40ab-824c-47a4e69a49d1', 'Core Tech', 'e1d18f14-a4d6-4198-81c7-32ffec0de02a', 1, '2025-07-01 10:48:56', '2025-07-01 10:48:56', 'df234305-8a47-4b4d-8efb-716a6b695428');
INSERT INTO `client_division` (`id`, `division_name`, `client_id`, `is_active`, `created_on`, `modified_on`, `tenant_id`) VALUES ('b459af81-57dc-4d35-9b67-bd93d2898fbb', 'Product Dev', 'e1d18f14-a4d6-4198-81c7-32ffec0de02a', 1, '2025-07-01 10:48:56', '2025-07-01 10:48:56', 'df234305-8a47-4b4d-8efb-716a6b695428');
INSERT INTO `client_division` (`id`, `division_name`, `client_id`, `is_active`, `created_on`, `modified_on`, `tenant_id`) VALUES ('e13b5ab8-f583-42dd-9b5c-d0ab9066e9c5', 'Innovation Lab', 'e1d18f14-a4d6-4198-81c7-32ffec0de02a', 1, '2025-07-01 10:48:56', '2025-07-01 10:48:56', 'df234305-8a47-4b4d-8efb-716a6b695428');
INSERT INTO `client` (`id`, `client_code`, `client_name`, `email`, `is_active`, `created_on`, `modified_on`, `tenant_id`) VALUES ('9e5926a2-91fa-4c51-a77f-5fd24417fdbc', 1114, 'Cole, Cummings and Hart', 'info@colecummingsandhart.com', 1, '2025-07-01 10:48:56', '2025-07-01 10:48:56', 'df234305-8a47-4b4d-8efb-716a6b695428');
INSERT INTO `department` (`uuid`, `department`, `client_id`, `tenant_id`, `created_on`, `modified_on`) VALUES ('8c5d8d86-0d73-46f2-8ad2-8bcefc2050df', 'AI Solutions', '9e5926a2-91fa-4c51-a77f-5fd24417fdbc', 'df234305-8a47-4b4d-8efb-716a6b695428', '2025-07-01 10:48:56', '2025-07-01 10:48:56');
INSERT INTO `department` (`uuid`, `department`, `client_id`, `tenant_id`, `created_on`, `modified_on`) VALUES ('92cb2f11-7869-4d6b-8038-1dd86941cbd8', 'Aerospace', '9e5926a2-91fa-4c51-a77f-5fd24417fdbc', 'df234305-8a47-4b4d-8efb-716a6b695428', '2025-07-01 10:48:56', '2025-07-01 10:48:56');
INSERT INTO `department` (`uuid`, `department`, `client_id`, `tenant_id`, `created_on`, `modified_on`) VALUES ('f3a29208-f008-4b71-b1f5-3970af339974', 'Civil Systems', '9e5926a2-91fa-4c51-a77f-5fd24417fdbc', 'df234305-8a47-4b4d-8efb-716a6b695428', '2025-07-01 10:48:56', '2025-07-01 10:48:56');
INSERT INTO `department` (`uuid`, `department`, `client_id`, `tenant_id`, `created_on`, `modified_on`) VALUES ('d00e99d8-0bd9-47d4-ab50-766f65e3ca2a', 'Biomedical', '9e5926a2-91fa-4c51-a77f-5fd24417fdbc', 'df234305-8a47-4b4d-8efb-716a6b695428', '2025-07-01 10:48:56', '2025-07-01 10:48:56');
INSERT INTO `department` (`uuid`, `department`, `client_id`, `tenant_id`, `created_on`, `modified_on`) VALUES ('78e9dbb5-b30d-40eb-a474-8df8f43fa089', 'Cybersecurity', '9e5926a2-91fa-4c51-a77f-5fd24417fdbc', 'df234305-8a47-4b4d-8efb-716a6b695428', '2025-07-01 10:48:56', '2025-07-01 10:48:56');
INSERT INTO `department` (`uuid`, `department`, `client_id`, `tenant_id`, `created_on`, `modified_on`) VALUES ('6f8647b7-1608-4218-9964-f7c90f2c7991', 'Robotics', '9e5926a2-91fa-4c51-a77f-5fd24417fdbc', 'df234305-8a47-4b4d-8efb-716a6b695428', '2025-07-01 10:48:56', '2025-07-01 10:48:56');
INSERT INTO `client_division` (`id`, `division_name`, `client_id`, `is_active`, `created_on`, `modified_on`, `tenant_id`) VALUES ('f256624f-6e84-40bd-b095-8f122d2f69f3', 'Core Tech', '9e5926a2-91fa-4c51-a77f-5fd24417fdbc', 1, '2025-07-01 10:48:56', '2025-07-01 10:48:56', 'df234305-8a47-4b4d-8efb-716a6b695428');
INSERT INTO `client_division` (`id`, `division_name`, `client_id`, `is_active`, `created_on`, `modified_on`, `tenant_id`) VALUES ('7420ed7e-3309-4f3b-b04f-30a5b878880c', 'Innovation Lab', '9e5926a2-91fa-4c51-a77f-5fd24417fdbc', 1, '2025-07-01 10:48:56', '2025-07-01 10:48:56', 'df234305-8a47-4b4d-8efb-716a6b695428');
INSERT INTO `client_division` (`id`, `division_name`, `client_id`, `is_active`, `created_on`, `modified_on`, `tenant_id`) VALUES ('17b36a46-aa8e-4d44-ba17-119c6c274f22', 'R&D', '9e5926a2-91fa-4c51-a77f-5fd24417fdbc', 1, '2025-07-01 10:48:56', '2025-07-01 10:48:56', 'df234305-8a47-4b4d-8efb-716a6b695428');
INSERT INTO `client_division` (`id`, `division_name`, `client_id`, `is_active`, `created_on`, `modified_on`, `tenant_id`) VALUES ('d1795253-548f-48d3-b78c-d980348e7b28', 'Engineering', '9e5926a2-91fa-4c51-a77f-5fd24417fdbc', 1, '2025-07-01 10:48:56', '2025-07-01 10:48:56', 'df234305-8a47-4b4d-8efb-716a6b695428');
INSERT INTO `client_division` (`id`, `division_name`, `client_id`, `is_active`, `created_on`, `modified_on`, `tenant_id`) VALUES ('8b56193d-b84d-403c-a34c-f52675a6efae', 'Product Dev', '9e5926a2-91fa-4c51-a77f-5fd24417fdbc', 1, '2025-07-01 10:48:56', '2025-07-01 10:48:56', 'df234305-8a47-4b4d-8efb-716a6b695428');
INSERT INTO `client` (`id`, `client_code`, `client_name`, `email`, `is_active`, `created_on`, `modified_on`, `tenant_id`) VALUES ('9a7dccd6-2ab3-4873-9d16-9d5ace4e8f7d', 1115, 'Webb, Cook and Franklin', 'info@webbcookandfranklin.com', 1, '2025-07-01 10:48:56', '2025-07-01 10:48:56', 'df234305-8a47-4b4d-8efb-716a6b695428');
INSERT INTO `department` (`uuid`, `department`, `client_id`, `tenant_id`, `created_on`, `modified_on`) VALUES ('e80bed27-b4b8-4955-8b63-c164bcb5e7ba', 'Civil Systems', '9a7dccd6-2ab3-4873-9d16-9d5ace4e8f7d', 'df234305-8a47-4b4d-8efb-716a6b695428', '2025-07-01 10:48:56', '2025-07-01 10:48:56');
INSERT INTO `department` (`uuid`, `department`, `client_id`, `tenant_id`, `created_on`, `modified_on`) VALUES ('a752a1a0-d7ae-4a23-82e6-878df70e2c4a', 'Aerospace', '9a7dccd6-2ab3-4873-9d16-9d5ace4e8f7d', 'df234305-8a47-4b4d-8efb-716a6b695428', '2025-07-01 10:48:56', '2025-07-01 10:48:56');
INSERT INTO `department` (`uuid`, `department`, `client_id`, `tenant_id`, `created_on`, `modified_on`) VALUES ('fe9f3997-00d0-4d54-881a-a7fdaf2facbb', 'Biomedical', '9a7dccd6-2ab3-4873-9d16-9d5ace4e8f7d', 'df234305-8a47-4b4d-8efb-716a6b695428', '2025-07-01 10:48:56', '2025-07-01 10:48:56');
INSERT INTO `department` (`uuid`, `department`, `client_id`, `tenant_id`, `created_on`, `modified_on`) VALUES ('206be2ae-5c77-4707-9bcd-134b373a5008', 'AI Solutions', '9a7dccd6-2ab3-4873-9d16-9d5ace4e8f7d', 'df234305-8a47-4b4d-8efb-716a6b695428', '2025-07-01 10:48:56', '2025-07-01 10:48:56');
INSERT INTO `department` (`uuid`, `department`, `client_id`, `tenant_id`, `created_on`, `modified_on`) VALUES ('49f391d1-4e4f-493b-9da9-c6e9553fa87e', 'Robotics', '9a7dccd6-2ab3-4873-9d16-9d5ace4e8f7d', 'df234305-8a47-4b4d-8efb-716a6b695428', '2025-07-01 10:48:56', '2025-07-01 10:48:56');
INSERT INTO `department` (`uuid`, `department`, `client_id`, `tenant_id`, `created_on`, `modified_on`) VALUES ('29cd6d3f-9553-49ff-b1c5-c7b584b28e8f', 'Cybersecurity', '9a7dccd6-2ab3-4873-9d16-9d5ace4e8f7d', 'df234305-8a47-4b4d-8efb-716a6b695428', '2025-07-01 10:48:56', '2025-07-01 10:48:56');
INSERT INTO `client_division` (`id`, `division_name`, `client_id`, `is_active`, `created_on`, `modified_on`, `tenant_id`) VALUES ('ac15c9e1-4612-4e0e-a2b1-46eed762614e', 'Innovation Lab', '9a7dccd6-2ab3-4873-9d16-9d5ace4e8f7d', 1, '2025-07-01 10:48:56', '2025-07-01 10:48:56', 'df234305-8a47-4b4d-8efb-716a6b695428');
INSERT INTO `client_division` (`id`, `division_name`, `client_id`, `is_active`, `created_on`, `modified_on`, `tenant_id`) VALUES ('ebdada70-34bc-46c7-8c42-2ec8a72e5135', 'Product Dev', '9a7dccd6-2ab3-4873-9d16-9d5ace4e8f7d', 1, '2025-07-01 10:48:56', '2025-07-01 10:48:56', 'df234305-8a47-4b4d-8efb-716a6b695428');
INSERT INTO `client_division` (`id`, `division_name`, `client_id`, `is_active`, `created_on`, `modified_on`, `tenant_id`) VALUES ('c0832757-a86b-47ee-be43-5f5e3238e52d', 'Core Tech', '9a7dccd6-2ab3-4873-9d16-9d5ace4e8f7d', 1, '2025-07-01 10:48:56', '2025-07-01 10:48:56', 'df234305-8a47-4b4d-8efb-716a6b695428');
INSERT INTO `client_division` (`id`, `division_name`, `client_id`, `is_active`, `created_on`, `modified_on`, `tenant_id`) VALUES ('3ad6ff62-b209-4515-bba5-b68176a63fcb', 'Engineering', '9a7dccd6-2ab3-4873-9d16-9d5ace4e8f7d', 1, '2025-07-01 10:48:56', '2025-07-01 10:48:56', 'df234305-8a47-4b4d-8efb-716a6b695428');
INSERT INTO `client_division` (`id`, `division_name`, `client_id`, `is_active`, `created_on`, `modified_on`, `tenant_id`) VALUES ('e201bd6b-c62b-41c4-81e3-4ed312d12749', 'R&D', '9a7dccd6-2ab3-4873-9d16-9d5ace4e8f7d', 1, '2025-07-01 10:48:56', '2025-07-01 10:48:56', 'df234305-8a47-4b4d-8efb-716a6b695428');
INSERT INTO `client` (`id`, `client_code`, `client_name`, `email`, `is_active`, `created_on`, `modified_on`, `tenant_id`) VALUES ('92cf3f1b-69d2-483a-b4bd-89fc3e9c396c', 1116, 'Watson, Brewer and Manning', 'info@watsonbrewerandmanning.com', 1, '2025-07-01 10:48:56', '2025-07-01 10:48:56', 'df234305-8a47-4b4d-8efb-716a6b695428');
INSERT INTO `department` (`uuid`, `department`, `client_id`, `tenant_id`, `created_on`, `modified_on`) VALUES ('fada9192-2661-4cb7-b036-6dcb48ff33c4', 'Biomedical', '92cf3f1b-69d2-483a-b4bd-89fc3e9c396c', 'df234305-8a47-4b4d-8efb-716a6b695428', '2025-07-01 10:48:56', '2025-07-01 10:48:56');
INSERT INTO `department` (`uuid`, `department`, `client_id`, `tenant_id`, `created_on`, `modified_on`) VALUES ('6274d3a6-d171-479d-aff4-8fb1d73c0eef', 'AI Solutions', '92cf3f1b-69d2-483a-b4bd-89fc3e9c396c', 'df234305-8a47-4b4d-8efb-716a6b695428', '2025-07-01 10:48:56', '2025-07-01 10:48:56');
INSERT INTO `department` (`uuid`, `department`, `client_id`, `tenant_id`, `created_on`, `modified_on`) VALUES ('560b3c18-40ee-441e-adf8-83d9eb24b88b', 'Aerospace', '92cf3f1b-69d2-483a-b4bd-89fc3e9c396c', 'df234305-8a47-4b4d-8efb-716a6b695428', '2025-07-01 10:48:56', '2025-07-01 10:48:56');
INSERT INTO `department` (`uuid`, `department`, `client_id`, `tenant_id`, `created_on`, `modified_on`) VALUES ('ad1d380e-10b8-431b-868e-81b06e39c5ac', 'Civil Systems', '92cf3f1b-69d2-483a-b4bd-89fc3e9c396c', 'df234305-8a47-4b4d-8efb-716a6b695428', '2025-07-01 10:48:56', '2025-07-01 10:48:56');
INSERT INTO `department` (`uuid`, `department`, `client_id`, `tenant_id`, `created_on`, `modified_on`) VALUES ('eab4c297-83e9-41bb-837d-e1a62696e377', 'Cybersecurity', '92cf3f1b-69d2-483a-b4bd-89fc3e9c396c', 'df234305-8a47-4b4d-8efb-716a6b695428', '2025-07-01 10:48:56', '2025-07-01 10:48:56');
INSERT INTO `department` (`uuid`, `department`, `client_id`, `tenant_id`, `created_on`, `modified_on`) VALUES ('7f21aafb-962d-4024-9003-36f7a143d807', 'Robotics', '92cf3f1b-69d2-483a-b4bd-89fc3e9c396c', 'df234305-8a47-4b4d-8efb-716a6b695428', '2025-07-01 10:48:56', '2025-07-01 10:48:56');
INSERT INTO `client_division` (`id`, `division_name`, `client_id`, `is_active`, `created_on`, `modified_on`, `tenant_id`) VALUES ('9c0989a5-3fd8-4ad7-8f0b-131d7ab7eb19', 'R&D', '92cf3f1b-69d2-483a-b4bd-89fc3e9c396c', 1, '2025-07-01 10:48:56', '2025-07-01 10:48:56', 'df234305-8a47-4b4d-8efb-716a6b695428');
INSERT INTO `client_division` (`id`, `division_name`, `client_id`, `is_active`, `created_on`, `modified_on`, `tenant_id`) VALUES ('e4b058de-a84f-41e5-a6c6-0fe39885963b', 'Innovation Lab', '92cf3f1b-69d2-483a-b4bd-89fc3e9c396c', 1, '2025-07-01 10:48:56', '2025-07-01 10:48:56', 'df234305-8a47-4b4d-8efb-716a6b695428');
INSERT INTO `client_division` (`id`, `division_name`, `client_id`, `is_active`, `created_on`, `modified_on`, `tenant_id`) VALUES ('4c4fcb6c-c4d1-4276-8893-48f0af976904', 'Engineering', '92cf3f1b-69d2-483a-b4bd-89fc3e9c396c', 1, '2025-07-01 10:48:56', '2025-07-01 10:48:56', 'df234305-8a47-4b4d-8efb-716a6b695428');
INSERT INTO `client_division` (`id`, `division_name`, `client_id`, `is_active`, `created_on`, `modified_on`, `tenant_id`) VALUES ('c1e15492-3a24-4be5-958f-713f51fdbd9e', 'Product Dev', '92cf3f1b-69d2-483a-b4bd-89fc3e9c396c', 1, '2025-07-01 10:48:56', '2025-07-01 10:48:56', 'df234305-8a47-4b4d-8efb-716a6b695428');
INSERT INTO `client_division` (`id`, `division_name`, `client_id`, `is_active`, `created_on`, `modified_on`, `tenant_id`) VALUES ('7c886ebb-589d-46ad-a138-55d1aa60e6e2', 'Core Tech', '92cf3f1b-69d2-483a-b4bd-89fc3e9c396c', 1, '2025-07-01 10:48:56', '2025-07-01 10:48:56', 'df234305-8a47-4b4d-8efb-716a6b695428');
INSERT INTO `client` (`id`, `client_code`, `client_name`, `email`, `is_active`, `created_on`, `modified_on`, `tenant_id`) VALUES ('b145121a-6b6b-4a95-8e99-fe6d29c523b6', 1117, 'Gonzales, Hall and Garcia', 'info@gonzaleshallandgarcia.com', 1, '2025-07-01 10:48:56', '2025-07-01 10:48:56', 'df234305-8a47-4b4d-8efb-716a6b695428');
INSERT INTO `department` (`uuid`, `department`, `client_id`, `tenant_id`, `created_on`, `modified_on`) VALUES ('0177d51d-35c1-4f5a-98b6-85a41eeafdc0', 'Aerospace', 'b145121a-6b6b-4a95-8e99-fe6d29c523b6', 'df234305-8a47-4b4d-8efb-716a6b695428', '2025-07-01 10:48:56', '2025-07-01 10:48:56');
INSERT INTO `department` (`uuid`, `department`, `client_id`, `tenant_id`, `created_on`, `modified_on`) VALUES ('0bc5a834-18f1-4dab-ae1d-555333bd1aa2', 'Civil Systems', 'b145121a-6b6b-4a95-8e99-fe6d29c523b6', 'df234305-8a47-4b4d-8efb-716a6b695428', '2025-07-01 10:48:56', '2025-07-01 10:48:56');
INSERT INTO `department` (`uuid`, `department`, `client_id`, `tenant_id`, `created_on`, `modified_on`) VALUES ('199f4075-68c8-4a62-84a1-4cc6a43ecb62', 'Cybersecurity', 'b145121a-6b6b-4a95-8e99-fe6d29c523b6', 'df234305-8a47-4b4d-8efb-716a6b695428', '2025-07-01 10:48:56', '2025-07-01 10:48:56');
INSERT INTO `department` (`uuid`, `department`, `client_id`, `tenant_id`, `created_on`, `modified_on`) VALUES ('809d63ef-b619-4b19-a7a9-e2a0a9c45c97', 'Biomedical', 'b145121a-6b6b-4a95-8e99-fe6d29c523b6', 'df234305-8a47-4b4d-8efb-716a6b695428', '2025-07-01 10:48:56', '2025-07-01 10:48:56');
INSERT INTO `department` (`uuid`, `department`, `client_id`, `tenant_id`, `created_on`, `modified_on`) VALUES ('5296625c-9d0f-4613-a814-8a5ffc9afdb6', 'AI Solutions', 'b145121a-6b6b-4a95-8e99-fe6d29c523b6', 'df234305-8a47-4b4d-8efb-716a6b695428', '2025-07-01 10:48:56', '2025-07-01 10:48:56');
INSERT INTO `department` (`uuid`, `department`, `client_id`, `tenant_id`, `created_on`, `modified_on`) VALUES ('ef9dc2a7-022b-439f-9682-9aae2bf5a89f', 'Robotics', 'b145121a-6b6b-4a95-8e99-fe6d29c523b6', 'df234305-8a47-4b4d-8efb-716a6b695428', '2025-07-01 10:48:56', '2025-07-01 10:48:56');
INSERT INTO `client_division` (`id`, `division_name`, `client_id`, `is_active`, `created_on`, `modified_on`, `tenant_id`) VALUES ('2bc4c649-4f67-4f82-8817-e8efae544a17', 'Core Tech', 'b145121a-6b6b-4a95-8e99-fe6d29c523b6', 1, '2025-07-01 10:48:56', '2025-07-01 10:48:56', 'df234305-8a47-4b4d-8efb-716a6b695428');
INSERT INTO `client_division` (`id`, `division_name`, `client_id`, `is_active`, `created_on`, `modified_on`, `tenant_id`) VALUES ('2908f93e-348d-4dba-9919-fde0e106f05a', 'Product Dev', 'b145121a-6b6b-4a95-8e99-fe6d29c523b6', 1, '2025-07-01 10:48:56', '2025-07-01 10:48:56', 'df234305-8a47-4b4d-8efb-716a6b695428');
INSERT INTO `client_division` (`id`, `division_name`, `client_id`, `is_active`, `created_on`, `modified_on`, `tenant_id`) VALUES ('e3a1f9ff-25be-4465-9a0d-84b00a932920', 'R&D', 'b145121a-6b6b-4a95-8e99-fe6d29c523b6', 1, '2025-07-01 10:48:56', '2025-07-01 10:48:56', 'df234305-8a47-4b4d-8efb-716a6b695428');
INSERT INTO `client_division` (`id`, `division_name`, `client_id`, `is_active`, `created_on`, `modified_on`, `tenant_id`) VALUES ('68c2b131-f517-43ad-b0b3-77f4252b1e93', 'Engineering', 'b145121a-6b6b-4a95-8e99-fe6d29c523b6', 1, '2025-07-01 10:48:56', '2025-07-01 10:48:56', 'df234305-8a47-4b4d-8efb-716a6b695428');
INSERT INTO `client_division` (`id`, `division_name`, `client_id`, `is_active`, `created_on`, `modified_on`, `tenant_id`) VALUES ('ad104769-0653-4b16-8397-9cbf3147c710', 'Innovation Lab', 'b145121a-6b6b-4a95-8e99-fe6d29c523b6', 1, '2025-07-01 10:48:56', '2025-07-01 10:48:56', 'df234305-8a47-4b4d-8efb-716a6b695428');
INSERT INTO `client` (`id`, `client_code`, `client_name`, `email`, `is_active`, `created_on`, `modified_on`, `tenant_id`) VALUES ('2edb0c01-90ae-4878-a53f-7a2ae3eac200', 1118, 'Dawson, Porter and Arnold', 'info@dawsonporterandarnold.com', 1, '2025-07-01 10:48:56', '2025-07-01 10:48:56', 'df234305-8a47-4b4d-8efb-716a6b695428');
INSERT INTO `department` (`uuid`, `department`, `client_id`, `tenant_id`, `created_on`, `modified_on`) VALUES ('3fcc492e-65f1-4265-80ae-38bcc02a45f2', 'Aerospace', '2edb0c01-90ae-4878-a53f-7a2ae3eac200', 'df234305-8a47-4b4d-8efb-716a6b695428', '2025-07-01 10:48:56', '2025-07-01 10:48:56');
INSERT INTO `department` (`uuid`, `department`, `client_id`, `tenant_id`, `created_on`, `modified_on`) VALUES ('2a3d2e76-18b0-4552-a5ed-e9296aa91184', 'Cybersecurity', '2edb0c01-90ae-4878-a53f-7a2ae3eac200', 'df234305-8a47-4b4d-8efb-716a6b695428', '2025-07-01 10:48:56', '2025-07-01 10:48:56');
INSERT INTO `department` (`uuid`, `department`, `client_id`, `tenant_id`, `created_on`, `modified_on`) VALUES ('3063d204-badc-4024-9935-f22ab7faf222', 'AI Solutions', '2edb0c01-90ae-4878-a53f-7a2ae3eac200', 'df234305-8a47-4b4d-8efb-716a6b695428', '2025-07-01 10:48:56', '2025-07-01 10:48:56');
INSERT INTO `department` (`uuid`, `department`, `client_id`, `tenant_id`, `created_on`, `modified_on`) VALUES ('3c521f50-0477-45a0-950c-f58bcfa13cfd', 'Civil Systems', '2edb0c01-90ae-4878-a53f-7a2ae3eac200', 'df234305-8a47-4b4d-8efb-716a6b695428', '2025-07-01 10:48:56', '2025-07-01 10:48:56');
INSERT INTO `department` (`uuid`, `department`, `client_id`, `tenant_id`, `created_on`, `modified_on`) VALUES ('a8c0ddb9-de6a-4a78-8c9d-878ee4b34841', 'Biomedical', '2edb0c01-90ae-4878-a53f-7a2ae3eac200', 'df234305-8a47-4b4d-8efb-716a6b695428', '2025-07-01 10:48:56', '2025-07-01 10:48:56');
INSERT INTO `department` (`uuid`, `department`, `client_id`, `tenant_id`, `created_on`, `modified_on`) VALUES ('46daa8aa-77f8-406b-b657-8e2186678485', 'Robotics', '2edb0c01-90ae-4878-a53f-7a2ae3eac200', 'df234305-8a47-4b4d-8efb-716a6b695428', '2025-07-01 10:48:56', '2025-07-01 10:48:56');
INSERT INTO `client_division` (`id`, `division_name`, `client_id`, `is_active`, `created_on`, `modified_on`, `tenant_id`) VALUES ('f46c94c1-4c4b-42ec-8ee9-3d839a67220d', 'Product Dev', '2edb0c01-90ae-4878-a53f-7a2ae3eac200', 1, '2025-07-01 10:48:56', '2025-07-01 10:48:56', 'df234305-8a47-4b4d-8efb-716a6b695428');
INSERT INTO `client_division` (`id`, `division_name`, `client_id`, `is_active`, `created_on`, `modified_on`, `tenant_id`) VALUES ('ccaee5ac-a8af-480b-89e8-25c379e5082c', 'R&D', '2edb0c01-90ae-4878-a53f-7a2ae3eac200', 1, '2025-07-01 10:48:56', '2025-07-01 10:48:56', 'df234305-8a47-4b4d-8efb-716a6b695428');
INSERT INTO `client_division` (`id`, `division_name`, `client_id`, `is_active`, `created_on`, `modified_on`, `tenant_id`) VALUES ('bc61c4ce-fb7e-4fad-a04c-23a0b93f207d', 'Core Tech', '2edb0c01-90ae-4878-a53f-7a2ae3eac200', 1, '2025-07-01 10:48:56', '2025-07-01 10:48:56', 'df234305-8a47-4b4d-8efb-716a6b695428');
INSERT INTO `client_division` (`id`, `division_name`, `client_id`, `is_active`, `created_on`, `modified_on`, `tenant_id`) VALUES ('7af8af78-984d-4c2e-b110-aac55620570e', 'Innovation Lab', '2edb0c01-90ae-4878-a53f-7a2ae3eac200', 1, '2025-07-01 10:48:56', '2025-07-01 10:48:56', 'df234305-8a47-4b4d-8efb-716a6b695428');
INSERT INTO `client_division` (`id`, `division_name`, `client_id`, `is_active`, `created_on`, `modified_on`, `tenant_id`) VALUES ('7dcb220c-8670-44e3-be5d-9234e139e824', 'Engineering', '2edb0c01-90ae-4878-a53f-7a2ae3eac200', 1, '2025-07-01 10:48:56', '2025-07-01 10:48:56', 'df234305-8a47-4b4d-8efb-716a6b695428');
INSERT INTO `client` (`id`, `client_code`, `client_name`, `email`, `is_active`, `created_on`, `modified_on`, `tenant_id`) VALUES ('209ee87a-2805-49de-a973-f8a29deff184', 1119, 'Campos Group', 'info@camposgroup.com', 1, '2025-07-01 10:48:56', '2025-07-01 10:48:56', 'df234305-8a47-4b4d-8efb-716a6b695428');
INSERT INTO `department` (`uuid`, `department`, `client_id`, `tenant_id`, `created_on`, `modified_on`) VALUES ('31678a1b-bca6-48f8-9646-ab1aba4b053b', 'Civil Systems', '209ee87a-2805-49de-a973-f8a29deff184', 'df234305-8a47-4b4d-8efb-716a6b695428', '2025-07-01 10:48:56', '2025-07-01 10:48:56');
INSERT INTO `department` (`uuid`, `department`, `client_id`, `tenant_id`, `created_on`, `modified_on`) VALUES ('3a18263e-ec60-4737-af1b-dc814d80fd23', 'Biomedical', '209ee87a-2805-49de-a973-f8a29deff184', 'df234305-8a47-4b4d-8efb-716a6b695428', '2025-07-01 10:48:56', '2025-07-01 10:48:56');
INSERT INTO `department` (`uuid`, `department`, `client_id`, `tenant_id`, `created_on`, `modified_on`) VALUES ('e7b7e988-91fc-4e26-8fea-97372eebd489', 'Aerospace', '209ee87a-2805-49de-a973-f8a29deff184', 'df234305-8a47-4b4d-8efb-716a6b695428', '2025-07-01 10:48:56', '2025-07-01 10:48:56');
INSERT INTO `department` (`uuid`, `department`, `client_id`, `tenant_id`, `created_on`, `modified_on`) VALUES ('bbfaa0a1-a2be-4ee8-80c1-2def111a8944', 'Cybersecurity', '209ee87a-2805-49de-a973-f8a29deff184', 'df234305-8a47-4b4d-8efb-716a6b695428', '2025-07-01 10:48:56', '2025-07-01 10:48:56');
INSERT INTO `department` (`uuid`, `department`, `client_id`, `tenant_id`, `created_on`, `modified_on`) VALUES ('5330d65b-484a-451e-8387-c0edf72fd427', 'Robotics', '209ee87a-2805-49de-a973-f8a29deff184', 'df234305-8a47-4b4d-8efb-716a6b695428', '2025-07-01 10:48:56', '2025-07-01 10:48:56');
INSERT INTO `department` (`uuid`, `department`, `client_id`, `tenant_id`, `created_on`, `modified_on`) VALUES ('8de056b8-6688-409e-8749-f1bdf11655e0', 'AI Solutions', '209ee87a-2805-49de-a973-f8a29deff184', 'df234305-8a47-4b4d-8efb-716a6b695428', '2025-07-01 10:48:56', '2025-07-01 10:48:56');
INSERT INTO `client_division` (`id`, `division_name`, `client_id`, `is_active`, `created_on`, `modified_on`, `tenant_id`) VALUES ('3c033b1c-db8a-4d1e-8a36-8d69feee1ebf', 'R&D', '209ee87a-2805-49de-a973-f8a29deff184', 1, '2025-07-01 10:48:56', '2025-07-01 10:48:56', 'df234305-8a47-4b4d-8efb-716a6b695428');
INSERT INTO `client_division` (`id`, `division_name`, `client_id`, `is_active`, `created_on`, `modified_on`, `tenant_id`) VALUES ('c239fc9d-59f5-4062-af75-827ffcf66a6c', 'Engineering', '209ee87a-2805-49de-a973-f8a29deff184', 1, '2025-07-01 10:48:56', '2025-07-01 10:48:56', 'df234305-8a47-4b4d-8efb-716a6b695428');
INSERT INTO `client_division` (`id`, `division_name`, `client_id`, `is_active`, `created_on`, `modified_on`, `tenant_id`) VALUES ('65c2c525-67d7-4e90-b762-bfe3e2496426', 'Innovation Lab', '209ee87a-2805-49de-a973-f8a29deff184', 1, '2025-07-01 10:48:56', '2025-07-01 10:48:56', 'df234305-8a47-4b4d-8efb-716a6b695428');
INSERT INTO `client_division` (`id`, `division_name`, `client_id`, `is_active`, `created_on`, `modified_on`, `tenant_id`) VALUES ('049064cf-4b68-4106-bc19-91a6cf6dc8e8', 'Product Dev', '209ee87a-2805-49de-a973-f8a29deff184', 1, '2025-07-01 10:48:56', '2025-07-01 10:48:56', 'df234305-8a47-4b4d-8efb-716a6b695428');
INSERT INTO `client_division` (`id`, `division_name`, `client_id`, `is_active`, `created_on`, `modified_on`, `tenant_id`) VALUES ('1d175c46-b6a0-49af-9fda-b02bc178aa4c', 'Core Tech', '209ee87a-2805-49de-a973-f8a29deff184', 1, '2025-07-01 10:48:56', '2025-07-01 10:48:56', 'df234305-8a47-4b4d-8efb-716a6b695428');
INSERT INTO `client` (`id`, `client_code`, `client_name`, `email`, `is_active`, `created_on`, `modified_on`, `tenant_id`) VALUES ('125b2eb3-e826-4ab3-bcae-244d153ded97', 1120, 'Trevino, White and Frye', 'info@trevinowhiteandfrye.com', 1, '2025-07-01 10:48:56', '2025-07-01 10:48:56', 'df234305-8a47-4b4d-8efb-716a6b695428');
INSERT INTO `department` (`uuid`, `department`, `client_id`, `tenant_id`, `created_on`, `modified_on`) VALUES ('679e7277-b24f-49ba-98bf-c5ba90c05f4d', 'Biomedical', '125b2eb3-e826-4ab3-bcae-244d153ded97', 'df234305-8a47-4b4d-8efb-716a6b695428', '2025-07-01 10:48:56', '2025-07-01 10:48:56');
INSERT INTO `department` (`uuid`, `department`, `client_id`, `tenant_id`, `created_on`, `modified_on`) VALUES ('23a3cbf2-7a70-451e-bdf0-960d0b6f5860', 'Cybersecurity', '125b2eb3-e826-4ab3-bcae-244d153ded97', 'df234305-8a47-4b4d-8efb-716a6b695428', '2025-07-01 10:48:56', '2025-07-01 10:48:56');
INSERT INTO `department` (`uuid`, `department`, `client_id`, `tenant_id`, `created_on`, `modified_on`) VALUES ('17bd6029-778e-4a5f-bdd6-4d5ef3314eec', 'AI Solutions', '125b2eb3-e826-4ab3-bcae-244d153ded97', 'df234305-8a47-4b4d-8efb-716a6b695428', '2025-07-01 10:48:56', '2025-07-01 10:48:56');
INSERT INTO `department` (`uuid`, `department`, `client_id`, `tenant_id`, `created_on`, `modified_on`) VALUES ('fdbcc699-2395-41d4-832b-997bbdfb93d1', 'Civil Systems', '125b2eb3-e826-4ab3-bcae-244d153ded97', 'df234305-8a47-4b4d-8efb-716a6b695428', '2025-07-01 10:48:56', '2025-07-01 10:48:56');
INSERT INTO `department` (`uuid`, `department`, `client_id`, `tenant_id`, `created_on`, `modified_on`) VALUES ('d6dc5423-4c70-4af2-9086-334966008498', 'Aerospace', '125b2eb3-e826-4ab3-bcae-244d153ded97', 'df234305-8a47-4b4d-8efb-716a6b695428', '2025-07-01 10:48:56', '2025-07-01 10:48:56');
INSERT INTO `department` (`uuid`, `department`, `client_id`, `tenant_id`, `created_on`, `modified_on`) VALUES ('84bcf6d2-4723-47ff-8b12-016074d9bc3d', 'Robotics', '125b2eb3-e826-4ab3-bcae-244d153ded97', 'df234305-8a47-4b4d-8efb-716a6b695428', '2025-07-01 10:48:56', '2025-07-01 10:48:56');
INSERT INTO `client_division` (`id`, `division_name`, `client_id`, `is_active`, `created_on`, `modified_on`, `tenant_id`) VALUES ('253e241c-ba0a-4cfd-9c5b-ba2ab3a0707c', 'R&D', '125b2eb3-e826-4ab3-bcae-244d153ded97', 1, '2025-07-01 10:48:56', '2025-07-01 10:48:56', 'df234305-8a47-4b4d-8efb-716a6b695428');
INSERT INTO `client_division` (`id`, `division_name`, `client_id`, `is_active`, `created_on`, `modified_on`, `tenant_id`) VALUES ('607455ec-c5df-4d75-8084-f1d93bf9647f', 'Innovation Lab', '125b2eb3-e826-4ab3-bcae-244d153ded97', 1, '2025-07-01 10:48:56', '2025-07-01 10:48:56', 'df234305-8a47-4b4d-8efb-716a6b695428');
INSERT INTO `client_division` (`id`, `division_name`, `client_id`, `is_active`, `created_on`, `modified_on`, `tenant_id`) VALUES ('6b9ed026-2a39-4711-9be4-9c8c8fb871e4', 'Core Tech', '125b2eb3-e826-4ab3-bcae-244d153ded97', 1, '2025-07-01 10:48:56', '2025-07-01 10:48:56', 'df234305-8a47-4b4d-8efb-716a6b695428');
INSERT INTO `client_division` (`id`, `division_name`, `client_id`, `is_active`, `created_on`, `modified_on`, `tenant_id`) VALUES ('251cef28-6193-4319-ae88-b8914ca6600c', 'Product Dev', '125b2eb3-e826-4ab3-bcae-244d153ded97', 1, '2025-07-01 10:48:56', '2025-07-01 10:48:56', 'df234305-8a47-4b4d-8efb-716a6b695428');
INSERT INTO `client_division` (`id`, `division_name`, `client_id`, `is_active`, `created_on`, `modified_on`, `tenant_id`) VALUES ('0cbbfe59-9003-4c48-80e4-92291ead755f', 'Engineering', '125b2eb3-e826-4ab3-bcae-244d153ded97', 1, '2025-07-01 10:48:56', '2025-07-01 10:48:56', 'df234305-8a47-4b4d-8efb-716a6b695428');
INSERT INTO `client` (`id`, `client_code`, `client_name`, `email`, `is_active`, `created_on`, `modified_on`, `tenant_id`) VALUES ('47c09bef-5877-4600-b839-6ab5d0898809', 1121, 'Steele-Frost', 'info@steelefrost.com', 1, '2025-07-01 10:48:56', '2025-07-01 10:48:56', 'df234305-8a47-4b4d-8efb-716a6b695428');
INSERT INTO `department` (`uuid`, `department`, `client_id`, `tenant_id`, `created_on`, `modified_on`) VALUES ('30e853ef-44bb-4d3a-8259-229e8acde656', 'Civil Systems', '47c09bef-5877-4600-b839-6ab5d0898809', 'df234305-8a47-4b4d-8efb-716a6b695428', '2025-07-01 10:48:56', '2025-07-01 10:48:56');
INSERT INTO `department` (`uuid`, `department`, `client_id`, `tenant_id`, `created_on`, `modified_on`) VALUES ('f0777c6c-793b-48b6-a111-23908539c9a7', 'AI Solutions', '47c09bef-5877-4600-b839-6ab5d0898809', 'df234305-8a47-4b4d-8efb-716a6b695428', '2025-07-01 10:48:56', '2025-07-01 10:48:56');
INSERT INTO `department` (`uuid`, `department`, `client_id`, `tenant_id`, `created_on`, `modified_on`) VALUES ('96de29a3-e615-4bc4-a435-f8f2ffbfbde2', 'Aerospace', '47c09bef-5877-4600-b839-6ab5d0898809', 'df234305-8a47-4b4d-8efb-716a6b695428', '2025-07-01 10:48:56', '2025-07-01 10:48:56');
INSERT INTO `department` (`uuid`, `department`, `client_id`, `tenant_id`, `created_on`, `modified_on`) VALUES ('afe51ef9-0837-408f-bf55-487aea558550', 'Robotics', '47c09bef-5877-4600-b839-6ab5d0898809', 'df234305-8a47-4b4d-8efb-716a6b695428', '2025-07-01 10:48:56', '2025-07-01 10:48:56');
INSERT INTO `department` (`uuid`, `department`, `client_id`, `tenant_id`, `created_on`, `modified_on`) VALUES ('0e559674-3c7b-426d-865d-900cea7ee92e', 'Cybersecurity', '47c09bef-5877-4600-b839-6ab5d0898809', 'df234305-8a47-4b4d-8efb-716a6b695428', '2025-07-01 10:48:56', '2025-07-01 10:48:56');
INSERT INTO `department` (`uuid`, `department`, `client_id`, `tenant_id`, `created_on`, `modified_on`) VALUES ('685e0d1b-389d-49ef-9526-6450816c3fa8', 'Biomedical', '47c09bef-5877-4600-b839-6ab5d0898809', 'df234305-8a47-4b4d-8efb-716a6b695428', '2025-07-01 10:48:56', '2025-07-01 10:48:56');
INSERT INTO `client_division` (`id`, `division_name`, `client_id`, `is_active`, `created_on`, `modified_on`, `tenant_id`) VALUES ('6cdd4aaf-6b0e-4f90-bbbf-3b83eb1ace84', 'Product Dev', '47c09bef-5877-4600-b839-6ab5d0898809', 1, '2025-07-01 10:48:56', '2025-07-01 10:48:56', 'df234305-8a47-4b4d-8efb-716a6b695428');
INSERT INTO `client_division` (`id`, `division_name`, `client_id`, `is_active`, `created_on`, `modified_on`, `tenant_id`) VALUES ('877e232f-21dd-468b-a2b9-9e5261b99595', 'R&D', '47c09bef-5877-4600-b839-6ab5d0898809', 1, '2025-07-01 10:48:56', '2025-07-01 10:48:56', 'df234305-8a47-4b4d-8efb-716a6b695428');
INSERT INTO `client_division` (`id`, `division_name`, `client_id`, `is_active`, `created_on`, `modified_on`, `tenant_id`) VALUES ('8b7c3956-5e72-4c07-a038-ff8e3942ec02', 'Core Tech', '47c09bef-5877-4600-b839-6ab5d0898809', 1, '2025-07-01 10:48:56', '2025-07-01 10:48:56', 'df234305-8a47-4b4d-8efb-716a6b695428');
INSERT INTO `client_division` (`id`, `division_name`, `client_id`, `is_active`, `created_on`, `modified_on`, `tenant_id`) VALUES ('d546ac06-cb38-4442-8269-905b62f51332', 'Innovation Lab', '47c09bef-5877-4600-b839-6ab5d0898809', 1, '2025-07-01 10:48:56', '2025-07-01 10:48:56', 'df234305-8a47-4b4d-8efb-716a6b695428');
INSERT INTO `client_division` (`id`, `division_name`, `client_id`, `is_active`, `created_on`, `modified_on`, `tenant_id`) VALUES ('9fb66d2c-8153-445a-b5aa-852963cac69e', 'Engineering', '47c09bef-5877-4600-b839-6ab5d0898809', 1, '2025-07-01 10:48:56', '2025-07-01 10:48:56', 'df234305-8a47-4b4d-8efb-716a6b695428');
INSERT INTO `client` (`id`, `client_code`, `client_name`, `email`, `is_active`, `created_on`, `modified_on`, `tenant_id`) VALUES ('018b4b21-30e9-4baf-bde7-08d545c72836', 1122, 'Lopez Inc', 'info@lopezinc.com', 1, '2025-07-01 10:48:56', '2025-07-01 10:48:56', 'df234305-8a47-4b4d-8efb-716a6b695428');
INSERT INTO `department` (`uuid`, `department`, `client_id`, `tenant_id`, `created_on`, `modified_on`) VALUES ('34899388-7a8a-4462-9af3-7c0a02cdd0b4', 'Robotics', '018b4b21-30e9-4baf-bde7-08d545c72836', 'df234305-8a47-4b4d-8efb-716a6b695428', '2025-07-01 10:48:56', '2025-07-01 10:48:56');
INSERT INTO `department` (`uuid`, `department`, `client_id`, `tenant_id`, `created_on`, `modified_on`) VALUES ('db25b156-e349-49d6-b1b1-65eb68faf875', 'Aerospace', '018b4b21-30e9-4baf-bde7-08d545c72836', 'df234305-8a47-4b4d-8efb-716a6b695428', '2025-07-01 10:48:56', '2025-07-01 10:48:56');
INSERT INTO `department` (`uuid`, `department`, `client_id`, `tenant_id`, `created_on`, `modified_on`) VALUES ('d5f3d85c-4046-4ef8-a348-e72986230281', 'AI Solutions', '018b4b21-30e9-4baf-bde7-08d545c72836', 'df234305-8a47-4b4d-8efb-716a6b695428', '2025-07-01 10:48:56', '2025-07-01 10:48:56');
INSERT INTO `department` (`uuid`, `department`, `client_id`, `tenant_id`, `created_on`, `modified_on`) VALUES ('8a33a7b3-628f-443f-ae65-6658ce2f02cf', 'Biomedical', '018b4b21-30e9-4baf-bde7-08d545c72836', 'df234305-8a47-4b4d-8efb-716a6b695428', '2025-07-01 10:48:56', '2025-07-01 10:48:56');
INSERT INTO `department` (`uuid`, `department`, `client_id`, `tenant_id`, `created_on`, `modified_on`) VALUES ('8de68f0b-236c-4cc6-bdc5-78eafd21950d', 'Cybersecurity', '018b4b21-30e9-4baf-bde7-08d545c72836', 'df234305-8a47-4b4d-8efb-716a6b695428', '2025-07-01 10:48:56', '2025-07-01 10:48:56');
INSERT INTO `department` (`uuid`, `department`, `client_id`, `tenant_id`, `created_on`, `modified_on`) VALUES ('11c81035-c4ab-44c7-99e6-f54e843c6eb4', 'Civil Systems', '018b4b21-30e9-4baf-bde7-08d545c72836', 'df234305-8a47-4b4d-8efb-716a6b695428', '2025-07-01 10:48:56', '2025-07-01 10:48:56');
INSERT INTO `client_division` (`id`, `division_name`, `client_id`, `is_active`, `created_on`, `modified_on`, `tenant_id`) VALUES ('1a693718-be3b-4acd-88c6-c9781734e459', 'R&D', '018b4b21-30e9-4baf-bde7-08d545c72836', 1, '2025-07-01 10:48:56', '2025-07-01 10:48:56', 'df234305-8a47-4b4d-8efb-716a6b695428');
INSERT INTO `client_division` (`id`, `division_name`, `client_id`, `is_active`, `created_on`, `modified_on`, `tenant_id`) VALUES ('8dfaf8dd-a973-4011-86b9-f1d576228382', 'Engineering', '018b4b21-30e9-4baf-bde7-08d545c72836', 1, '2025-07-01 10:48:56', '2025-07-01 10:48:56', 'df234305-8a47-4b4d-8efb-716a6b695428');
INSERT INTO `client_division` (`id`, `division_name`, `client_id`, `is_active`, `created_on`, `modified_on`, `tenant_id`) VALUES ('b65feb34-b49d-4667-973f-5c416724f276', 'Product Dev', '018b4b21-30e9-4baf-bde7-08d545c72836', 1, '2025-07-01 10:48:56', '2025-07-01 10:48:56', 'df234305-8a47-4b4d-8efb-716a6b695428');
INSERT INTO `client_division` (`id`, `division_name`, `client_id`, `is_active`, `created_on`, `modified_on`, `tenant_id`) VALUES ('3f0a2872-0474-4750-b4e3-c25ca548e0e0', 'Innovation Lab', '018b4b21-30e9-4baf-bde7-08d545c72836', 1, '2025-07-01 10:48:56', '2025-07-01 10:48:56', 'df234305-8a47-4b4d-8efb-716a6b695428');
INSERT INTO `client_division` (`id`, `division_name`, `client_id`, `is_active`, `created_on`, `modified_on`, `tenant_id`) VALUES ('cfc92bad-6c49-4a64-9350-e246ac472da5', 'Core Tech', '018b4b21-30e9-4baf-bde7-08d545c72836', 1, '2025-07-01 10:48:56', '2025-07-01 10:48:56', 'df234305-8a47-4b4d-8efb-716a6b695428');
INSERT INTO `client` (`id`, `client_code`, `client_name`, `email`, `is_active`, `created_on`, `modified_on`, `tenant_id`) VALUES ('8619af3c-6edf-4d4e-83bf-1b68c5256120', 1123, 'Hoffman, Moore and Douglas', 'info@hoffmanmooreanddouglas.com', 1, '2025-07-01 10:48:56', '2025-07-01 10:48:56', 'df234305-8a47-4b4d-8efb-716a6b695428');
INSERT INTO `department` (`uuid`, `department`, `client_id`, `tenant_id`, `created_on`, `modified_on`) VALUES ('972cf04f-78f0-4db1-a906-68dfb2b4e91e', 'Cybersecurity', '8619af3c-6edf-4d4e-83bf-1b68c5256120', 'df234305-8a47-4b4d-8efb-716a6b695428', '2025-07-01 10:48:56', '2025-07-01 10:48:56');
INSERT INTO `department` (`uuid`, `department`, `client_id`, `tenant_id`, `created_on`, `modified_on`) VALUES ('31c3f77b-0b13-4f08-9453-aa35aef06cd4', 'Civil Systems', '8619af3c-6edf-4d4e-83bf-1b68c5256120', 'df234305-8a47-4b4d-8efb-716a6b695428', '2025-07-01 10:48:56', '2025-07-01 10:48:56');
INSERT INTO `department` (`uuid`, `department`, `client_id`, `tenant_id`, `created_on`, `modified_on`) VALUES ('51849d2e-8c25-4f0c-bdd6-ccdb4186498e', 'Robotics', '8619af3c-6edf-4d4e-83bf-1b68c5256120', 'df234305-8a47-4b4d-8efb-716a6b695428', '2025-07-01 10:48:56', '2025-07-01 10:48:56');
INSERT INTO `department` (`uuid`, `department`, `client_id`, `tenant_id`, `created_on`, `modified_on`) VALUES ('bb6e7627-8a48-4480-b322-36ab572e6afe', 'Aerospace', '8619af3c-6edf-4d4e-83bf-1b68c5256120', 'df234305-8a47-4b4d-8efb-716a6b695428', '2025-07-01 10:48:56', '2025-07-01 10:48:56');
INSERT INTO `department` (`uuid`, `department`, `client_id`, `tenant_id`, `created_on`, `modified_on`) VALUES ('0bcf9fad-73e7-4691-8c41-57cb4219c97e', 'AI Solutions', '8619af3c-6edf-4d4e-83bf-1b68c5256120', 'df234305-8a47-4b4d-8efb-716a6b695428', '2025-07-01 10:48:56', '2025-07-01 10:48:56');
INSERT INTO `department` (`uuid`, `department`, `client_id`, `tenant_id`, `created_on`, `modified_on`) VALUES ('9bd1d40f-a6cd-4928-b117-4f210b4e5882', 'Biomedical', '8619af3c-6edf-4d4e-83bf-1b68c5256120', 'df234305-8a47-4b4d-8efb-716a6b695428', '2025-07-01 10:48:56', '2025-07-01 10:48:56');
INSERT INTO `client_division` (`id`, `division_name`, `client_id`, `is_active`, `created_on`, `modified_on`, `tenant_id`) VALUES ('fef26dc9-536b-46bf-827b-d45ab14e9ea5', 'Engineering', '8619af3c-6edf-4d4e-83bf-1b68c5256120', 1, '2025-07-01 10:48:56', '2025-07-01 10:48:56', 'df234305-8a47-4b4d-8efb-716a6b695428');
INSERT INTO `client_division` (`id`, `division_name`, `client_id`, `is_active`, `created_on`, `modified_on`, `tenant_id`) VALUES ('a14acdba-25db-4a59-99c7-163ae78c9462', 'Innovation Lab', '8619af3c-6edf-4d4e-83bf-1b68c5256120', 1, '2025-07-01 10:48:56', '2025-07-01 10:48:56', 'df234305-8a47-4b4d-8efb-716a6b695428');
INSERT INTO `client_division` (`id`, `division_name`, `client_id`, `is_active`, `created_on`, `modified_on`, `tenant_id`) VALUES ('87cb3ddf-d46b-4fb0-a9bf-c0095b351158', 'R&D', '8619af3c-6edf-4d4e-83bf-1b68c5256120', 1, '2025-07-01 10:48:56', '2025-07-01 10:48:56', 'df234305-8a47-4b4d-8efb-716a6b695428');
INSERT INTO `client_division` (`id`, `division_name`, `client_id`, `is_active`, `created_on`, `modified_on`, `tenant_id`) VALUES ('05f8ac16-b5e1-4002-b5d1-d39574941797', 'Product Dev', '8619af3c-6edf-4d4e-83bf-1b68c5256120', 1, '2025-07-01 10:48:56', '2025-07-01 10:48:56', 'df234305-8a47-4b4d-8efb-716a6b695428');
INSERT INTO `client_division` (`id`, `division_name`, `client_id`, `is_active`, `created_on`, `modified_on`, `tenant_id`) VALUES ('daae652c-cf04-4c74-a017-3c917155557a', 'Core Tech', '8619af3c-6edf-4d4e-83bf-1b68c5256120', 1, '2025-07-01 10:48:56', '2025-07-01 10:48:56', 'df234305-8a47-4b4d-8efb-716a6b695428');
INSERT INTO `client` (`id`, `client_code`, `client_name`, `email`, `is_active`, `created_on`, `modified_on`, `tenant_id`) VALUES ('6203b53c-91cf-4bfc-bdb8-84974547fabe', 1124, 'Vaughn-Pace', 'info@vaughnpace.com', 1, '2025-07-01 10:48:56', '2025-07-01 10:48:56', 'df234305-8a47-4b4d-8efb-716a6b695428');
INSERT INTO `department` (`uuid`, `department`, `client_id`, `tenant_id`, `created_on`, `modified_on`) VALUES ('541c7037-ec53-4d76-9f2e-7004682dea87', 'AI Solutions', '6203b53c-91cf-4bfc-bdb8-84974547fabe', 'df234305-8a47-4b4d-8efb-716a6b695428', '2025-07-01 10:48:56', '2025-07-01 10:48:56');
INSERT INTO `department` (`uuid`, `department`, `client_id`, `tenant_id`, `created_on`, `modified_on`) VALUES ('75d9539d-6127-4890-be2d-4c58d10947aa', 'Cybersecurity', '6203b53c-91cf-4bfc-bdb8-84974547fabe', 'df234305-8a47-4b4d-8efb-716a6b695428', '2025-07-01 10:48:56', '2025-07-01 10:48:56');
INSERT INTO `department` (`uuid`, `department`, `client_id`, `tenant_id`, `created_on`, `modified_on`) VALUES ('e5e412fa-dd6f-45c1-80f3-9e69bec56c2b', 'Biomedical', '6203b53c-91cf-4bfc-bdb8-84974547fabe', 'df234305-8a47-4b4d-8efb-716a6b695428', '2025-07-01 10:48:56', '2025-07-01 10:48:56');
INSERT INTO `department` (`uuid`, `department`, `client_id`, `tenant_id`, `created_on`, `modified_on`) VALUES ('77c3e067-5a82-4a11-adbe-797ac0d55b7f', 'Aerospace', '6203b53c-91cf-4bfc-bdb8-84974547fabe', 'df234305-8a47-4b4d-8efb-716a6b695428', '2025-07-01 10:48:56', '2025-07-01 10:48:56');
INSERT INTO `department` (`uuid`, `department`, `client_id`, `tenant_id`, `created_on`, `modified_on`) VALUES ('32cf5148-6bdf-491a-a81a-34bfd6dc9a38', 'Civil Systems', '6203b53c-91cf-4bfc-bdb8-84974547fabe', 'df234305-8a47-4b4d-8efb-716a6b695428', '2025-07-01 10:48:56', '2025-07-01 10:48:56');
INSERT INTO `department` (`uuid`, `department`, `client_id`, `tenant_id`, `created_on`, `modified_on`) VALUES ('fc3dafaf-4a5c-404d-9b9a-5639457087df', 'Robotics', '6203b53c-91cf-4bfc-bdb8-84974547fabe', 'df234305-8a47-4b4d-8efb-716a6b695428', '2025-07-01 10:48:56', '2025-07-01 10:48:56');
INSERT INTO `client_division` (`id`, `division_name`, `client_id`, `is_active`, `created_on`, `modified_on`, `tenant_id`) VALUES ('43241d69-40f7-43b9-867e-75d746a3d152', 'R&D', '6203b53c-91cf-4bfc-bdb8-84974547fabe', 1, '2025-07-01 10:48:56', '2025-07-01 10:48:56', 'df234305-8a47-4b4d-8efb-716a6b695428');
INSERT INTO `client_division` (`id`, `division_name`, `client_id`, `is_active`, `created_on`, `modified_on`, `tenant_id`) VALUES ('4defe417-0a65-4120-9255-a6d55bc28d77', 'Engineering', '6203b53c-91cf-4bfc-bdb8-84974547fabe', 1, '2025-07-01 10:48:56', '2025-07-01 10:48:56', 'df234305-8a47-4b4d-8efb-716a6b695428');
INSERT INTO `client_division` (`id`, `division_name`, `client_id`, `is_active`, `created_on`, `modified_on`, `tenant_id`) VALUES ('420e6a01-fecc-4ed5-b669-76defd4040f6', 'Core Tech', '6203b53c-91cf-4bfc-bdb8-84974547fabe', 1, '2025-07-01 10:48:56', '2025-07-01 10:48:56', 'df234305-8a47-4b4d-8efb-716a6b695428');
INSERT INTO `client_division` (`id`, `division_name`, `client_id`, `is_active`, `created_on`, `modified_on`, `tenant_id`) VALUES ('687f4f53-0d1c-46d3-ae31-05aefc01a596', 'Product Dev', '6203b53c-91cf-4bfc-bdb8-84974547fabe', 1, '2025-07-01 10:48:56', '2025-07-01 10:48:56', 'df234305-8a47-4b4d-8efb-716a6b695428');
INSERT INTO `client_division` (`id`, `division_name`, `client_id`, `is_active`, `created_on`, `modified_on`, `tenant_id`) VALUES ('55e80802-fa64-49ac-862c-306b6ed1b6a8', 'Innovation Lab', '6203b53c-91cf-4bfc-bdb8-84974547fabe', 1, '2025-07-01 10:48:56', '2025-07-01 10:48:56', 'df234305-8a47-4b4d-8efb-716a6b695428');
INSERT INTO `client` (`id`, `client_code`, `client_name`, `email`, `is_active`, `created_on`, `modified_on`, `tenant_id`) VALUES ('91c0e316-cbf5-4af0-9d8f-06f860280613', 1125, 'Hernandez PLC', 'info@hernandezplc.com', 1, '2025-07-01 10:48:56', '2025-07-01 10:48:56', 'df234305-8a47-4b4d-8efb-716a6b695428');
INSERT INTO `department` (`uuid`, `department`, `client_id`, `tenant_id`, `created_on`, `modified_on`) VALUES ('89952fe2-cd63-4417-8b7e-51568e0f890e', 'Robotics', '91c0e316-cbf5-4af0-9d8f-06f860280613', 'df234305-8a47-4b4d-8efb-716a6b695428', '2025-07-01 10:48:56', '2025-07-01 10:48:56');
INSERT INTO `department` (`uuid`, `department`, `client_id`, `tenant_id`, `created_on`, `modified_on`) VALUES ('be66ba39-5a05-412b-9649-ba3b8fbfd785', 'AI Solutions', '91c0e316-cbf5-4af0-9d8f-06f860280613', 'df234305-8a47-4b4d-8efb-716a6b695428', '2025-07-01 10:48:56', '2025-07-01 10:48:56');
INSERT INTO `department` (`uuid`, `department`, `client_id`, `tenant_id`, `created_on`, `modified_on`) VALUES ('9196e378-43a6-46fb-a95f-9c86c7ba3368', 'Aerospace', '91c0e316-cbf5-4af0-9d8f-06f860280613', 'df234305-8a47-4b4d-8efb-716a6b695428', '2025-07-01 10:48:56', '2025-07-01 10:48:56');
INSERT INTO `department` (`uuid`, `department`, `client_id`, `tenant_id`, `created_on`, `modified_on`) VALUES ('8a9425bb-8190-408d-a174-e7f034ce5948', 'Cybersecurity', '91c0e316-cbf5-4af0-9d8f-06f860280613', 'df234305-8a47-4b4d-8efb-716a6b695428', '2025-07-01 10:48:56', '2025-07-01 10:48:56');
INSERT INTO `department` (`uuid`, `department`, `client_id`, `tenant_id`, `created_on`, `modified_on`) VALUES ('ed56e37f-c43f-4ec6-a205-8696f9413eda', 'Civil Systems', '91c0e316-cbf5-4af0-9d8f-06f860280613', 'df234305-8a47-4b4d-8efb-716a6b695428', '2025-07-01 10:48:56', '2025-07-01 10:48:56');
INSERT INTO `department` (`uuid`, `department`, `client_id`, `tenant_id`, `created_on`, `modified_on`) VALUES ('0592f799-777c-4aa1-8666-d3c8aed75360', 'Biomedical', '91c0e316-cbf5-4af0-9d8f-06f860280613', 'df234305-8a47-4b4d-8efb-716a6b695428', '2025-07-01 10:48:56', '2025-07-01 10:48:56');
INSERT INTO `client_division` (`id`, `division_name`, `client_id`, `is_active`, `created_on`, `modified_on`, `tenant_id`) VALUES ('b3f7ed29-dd3c-41ea-be30-539c5b03ed58', 'Engineering', '91c0e316-cbf5-4af0-9d8f-06f860280613', 1, '2025-07-01 10:48:56', '2025-07-01 10:48:56', 'df234305-8a47-4b4d-8efb-716a6b695428');
INSERT INTO `client_division` (`id`, `division_name`, `client_id`, `is_active`, `created_on`, `modified_on`, `tenant_id`) VALUES ('1fba6537-f6d2-4481-a58d-fdf9d8d5f7ca', 'R&D', '91c0e316-cbf5-4af0-9d8f-06f860280613', 1, '2025-07-01 10:48:56', '2025-07-01 10:48:56', 'df234305-8a47-4b4d-8efb-716a6b695428');
INSERT INTO `client_division` (`id`, `division_name`, `client_id`, `is_active`, `created_on`, `modified_on`, `tenant_id`) VALUES ('6e8842ca-ffb6-4e4b-b00a-a3a50cddb0fe', 'Innovation Lab', '91c0e316-cbf5-4af0-9d8f-06f860280613', 1, '2025-07-01 10:48:56', '2025-07-01 10:48:56', 'df234305-8a47-4b4d-8efb-716a6b695428');
INSERT INTO `client_division` (`id`, `division_name`, `client_id`, `is_active`, `created_on`, `modified_on`, `tenant_id`) VALUES ('03320f7c-e196-410e-8b70-3c0f84daaa88', 'Core Tech', '91c0e316-cbf5-4af0-9d8f-06f860280613', 1, '2025-07-01 10:48:56', '2025-07-01 10:48:56', 'df234305-8a47-4b4d-8efb-716a6b695428');
INSERT INTO `client_division` (`id`, `division_name`, `client_id`, `is_active`, `created_on`, `modified_on`, `tenant_id`) VALUES ('9d7c507f-7cd7-400c-b48d-a06652e9b305', 'Product Dev', '91c0e316-cbf5-4af0-9d8f-06f860280613', 1, '2025-07-01 10:48:56', '2025-07-01 10:48:56', 'df234305-8a47-4b4d-8efb-716a6b695428');
INSERT INTO `client` (`id`, `client_code`, `client_name`, `email`, `is_active`, `created_on`, `modified_on`, `tenant_id`) VALUES ('75b1db27-c2c1-43e1-8731-5ea213ac5c66', 1126, 'Willis, Fuller and Montgomery', 'info@willisfullerandmontgomery.com', 1, '2025-07-01 10:48:56', '2025-07-01 10:48:56', 'df234305-8a47-4b4d-8efb-716a6b695428');
INSERT INTO `department` (`uuid`, `department`, `client_id`, `tenant_id`, `created_on`, `modified_on`) VALUES ('1f2d0d87-422d-4a93-b00b-ac6ef8ef9912', 'AI Solutions', '75b1db27-c2c1-43e1-8731-5ea213ac5c66', 'df234305-8a47-4b4d-8efb-716a6b695428', '2025-07-01 10:48:56', '2025-07-01 10:48:56');
INSERT INTO `department` (`uuid`, `department`, `client_id`, `tenant_id`, `created_on`, `modified_on`) VALUES ('e4711597-996a-4e66-b7d2-cd81f0306fc8', 'Cybersecurity', '75b1db27-c2c1-43e1-8731-5ea213ac5c66', 'df234305-8a47-4b4d-8efb-716a6b695428', '2025-07-01 10:48:56', '2025-07-01 10:48:56');
INSERT INTO `department` (`uuid`, `department`, `client_id`, `tenant_id`, `created_on`, `modified_on`) VALUES ('db2a2d81-d52b-4c3c-a450-ecba6a061380', 'Biomedical', '75b1db27-c2c1-43e1-8731-5ea213ac5c66', 'df234305-8a47-4b4d-8efb-716a6b695428', '2025-07-01 10:48:56', '2025-07-01 10:48:56');
INSERT INTO `department` (`uuid`, `department`, `client_id`, `tenant_id`, `created_on`, `modified_on`) VALUES ('929dbfbc-f438-4c59-9fba-5b95199e2b31', 'Civil Systems', '75b1db27-c2c1-43e1-8731-5ea213ac5c66', 'df234305-8a47-4b4d-8efb-716a6b695428', '2025-07-01 10:48:56', '2025-07-01 10:48:56');
INSERT INTO `department` (`uuid`, `department`, `client_id`, `tenant_id`, `created_on`, `modified_on`) VALUES ('b48ad8de-c9d5-4342-8f57-0f8b768fb6b8', 'Robotics', '75b1db27-c2c1-43e1-8731-5ea213ac5c66', 'df234305-8a47-4b4d-8efb-716a6b695428', '2025-07-01 10:48:56', '2025-07-01 10:48:56');
INSERT INTO `department` (`uuid`, `department`, `client_id`, `tenant_id`, `created_on`, `modified_on`) VALUES ('d0352ab3-e884-4413-879e-eecc44376517', 'Aerospace', '75b1db27-c2c1-43e1-8731-5ea213ac5c66', 'df234305-8a47-4b4d-8efb-716a6b695428', '2025-07-01 10:48:56', '2025-07-01 10:48:56');
INSERT INTO `client_division` (`id`, `division_name`, `client_id`, `is_active`, `created_on`, `modified_on`, `tenant_id`) VALUES ('9e641ae1-a22b-4749-ab61-4cd5105d3d47', 'Innovation Lab', '75b1db27-c2c1-43e1-8731-5ea213ac5c66', 1, '2025-07-01 10:48:56', '2025-07-01 10:48:56', 'df234305-8a47-4b4d-8efb-716a6b695428');
INSERT INTO `client_division` (`id`, `division_name`, `client_id`, `is_active`, `created_on`, `modified_on`, `tenant_id`) VALUES ('eb190330-ab3d-4786-91b7-e00d46c8c29a', 'Engineering', '75b1db27-c2c1-43e1-8731-5ea213ac5c66', 1, '2025-07-01 10:48:56', '2025-07-01 10:48:56', 'df234305-8a47-4b4d-8efb-716a6b695428');
INSERT INTO `client_division` (`id`, `division_name`, `client_id`, `is_active`, `created_on`, `modified_on`, `tenant_id`) VALUES ('6b4dbb10-42e3-4122-b951-afb38fac05c7', 'Core Tech', '75b1db27-c2c1-43e1-8731-5ea213ac5c66', 1, '2025-07-01 10:48:56', '2025-07-01 10:48:56', 'df234305-8a47-4b4d-8efb-716a6b695428');
INSERT INTO `client_division` (`id`, `division_name`, `client_id`, `is_active`, `created_on`, `modified_on`, `tenant_id`) VALUES ('70174aca-f3b2-499f-92e5-a5cd6b88ff4a', 'Product Dev', '75b1db27-c2c1-43e1-8731-5ea213ac5c66', 1, '2025-07-01 10:48:56', '2025-07-01 10:48:56', 'df234305-8a47-4b4d-8efb-716a6b695428');
INSERT INTO `client_division` (`id`, `division_name`, `client_id`, `is_active`, `created_on`, `modified_on`, `tenant_id`) VALUES ('37f26f09-cd49-4cb0-84dd-83592718c442', 'R&D', '75b1db27-c2c1-43e1-8731-5ea213ac5c66', 1, '2025-07-01 10:48:56', '2025-07-01 10:48:56', 'df234305-8a47-4b4d-8efb-716a6b695428');
INSERT INTO `client` (`id`, `client_code`, `client_name`, `email`, `is_active`, `created_on`, `modified_on`, `tenant_id`) VALUES ('31093af2-cfe9-4159-90f1-f47990b74d24', 1127, 'Christensen-Todd', 'info@christensentodd.com', 1, '2025-07-01 10:48:56', '2025-07-01 10:48:56', 'df234305-8a47-4b4d-8efb-716a6b695428');
INSERT INTO `department` (`uuid`, `department`, `client_id`, `tenant_id`, `created_on`, `modified_on`) VALUES ('7f1913f4-854a-4749-8859-8e4d88ec623e', 'Biomedical', '31093af2-cfe9-4159-90f1-f47990b74d24', 'df234305-8a47-4b4d-8efb-716a6b695428', '2025-07-01 10:48:56', '2025-07-01 10:48:56');
INSERT INTO `department` (`uuid`, `department`, `client_id`, `tenant_id`, `created_on`, `modified_on`) VALUES ('c5b083c9-6147-404c-ab08-0d290ab59bde', 'Robotics', '31093af2-cfe9-4159-90f1-f47990b74d24', 'df234305-8a47-4b4d-8efb-716a6b695428', '2025-07-01 10:48:56', '2025-07-01 10:48:56');
INSERT INTO `department` (`uuid`, `department`, `client_id`, `tenant_id`, `created_on`, `modified_on`) VALUES ('0bce1a8f-5ca2-4a59-bcfc-4808962482f7', 'Cybersecurity', '31093af2-cfe9-4159-90f1-f47990b74d24', 'df234305-8a47-4b4d-8efb-716a6b695428', '2025-07-01 10:48:56', '2025-07-01 10:48:56');
INSERT INTO `department` (`uuid`, `department`, `client_id`, `tenant_id`, `created_on`, `modified_on`) VALUES ('3bd56e5a-a036-4811-846a-240553b46ae1', 'AI Solutions', '31093af2-cfe9-4159-90f1-f47990b74d24', 'df234305-8a47-4b4d-8efb-716a6b695428', '2025-07-01 10:48:56', '2025-07-01 10:48:56');
INSERT INTO `department` (`uuid`, `department`, `client_id`, `tenant_id`, `created_on`, `modified_on`) VALUES ('cadc21f5-ce6a-4389-8c00-4c0615fe28f0', 'Aerospace', '31093af2-cfe9-4159-90f1-f47990b74d24', 'df234305-8a47-4b4d-8efb-716a6b695428', '2025-07-01 10:48:56', '2025-07-01 10:48:56');
INSERT INTO `department` (`uuid`, `department`, `client_id`, `tenant_id`, `created_on`, `modified_on`) VALUES ('f05b9955-0925-43e4-aad2-d87a4f2aa943', 'Civil Systems', '31093af2-cfe9-4159-90f1-f47990b74d24', 'df234305-8a47-4b4d-8efb-716a6b695428', '2025-07-01 10:48:56', '2025-07-01 10:48:56');
INSERT INTO `client_division` (`id`, `division_name`, `client_id`, `is_active`, `created_on`, `modified_on`, `tenant_id`) VALUES ('c4e851b6-ef9e-46b8-8378-bb0b4823bfc0', 'R&D', '31093af2-cfe9-4159-90f1-f47990b74d24', 1, '2025-07-01 10:48:56', '2025-07-01 10:48:56', 'df234305-8a47-4b4d-8efb-716a6b695428');
INSERT INTO `client_division` (`id`, `division_name`, `client_id`, `is_active`, `created_on`, `modified_on`, `tenant_id`) VALUES ('9657f308-ded6-4dd7-b3b7-7bfffe101e53', 'Innovation Lab', '31093af2-cfe9-4159-90f1-f47990b74d24', 1, '2025-07-01 10:48:56', '2025-07-01 10:48:56', 'df234305-8a47-4b4d-8efb-716a6b695428');
INSERT INTO `client_division` (`id`, `division_name`, `client_id`, `is_active`, `created_on`, `modified_on`, `tenant_id`) VALUES ('8c2079f3-6297-4951-8482-2f77e8c1b705', 'Product Dev', '31093af2-cfe9-4159-90f1-f47990b74d24', 1, '2025-07-01 10:48:56', '2025-07-01 10:48:56', 'df234305-8a47-4b4d-8efb-716a6b695428');
INSERT INTO `client_division` (`id`, `division_name`, `client_id`, `is_active`, `created_on`, `modified_on`, `tenant_id`) VALUES ('87757f52-4bdf-4b58-9bc4-9812080cfed9', 'Core Tech', '31093af2-cfe9-4159-90f1-f47990b74d24', 1, '2025-07-01 10:48:56', '2025-07-01 10:48:56', 'df234305-8a47-4b4d-8efb-716a6b695428');
INSERT INTO `client_division` (`id`, `division_name`, `client_id`, `is_active`, `created_on`, `modified_on`, `tenant_id`) VALUES ('340ac898-8822-43e9-b5cf-d750c8b1ce34', 'Engineering', '31093af2-cfe9-4159-90f1-f47990b74d24', 1, '2025-07-01 10:48:56', '2025-07-01 10:48:56', 'df234305-8a47-4b4d-8efb-716a6b695428');
INSERT INTO `client` (`id`, `client_code`, `client_name`, `email`, `is_active`, `created_on`, `modified_on`, `tenant_id`) VALUES ('e85c96d9-8f9a-4962-a10c-ef8d5baeae93', 1128, 'Harris Inc', 'info@harrisinc.com', 1, '2025-07-01 10:48:56', '2025-07-01 10:48:56', 'df234305-8a47-4b4d-8efb-716a6b695428');
INSERT INTO `department` (`uuid`, `department`, `client_id`, `tenant_id`, `created_on`, `modified_on`) VALUES ('67adaa58-d1a1-4dc9-938a-3eaf389d5556', 'Cybersecurity', 'e85c96d9-8f9a-4962-a10c-ef8d5baeae93', 'df234305-8a47-4b4d-8efb-716a6b695428', '2025-07-01 10:48:56', '2025-07-01 10:48:56');
INSERT INTO `department` (`uuid`, `department`, `client_id`, `tenant_id`, `created_on`, `modified_on`) VALUES ('72235fe0-1c99-49f2-bb10-4011db868b71', 'AI Solutions', 'e85c96d9-8f9a-4962-a10c-ef8d5baeae93', 'df234305-8a47-4b4d-8efb-716a6b695428', '2025-07-01 10:48:56', '2025-07-01 10:48:56');
INSERT INTO `department` (`uuid`, `department`, `client_id`, `tenant_id`, `created_on`, `modified_on`) VALUES ('d6074421-5bc6-4761-a177-adfc8ce9e081', 'Biomedical', 'e85c96d9-8f9a-4962-a10c-ef8d5baeae93', 'df234305-8a47-4b4d-8efb-716a6b695428', '2025-07-01 10:48:56', '2025-07-01 10:48:56');
INSERT INTO `department` (`uuid`, `department`, `client_id`, `tenant_id`, `created_on`, `modified_on`) VALUES ('311319f4-1754-4dd0-bd4d-64d9c56160d7', 'Robotics', 'e85c96d9-8f9a-4962-a10c-ef8d5baeae93', 'df234305-8a47-4b4d-8efb-716a6b695428', '2025-07-01 10:48:56', '2025-07-01 10:48:56');
INSERT INTO `department` (`uuid`, `department`, `client_id`, `tenant_id`, `created_on`, `modified_on`) VALUES ('15b0888a-386a-46c7-b651-4c14fb81decc', 'Civil Systems', 'e85c96d9-8f9a-4962-a10c-ef8d5baeae93', 'df234305-8a47-4b4d-8efb-716a6b695428', '2025-07-01 10:48:56', '2025-07-01 10:48:56');
INSERT INTO `department` (`uuid`, `department`, `client_id`, `tenant_id`, `created_on`, `modified_on`) VALUES ('48990ca1-3546-4bed-9553-0049ca44e668', 'Aerospace', 'e85c96d9-8f9a-4962-a10c-ef8d5baeae93', 'df234305-8a47-4b4d-8efb-716a6b695428', '2025-07-01 10:48:56', '2025-07-01 10:48:56');
INSERT INTO `client_division` (`id`, `division_name`, `client_id`, `is_active`, `created_on`, `modified_on`, `tenant_id`) VALUES ('cb3272ee-e97a-4c20-af4a-3b21a569d236', 'Core Tech', 'e85c96d9-8f9a-4962-a10c-ef8d5baeae93', 1, '2025-07-01 10:48:56', '2025-07-01 10:48:56', 'df234305-8a47-4b4d-8efb-716a6b695428');
INSERT INTO `client_division` (`id`, `division_name`, `client_id`, `is_active`, `created_on`, `modified_on`, `tenant_id`) VALUES ('6475dd48-56fb-4587-9bf7-48c768215b95', 'R&D', 'e85c96d9-8f9a-4962-a10c-ef8d5baeae93', 1, '2025-07-01 10:48:56', '2025-07-01 10:48:56', 'df234305-8a47-4b4d-8efb-716a6b695428');
INSERT INTO `client_division` (`id`, `division_name`, `client_id`, `is_active`, `created_on`, `modified_on`, `tenant_id`) VALUES ('e2305dc2-8d56-4fc1-8b4f-1e8d6187fbc8', 'Innovation Lab', 'e85c96d9-8f9a-4962-a10c-ef8d5baeae93', 1, '2025-07-01 10:48:56', '2025-07-01 10:48:56', 'df234305-8a47-4b4d-8efb-716a6b695428');
INSERT INTO `client_division` (`id`, `division_name`, `client_id`, `is_active`, `created_on`, `modified_on`, `tenant_id`) VALUES ('9538a027-19f1-4751-822d-c40243b3ebc8', 'Engineering', 'e85c96d9-8f9a-4962-a10c-ef8d5baeae93', 1, '2025-07-01 10:48:56', '2025-07-01 10:48:56', 'df234305-8a47-4b4d-8efb-716a6b695428');
INSERT INTO `client_division` (`id`, `division_name`, `client_id`, `is_active`, `created_on`, `modified_on`, `tenant_id`) VALUES ('fe9014d2-4b8d-411b-ad82-6031fca2e95a', 'Product Dev', 'e85c96d9-8f9a-4962-a10c-ef8d5baeae93', 1, '2025-07-01 10:48:56', '2025-07-01 10:48:56', 'df234305-8a47-4b4d-8efb-716a6b695428');
INSERT INTO `client` (`id`, `client_code`, `client_name`, `email`, `is_active`, `created_on`, `modified_on`, `tenant_id`) VALUES ('97ed7f7a-6e9e-4c0a-a846-69d4956f5aae', 1129, 'Moore, Meyer and Moore', 'info@mooremeyerandmoore.com', 1, '2025-07-01 10:48:56', '2025-07-01 10:48:56', 'df234305-8a47-4b4d-8efb-716a6b695428');
INSERT INTO `department` (`uuid`, `department`, `client_id`, `tenant_id`, `created_on`, `modified_on`) VALUES ('aad168e0-995f-42c7-ab13-c3c3a7983a27', 'Civil Systems', '97ed7f7a-6e9e-4c0a-a846-69d4956f5aae', 'df234305-8a47-4b4d-8efb-716a6b695428', '2025-07-01 10:48:56', '2025-07-01 10:48:56');
INSERT INTO `department` (`uuid`, `department`, `client_id`, `tenant_id`, `created_on`, `modified_on`) VALUES ('de647c3a-992f-40f9-985c-607293bc78b6', 'Cybersecurity', '97ed7f7a-6e9e-4c0a-a846-69d4956f5aae', 'df234305-8a47-4b4d-8efb-716a6b695428', '2025-07-01 10:48:56', '2025-07-01 10:48:56');
INSERT INTO `department` (`uuid`, `department`, `client_id`, `tenant_id`, `created_on`, `modified_on`) VALUES ('7f8270ab-ea17-4d51-8fb9-5b1e3f421752', 'Biomedical', '97ed7f7a-6e9e-4c0a-a846-69d4956f5aae', 'df234305-8a47-4b4d-8efb-716a6b695428', '2025-07-01 10:48:56', '2025-07-01 10:48:56');
INSERT INTO `department` (`uuid`, `department`, `client_id`, `tenant_id`, `created_on`, `modified_on`) VALUES ('96e9cd4f-aa31-45b4-b117-18474ed5da6d', 'Robotics', '97ed7f7a-6e9e-4c0a-a846-69d4956f5aae', 'df234305-8a47-4b4d-8efb-716a6b695428', '2025-07-01 10:48:56', '2025-07-01 10:48:56');
INSERT INTO `department` (`uuid`, `department`, `client_id`, `tenant_id`, `created_on`, `modified_on`) VALUES ('17a83567-9dc3-4f32-8d89-800779ed32f3', 'AI Solutions', '97ed7f7a-6e9e-4c0a-a846-69d4956f5aae', 'df234305-8a47-4b4d-8efb-716a6b695428', '2025-07-01 10:48:56', '2025-07-01 10:48:56');
INSERT INTO `department` (`uuid`, `department`, `client_id`, `tenant_id`, `created_on`, `modified_on`) VALUES ('a0014414-9665-4ebe-93e0-2667a0ffade6', 'Aerospace', '97ed7f7a-6e9e-4c0a-a846-69d4956f5aae', 'df234305-8a47-4b4d-8efb-716a6b695428', '2025-07-01 10:48:56', '2025-07-01 10:48:56');
INSERT INTO `client_division` (`id`, `division_name`, `client_id`, `is_active`, `created_on`, `modified_on`, `tenant_id`) VALUES ('851b0dfc-ff73-4882-bfe6-af2db7dcf2a3', 'Engineering', '97ed7f7a-6e9e-4c0a-a846-69d4956f5aae', 1, '2025-07-01 10:48:56', '2025-07-01 10:48:56', 'df234305-8a47-4b4d-8efb-716a6b695428');
INSERT INTO `client_division` (`id`, `division_name`, `client_id`, `is_active`, `created_on`, `modified_on`, `tenant_id`) VALUES ('ff4c6b83-67cc-47ff-a8bc-f1821b4f71fe', 'Core Tech', '97ed7f7a-6e9e-4c0a-a846-69d4956f5aae', 1, '2025-07-01 10:48:56', '2025-07-01 10:48:56', 'df234305-8a47-4b4d-8efb-716a6b695428');
INSERT INTO `client_division` (`id`, `division_name`, `client_id`, `is_active`, `created_on`, `modified_on`, `tenant_id`) VALUES ('f11baa48-f022-44da-b8ac-e987770f33dd', 'Innovation Lab', '97ed7f7a-6e9e-4c0a-a846-69d4956f5aae', 1, '2025-07-01 10:48:56', '2025-07-01 10:48:56', 'df234305-8a47-4b4d-8efb-716a6b695428');
INSERT INTO `client_division` (`id`, `division_name`, `client_id`, `is_active`, `created_on`, `modified_on`, `tenant_id`) VALUES ('84ee0ced-13e0-410e-9b76-0d0bf715ea4f', 'R&D', '97ed7f7a-6e9e-4c0a-a846-69d4956f5aae', 1, '2025-07-01 10:48:56', '2025-07-01 10:48:56', 'df234305-8a47-4b4d-8efb-716a6b695428');
INSERT INTO `client_division` (`id`, `division_name`, `client_id`, `is_active`, `created_on`, `modified_on`, `tenant_id`) VALUES ('f776883a-67b3-4cff-bc27-f0d6d79642f9', 'Product Dev', '97ed7f7a-6e9e-4c0a-a846-69d4956f5aae', 1, '2025-07-01 10:48:56', '2025-07-01 10:48:56', 'df234305-8a47-4b4d-8efb-716a6b695428');
INSERT INTO `client` (`id`, `client_code`, `client_name`, `email`, `is_active`, `created_on`, `modified_on`, `tenant_id`) VALUES ('c923fc85-8900-4c8a-9e87-75899dc7b54a', 1130, 'Paul, Rowe and Norris', 'info@paulroweandnorris.com', 1, '2025-07-01 10:48:56', '2025-07-01 10:48:56', 'df234305-8a47-4b4d-8efb-716a6b695428');
INSERT INTO `department` (`uuid`, `department`, `client_id`, `tenant_id`, `created_on`, `modified_on`) VALUES ('7e1d2c42-57e0-4dd1-b30a-9bafa81941ec', 'Biomedical', 'c923fc85-8900-4c8a-9e87-75899dc7b54a', 'df234305-8a47-4b4d-8efb-716a6b695428', '2025-07-01 10:48:56', '2025-07-01 10:48:56');
INSERT INTO `department` (`uuid`, `department`, `client_id`, `tenant_id`, `created_on`, `modified_on`) VALUES ('3ceefbbe-82e0-4d73-a581-b4dbf3c6c3ff', 'Aerospace', 'c923fc85-8900-4c8a-9e87-75899dc7b54a', 'df234305-8a47-4b4d-8efb-716a6b695428', '2025-07-01 10:48:56', '2025-07-01 10:48:56');
INSERT INTO `department` (`uuid`, `department`, `client_id`, `tenant_id`, `created_on`, `modified_on`) VALUES ('a44cb6da-1cd7-4536-a6ef-2f77ba917724', 'Civil Systems', 'c923fc85-8900-4c8a-9e87-75899dc7b54a', 'df234305-8a47-4b4d-8efb-716a6b695428', '2025-07-01 10:48:56', '2025-07-01 10:48:56');
INSERT INTO `department` (`uuid`, `department`, `client_id`, `tenant_id`, `created_on`, `modified_on`) VALUES ('ce82b143-f0b8-4825-9b00-a09848f11cd8', 'AI Solutions', 'c923fc85-8900-4c8a-9e87-75899dc7b54a', 'df234305-8a47-4b4d-8efb-716a6b695428', '2025-07-01 10:48:56', '2025-07-01 10:48:56');
INSERT INTO `department` (`uuid`, `department`, `client_id`, `tenant_id`, `created_on`, `modified_on`) VALUES ('9950a66e-3b69-4721-ad68-75dbf01b8b94', 'Cybersecurity', 'c923fc85-8900-4c8a-9e87-75899dc7b54a', 'df234305-8a47-4b4d-8efb-716a6b695428', '2025-07-01 10:48:56', '2025-07-01 10:48:56');
INSERT INTO `department` (`uuid`, `department`, `client_id`, `tenant_id`, `created_on`, `modified_on`) VALUES ('c3b43c90-a22b-4597-9c49-4f19e30ebe4d', 'Robotics', 'c923fc85-8900-4c8a-9e87-75899dc7b54a', 'df234305-8a47-4b4d-8efb-716a6b695428', '2025-07-01 10:48:56', '2025-07-01 10:48:56');
INSERT INTO `client_division` (`id`, `division_name`, `client_id`, `is_active`, `created_on`, `modified_on`, `tenant_id`) VALUES ('3d94a6eb-e1f5-4001-b9ef-3ec3abd03c5a', 'Core Tech', 'c923fc85-8900-4c8a-9e87-75899dc7b54a', 1, '2025-07-01 10:48:56', '2025-07-01 10:48:56', 'df234305-8a47-4b4d-8efb-716a6b695428');
INSERT INTO `client_division` (`id`, `division_name`, `client_id`, `is_active`, `created_on`, `modified_on`, `tenant_id`) VALUES ('40f8260a-4d58-4b62-aa8a-54210af82d18', 'R&D', 'c923fc85-8900-4c8a-9e87-75899dc7b54a', 1, '2025-07-01 10:48:56', '2025-07-01 10:48:56', 'df234305-8a47-4b4d-8efb-716a6b695428');
INSERT INTO `client_division` (`id`, `division_name`, `client_id`, `is_active`, `created_on`, `modified_on`, `tenant_id`) VALUES ('33e6a5bb-819a-44ff-9895-4c0db3af4fb3', 'Engineering', 'c923fc85-8900-4c8a-9e87-75899dc7b54a', 1, '2025-07-01 10:48:56', '2025-07-01 10:48:56', 'df234305-8a47-4b4d-8efb-716a6b695428');
INSERT INTO `client_division` (`id`, `division_name`, `client_id`, `is_active`, `created_on`, `modified_on`, `tenant_id`) VALUES ('1c2deb12-76c3-4864-be97-3a58ed356b55', 'Product Dev', 'c923fc85-8900-4c8a-9e87-75899dc7b54a', 1, '2025-07-01 10:48:56', '2025-07-01 10:48:56', 'df234305-8a47-4b4d-8efb-716a6b695428');
INSERT INTO `client_division` (`id`, `division_name`, `client_id`, `is_active`, `created_on`, `modified_on`, `tenant_id`) VALUES ('301229f1-d758-46a7-a8d7-cf026ee8e946', 'Innovation Lab', 'c923fc85-8900-4c8a-9e87-75899dc7b54a', 1, '2025-07-01 10:48:56', '2025-07-01 10:48:56', 'df234305-8a47-4b4d-8efb-716a6b695428');
INSERT INTO `client` (`id`, `client_code`, `client_name`, `email`, `is_active`, `created_on`, `modified_on`, `tenant_id`) VALUES ('f52d27ca-4ee8-48cc-9bfc-edb8e6f9bb9c', 1131, 'Jones, Hoover and Webb', 'info@joneshooverandwebb.com', 1, '2025-07-01 10:48:56', '2025-07-01 10:48:56', 'df234305-8a47-4b4d-8efb-716a6b695428');
INSERT INTO `department` (`uuid`, `department`, `client_id`, `tenant_id`, `created_on`, `modified_on`) VALUES ('f9f8b3a3-6d6b-4191-923a-4c4de5c74439', 'AI Solutions', 'f52d27ca-4ee8-48cc-9bfc-edb8e6f9bb9c', 'df234305-8a47-4b4d-8efb-716a6b695428', '2025-07-01 10:48:56', '2025-07-01 10:48:56');
INSERT INTO `department` (`uuid`, `department`, `client_id`, `tenant_id`, `created_on`, `modified_on`) VALUES ('30cf3ed3-6dc3-4496-866a-f0d9b57d572d', 'Robotics', 'f52d27ca-4ee8-48cc-9bfc-edb8e6f9bb9c', 'df234305-8a47-4b4d-8efb-716a6b695428', '2025-07-01 10:48:56', '2025-07-01 10:48:56');
INSERT INTO `department` (`uuid`, `department`, `client_id`, `tenant_id`, `created_on`, `modified_on`) VALUES ('b01f09e5-4a3c-48c4-8e92-078a4de54ff9', 'Cybersecurity', 'f52d27ca-4ee8-48cc-9bfc-edb8e6f9bb9c', 'df234305-8a47-4b4d-8efb-716a6b695428', '2025-07-01 10:48:56', '2025-07-01 10:48:56');
INSERT INTO `department` (`uuid`, `department`, `client_id`, `tenant_id`, `created_on`, `modified_on`) VALUES ('08be2487-de23-4b34-8fc4-6243945ebbda', 'Civil Systems', 'f52d27ca-4ee8-48cc-9bfc-edb8e6f9bb9c', 'df234305-8a47-4b4d-8efb-716a6b695428', '2025-07-01 10:48:56', '2025-07-01 10:48:56');
INSERT INTO `department` (`uuid`, `department`, `client_id`, `tenant_id`, `created_on`, `modified_on`) VALUES ('ec24def6-d1a6-4270-aa0a-7165584b2b4b', 'Aerospace', 'f52d27ca-4ee8-48cc-9bfc-edb8e6f9bb9c', 'df234305-8a47-4b4d-8efb-716a6b695428', '2025-07-01 10:48:56', '2025-07-01 10:48:56');
INSERT INTO `department` (`uuid`, `department`, `client_id`, `tenant_id`, `created_on`, `modified_on`) VALUES ('aa8a64ee-d3cb-4441-bfe3-457e3c1e868d', 'Biomedical', 'f52d27ca-4ee8-48cc-9bfc-edb8e6f9bb9c', 'df234305-8a47-4b4d-8efb-716a6b695428', '2025-07-01 10:48:56', '2025-07-01 10:48:56');
INSERT INTO `client_division` (`id`, `division_name`, `client_id`, `is_active`, `created_on`, `modified_on`, `tenant_id`) VALUES ('e726342a-75bb-4904-9e1a-4f7ff40fbb00', 'Core Tech', 'f52d27ca-4ee8-48cc-9bfc-edb8e6f9bb9c', 1, '2025-07-01 10:48:56', '2025-07-01 10:48:56', 'df234305-8a47-4b4d-8efb-716a6b695428');
INSERT INTO `client_division` (`id`, `division_name`, `client_id`, `is_active`, `created_on`, `modified_on`, `tenant_id`) VALUES ('efe26985-15eb-4d14-a1cc-923bd85977a5', 'R&D', 'f52d27ca-4ee8-48cc-9bfc-edb8e6f9bb9c', 1, '2025-07-01 10:48:56', '2025-07-01 10:48:56', 'df234305-8a47-4b4d-8efb-716a6b695428');
INSERT INTO `client_division` (`id`, `division_name`, `client_id`, `is_active`, `created_on`, `modified_on`, `tenant_id`) VALUES ('0df7afce-ebf9-4d68-bf41-90d53191e64f', 'Engineering', 'f52d27ca-4ee8-48cc-9bfc-edb8e6f9bb9c', 1, '2025-07-01 10:48:56', '2025-07-01 10:48:56', 'df234305-8a47-4b4d-8efb-716a6b695428');
INSERT INTO `client_division` (`id`, `division_name`, `client_id`, `is_active`, `created_on`, `modified_on`, `tenant_id`) VALUES ('4b71ca6a-1fd9-4bcd-913d-80eaebf647a9', 'Innovation Lab', 'f52d27ca-4ee8-48cc-9bfc-edb8e6f9bb9c', 1, '2025-07-01 10:48:56', '2025-07-01 10:48:56', 'df234305-8a47-4b4d-8efb-716a6b695428');
INSERT INTO `client_division` (`id`, `division_name`, `client_id`, `is_active`, `created_on`, `modified_on`, `tenant_id`) VALUES ('d0487150-474d-4a38-8b80-6f8e3d646615', 'Product Dev', 'f52d27ca-4ee8-48cc-9bfc-edb8e6f9bb9c', 1, '2025-07-01 10:48:56', '2025-07-01 10:48:56', 'df234305-8a47-4b4d-8efb-716a6b695428');
INSERT INTO `client` (`id`, `client_code`, `client_name`, `email`, `is_active`, `created_on`, `modified_on`, `tenant_id`) VALUES ('103daad8-82cd-4477-8a99-c3ad7361a3bd', 1132, 'Miller-Meyer', 'info@millermeyer.com', 1, '2025-07-01 10:48:56', '2025-07-01 10:48:56', 'df234305-8a47-4b4d-8efb-716a6b695428');
INSERT INTO `department` (`uuid`, `department`, `client_id`, `tenant_id`, `created_on`, `modified_on`) VALUES ('3bd9cf03-5425-4545-904b-0d0d6b885380', 'AI Solutions', '103daad8-82cd-4477-8a99-c3ad7361a3bd', 'df234305-8a47-4b4d-8efb-716a6b695428', '2025-07-01 10:48:56', '2025-07-01 10:48:56');
INSERT INTO `department` (`uuid`, `department`, `client_id`, `tenant_id`, `created_on`, `modified_on`) VALUES ('1648481b-2687-4568-a1b5-a837d40e5290', 'Aerospace', '103daad8-82cd-4477-8a99-c3ad7361a3bd', 'df234305-8a47-4b4d-8efb-716a6b695428', '2025-07-01 10:48:56', '2025-07-01 10:48:56');
INSERT INTO `department` (`uuid`, `department`, `client_id`, `tenant_id`, `created_on`, `modified_on`) VALUES ('d47e4804-1ac7-4d62-b9bf-2fb1b0bbcc14', 'Cybersecurity', '103daad8-82cd-4477-8a99-c3ad7361a3bd', 'df234305-8a47-4b4d-8efb-716a6b695428', '2025-07-01 10:48:56', '2025-07-01 10:48:56');
INSERT INTO `department` (`uuid`, `department`, `client_id`, `tenant_id`, `created_on`, `modified_on`) VALUES ('c63aef9d-1586-43d7-b6db-49a3d0f5425e', 'Robotics', '103daad8-82cd-4477-8a99-c3ad7361a3bd', 'df234305-8a47-4b4d-8efb-716a6b695428', '2025-07-01 10:48:56', '2025-07-01 10:48:56');
INSERT INTO `department` (`uuid`, `department`, `client_id`, `tenant_id`, `created_on`, `modified_on`) VALUES ('21193b73-b6ce-42b4-b7e9-3ad1d2301e67', 'Civil Systems', '103daad8-82cd-4477-8a99-c3ad7361a3bd', 'df234305-8a47-4b4d-8efb-716a6b695428', '2025-07-01 10:48:56', '2025-07-01 10:48:56');
INSERT INTO `department` (`uuid`, `department`, `client_id`, `tenant_id`, `created_on`, `modified_on`) VALUES ('65e6a5ea-688f-4750-a80d-eb6c614bb73f', 'Biomedical', '103daad8-82cd-4477-8a99-c3ad7361a3bd', 'df234305-8a47-4b4d-8efb-716a6b695428', '2025-07-01 10:48:56', '2025-07-01 10:48:56');
INSERT INTO `client_division` (`id`, `division_name`, `client_id`, `is_active`, `created_on`, `modified_on`, `tenant_id`) VALUES ('7f10059c-4c8f-4f15-8b6b-aa4ae7b283a0', 'Product Dev', '103daad8-82cd-4477-8a99-c3ad7361a3bd', 1, '2025-07-01 10:48:56', '2025-07-01 10:48:56', 'df234305-8a47-4b4d-8efb-716a6b695428');
INSERT INTO `client_division` (`id`, `division_name`, `client_id`, `is_active`, `created_on`, `modified_on`, `tenant_id`) VALUES ('3ed12dfb-a1f9-4148-9c98-f7f796127264', 'Engineering', '103daad8-82cd-4477-8a99-c3ad7361a3bd', 1, '2025-07-01 10:48:56', '2025-07-01 10:48:56', 'df234305-8a47-4b4d-8efb-716a6b695428');
INSERT INTO `client_division` (`id`, `division_name`, `client_id`, `is_active`, `created_on`, `modified_on`, `tenant_id`) VALUES ('dabc0286-f432-48c4-934e-08906a1586f7', 'R&D', '103daad8-82cd-4477-8a99-c3ad7361a3bd', 1, '2025-07-01 10:48:56', '2025-07-01 10:48:56', 'df234305-8a47-4b4d-8efb-716a6b695428');
INSERT INTO `client_division` (`id`, `division_name`, `client_id`, `is_active`, `created_on`, `modified_on`, `tenant_id`) VALUES ('d6dcf3f3-8a58-4b3f-966a-2a88187f3046', 'Innovation Lab', '103daad8-82cd-4477-8a99-c3ad7361a3bd', 1, '2025-07-01 10:48:56', '2025-07-01 10:48:56', 'df234305-8a47-4b4d-8efb-716a6b695428');
INSERT INTO `client_division` (`id`, `division_name`, `client_id`, `is_active`, `created_on`, `modified_on`, `tenant_id`) VALUES ('c3252631-66f5-4cc6-8d11-b56ca7a4d670', 'Core Tech', '103daad8-82cd-4477-8a99-c3ad7361a3bd', 1, '2025-07-01 10:48:56', '2025-07-01 10:48:56', 'df234305-8a47-4b4d-8efb-716a6b695428');
INSERT INTO `client` (`id`, `client_code`, `client_name`, `email`, `is_active`, `created_on`, `modified_on`, `tenant_id`) VALUES ('99e6da79-372b-41db-b02e-b8d97910eadf', 1133, 'Foster-Torres', 'info@fostertorres.com', 1, '2025-07-01 10:48:56', '2025-07-01 10:48:56', 'df234305-8a47-4b4d-8efb-716a6b695428');
INSERT INTO `department` (`uuid`, `department`, `client_id`, `tenant_id`, `created_on`, `modified_on`) VALUES ('b5496a43-b6d5-4f0b-aab3-5efdb4f7c94d', 'Civil Systems', '99e6da79-372b-41db-b02e-b8d97910eadf', 'df234305-8a47-4b4d-8efb-716a6b695428', '2025-07-01 10:48:56', '2025-07-01 10:48:56');
INSERT INTO `department` (`uuid`, `department`, `client_id`, `tenant_id`, `created_on`, `modified_on`) VALUES ('da534d4f-807d-4737-a1f0-9d3b0eda04e3', 'AI Solutions', '99e6da79-372b-41db-b02e-b8d97910eadf', 'df234305-8a47-4b4d-8efb-716a6b695428', '2025-07-01 10:48:56', '2025-07-01 10:48:56');
INSERT INTO `department` (`uuid`, `department`, `client_id`, `tenant_id`, `created_on`, `modified_on`) VALUES ('92504e61-3e3d-4260-b612-d8c4284aaa06', 'Robotics', '99e6da79-372b-41db-b02e-b8d97910eadf', 'df234305-8a47-4b4d-8efb-716a6b695428', '2025-07-01 10:48:56', '2025-07-01 10:48:56');
INSERT INTO `department` (`uuid`, `department`, `client_id`, `tenant_id`, `created_on`, `modified_on`) VALUES ('c952ff17-6517-4dae-9edb-5d6027e33f3f', 'Cybersecurity', '99e6da79-372b-41db-b02e-b8d97910eadf', 'df234305-8a47-4b4d-8efb-716a6b695428', '2025-07-01 10:48:56', '2025-07-01 10:48:56');
INSERT INTO `department` (`uuid`, `department`, `client_id`, `tenant_id`, `created_on`, `modified_on`) VALUES ('caf39db4-ec01-4a18-b7a4-769745bdcc54', 'Biomedical', '99e6da79-372b-41db-b02e-b8d97910eadf', 'df234305-8a47-4b4d-8efb-716a6b695428', '2025-07-01 10:48:56', '2025-07-01 10:48:56');
INSERT INTO `department` (`uuid`, `department`, `client_id`, `tenant_id`, `created_on`, `modified_on`) VALUES ('d5933ef3-3fcb-4ae4-adad-11488c7b0c03', 'Aerospace', '99e6da79-372b-41db-b02e-b8d97910eadf', 'df234305-8a47-4b4d-8efb-716a6b695428', '2025-07-01 10:48:56', '2025-07-01 10:48:56');
INSERT INTO `client_division` (`id`, `division_name`, `client_id`, `is_active`, `created_on`, `modified_on`, `tenant_id`) VALUES ('82a8971b-097f-400a-9294-07a900c597c2', 'Engineering', '99e6da79-372b-41db-b02e-b8d97910eadf', 1, '2025-07-01 10:48:56', '2025-07-01 10:48:56', 'df234305-8a47-4b4d-8efb-716a6b695428');
INSERT INTO `client_division` (`id`, `division_name`, `client_id`, `is_active`, `created_on`, `modified_on`, `tenant_id`) VALUES ('e93ab9eb-b247-4da2-90aa-c260ce36e7aa', 'Core Tech', '99e6da79-372b-41db-b02e-b8d97910eadf', 1, '2025-07-01 10:48:56', '2025-07-01 10:48:56', 'df234305-8a47-4b4d-8efb-716a6b695428');
INSERT INTO `client_division` (`id`, `division_name`, `client_id`, `is_active`, `created_on`, `modified_on`, `tenant_id`) VALUES ('ca138e1d-332f-4f1b-a16a-df15142b44e7', 'Innovation Lab', '99e6da79-372b-41db-b02e-b8d97910eadf', 1, '2025-07-01 10:48:56', '2025-07-01 10:48:56', 'df234305-8a47-4b4d-8efb-716a6b695428');
INSERT INTO `client_division` (`id`, `division_name`, `client_id`, `is_active`, `created_on`, `modified_on`, `tenant_id`) VALUES ('67e4c3c1-ce02-427e-bfd7-358b18bdeab2', 'Product Dev', '99e6da79-372b-41db-b02e-b8d97910eadf', 1, '2025-07-01 10:48:56', '2025-07-01 10:48:56', 'df234305-8a47-4b4d-8efb-716a6b695428');
INSERT INTO `client_division` (`id`, `division_name`, `client_id`, `is_active`, `created_on`, `modified_on`, `tenant_id`) VALUES ('5984405f-eb18-496d-8376-86a44b1b9619', 'R&D', '99e6da79-372b-41db-b02e-b8d97910eadf', 1, '2025-07-01 10:48:56', '2025-07-01 10:48:56', 'df234305-8a47-4b4d-8efb-716a6b695428');
INSERT INTO `client` (`id`, `client_code`, `client_name`, `email`, `is_active`, `created_on`, `modified_on`, `tenant_id`) VALUES ('187061d2-d4ae-4447-b27f-61975929f5f5', 1134, 'Clark Inc', 'info@clarkinc.com', 1, '2025-07-01 10:48:56', '2025-07-01 10:48:56', 'df234305-8a47-4b4d-8efb-716a6b695428');
INSERT INTO `department` (`uuid`, `department`, `client_id`, `tenant_id`, `created_on`, `modified_on`) VALUES ('fe7a352f-ed7f-4ee5-8faa-f8bc5cb0a1fd', 'Robotics', '187061d2-d4ae-4447-b27f-61975929f5f5', 'df234305-8a47-4b4d-8efb-716a6b695428', '2025-07-01 10:48:56', '2025-07-01 10:48:56');
INSERT INTO `department` (`uuid`, `department`, `client_id`, `tenant_id`, `created_on`, `modified_on`) VALUES ('e3971c77-f521-40d1-a221-d43a72dfc9d7', 'AI Solutions', '187061d2-d4ae-4447-b27f-61975929f5f5', 'df234305-8a47-4b4d-8efb-716a6b695428', '2025-07-01 10:48:56', '2025-07-01 10:48:56');
INSERT INTO `department` (`uuid`, `department`, `client_id`, `tenant_id`, `created_on`, `modified_on`) VALUES ('b404a1c6-7418-4426-a172-2204d10da5b9', 'Aerospace', '187061d2-d4ae-4447-b27f-61975929f5f5', 'df234305-8a47-4b4d-8efb-716a6b695428', '2025-07-01 10:48:56', '2025-07-01 10:48:56');
INSERT INTO `department` (`uuid`, `department`, `client_id`, `tenant_id`, `created_on`, `modified_on`) VALUES ('7845c541-61aa-4be4-88e4-8fbb102863e3', 'Cybersecurity', '187061d2-d4ae-4447-b27f-61975929f5f5', 'df234305-8a47-4b4d-8efb-716a6b695428', '2025-07-01 10:48:56', '2025-07-01 10:48:56');
INSERT INTO `department` (`uuid`, `department`, `client_id`, `tenant_id`, `created_on`, `modified_on`) VALUES ('1a8e5a4d-44a1-46c0-8f26-4226f66bf556', 'Biomedical', '187061d2-d4ae-4447-b27f-61975929f5f5', 'df234305-8a47-4b4d-8efb-716a6b695428', '2025-07-01 10:48:56', '2025-07-01 10:48:56');
INSERT INTO `department` (`uuid`, `department`, `client_id`, `tenant_id`, `created_on`, `modified_on`) VALUES ('be1a1046-8073-4bb8-9d83-b3641e23cfc2', 'Civil Systems', '187061d2-d4ae-4447-b27f-61975929f5f5', 'df234305-8a47-4b4d-8efb-716a6b695428', '2025-07-01 10:48:56', '2025-07-01 10:48:56');
INSERT INTO `client_division` (`id`, `division_name`, `client_id`, `is_active`, `created_on`, `modified_on`, `tenant_id`) VALUES ('9fb810c1-ca26-4fd1-8a5c-09756672e358', 'Product Dev', '187061d2-d4ae-4447-b27f-61975929f5f5', 1, '2025-07-01 10:48:56', '2025-07-01 10:48:56', 'df234305-8a47-4b4d-8efb-716a6b695428');
INSERT INTO `client_division` (`id`, `division_name`, `client_id`, `is_active`, `created_on`, `modified_on`, `tenant_id`) VALUES ('585a5720-874f-4d3b-b979-ee6ff584376e', 'Core Tech', '187061d2-d4ae-4447-b27f-61975929f5f5', 1, '2025-07-01 10:48:56', '2025-07-01 10:48:56', 'df234305-8a47-4b4d-8efb-716a6b695428');
INSERT INTO `client_division` (`id`, `division_name`, `client_id`, `is_active`, `created_on`, `modified_on`, `tenant_id`) VALUES ('c7e2bb0f-43ac-49e7-8a27-1ded89e01205', 'Engineering', '187061d2-d4ae-4447-b27f-61975929f5f5', 1, '2025-07-01 10:48:56', '2025-07-01 10:48:56', 'df234305-8a47-4b4d-8efb-716a6b695428');
INSERT INTO `client_division` (`id`, `division_name`, `client_id`, `is_active`, `created_on`, `modified_on`, `tenant_id`) VALUES ('c004f64f-8122-42d0-b2e8-830093cd9f78', 'R&D', '187061d2-d4ae-4447-b27f-61975929f5f5', 1, '2025-07-01 10:48:56', '2025-07-01 10:48:56', 'df234305-8a47-4b4d-8efb-716a6b695428');
INSERT INTO `client_division` (`id`, `division_name`, `client_id`, `is_active`, `created_on`, `modified_on`, `tenant_id`) VALUES ('878e063e-9230-44d9-ac3e-d615b18a8b99', 'Innovation Lab', '187061d2-d4ae-4447-b27f-61975929f5f5', 1, '2025-07-01 10:48:56', '2025-07-01 10:48:56', 'df234305-8a47-4b4d-8efb-716a6b695428');
INSERT INTO `client` (`id`, `client_code`, `client_name`, `email`, `is_active`, `created_on`, `modified_on`, `tenant_id`) VALUES ('ce3d3863-b9be-493b-9109-d2bddb5308f6', 1135, 'Gonzalez, Young and Preston', 'info@gonzalezyoungandpreston.com', 1, '2025-07-01 10:48:56', '2025-07-01 10:48:56', 'df234305-8a47-4b4d-8efb-716a6b695428');
INSERT INTO `department` (`uuid`, `department`, `client_id`, `tenant_id`, `created_on`, `modified_on`) VALUES ('33b9e157-b8d5-41e9-899e-c51936f2601a', 'Aerospace', 'ce3d3863-b9be-493b-9109-d2bddb5308f6', 'df234305-8a47-4b4d-8efb-716a6b695428', '2025-07-01 10:48:56', '2025-07-01 10:48:56');
INSERT INTO `department` (`uuid`, `department`, `client_id`, `tenant_id`, `created_on`, `modified_on`) VALUES ('ec80f6c9-25e3-46c5-b87e-c30d9df734fa', 'AI Solutions', 'ce3d3863-b9be-493b-9109-d2bddb5308f6', 'df234305-8a47-4b4d-8efb-716a6b695428', '2025-07-01 10:48:56', '2025-07-01 10:48:56');
INSERT INTO `department` (`uuid`, `department`, `client_id`, `tenant_id`, `created_on`, `modified_on`) VALUES ('247a7901-65b0-469f-9bbe-888d345d01ff', 'Cybersecurity', 'ce3d3863-b9be-493b-9109-d2bddb5308f6', 'df234305-8a47-4b4d-8efb-716a6b695428', '2025-07-01 10:48:56', '2025-07-01 10:48:56');
INSERT INTO `department` (`uuid`, `department`, `client_id`, `tenant_id`, `created_on`, `modified_on`) VALUES ('1d824e50-f6f2-44ba-9cca-1597fa88e197', 'Biomedical', 'ce3d3863-b9be-493b-9109-d2bddb5308f6', 'df234305-8a47-4b4d-8efb-716a6b695428', '2025-07-01 10:48:56', '2025-07-01 10:48:56');
INSERT INTO `department` (`uuid`, `department`, `client_id`, `tenant_id`, `created_on`, `modified_on`) VALUES ('e47ae671-849e-4497-865e-4e1736d8ed68', 'Robotics', 'ce3d3863-b9be-493b-9109-d2bddb5308f6', 'df234305-8a47-4b4d-8efb-716a6b695428', '2025-07-01 10:48:56', '2025-07-01 10:48:56');
INSERT INTO `department` (`uuid`, `department`, `client_id`, `tenant_id`, `created_on`, `modified_on`) VALUES ('b0c8c7f9-96c4-447d-8a45-99d32815b96a', 'Civil Systems', 'ce3d3863-b9be-493b-9109-d2bddb5308f6', 'df234305-8a47-4b4d-8efb-716a6b695428', '2025-07-01 10:48:56', '2025-07-01 10:48:56');
INSERT INTO `client_division` (`id`, `division_name`, `client_id`, `is_active`, `created_on`, `modified_on`, `tenant_id`) VALUES ('3b60e1d5-9a42-4741-81dd-c0b2ae56fe99', 'Core Tech', 'ce3d3863-b9be-493b-9109-d2bddb5308f6', 1, '2025-07-01 10:48:56', '2025-07-01 10:48:56', 'df234305-8a47-4b4d-8efb-716a6b695428');
INSERT INTO `client_division` (`id`, `division_name`, `client_id`, `is_active`, `created_on`, `modified_on`, `tenant_id`) VALUES ('7f02cd82-2958-4df4-a874-58f50a793d30', 'Engineering', 'ce3d3863-b9be-493b-9109-d2bddb5308f6', 1, '2025-07-01 10:48:56', '2025-07-01 10:48:56', 'df234305-8a47-4b4d-8efb-716a6b695428');
INSERT INTO `client_division` (`id`, `division_name`, `client_id`, `is_active`, `created_on`, `modified_on`, `tenant_id`) VALUES ('acc0f574-6189-4825-b3ab-1cf25e7f28f1', 'Product Dev', 'ce3d3863-b9be-493b-9109-d2bddb5308f6', 1, '2025-07-01 10:48:56', '2025-07-01 10:48:56', 'df234305-8a47-4b4d-8efb-716a6b695428');
INSERT INTO `client_division` (`id`, `division_name`, `client_id`, `is_active`, `created_on`, `modified_on`, `tenant_id`) VALUES ('0f3c8118-6884-45b1-8bd9-087b684b2cb5', 'R&D', 'ce3d3863-b9be-493b-9109-d2bddb5308f6', 1, '2025-07-01 10:48:56', '2025-07-01 10:48:56', 'df234305-8a47-4b4d-8efb-716a6b695428');
INSERT INTO `client_division` (`id`, `division_name`, `client_id`, `is_active`, `created_on`, `modified_on`, `tenant_id`) VALUES ('a0905dc0-3b88-4026-96f9-3a5fc89688d4', 'Innovation Lab', 'ce3d3863-b9be-493b-9109-d2bddb5308f6', 1, '2025-07-01 10:48:56', '2025-07-01 10:48:56', 'df234305-8a47-4b4d-8efb-716a6b695428');
INSERT INTO `client` (`id`, `client_code`, `client_name`, `email`, `is_active`, `created_on`, `modified_on`, `tenant_id`) VALUES ('4a197d04-cd0c-447d-8b70-04a0dfb14f61', 1136, 'Hicks, Taylor and Rios', 'info@hickstaylorandrios.com', 1, '2025-07-01 10:48:56', '2025-07-01 10:48:56', 'df234305-8a47-4b4d-8efb-716a6b695428');
INSERT INTO `department` (`uuid`, `department`, `client_id`, `tenant_id`, `created_on`, `modified_on`) VALUES ('2869e192-0e06-40c5-acb3-15ff1cda5d4f', 'Aerospace', '4a197d04-cd0c-447d-8b70-04a0dfb14f61', 'df234305-8a47-4b4d-8efb-716a6b695428', '2025-07-01 10:48:56', '2025-07-01 10:48:56');
INSERT INTO `department` (`uuid`, `department`, `client_id`, `tenant_id`, `created_on`, `modified_on`) VALUES ('59ee03b2-69fb-4d77-9860-109aaee4af69', 'Robotics', '4a197d04-cd0c-447d-8b70-04a0dfb14f61', 'df234305-8a47-4b4d-8efb-716a6b695428', '2025-07-01 10:48:56', '2025-07-01 10:48:56');
INSERT INTO `department` (`uuid`, `department`, `client_id`, `tenant_id`, `created_on`, `modified_on`) VALUES ('95889483-daa8-4404-b2c6-f2502d8b8216', 'Cybersecurity', '4a197d04-cd0c-447d-8b70-04a0dfb14f61', 'df234305-8a47-4b4d-8efb-716a6b695428', '2025-07-01 10:48:56', '2025-07-01 10:48:56');
INSERT INTO `department` (`uuid`, `department`, `client_id`, `tenant_id`, `created_on`, `modified_on`) VALUES ('30e1356a-3298-4072-88bb-3b0a9dc444a7', 'Biomedical', '4a197d04-cd0c-447d-8b70-04a0dfb14f61', 'df234305-8a47-4b4d-8efb-716a6b695428', '2025-07-01 10:48:56', '2025-07-01 10:48:56');
INSERT INTO `department` (`uuid`, `department`, `client_id`, `tenant_id`, `created_on`, `modified_on`) VALUES ('1c5e5e02-50de-404e-9128-137c955e3674', 'Civil Systems', '4a197d04-cd0c-447d-8b70-04a0dfb14f61', 'df234305-8a47-4b4d-8efb-716a6b695428', '2025-07-01 10:48:56', '2025-07-01 10:48:56');
INSERT INTO `department` (`uuid`, `department`, `client_id`, `tenant_id`, `created_on`, `modified_on`) VALUES ('3f45fa1a-39e7-4e77-936a-c0ff7a257417', 'AI Solutions', '4a197d04-cd0c-447d-8b70-04a0dfb14f61', 'df234305-8a47-4b4d-8efb-716a6b695428', '2025-07-01 10:48:56', '2025-07-01 10:48:56');
INSERT INTO `client_division` (`id`, `division_name`, `client_id`, `is_active`, `created_on`, `modified_on`, `tenant_id`) VALUES ('219535cd-af07-4db0-affe-63724e017f79', 'Core Tech', '4a197d04-cd0c-447d-8b70-04a0dfb14f61', 1, '2025-07-01 10:48:56', '2025-07-01 10:48:56', 'df234305-8a47-4b4d-8efb-716a6b695428');
INSERT INTO `client_division` (`id`, `division_name`, `client_id`, `is_active`, `created_on`, `modified_on`, `tenant_id`) VALUES ('68fe8e13-4c4e-4336-b9eb-eb0e5299a673', 'Innovation Lab', '4a197d04-cd0c-447d-8b70-04a0dfb14f61', 1, '2025-07-01 10:48:56', '2025-07-01 10:48:56', 'df234305-8a47-4b4d-8efb-716a6b695428');
INSERT INTO `client_division` (`id`, `division_name`, `client_id`, `is_active`, `created_on`, `modified_on`, `tenant_id`) VALUES ('2456bd3a-5966-40b3-b47d-32ee1d1bc0cb', 'Engineering', '4a197d04-cd0c-447d-8b70-04a0dfb14f61', 1, '2025-07-01 10:48:56', '2025-07-01 10:48:56', 'df234305-8a47-4b4d-8efb-716a6b695428');
INSERT INTO `client_division` (`id`, `division_name`, `client_id`, `is_active`, `created_on`, `modified_on`, `tenant_id`) VALUES ('0824344b-ab8c-4373-8296-0e03964c06b6', 'R&D', '4a197d04-cd0c-447d-8b70-04a0dfb14f61', 1, '2025-07-01 10:48:56', '2025-07-01 10:48:56', 'df234305-8a47-4b4d-8efb-716a6b695428');
INSERT INTO `client_division` (`id`, `division_name`, `client_id`, `is_active`, `created_on`, `modified_on`, `tenant_id`) VALUES ('2f42e441-372d-4cc1-92fd-19f295fffb07', 'Product Dev', '4a197d04-cd0c-447d-8b70-04a0dfb14f61', 1, '2025-07-01 10:48:56', '2025-07-01 10:48:56', 'df234305-8a47-4b4d-8efb-716a6b695428');
INSERT INTO `client` (`id`, `client_code`, `client_name`, `email`, `is_active`, `created_on`, `modified_on`, `tenant_id`) VALUES ('dd00aeee-454a-4f0d-82ae-edfa57ce6718', 1137, 'Li-Holder', 'info@liholder.com', 1, '2025-07-01 10:48:56', '2025-07-01 10:48:56', 'df234305-8a47-4b4d-8efb-716a6b695428');
INSERT INTO `department` (`uuid`, `department`, `client_id`, `tenant_id`, `created_on`, `modified_on`) VALUES ('6d46ffe7-7573-4e7c-a6ea-4241c82e9d14', 'Biomedical', 'dd00aeee-454a-4f0d-82ae-edfa57ce6718', 'df234305-8a47-4b4d-8efb-716a6b695428', '2025-07-01 10:48:56', '2025-07-01 10:48:56');
INSERT INTO `department` (`uuid`, `department`, `client_id`, `tenant_id`, `created_on`, `modified_on`) VALUES ('b2778647-f3fd-4579-bfb2-6e42f8e85316', 'Cybersecurity', 'dd00aeee-454a-4f0d-82ae-edfa57ce6718', 'df234305-8a47-4b4d-8efb-716a6b695428', '2025-07-01 10:48:56', '2025-07-01 10:48:56');
INSERT INTO `department` (`uuid`, `department`, `client_id`, `tenant_id`, `created_on`, `modified_on`) VALUES ('56db9bf5-7b01-475e-aa5a-9576b1106a2b', 'Aerospace', 'dd00aeee-454a-4f0d-82ae-edfa57ce6718', 'df234305-8a47-4b4d-8efb-716a6b695428', '2025-07-01 10:48:56', '2025-07-01 10:48:56');
INSERT INTO `department` (`uuid`, `department`, `client_id`, `tenant_id`, `created_on`, `modified_on`) VALUES ('35dde2c0-9f2a-4d72-b7e0-64fee4e9df56', 'AI Solutions', 'dd00aeee-454a-4f0d-82ae-edfa57ce6718', 'df234305-8a47-4b4d-8efb-716a6b695428', '2025-07-01 10:48:56', '2025-07-01 10:48:56');
INSERT INTO `department` (`uuid`, `department`, `client_id`, `tenant_id`, `created_on`, `modified_on`) VALUES ('ef17c009-40a6-4624-9a66-d1802c7286cf', 'Civil Systems', 'dd00aeee-454a-4f0d-82ae-edfa57ce6718', 'df234305-8a47-4b4d-8efb-716a6b695428', '2025-07-01 10:48:56', '2025-07-01 10:48:56');
INSERT INTO `department` (`uuid`, `department`, `client_id`, `tenant_id`, `created_on`, `modified_on`) VALUES ('c11f4c3c-6c30-464d-9c3a-6fdcd526f632', 'Robotics', 'dd00aeee-454a-4f0d-82ae-edfa57ce6718', 'df234305-8a47-4b4d-8efb-716a6b695428', '2025-07-01 10:48:56', '2025-07-01 10:48:56');
INSERT INTO `client_division` (`id`, `division_name`, `client_id`, `is_active`, `created_on`, `modified_on`, `tenant_id`) VALUES ('0178c674-7ca0-4b69-bb69-4f7ad013d95c', 'Engineering', 'dd00aeee-454a-4f0d-82ae-edfa57ce6718', 1, '2025-07-01 10:48:56', '2025-07-01 10:48:56', 'df234305-8a47-4b4d-8efb-716a6b695428');
INSERT INTO `client_division` (`id`, `division_name`, `client_id`, `is_active`, `created_on`, `modified_on`, `tenant_id`) VALUES ('557fefed-cb96-4018-9c6f-777419494c4b', 'Innovation Lab', 'dd00aeee-454a-4f0d-82ae-edfa57ce6718', 1, '2025-07-01 10:48:56', '2025-07-01 10:48:56', 'df234305-8a47-4b4d-8efb-716a6b695428');
INSERT INTO `client_division` (`id`, `division_name`, `client_id`, `is_active`, `created_on`, `modified_on`, `tenant_id`) VALUES ('c16ab310-d171-4cf8-a30e-9cfd7189db70', 'R&D', 'dd00aeee-454a-4f0d-82ae-edfa57ce6718', 1, '2025-07-01 10:48:56', '2025-07-01 10:48:56', 'df234305-8a47-4b4d-8efb-716a6b695428');
INSERT INTO `client_division` (`id`, `division_name`, `client_id`, `is_active`, `created_on`, `modified_on`, `tenant_id`) VALUES ('18ad353c-b64b-43cd-b72e-0d5ea775777c', 'Core Tech', 'dd00aeee-454a-4f0d-82ae-edfa57ce6718', 1, '2025-07-01 10:48:56', '2025-07-01 10:48:56', 'df234305-8a47-4b4d-8efb-716a6b695428');
INSERT INTO `client_division` (`id`, `division_name`, `client_id`, `is_active`, `created_on`, `modified_on`, `tenant_id`) VALUES ('3d2021b2-d7f5-4c95-a808-45d2b93aa116', 'Product Dev', 'dd00aeee-454a-4f0d-82ae-edfa57ce6718', 1, '2025-07-01 10:48:56', '2025-07-01 10:48:56', 'df234305-8a47-4b4d-8efb-716a6b695428');
INSERT INTO `client` (`id`, `client_code`, `client_name`, `email`, `is_active`, `created_on`, `modified_on`, `tenant_id`) VALUES ('70fda6af-bb63-4fd4-b204-650bac968f84', 1138, 'Rodriguez-Keller', 'info@rodriguezkeller.com', 1, '2025-07-01 10:48:56', '2025-07-01 10:48:56', 'df234305-8a47-4b4d-8efb-716a6b695428');
INSERT INTO `department` (`uuid`, `department`, `client_id`, `tenant_id`, `created_on`, `modified_on`) VALUES ('1aa03ad6-81c8-4588-bd56-e8df4ec8d051', 'Cybersecurity', '70fda6af-bb63-4fd4-b204-650bac968f84', 'df234305-8a47-4b4d-8efb-716a6b695428', '2025-07-01 10:48:56', '2025-07-01 10:48:56');
INSERT INTO `department` (`uuid`, `department`, `client_id`, `tenant_id`, `created_on`, `modified_on`) VALUES ('1303ef48-41b4-4d5c-b696-9eab935c9601', 'Robotics', '70fda6af-bb63-4fd4-b204-650bac968f84', 'df234305-8a47-4b4d-8efb-716a6b695428', '2025-07-01 10:48:56', '2025-07-01 10:48:56');
INSERT INTO `department` (`uuid`, `department`, `client_id`, `tenant_id`, `created_on`, `modified_on`) VALUES ('d2b8db66-171a-4a78-897c-2fb1ee607279', 'Civil Systems', '70fda6af-bb63-4fd4-b204-650bac968f84', 'df234305-8a47-4b4d-8efb-716a6b695428', '2025-07-01 10:48:56', '2025-07-01 10:48:56');
INSERT INTO `department` (`uuid`, `department`, `client_id`, `tenant_id`, `created_on`, `modified_on`) VALUES ('ab95e96d-ea00-4327-9ff0-929b6b5e4b85', 'Aerospace', '70fda6af-bb63-4fd4-b204-650bac968f84', 'df234305-8a47-4b4d-8efb-716a6b695428', '2025-07-01 10:48:56', '2025-07-01 10:48:56');
INSERT INTO `department` (`uuid`, `department`, `client_id`, `tenant_id`, `created_on`, `modified_on`) VALUES ('cdeb6b92-26be-405a-bfe0-0e9b4b816170', 'Biomedical', '70fda6af-bb63-4fd4-b204-650bac968f84', 'df234305-8a47-4b4d-8efb-716a6b695428', '2025-07-01 10:48:56', '2025-07-01 10:48:56');
INSERT INTO `department` (`uuid`, `department`, `client_id`, `tenant_id`, `created_on`, `modified_on`) VALUES ('6f2ff93e-ead1-4b9a-8490-5357615e2f7f', 'AI Solutions', '70fda6af-bb63-4fd4-b204-650bac968f84', 'df234305-8a47-4b4d-8efb-716a6b695428', '2025-07-01 10:48:56', '2025-07-01 10:48:56');
INSERT INTO `client_division` (`id`, `division_name`, `client_id`, `is_active`, `created_on`, `modified_on`, `tenant_id`) VALUES ('6381dccb-962c-4542-8bd6-6ad6d635bedd', 'Core Tech', '70fda6af-bb63-4fd4-b204-650bac968f84', 1, '2025-07-01 10:48:56', '2025-07-01 10:48:56', 'df234305-8a47-4b4d-8efb-716a6b695428');
INSERT INTO `client_division` (`id`, `division_name`, `client_id`, `is_active`, `created_on`, `modified_on`, `tenant_id`) VALUES ('11f6ca26-9f13-4eb4-a340-c7948564ddb0', 'R&D', '70fda6af-bb63-4fd4-b204-650bac968f84', 1, '2025-07-01 10:48:56', '2025-07-01 10:48:56', 'df234305-8a47-4b4d-8efb-716a6b695428');
INSERT INTO `client_division` (`id`, `division_name`, `client_id`, `is_active`, `created_on`, `modified_on`, `tenant_id`) VALUES ('e0a5013f-bd84-48e9-998c-a25771aba127', 'Product Dev', '70fda6af-bb63-4fd4-b204-650bac968f84', 1, '2025-07-01 10:48:56', '2025-07-01 10:48:56', 'df234305-8a47-4b4d-8efb-716a6b695428');
INSERT INTO `client_division` (`id`, `division_name`, `client_id`, `is_active`, `created_on`, `modified_on`, `tenant_id`) VALUES ('d1f68550-ac3c-407f-9d8a-2fb8dbc1dd79', 'Engineering', '70fda6af-bb63-4fd4-b204-650bac968f84', 1, '2025-07-01 10:48:56', '2025-07-01 10:48:56', 'df234305-8a47-4b4d-8efb-716a6b695428');
INSERT INTO `client_division` (`id`, `division_name`, `client_id`, `is_active`, `created_on`, `modified_on`, `tenant_id`) VALUES ('19902fac-7c1e-46e2-9e48-f1a51c7db7fe', 'Innovation Lab', '70fda6af-bb63-4fd4-b204-650bac968f84', 1, '2025-07-01 10:48:56', '2025-07-01 10:48:56', 'df234305-8a47-4b4d-8efb-716a6b695428');
INSERT INTO `client` (`id`, `client_code`, `client_name`, `email`, `is_active`, `created_on`, `modified_on`, `tenant_id`) VALUES ('850fee14-4261-46f5-b3ad-bdbf2140a0c7', 1139, 'Morgan PLC', 'info@morganplc.com', 1, '2025-07-01 10:48:56', '2025-07-01 10:48:56', 'df234305-8a47-4b4d-8efb-716a6b695428');
INSERT INTO `department` (`uuid`, `department`, `client_id`, `tenant_id`, `created_on`, `modified_on`) VALUES ('22cf9ed4-e733-49f4-a602-7a5335a0141e', 'Biomedical', '850fee14-4261-46f5-b3ad-bdbf2140a0c7', 'df234305-8a47-4b4d-8efb-716a6b695428', '2025-07-01 10:48:56', '2025-07-01 10:48:56');
INSERT INTO `department` (`uuid`, `department`, `client_id`, `tenant_id`, `created_on`, `modified_on`) VALUES ('ed13d78b-01b3-4246-b761-cfd2692cbaf9', 'Aerospace', '850fee14-4261-46f5-b3ad-bdbf2140a0c7', 'df234305-8a47-4b4d-8efb-716a6b695428', '2025-07-01 10:48:56', '2025-07-01 10:48:56');
INSERT INTO `department` (`uuid`, `department`, `client_id`, `tenant_id`, `created_on`, `modified_on`) VALUES ('3cf3da8c-1a7f-428a-a567-f87bcbd79e16', 'Cybersecurity', '850fee14-4261-46f5-b3ad-bdbf2140a0c7', 'df234305-8a47-4b4d-8efb-716a6b695428', '2025-07-01 10:48:56', '2025-07-01 10:48:56');
INSERT INTO `department` (`uuid`, `department`, `client_id`, `tenant_id`, `created_on`, `modified_on`) VALUES ('f6ff6770-958d-4115-9ec0-06a6f12a3cba', 'Robotics', '850fee14-4261-46f5-b3ad-bdbf2140a0c7', 'df234305-8a47-4b4d-8efb-716a6b695428', '2025-07-01 10:48:56', '2025-07-01 10:48:56');
INSERT INTO `department` (`uuid`, `department`, `client_id`, `tenant_id`, `created_on`, `modified_on`) VALUES ('9de3ac09-ca23-4268-b430-abcf263ea069', 'Civil Systems', '850fee14-4261-46f5-b3ad-bdbf2140a0c7', 'df234305-8a47-4b4d-8efb-716a6b695428', '2025-07-01 10:48:56', '2025-07-01 10:48:56');
INSERT INTO `department` (`uuid`, `department`, `client_id`, `tenant_id`, `created_on`, `modified_on`) VALUES ('8d123ff8-e838-4ec5-93d7-3d398b23d6d3', 'AI Solutions', '850fee14-4261-46f5-b3ad-bdbf2140a0c7', 'df234305-8a47-4b4d-8efb-716a6b695428', '2025-07-01 10:48:56', '2025-07-01 10:48:56');
INSERT INTO `client_division` (`id`, `division_name`, `client_id`, `is_active`, `created_on`, `modified_on`, `tenant_id`) VALUES ('f948f2ac-3ea1-4f46-b546-ffebfaf817df', 'Innovation Lab', '850fee14-4261-46f5-b3ad-bdbf2140a0c7', 1, '2025-07-01 10:48:56', '2025-07-01 10:48:56', 'df234305-8a47-4b4d-8efb-716a6b695428');
INSERT INTO `client_division` (`id`, `division_name`, `client_id`, `is_active`, `created_on`, `modified_on`, `tenant_id`) VALUES ('910f99b0-009f-4ebb-9ebd-7ea0565eb41a', 'Engineering', '850fee14-4261-46f5-b3ad-bdbf2140a0c7', 1, '2025-07-01 10:48:56', '2025-07-01 10:48:56', 'df234305-8a47-4b4d-8efb-716a6b695428');
INSERT INTO `client_division` (`id`, `division_name`, `client_id`, `is_active`, `created_on`, `modified_on`, `tenant_id`) VALUES ('473c894f-ca05-4f08-9a2c-e92ade1e2a5f', 'Product Dev', '850fee14-4261-46f5-b3ad-bdbf2140a0c7', 1, '2025-07-01 10:48:56', '2025-07-01 10:48:56', 'df234305-8a47-4b4d-8efb-716a6b695428');
INSERT INTO `client_division` (`id`, `division_name`, `client_id`, `is_active`, `created_on`, `modified_on`, `tenant_id`) VALUES ('368fe17b-f86c-4153-af84-a5ebf6c19793', 'R&D', '850fee14-4261-46f5-b3ad-bdbf2140a0c7', 1, '2025-07-01 10:48:56', '2025-07-01 10:48:56', 'df234305-8a47-4b4d-8efb-716a6b695428');
INSERT INTO `client_division` (`id`, `division_name`, `client_id`, `is_active`, `created_on`, `modified_on`, `tenant_id`) VALUES ('198c4fef-0c58-4754-8347-f82b5896b9c8', 'Core Tech', '850fee14-4261-46f5-b3ad-bdbf2140a0c7', 1, '2025-07-01 10:48:56', '2025-07-01 10:48:56', 'df234305-8a47-4b4d-8efb-716a6b695428');
INSERT INTO `client` (`id`, `client_code`, `client_name`, `email`, `is_active`, `created_on`, `modified_on`, `tenant_id`) VALUES ('e93458de-f66b-443c-bc3e-e91acebd6094', 1140, 'Wilson-Palmer', 'info@wilsonpalmer.com', 1, '2025-07-01 10:48:56', '2025-07-01 10:48:56', 'df234305-8a47-4b4d-8efb-716a6b695428');
INSERT INTO `department` (`uuid`, `department`, `client_id`, `tenant_id`, `created_on`, `modified_on`) VALUES ('41dc75cb-2a12-405f-8ff4-b25afcebe324', 'Biomedical', 'e93458de-f66b-443c-bc3e-e91acebd6094', 'df234305-8a47-4b4d-8efb-716a6b695428', '2025-07-01 10:48:56', '2025-07-01 10:48:56');
INSERT INTO `department` (`uuid`, `department`, `client_id`, `tenant_id`, `created_on`, `modified_on`) VALUES ('0d2ccfba-9586-4aac-9551-6f0f951a5db9', 'AI Solutions', 'e93458de-f66b-443c-bc3e-e91acebd6094', 'df234305-8a47-4b4d-8efb-716a6b695428', '2025-07-01 10:48:56', '2025-07-01 10:48:56');
INSERT INTO `department` (`uuid`, `department`, `client_id`, `tenant_id`, `created_on`, `modified_on`) VALUES ('2b38114c-7e31-4151-acb7-514ae7c10b7c', 'Robotics', 'e93458de-f66b-443c-bc3e-e91acebd6094', 'df234305-8a47-4b4d-8efb-716a6b695428', '2025-07-01 10:48:56', '2025-07-01 10:48:56');
INSERT INTO `department` (`uuid`, `department`, `client_id`, `tenant_id`, `created_on`, `modified_on`) VALUES ('b83060f7-9ce5-4a19-8f65-6dd542eb6be7', 'Aerospace', 'e93458de-f66b-443c-bc3e-e91acebd6094', 'df234305-8a47-4b4d-8efb-716a6b695428', '2025-07-01 10:48:56', '2025-07-01 10:48:56');
INSERT INTO `department` (`uuid`, `department`, `client_id`, `tenant_id`, `created_on`, `modified_on`) VALUES ('00e2bbb2-e712-4053-bdc9-155d3912c215', 'Cybersecurity', 'e93458de-f66b-443c-bc3e-e91acebd6094', 'df234305-8a47-4b4d-8efb-716a6b695428', '2025-07-01 10:48:56', '2025-07-01 10:48:56');
INSERT INTO `department` (`uuid`, `department`, `client_id`, `tenant_id`, `created_on`, `modified_on`) VALUES ('728c8f37-ba5d-4d8e-b823-2d10b792a7ce', 'Civil Systems', 'e93458de-f66b-443c-bc3e-e91acebd6094', 'df234305-8a47-4b4d-8efb-716a6b695428', '2025-07-01 10:48:56', '2025-07-01 10:48:56');
INSERT INTO `client_division` (`id`, `division_name`, `client_id`, `is_active`, `created_on`, `modified_on`, `tenant_id`) VALUES ('2a4b5639-d372-4495-8876-62f7edd09f94', 'Product Dev', 'e93458de-f66b-443c-bc3e-e91acebd6094', 1, '2025-07-01 10:48:56', '2025-07-01 10:48:56', 'df234305-8a47-4b4d-8efb-716a6b695428');
INSERT INTO `client_division` (`id`, `division_name`, `client_id`, `is_active`, `created_on`, `modified_on`, `tenant_id`) VALUES ('05ce5a94-5e8e-48ac-8a63-16e64fd3a395', 'Engineering', 'e93458de-f66b-443c-bc3e-e91acebd6094', 1, '2025-07-01 10:48:56', '2025-07-01 10:48:56', 'df234305-8a47-4b4d-8efb-716a6b695428');
INSERT INTO `client_division` (`id`, `division_name`, `client_id`, `is_active`, `created_on`, `modified_on`, `tenant_id`) VALUES ('9af66239-6918-4d86-954a-c34459ab421f', 'Innovation Lab', 'e93458de-f66b-443c-bc3e-e91acebd6094', 1, '2025-07-01 10:48:56', '2025-07-01 10:48:56', 'df234305-8a47-4b4d-8efb-716a6b695428');
INSERT INTO `client_division` (`id`, `division_name`, `client_id`, `is_active`, `created_on`, `modified_on`, `tenant_id`) VALUES ('c683aadc-cc80-45cb-9436-f75bd54072c2', 'Core Tech', 'e93458de-f66b-443c-bc3e-e91acebd6094', 1, '2025-07-01 10:48:56', '2025-07-01 10:48:56', 'df234305-8a47-4b4d-8efb-716a6b695428');
INSERT INTO `client_division` (`id`, `division_name`, `client_id`, `is_active`, `created_on`, `modified_on`, `tenant_id`) VALUES ('9c0ecb8c-e7fd-43d8-b34e-3368d6c0539e', 'R&D', 'e93458de-f66b-443c-bc3e-e91acebd6094', 1, '2025-07-01 10:48:56', '2025-07-01 10:48:56', 'df234305-8a47-4b4d-8efb-716a6b695428');
INSERT INTO `client` (`id`, `client_code`, `client_name`, `email`, `is_active`, `created_on`, `modified_on`, `tenant_id`) VALUES ('598863c5-6e2d-4976-9963-dfb9039ad3bf', 1141, 'Martin, Gill and Owen', 'info@martingillandowen.com', 1, '2025-07-01 10:48:56', '2025-07-01 10:48:56', 'df234305-8a47-4b4d-8efb-716a6b695428');
INSERT INTO `department` (`uuid`, `department`, `client_id`, `tenant_id`, `created_on`, `modified_on`) VALUES ('63a07a5e-bbdd-4850-894e-3c334595b3bc', 'AI Solutions', '598863c5-6e2d-4976-9963-dfb9039ad3bf', 'df234305-8a47-4b4d-8efb-716a6b695428', '2025-07-01 10:48:56', '2025-07-01 10:48:56');
INSERT INTO `department` (`uuid`, `department`, `client_id`, `tenant_id`, `created_on`, `modified_on`) VALUES ('73d9f7e0-858c-4c2c-b48a-16a0b6b1add8', 'Civil Systems', '598863c5-6e2d-4976-9963-dfb9039ad3bf', 'df234305-8a47-4b4d-8efb-716a6b695428', '2025-07-01 10:48:56', '2025-07-01 10:48:56');
INSERT INTO `department` (`uuid`, `department`, `client_id`, `tenant_id`, `created_on`, `modified_on`) VALUES ('5cbf9978-70f2-4b9c-8765-cc7a172ae45b', 'Cybersecurity', '598863c5-6e2d-4976-9963-dfb9039ad3bf', 'df234305-8a47-4b4d-8efb-716a6b695428', '2025-07-01 10:48:56', '2025-07-01 10:48:56');
INSERT INTO `department` (`uuid`, `department`, `client_id`, `tenant_id`, `created_on`, `modified_on`) VALUES ('20dcd6b1-60e1-447b-9940-1f74ec48f83d', 'Aerospace', '598863c5-6e2d-4976-9963-dfb9039ad3bf', 'df234305-8a47-4b4d-8efb-716a6b695428', '2025-07-01 10:48:56', '2025-07-01 10:48:56');
INSERT INTO `department` (`uuid`, `department`, `client_id`, `tenant_id`, `created_on`, `modified_on`) VALUES ('8588d45f-70e8-4c8b-a3f3-3e610809d3f5', 'Robotics', '598863c5-6e2d-4976-9963-dfb9039ad3bf', 'df234305-8a47-4b4d-8efb-716a6b695428', '2025-07-01 10:48:56', '2025-07-01 10:48:56');
INSERT INTO `department` (`uuid`, `department`, `client_id`, `tenant_id`, `created_on`, `modified_on`) VALUES ('3c9fb0cd-07c9-4359-ac63-a9da596aa4c6', 'Biomedical', '598863c5-6e2d-4976-9963-dfb9039ad3bf', 'df234305-8a47-4b4d-8efb-716a6b695428', '2025-07-01 10:48:56', '2025-07-01 10:48:56');
INSERT INTO `client_division` (`id`, `division_name`, `client_id`, `is_active`, `created_on`, `modified_on`, `tenant_id`) VALUES ('a81a3c71-317b-4e26-99ec-7836131c78c2', 'Engineering', '598863c5-6e2d-4976-9963-dfb9039ad3bf', 1, '2025-07-01 10:48:56', '2025-07-01 10:48:56', 'df234305-8a47-4b4d-8efb-716a6b695428');
INSERT INTO `client_division` (`id`, `division_name`, `client_id`, `is_active`, `created_on`, `modified_on`, `tenant_id`) VALUES ('cfd524cb-bc54-4026-a2f3-3a431f549fac', 'Product Dev', '598863c5-6e2d-4976-9963-dfb9039ad3bf', 1, '2025-07-01 10:48:56', '2025-07-01 10:48:56', 'df234305-8a47-4b4d-8efb-716a6b695428');
INSERT INTO `client_division` (`id`, `division_name`, `client_id`, `is_active`, `created_on`, `modified_on`, `tenant_id`) VALUES ('7c98d901-980e-4d41-b82f-3bfbaaadd37f', 'R&D', '598863c5-6e2d-4976-9963-dfb9039ad3bf', 1, '2025-07-01 10:48:56', '2025-07-01 10:48:56', 'df234305-8a47-4b4d-8efb-716a6b695428');
INSERT INTO `client_division` (`id`, `division_name`, `client_id`, `is_active`, `created_on`, `modified_on`, `tenant_id`) VALUES ('de4c89f7-794f-45c5-9118-e429a737f7bf', 'Innovation Lab', '598863c5-6e2d-4976-9963-dfb9039ad3bf', 1, '2025-07-01 10:48:56', '2025-07-01 10:48:56', 'df234305-8a47-4b4d-8efb-716a6b695428');
INSERT INTO `client_division` (`id`, `division_name`, `client_id`, `is_active`, `created_on`, `modified_on`, `tenant_id`) VALUES ('0a3f08f6-6ad9-47e4-8540-67b8c394c342', 'Core Tech', '598863c5-6e2d-4976-9963-dfb9039ad3bf', 1, '2025-07-01 10:48:56', '2025-07-01 10:48:56', 'df234305-8a47-4b4d-8efb-716a6b695428');
INSERT INTO `client` (`id`, `client_code`, `client_name`, `email`, `is_active`, `created_on`, `modified_on`, `tenant_id`) VALUES ('44c46a71-bb3c-4631-9a32-f231d3f6d299', 1142, 'Carter, Rangel and Mckay', 'info@carterrangelandmckay.com', 1, '2025-07-01 10:48:56', '2025-07-01 10:48:56', 'df234305-8a47-4b4d-8efb-716a6b695428');
INSERT INTO `department` (`uuid`, `department`, `client_id`, `tenant_id`, `created_on`, `modified_on`) VALUES ('5b3371ad-164b-4bc2-ae2f-993793a02d4f', 'AI Solutions', '44c46a71-bb3c-4631-9a32-f231d3f6d299', 'df234305-8a47-4b4d-8efb-716a6b695428', '2025-07-01 10:48:56', '2025-07-01 10:48:56');
INSERT INTO `department` (`uuid`, `department`, `client_id`, `tenant_id`, `created_on`, `modified_on`) VALUES ('560f55a9-f197-4015-ad4b-c267dc53aabe', 'Aerospace', '44c46a71-bb3c-4631-9a32-f231d3f6d299', 'df234305-8a47-4b4d-8efb-716a6b695428', '2025-07-01 10:48:56', '2025-07-01 10:48:56');
INSERT INTO `department` (`uuid`, `department`, `client_id`, `tenant_id`, `created_on`, `modified_on`) VALUES ('8fce5860-1f94-49bb-b3c1-c959abbb2f8e', 'Biomedical', '44c46a71-bb3c-4631-9a32-f231d3f6d299', 'df234305-8a47-4b4d-8efb-716a6b695428', '2025-07-01 10:48:56', '2025-07-01 10:48:56');
INSERT INTO `department` (`uuid`, `department`, `client_id`, `tenant_id`, `created_on`, `modified_on`) VALUES ('57c04599-fb73-4aaf-afc6-f57243ef00ea', 'Civil Systems', '44c46a71-bb3c-4631-9a32-f231d3f6d299', 'df234305-8a47-4b4d-8efb-716a6b695428', '2025-07-01 10:48:56', '2025-07-01 10:48:56');
INSERT INTO `department` (`uuid`, `department`, `client_id`, `tenant_id`, `created_on`, `modified_on`) VALUES ('be95544e-871a-4eba-8276-4f5062c8c894', 'Robotics', '44c46a71-bb3c-4631-9a32-f231d3f6d299', 'df234305-8a47-4b4d-8efb-716a6b695428', '2025-07-01 10:48:56', '2025-07-01 10:48:56');
INSERT INTO `department` (`uuid`, `department`, `client_id`, `tenant_id`, `created_on`, `modified_on`) VALUES ('df3233a2-9950-48ac-87f3-1ac049a25c76', 'Cybersecurity', '44c46a71-bb3c-4631-9a32-f231d3f6d299', 'df234305-8a47-4b4d-8efb-716a6b695428', '2025-07-01 10:48:56', '2025-07-01 10:48:56');
INSERT INTO `client_division` (`id`, `division_name`, `client_id`, `is_active`, `created_on`, `modified_on`, `tenant_id`) VALUES ('d4b6777a-1b71-4c19-8d7a-66f7a00a7c27', 'R&D', '44c46a71-bb3c-4631-9a32-f231d3f6d299', 1, '2025-07-01 10:48:56', '2025-07-01 10:48:56', 'df234305-8a47-4b4d-8efb-716a6b695428');
INSERT INTO `client_division` (`id`, `division_name`, `client_id`, `is_active`, `created_on`, `modified_on`, `tenant_id`) VALUES ('4bbbbf01-1a53-4f61-89bb-262d70a593ea', 'Product Dev', '44c46a71-bb3c-4631-9a32-f231d3f6d299', 1, '2025-07-01 10:48:56', '2025-07-01 10:48:56', 'df234305-8a47-4b4d-8efb-716a6b695428');
INSERT INTO `client_division` (`id`, `division_name`, `client_id`, `is_active`, `created_on`, `modified_on`, `tenant_id`) VALUES ('dfc1838e-4c37-4a6f-afc1-6d6d6749cef6', 'Engineering', '44c46a71-bb3c-4631-9a32-f231d3f6d299', 1, '2025-07-01 10:48:56', '2025-07-01 10:48:56', 'df234305-8a47-4b4d-8efb-716a6b695428');
INSERT INTO `client_division` (`id`, `division_name`, `client_id`, `is_active`, `created_on`, `modified_on`, `tenant_id`) VALUES ('28631f6c-3428-4425-a6c1-51373dbe8f67', 'Core Tech', '44c46a71-bb3c-4631-9a32-f231d3f6d299', 1, '2025-07-01 10:48:56', '2025-07-01 10:48:56', 'df234305-8a47-4b4d-8efb-716a6b695428');
INSERT INTO `client_division` (`id`, `division_name`, `client_id`, `is_active`, `created_on`, `modified_on`, `tenant_id`) VALUES ('c409bbf3-af8e-4f0d-8018-dd87789f76cb', 'Innovation Lab', '44c46a71-bb3c-4631-9a32-f231d3f6d299', 1, '2025-07-01 10:48:56', '2025-07-01 10:48:56', 'df234305-8a47-4b4d-8efb-716a6b695428');
INSERT INTO `client` (`id`, `client_code`, `client_name`, `email`, `is_active`, `created_on`, `modified_on`, `tenant_id`) VALUES ('62783418-95b8-4842-bcd4-afc8da60ee03', 1143, 'Moody-Lopez', 'info@moodylopez.com', 1, '2025-07-01 10:48:56', '2025-07-01 10:48:56', 'df234305-8a47-4b4d-8efb-716a6b695428');
INSERT INTO `department` (`uuid`, `department`, `client_id`, `tenant_id`, `created_on`, `modified_on`) VALUES ('b25ae99b-cc07-40d1-a991-b60b0a932fe7', 'Civil Systems', '62783418-95b8-4842-bcd4-afc8da60ee03', 'df234305-8a47-4b4d-8efb-716a6b695428', '2025-07-01 10:48:56', '2025-07-01 10:48:56');
INSERT INTO `department` (`uuid`, `department`, `client_id`, `tenant_id`, `created_on`, `modified_on`) VALUES ('eaa64cd3-9154-44e0-94f1-bc96fc20f310', 'Biomedical', '62783418-95b8-4842-bcd4-afc8da60ee03', 'df234305-8a47-4b4d-8efb-716a6b695428', '2025-07-01 10:48:56', '2025-07-01 10:48:56');
INSERT INTO `department` (`uuid`, `department`, `client_id`, `tenant_id`, `created_on`, `modified_on`) VALUES ('b5c46a41-29b9-4823-a2ff-1ca9644ad11d', 'Robotics', '62783418-95b8-4842-bcd4-afc8da60ee03', 'df234305-8a47-4b4d-8efb-716a6b695428', '2025-07-01 10:48:56', '2025-07-01 10:48:56');
INSERT INTO `department` (`uuid`, `department`, `client_id`, `tenant_id`, `created_on`, `modified_on`) VALUES ('a4ff1fd8-9923-461a-81a8-6877a154b27c', 'Cybersecurity', '62783418-95b8-4842-bcd4-afc8da60ee03', 'df234305-8a47-4b4d-8efb-716a6b695428', '2025-07-01 10:48:56', '2025-07-01 10:48:56');
INSERT INTO `department` (`uuid`, `department`, `client_id`, `tenant_id`, `created_on`, `modified_on`) VALUES ('71b575ee-13af-4116-9ee4-e0b081a11812', 'Aerospace', '62783418-95b8-4842-bcd4-afc8da60ee03', 'df234305-8a47-4b4d-8efb-716a6b695428', '2025-07-01 10:48:56', '2025-07-01 10:48:56');
INSERT INTO `department` (`uuid`, `department`, `client_id`, `tenant_id`, `created_on`, `modified_on`) VALUES ('e38d329a-d425-4c9f-bdee-56f7a97365f8', 'AI Solutions', '62783418-95b8-4842-bcd4-afc8da60ee03', 'df234305-8a47-4b4d-8efb-716a6b695428', '2025-07-01 10:48:56', '2025-07-01 10:48:56');
INSERT INTO `client_division` (`id`, `division_name`, `client_id`, `is_active`, `created_on`, `modified_on`, `tenant_id`) VALUES ('6030a562-b4b2-4c88-a820-49d95c341ba5', 'Product Dev', '62783418-95b8-4842-bcd4-afc8da60ee03', 1, '2025-07-01 10:48:56', '2025-07-01 10:48:56', 'df234305-8a47-4b4d-8efb-716a6b695428');
INSERT INTO `client_division` (`id`, `division_name`, `client_id`, `is_active`, `created_on`, `modified_on`, `tenant_id`) VALUES ('feeeeacf-30cf-47fc-88f9-2444bb561905', 'Engineering', '62783418-95b8-4842-bcd4-afc8da60ee03', 1, '2025-07-01 10:48:56', '2025-07-01 10:48:56', 'df234305-8a47-4b4d-8efb-716a6b695428');
INSERT INTO `client_division` (`id`, `division_name`, `client_id`, `is_active`, `created_on`, `modified_on`, `tenant_id`) VALUES ('1eca7a08-7efc-4216-86ba-5d5cddf10fa6', 'R&D', '62783418-95b8-4842-bcd4-afc8da60ee03', 1, '2025-07-01 10:48:56', '2025-07-01 10:48:56', 'df234305-8a47-4b4d-8efb-716a6b695428');
INSERT INTO `client_division` (`id`, `division_name`, `client_id`, `is_active`, `created_on`, `modified_on`, `tenant_id`) VALUES ('2391140b-897a-4977-a3d1-54f6fc4a5de7', 'Core Tech', '62783418-95b8-4842-bcd4-afc8da60ee03', 1, '2025-07-01 10:48:56', '2025-07-01 10:48:56', 'df234305-8a47-4b4d-8efb-716a6b695428');
INSERT INTO `client_division` (`id`, `division_name`, `client_id`, `is_active`, `created_on`, `modified_on`, `tenant_id`) VALUES ('e3037c57-31c8-4720-9f79-e4c239adaa83', 'Innovation Lab', '62783418-95b8-4842-bcd4-afc8da60ee03', 1, '2025-07-01 10:48:56', '2025-07-01 10:48:56', 'df234305-8a47-4b4d-8efb-716a6b695428');
INSERT INTO `client` (`id`, `client_code`, `client_name`, `email`, `is_active`, `created_on`, `modified_on`, `tenant_id`) VALUES ('8f5eceb5-2a75-4099-a207-db63cb5d4378', 1144, 'Adams, Khan and Payne', 'info@adamskhanandpayne.com', 1, '2025-07-01 10:48:56', '2025-07-01 10:48:56', 'df234305-8a47-4b4d-8efb-716a6b695428');
INSERT INTO `department` (`uuid`, `department`, `client_id`, `tenant_id`, `created_on`, `modified_on`) VALUES ('b6d10093-b7b4-45f5-87eb-e3e154c80fe1', 'Cybersecurity', '8f5eceb5-2a75-4099-a207-db63cb5d4378', 'df234305-8a47-4b4d-8efb-716a6b695428', '2025-07-01 10:48:56', '2025-07-01 10:48:56');
INSERT INTO `department` (`uuid`, `department`, `client_id`, `tenant_id`, `created_on`, `modified_on`) VALUES ('84773b30-ed17-4de4-b6ba-8a7419dc7f2e', 'Robotics', '8f5eceb5-2a75-4099-a207-db63cb5d4378', 'df234305-8a47-4b4d-8efb-716a6b695428', '2025-07-01 10:48:56', '2025-07-01 10:48:56');
INSERT INTO `department` (`uuid`, `department`, `client_id`, `tenant_id`, `created_on`, `modified_on`) VALUES ('dcb1c49a-f4f5-40f8-82e8-5b4948befdd9', 'Aerospace', '8f5eceb5-2a75-4099-a207-db63cb5d4378', 'df234305-8a47-4b4d-8efb-716a6b695428', '2025-07-01 10:48:56', '2025-07-01 10:48:56');
INSERT INTO `department` (`uuid`, `department`, `client_id`, `tenant_id`, `created_on`, `modified_on`) VALUES ('d19f44ff-2116-4968-bba4-71f368eeaa7b', 'Civil Systems', '8f5eceb5-2a75-4099-a207-db63cb5d4378', 'df234305-8a47-4b4d-8efb-716a6b695428', '2025-07-01 10:48:56', '2025-07-01 10:48:56');
INSERT INTO `department` (`uuid`, `department`, `client_id`, `tenant_id`, `created_on`, `modified_on`) VALUES ('aeccb0da-9a21-47e5-b3b3-5e431b73d599', 'AI Solutions', '8f5eceb5-2a75-4099-a207-db63cb5d4378', 'df234305-8a47-4b4d-8efb-716a6b695428', '2025-07-01 10:48:56', '2025-07-01 10:48:56');
INSERT INTO `department` (`uuid`, `department`, `client_id`, `tenant_id`, `created_on`, `modified_on`) VALUES ('2c81c5d5-e9a4-491c-86e3-ed3bcc0dfedd', 'Biomedical', '8f5eceb5-2a75-4099-a207-db63cb5d4378', 'df234305-8a47-4b4d-8efb-716a6b695428', '2025-07-01 10:48:56', '2025-07-01 10:48:56');
INSERT INTO `client_division` (`id`, `division_name`, `client_id`, `is_active`, `created_on`, `modified_on`, `tenant_id`) VALUES ('2ccca552-401c-4251-a0fd-892633c5c6b6', 'Core Tech', '8f5eceb5-2a75-4099-a207-db63cb5d4378', 1, '2025-07-01 10:48:56', '2025-07-01 10:48:56', 'df234305-8a47-4b4d-8efb-716a6b695428');
INSERT INTO `client_division` (`id`, `division_name`, `client_id`, `is_active`, `created_on`, `modified_on`, `tenant_id`) VALUES ('63e22a41-4d90-4ca8-aaea-58b6f75919a6', 'Product Dev', '8f5eceb5-2a75-4099-a207-db63cb5d4378', 1, '2025-07-01 10:48:56', '2025-07-01 10:48:56', 'df234305-8a47-4b4d-8efb-716a6b695428');
INSERT INTO `client_division` (`id`, `division_name`, `client_id`, `is_active`, `created_on`, `modified_on`, `tenant_id`) VALUES ('b835b0b2-e874-40d0-af9a-14b3733b0bd5', 'Innovation Lab', '8f5eceb5-2a75-4099-a207-db63cb5d4378', 1, '2025-07-01 10:48:56', '2025-07-01 10:48:56', 'df234305-8a47-4b4d-8efb-716a6b695428');
INSERT INTO `client_division` (`id`, `division_name`, `client_id`, `is_active`, `created_on`, `modified_on`, `tenant_id`) VALUES ('b13ae668-a908-42dc-968e-91f8c18951af', 'Engineering', '8f5eceb5-2a75-4099-a207-db63cb5d4378', 1, '2025-07-01 10:48:56', '2025-07-01 10:48:56', 'df234305-8a47-4b4d-8efb-716a6b695428');
INSERT INTO `client_division` (`id`, `division_name`, `client_id`, `is_active`, `created_on`, `modified_on`, `tenant_id`) VALUES ('678071ec-6fc0-4c38-bf4d-0f33fd6d6dd5', 'R&D', '8f5eceb5-2a75-4099-a207-db63cb5d4378', 1, '2025-07-01 10:48:56', '2025-07-01 10:48:56', 'df234305-8a47-4b4d-8efb-716a6b695428');
INSERT INTO `client` (`id`, `client_code`, `client_name`, `email`, `is_active`, `created_on`, `modified_on`, `tenant_id`) VALUES ('39cd37b9-6177-401c-9a15-dcb6988c2fb7', 1145, 'Oneal Group', 'info@onealgroup.com', 1, '2025-07-01 10:48:56', '2025-07-01 10:48:56', 'df234305-8a47-4b4d-8efb-716a6b695428');
INSERT INTO `department` (`uuid`, `department`, `client_id`, `tenant_id`, `created_on`, `modified_on`) VALUES ('05895fb1-195f-4c13-9c41-d04031a08f81', 'AI Solutions', '39cd37b9-6177-401c-9a15-dcb6988c2fb7', 'df234305-8a47-4b4d-8efb-716a6b695428', '2025-07-01 10:48:56', '2025-07-01 10:48:56');
INSERT INTO `department` (`uuid`, `department`, `client_id`, `tenant_id`, `created_on`, `modified_on`) VALUES ('12b82d6b-3dc0-4cfe-a9ab-8fe2a3ed076d', 'Biomedical', '39cd37b9-6177-401c-9a15-dcb6988c2fb7', 'df234305-8a47-4b4d-8efb-716a6b695428', '2025-07-01 10:48:56', '2025-07-01 10:48:56');
INSERT INTO `department` (`uuid`, `department`, `client_id`, `tenant_id`, `created_on`, `modified_on`) VALUES ('3669ec69-6559-46b1-ad52-078ec9a35f05', 'Aerospace', '39cd37b9-6177-401c-9a15-dcb6988c2fb7', 'df234305-8a47-4b4d-8efb-716a6b695428', '2025-07-01 10:48:56', '2025-07-01 10:48:56');
INSERT INTO `department` (`uuid`, `department`, `client_id`, `tenant_id`, `created_on`, `modified_on`) VALUES ('f75a0147-bfd2-4fcd-950a-e5c3b0611d4f', 'Cybersecurity', '39cd37b9-6177-401c-9a15-dcb6988c2fb7', 'df234305-8a47-4b4d-8efb-716a6b695428', '2025-07-01 10:48:56', '2025-07-01 10:48:56');
INSERT INTO `department` (`uuid`, `department`, `client_id`, `tenant_id`, `created_on`, `modified_on`) VALUES ('1d21695e-04f2-44fd-b406-87ded1d15ce3', 'Civil Systems', '39cd37b9-6177-401c-9a15-dcb6988c2fb7', 'df234305-8a47-4b4d-8efb-716a6b695428', '2025-07-01 10:48:56', '2025-07-01 10:48:56');
INSERT INTO `department` (`uuid`, `department`, `client_id`, `tenant_id`, `created_on`, `modified_on`) VALUES ('669ebf19-169f-462c-9ae3-a02a591d7b84', 'Robotics', '39cd37b9-6177-401c-9a15-dcb6988c2fb7', 'df234305-8a47-4b4d-8efb-716a6b695428', '2025-07-01 10:48:56', '2025-07-01 10:48:56');
INSERT INTO `client_division` (`id`, `division_name`, `client_id`, `is_active`, `created_on`, `modified_on`, `tenant_id`) VALUES ('c993a84c-0f99-4de2-aec8-ee2b3cb8082b', 'Core Tech', '39cd37b9-6177-401c-9a15-dcb6988c2fb7', 1, '2025-07-01 10:48:56', '2025-07-01 10:48:56', 'df234305-8a47-4b4d-8efb-716a6b695428');
INSERT INTO `client_division` (`id`, `division_name`, `client_id`, `is_active`, `created_on`, `modified_on`, `tenant_id`) VALUES ('02e54394-cc3a-465c-8f0e-49f23329b732', 'R&D', '39cd37b9-6177-401c-9a15-dcb6988c2fb7', 1, '2025-07-01 10:48:56', '2025-07-01 10:48:56', 'df234305-8a47-4b4d-8efb-716a6b695428');
INSERT INTO `client_division` (`id`, `division_name`, `client_id`, `is_active`, `created_on`, `modified_on`, `tenant_id`) VALUES ('7cc9da9e-f2d7-42d0-a479-6276d738a5d2', 'Product Dev', '39cd37b9-6177-401c-9a15-dcb6988c2fb7', 1, '2025-07-01 10:48:56', '2025-07-01 10:48:56', 'df234305-8a47-4b4d-8efb-716a6b695428');
INSERT INTO `client_division` (`id`, `division_name`, `client_id`, `is_active`, `created_on`, `modified_on`, `tenant_id`) VALUES ('ef45a0d8-1869-4ed8-98d8-2d016d486b4e', 'Engineering', '39cd37b9-6177-401c-9a15-dcb6988c2fb7', 1, '2025-07-01 10:48:56', '2025-07-01 10:48:56', 'df234305-8a47-4b4d-8efb-716a6b695428');
INSERT INTO `client_division` (`id`, `division_name`, `client_id`, `is_active`, `created_on`, `modified_on`, `tenant_id`) VALUES ('f60ade88-e86c-4557-ac42-bdbbd287d523', 'Innovation Lab', '39cd37b9-6177-401c-9a15-dcb6988c2fb7', 1, '2025-07-01 10:48:56', '2025-07-01 10:48:56', 'df234305-8a47-4b4d-8efb-716a6b695428');
INSERT INTO `client` (`id`, `client_code`, `client_name`, `email`, `is_active`, `created_on`, `modified_on`, `tenant_id`) VALUES ('83a5a9c9-c89a-4afe-a46d-4321d1758040', 1146, 'Hoffman-Cline', 'info@hoffmancline.com', 1, '2025-07-01 10:48:56', '2025-07-01 10:48:56', 'df234305-8a47-4b4d-8efb-716a6b695428');
INSERT INTO `department` (`uuid`, `department`, `client_id`, `tenant_id`, `created_on`, `modified_on`) VALUES ('a7b69e97-6cad-4e47-99b0-c857c07212f8', 'Aerospace', '83a5a9c9-c89a-4afe-a46d-4321d1758040', 'df234305-8a47-4b4d-8efb-716a6b695428', '2025-07-01 10:48:56', '2025-07-01 10:48:56');
INSERT INTO `department` (`uuid`, `department`, `client_id`, `tenant_id`, `created_on`, `modified_on`) VALUES ('fcaa8742-e8d3-45f1-af6b-f0e3794d7e60', 'Civil Systems', '83a5a9c9-c89a-4afe-a46d-4321d1758040', 'df234305-8a47-4b4d-8efb-716a6b695428', '2025-07-01 10:48:56', '2025-07-01 10:48:56');
INSERT INTO `department` (`uuid`, `department`, `client_id`, `tenant_id`, `created_on`, `modified_on`) VALUES ('49db0f09-767c-4a14-a06d-4f585d22f327', 'AI Solutions', '83a5a9c9-c89a-4afe-a46d-4321d1758040', 'df234305-8a47-4b4d-8efb-716a6b695428', '2025-07-01 10:48:56', '2025-07-01 10:48:56');
INSERT INTO `department` (`uuid`, `department`, `client_id`, `tenant_id`, `created_on`, `modified_on`) VALUES ('d71eb9f4-6e62-4fa6-a5df-a08e6c616bba', 'Robotics', '83a5a9c9-c89a-4afe-a46d-4321d1758040', 'df234305-8a47-4b4d-8efb-716a6b695428', '2025-07-01 10:48:56', '2025-07-01 10:48:56');
INSERT INTO `department` (`uuid`, `department`, `client_id`, `tenant_id`, `created_on`, `modified_on`) VALUES ('69ef583e-5b2b-4910-8314-d766327d9c1d', 'Biomedical', '83a5a9c9-c89a-4afe-a46d-4321d1758040', 'df234305-8a47-4b4d-8efb-716a6b695428', '2025-07-01 10:48:56', '2025-07-01 10:48:56');
INSERT INTO `department` (`uuid`, `department`, `client_id`, `tenant_id`, `created_on`, `modified_on`) VALUES ('1b5f304f-0f79-4b6e-8768-048f4fae888a', 'Cybersecurity', '83a5a9c9-c89a-4afe-a46d-4321d1758040', 'df234305-8a47-4b4d-8efb-716a6b695428', '2025-07-01 10:48:56', '2025-07-01 10:48:56');
INSERT INTO `client_division` (`id`, `division_name`, `client_id`, `is_active`, `created_on`, `modified_on`, `tenant_id`) VALUES ('cae4aadb-80f4-4009-a117-9acebdb59238', 'R&D', '83a5a9c9-c89a-4afe-a46d-4321d1758040', 1, '2025-07-01 10:48:56', '2025-07-01 10:48:56', 'df234305-8a47-4b4d-8efb-716a6b695428');
INSERT INTO `client_division` (`id`, `division_name`, `client_id`, `is_active`, `created_on`, `modified_on`, `tenant_id`) VALUES ('2cd44e2d-ad0f-470c-821c-239304c93803', 'Product Dev', '83a5a9c9-c89a-4afe-a46d-4321d1758040', 1, '2025-07-01 10:48:56', '2025-07-01 10:48:56', 'df234305-8a47-4b4d-8efb-716a6b695428');
INSERT INTO `client_division` (`id`, `division_name`, `client_id`, `is_active`, `created_on`, `modified_on`, `tenant_id`) VALUES ('27308974-a9d1-4889-a528-fc63d60708c1', 'Engineering', '83a5a9c9-c89a-4afe-a46d-4321d1758040', 1, '2025-07-01 10:48:56', '2025-07-01 10:48:56', 'df234305-8a47-4b4d-8efb-716a6b695428');
INSERT INTO `client_division` (`id`, `division_name`, `client_id`, `is_active`, `created_on`, `modified_on`, `tenant_id`) VALUES ('1de9f229-c557-4f0d-b253-30337bb96b31', 'Core Tech', '83a5a9c9-c89a-4afe-a46d-4321d1758040', 1, '2025-07-01 10:48:56', '2025-07-01 10:48:56', 'df234305-8a47-4b4d-8efb-716a6b695428');
INSERT INTO `client_division` (`id`, `division_name`, `client_id`, `is_active`, `created_on`, `modified_on`, `tenant_id`) VALUES ('b1f41762-e6d6-4850-8816-c2524f17198b', 'Innovation Lab', '83a5a9c9-c89a-4afe-a46d-4321d1758040', 1, '2025-07-01 10:48:56', '2025-07-01 10:48:56', 'df234305-8a47-4b4d-8efb-716a6b695428');
INSERT INTO `client` (`id`, `client_code`, `client_name`, `email`, `is_active`, `created_on`, `modified_on`, `tenant_id`) VALUES ('d2e3e90b-a391-4c23-9859-169838441a40', 1147, 'Mclaughlin-Cook', 'info@mclaughlincook.com', 1, '2025-07-01 10:48:56', '2025-07-01 10:48:56', 'df234305-8a47-4b4d-8efb-716a6b695428');
INSERT INTO `department` (`uuid`, `department`, `client_id`, `tenant_id`, `created_on`, `modified_on`) VALUES ('b44a53ce-2d4b-4e70-b1b4-75e2a0f9db70', 'Civil Systems', 'd2e3e90b-a391-4c23-9859-169838441a40', 'df234305-8a47-4b4d-8efb-716a6b695428', '2025-07-01 10:48:56', '2025-07-01 10:48:56');
INSERT INTO `department` (`uuid`, `department`, `client_id`, `tenant_id`, `created_on`, `modified_on`) VALUES ('afaba638-98f1-4e70-a094-100ec349a64b', 'AI Solutions', 'd2e3e90b-a391-4c23-9859-169838441a40', 'df234305-8a47-4b4d-8efb-716a6b695428', '2025-07-01 10:48:56', '2025-07-01 10:48:56');
INSERT INTO `department` (`uuid`, `department`, `client_id`, `tenant_id`, `created_on`, `modified_on`) VALUES ('fc076eb0-1441-4d11-970b-691e4fdcc440', 'Cybersecurity', 'd2e3e90b-a391-4c23-9859-169838441a40', 'df234305-8a47-4b4d-8efb-716a6b695428', '2025-07-01 10:48:56', '2025-07-01 10:48:56');
INSERT INTO `department` (`uuid`, `department`, `client_id`, `tenant_id`, `created_on`, `modified_on`) VALUES ('176b1ba8-15fd-417f-8a37-d5150aeda884', 'Aerospace', 'd2e3e90b-a391-4c23-9859-169838441a40', 'df234305-8a47-4b4d-8efb-716a6b695428', '2025-07-01 10:48:56', '2025-07-01 10:48:56');
INSERT INTO `department` (`uuid`, `department`, `client_id`, `tenant_id`, `created_on`, `modified_on`) VALUES ('eae21298-aaba-4804-a577-3abacd020760', 'Biomedical', 'd2e3e90b-a391-4c23-9859-169838441a40', 'df234305-8a47-4b4d-8efb-716a6b695428', '2025-07-01 10:48:56', '2025-07-01 10:48:56');
INSERT INTO `department` (`uuid`, `department`, `client_id`, `tenant_id`, `created_on`, `modified_on`) VALUES ('08439c96-5617-4a72-ae0e-bc29ebea206d', 'Robotics', 'd2e3e90b-a391-4c23-9859-169838441a40', 'df234305-8a47-4b4d-8efb-716a6b695428', '2025-07-01 10:48:56', '2025-07-01 10:48:56');
INSERT INTO `client_division` (`id`, `division_name`, `client_id`, `is_active`, `created_on`, `modified_on`, `tenant_id`) VALUES ('480509aa-f7c3-4944-be7d-223a91532f71', 'Innovation Lab', 'd2e3e90b-a391-4c23-9859-169838441a40', 1, '2025-07-01 10:48:56', '2025-07-01 10:48:56', 'df234305-8a47-4b4d-8efb-716a6b695428');
INSERT INTO `client_division` (`id`, `division_name`, `client_id`, `is_active`, `created_on`, `modified_on`, `tenant_id`) VALUES ('975ffecc-2fd2-40f5-95ed-1ecf9e837fd4', 'Core Tech', 'd2e3e90b-a391-4c23-9859-169838441a40', 1, '2025-07-01 10:48:56', '2025-07-01 10:48:56', 'df234305-8a47-4b4d-8efb-716a6b695428');
INSERT INTO `client_division` (`id`, `division_name`, `client_id`, `is_active`, `created_on`, `modified_on`, `tenant_id`) VALUES ('139f394e-2b5f-4c0a-851c-9816269cd9b7', 'Product Dev', 'd2e3e90b-a391-4c23-9859-169838441a40', 1, '2025-07-01 10:48:56', '2025-07-01 10:48:56', 'df234305-8a47-4b4d-8efb-716a6b695428');
INSERT INTO `client_division` (`id`, `division_name`, `client_id`, `is_active`, `created_on`, `modified_on`, `tenant_id`) VALUES ('17e73ff8-836f-439e-94f5-86affa13eb2e', 'R&D', 'd2e3e90b-a391-4c23-9859-169838441a40', 1, '2025-07-01 10:48:56', '2025-07-01 10:48:56', 'df234305-8a47-4b4d-8efb-716a6b695428');
INSERT INTO `client_division` (`id`, `division_name`, `client_id`, `is_active`, `created_on`, `modified_on`, `tenant_id`) VALUES ('4274dda8-a852-4bb3-87f4-09eef2585871', 'Engineering', 'd2e3e90b-a391-4c23-9859-169838441a40', 1, '2025-07-01 10:48:56', '2025-07-01 10:48:56', 'df234305-8a47-4b4d-8efb-716a6b695428');
INSERT INTO `client` (`id`, `client_code`, `client_name`, `email`, `is_active`, `created_on`, `modified_on`, `tenant_id`) VALUES ('d0fc7573-a889-42c4-96df-2d5631c41bed', 1148, 'Perez, Sandoval and Jones', 'info@perezsandovalandjones.com', 1, '2025-07-01 10:48:56', '2025-07-01 10:48:56', 'df234305-8a47-4b4d-8efb-716a6b695428');
INSERT INTO `department` (`uuid`, `department`, `client_id`, `tenant_id`, `created_on`, `modified_on`) VALUES ('6d860072-0e4e-4ca8-9eaf-dfa09c9339e1', 'Robotics', 'd0fc7573-a889-42c4-96df-2d5631c41bed', 'df234305-8a47-4b4d-8efb-716a6b695428', '2025-07-01 10:48:56', '2025-07-01 10:48:56');
INSERT INTO `department` (`uuid`, `department`, `client_id`, `tenant_id`, `created_on`, `modified_on`) VALUES ('0cb7d73e-0488-4ff9-bfba-3dc4b9b4f3a7', 'Biomedical', 'd0fc7573-a889-42c4-96df-2d5631c41bed', 'df234305-8a47-4b4d-8efb-716a6b695428', '2025-07-01 10:48:56', '2025-07-01 10:48:56');
INSERT INTO `department` (`uuid`, `department`, `client_id`, `tenant_id`, `created_on`, `modified_on`) VALUES ('553ab3ff-5ad9-45c7-965b-8268e2d0bb71', 'AI Solutions', 'd0fc7573-a889-42c4-96df-2d5631c41bed', 'df234305-8a47-4b4d-8efb-716a6b695428', '2025-07-01 10:48:56', '2025-07-01 10:48:56');
INSERT INTO `department` (`uuid`, `department`, `client_id`, `tenant_id`, `created_on`, `modified_on`) VALUES ('63e06461-8d73-4b4c-b2ca-b1954f6e46b3', 'Cybersecurity', 'd0fc7573-a889-42c4-96df-2d5631c41bed', 'df234305-8a47-4b4d-8efb-716a6b695428', '2025-07-01 10:48:56', '2025-07-01 10:48:56');
INSERT INTO `department` (`uuid`, `department`, `client_id`, `tenant_id`, `created_on`, `modified_on`) VALUES ('8b9fd074-5f67-43d4-af7d-5648c7702916', 'Aerospace', 'd0fc7573-a889-42c4-96df-2d5631c41bed', 'df234305-8a47-4b4d-8efb-716a6b695428', '2025-07-01 10:48:56', '2025-07-01 10:48:56');
INSERT INTO `department` (`uuid`, `department`, `client_id`, `tenant_id`, `created_on`, `modified_on`) VALUES ('bb2c33b0-25bb-4ad3-af1a-4066f3bad6a3', 'Civil Systems', 'd0fc7573-a889-42c4-96df-2d5631c41bed', 'df234305-8a47-4b4d-8efb-716a6b695428', '2025-07-01 10:48:56', '2025-07-01 10:48:56');
INSERT INTO `client_division` (`id`, `division_name`, `client_id`, `is_active`, `created_on`, `modified_on`, `tenant_id`) VALUES ('dff6162a-526f-46e1-af3d-3dc56de1fda5', 'Product Dev', 'd0fc7573-a889-42c4-96df-2d5631c41bed', 1, '2025-07-01 10:48:56', '2025-07-01 10:48:56', 'df234305-8a47-4b4d-8efb-716a6b695428');
INSERT INTO `client_division` (`id`, `division_name`, `client_id`, `is_active`, `created_on`, `modified_on`, `tenant_id`) VALUES ('d0f1461b-309d-4079-9c74-7a3590f86ca8', 'Innovation Lab', 'd0fc7573-a889-42c4-96df-2d5631c41bed', 1, '2025-07-01 10:48:56', '2025-07-01 10:48:56', 'df234305-8a47-4b4d-8efb-716a6b695428');
INSERT INTO `client_division` (`id`, `division_name`, `client_id`, `is_active`, `created_on`, `modified_on`, `tenant_id`) VALUES ('7b65f632-bd75-4c8a-9615-6573b651bb78', 'R&D', 'd0fc7573-a889-42c4-96df-2d5631c41bed', 1, '2025-07-01 10:48:56', '2025-07-01 10:48:56', 'df234305-8a47-4b4d-8efb-716a6b695428');
INSERT INTO `client_division` (`id`, `division_name`, `client_id`, `is_active`, `created_on`, `modified_on`, `tenant_id`) VALUES ('c0dd8be3-c69b-44f4-93fe-a2e533e59d24', 'Engineering', 'd0fc7573-a889-42c4-96df-2d5631c41bed', 1, '2025-07-01 10:48:56', '2025-07-01 10:48:56', 'df234305-8a47-4b4d-8efb-716a6b695428');
INSERT INTO `client_division` (`id`, `division_name`, `client_id`, `is_active`, `created_on`, `modified_on`, `tenant_id`) VALUES ('68512b82-bee4-428a-bac8-cac3030f286b', 'Core Tech', 'd0fc7573-a889-42c4-96df-2d5631c41bed', 1, '2025-07-01 10:48:56', '2025-07-01 10:48:56', 'df234305-8a47-4b4d-8efb-716a6b695428');
INSERT INTO `client` (`id`, `client_code`, `client_name`, `email`, `is_active`, `created_on`, `modified_on`, `tenant_id`) VALUES ('cf36157b-7785-4dac-a5ec-7552ebd28736', 1149, 'Marks, Shields and White', 'info@marksshieldsandwhite.com', 1, '2025-07-01 10:48:56', '2025-07-01 10:48:56', 'df234305-8a47-4b4d-8efb-716a6b695428');
INSERT INTO `department` (`uuid`, `department`, `client_id`, `tenant_id`, `created_on`, `modified_on`) VALUES ('cbf2d011-793a-4f4e-af8d-3ecdd576dfdd', 'Biomedical', 'cf36157b-7785-4dac-a5ec-7552ebd28736', 'df234305-8a47-4b4d-8efb-716a6b695428', '2025-07-01 10:48:56', '2025-07-01 10:48:56');
INSERT INTO `department` (`uuid`, `department`, `client_id`, `tenant_id`, `created_on`, `modified_on`) VALUES ('69bf4d13-fe54-41ea-90c6-618f54223be4', 'Robotics', 'cf36157b-7785-4dac-a5ec-7552ebd28736', 'df234305-8a47-4b4d-8efb-716a6b695428', '2025-07-01 10:48:56', '2025-07-01 10:48:56');
INSERT INTO `department` (`uuid`, `department`, `client_id`, `tenant_id`, `created_on`, `modified_on`) VALUES ('775f7401-59ed-40cb-a814-d5034ec36390', 'AI Solutions', 'cf36157b-7785-4dac-a5ec-7552ebd28736', 'df234305-8a47-4b4d-8efb-716a6b695428', '2025-07-01 10:48:56', '2025-07-01 10:48:56');
INSERT INTO `department` (`uuid`, `department`, `client_id`, `tenant_id`, `created_on`, `modified_on`) VALUES ('bd93ce59-9860-4a62-ad69-cc13a4522340', 'Cybersecurity', 'cf36157b-7785-4dac-a5ec-7552ebd28736', 'df234305-8a47-4b4d-8efb-716a6b695428', '2025-07-01 10:48:56', '2025-07-01 10:48:56');
INSERT INTO `department` (`uuid`, `department`, `client_id`, `tenant_id`, `created_on`, `modified_on`) VALUES ('52439191-7a11-43c4-b739-42bcfbe2ddb4', 'Aerospace', 'cf36157b-7785-4dac-a5ec-7552ebd28736', 'df234305-8a47-4b4d-8efb-716a6b695428', '2025-07-01 10:48:56', '2025-07-01 10:48:56');
INSERT INTO `department` (`uuid`, `department`, `client_id`, `tenant_id`, `created_on`, `modified_on`) VALUES ('17da9e22-90c6-44c2-9cb6-a456f875f9de', 'Civil Systems', 'cf36157b-7785-4dac-a5ec-7552ebd28736', 'df234305-8a47-4b4d-8efb-716a6b695428', '2025-07-01 10:48:56', '2025-07-01 10:48:56');
INSERT INTO `client_division` (`id`, `division_name`, `client_id`, `is_active`, `created_on`, `modified_on`, `tenant_id`) VALUES ('7a1b98bb-ff94-43de-935b-5af5ea554422', 'Core Tech', 'cf36157b-7785-4dac-a5ec-7552ebd28736', 1, '2025-07-01 10:48:56', '2025-07-01 10:48:56', 'df234305-8a47-4b4d-8efb-716a6b695428');
INSERT INTO `client_division` (`id`, `division_name`, `client_id`, `is_active`, `created_on`, `modified_on`, `tenant_id`) VALUES ('14441a37-9c6a-4301-868d-2c82ee35c348', 'R&D', 'cf36157b-7785-4dac-a5ec-7552ebd28736', 1, '2025-07-01 10:48:56', '2025-07-01 10:48:56', 'df234305-8a47-4b4d-8efb-716a6b695428');
INSERT INTO `client_division` (`id`, `division_name`, `client_id`, `is_active`, `created_on`, `modified_on`, `tenant_id`) VALUES ('cee72df5-c737-4d65-b923-839ea6bcd5c5', 'Product Dev', 'cf36157b-7785-4dac-a5ec-7552ebd28736', 1, '2025-07-01 10:48:56', '2025-07-01 10:48:56', 'df234305-8a47-4b4d-8efb-716a6b695428');
INSERT INTO `client_division` (`id`, `division_name`, `client_id`, `is_active`, `created_on`, `modified_on`, `tenant_id`) VALUES ('86c94929-f627-4dc4-bc5f-56bf15b990e8', 'Innovation Lab', 'cf36157b-7785-4dac-a5ec-7552ebd28736', 1, '2025-07-01 10:48:56', '2025-07-01 10:48:56', 'df234305-8a47-4b4d-8efb-716a6b695428');
INSERT INTO `client_division` (`id`, `division_name`, `client_id`, `is_active`, `created_on`, `modified_on`, `tenant_id`) VALUES ('a5eb1f33-9578-4d10-947b-fd6540e9125e', 'Engineering', 'cf36157b-7785-4dac-a5ec-7552ebd28736', 1, '2025-07-01 10:48:56', '2025-07-01 10:48:56', 'df234305-8a47-4b4d-8efb-716a6b695428');
INSERT INTO `client` (`id`, `client_code`, `client_name`, `email`, `is_active`, `created_on`, `modified_on`, `tenant_id`) VALUES ('0b83c3dd-951c-4487-9cfe-865550efed63', 1150, 'Frazier-Moreno', 'info@fraziermoreno.com', 1, '2025-07-01 10:48:56', '2025-07-01 10:48:56', 'df234305-8a47-4b4d-8efb-716a6b695428');
INSERT INTO `department` (`uuid`, `department`, `client_id`, `tenant_id`, `created_on`, `modified_on`) VALUES ('9385d379-7624-4b0a-a40f-83efee09a30a', 'Robotics', '0b83c3dd-951c-4487-9cfe-865550efed63', 'df234305-8a47-4b4d-8efb-716a6b695428', '2025-07-01 10:48:56', '2025-07-01 10:48:56');
INSERT INTO `department` (`uuid`, `department`, `client_id`, `tenant_id`, `created_on`, `modified_on`) VALUES ('c6b20387-abe1-4f0b-83fd-0c60c11bf3fc', 'Civil Systems', '0b83c3dd-951c-4487-9cfe-865550efed63', 'df234305-8a47-4b4d-8efb-716a6b695428', '2025-07-01 10:48:56', '2025-07-01 10:48:56');
INSERT INTO `department` (`uuid`, `department`, `client_id`, `tenant_id`, `created_on`, `modified_on`) VALUES ('3509dff3-9937-4111-8d3b-59eddd1c6cf9', 'Aerospace', '0b83c3dd-951c-4487-9cfe-865550efed63', 'df234305-8a47-4b4d-8efb-716a6b695428', '2025-07-01 10:48:56', '2025-07-01 10:48:56');
INSERT INTO `department` (`uuid`, `department`, `client_id`, `tenant_id`, `created_on`, `modified_on`) VALUES ('6ef2daa5-cb11-43a2-9575-7d8f38c8b588', 'Biomedical', '0b83c3dd-951c-4487-9cfe-865550efed63', 'df234305-8a47-4b4d-8efb-716a6b695428', '2025-07-01 10:48:56', '2025-07-01 10:48:56');
INSERT INTO `department` (`uuid`, `department`, `client_id`, `tenant_id`, `created_on`, `modified_on`) VALUES ('1a05a871-9fe8-423e-b792-af829c8523e1', 'AI Solutions', '0b83c3dd-951c-4487-9cfe-865550efed63', 'df234305-8a47-4b4d-8efb-716a6b695428', '2025-07-01 10:48:56', '2025-07-01 10:48:56');
INSERT INTO `department` (`uuid`, `department`, `client_id`, `tenant_id`, `created_on`, `modified_on`) VALUES ('3ac58a36-002e-449f-85a4-f6def2e4c1e5', 'Cybersecurity', '0b83c3dd-951c-4487-9cfe-865550efed63', 'df234305-8a47-4b4d-8efb-716a6b695428', '2025-07-01 10:48:56', '2025-07-01 10:48:56');
INSERT INTO `client_division` (`id`, `division_name`, `client_id`, `is_active`, `created_on`, `modified_on`, `tenant_id`) VALUES ('280af804-8645-421f-b6f3-94efb03d6035', 'Product Dev', '0b83c3dd-951c-4487-9cfe-865550efed63', 1, '2025-07-01 10:48:56', '2025-07-01 10:48:56', 'df234305-8a47-4b4d-8efb-716a6b695428');
INSERT INTO `client_division` (`id`, `division_name`, `client_id`, `is_active`, `created_on`, `modified_on`, `tenant_id`) VALUES ('8e68b82c-ae06-41bd-93b5-1e7732d1b8ea', 'Innovation Lab', '0b83c3dd-951c-4487-9cfe-865550efed63', 1, '2025-07-01 10:48:56', '2025-07-01 10:48:56', 'df234305-8a47-4b4d-8efb-716a6b695428');
INSERT INTO `client_division` (`id`, `division_name`, `client_id`, `is_active`, `created_on`, `modified_on`, `tenant_id`) VALUES ('74cd9811-1003-4355-b29e-74be656da642', 'Engineering', '0b83c3dd-951c-4487-9cfe-865550efed63', 1, '2025-07-01 10:48:56', '2025-07-01 10:48:56', 'df234305-8a47-4b4d-8efb-716a6b695428');
INSERT INTO `client_division` (`id`, `division_name`, `client_id`, `is_active`, `created_on`, `modified_on`, `tenant_id`) VALUES ('5cffe024-be8e-4141-84e8-01fcd7b081ac', 'Core Tech', '0b83c3dd-951c-4487-9cfe-865550efed63', 1, '2025-07-01 10:48:56', '2025-07-01 10:48:56', 'df234305-8a47-4b4d-8efb-716a6b695428');
INSERT INTO `client_division` (`id`, `division_name`, `client_id`, `is_active`, `created_on`, `modified_on`, `tenant_id`) VALUES ('7dfcc207-af8f-4a79-9e3a-58da90548697', 'R&D', '0b83c3dd-951c-4487-9cfe-865550efed63', 1, '2025-07-01 10:48:56', '2025-07-01 10:48:56', 'df234305-8a47-4b4d-8efb-716a6b695428');